campaign_id,attempt_id,recorded_at_utc,hardware,device_model,os_version,abi,runtime,browser,circuit,circuit_variant,circuit_commit,prover,frontend,prover_backend,witness_backend,sample_kind,sample_index,status,initialization_time_ms,witness_time_ms,prover_time_ms,verify_time_ms,total_time_ms,peak_memory_mib,proof_size_bytes,circuit_size_bytes,artifact_size_bytes,bundle_size_bytes,constraint_count,artifact_version,source_commit,package_versions,artifact_hashes,session_id,non_equivalence_note,failure_code,failure_detail,evidence_path,timing_mode,input_to_proof_time_ms
input-to-proof-v1-mac-multithread-16-20260812,passport_complete_age_check__mac_chrome__provekit_v1__cold_local-0,2026-08-12T12:24:57.427Z,macbook_m4,MacBook Pro (Apple M4 Max),26.6.1 (25G76),arm64,browser_wasm,Google Chrome 151.0.7922.138,passport_complete_age_check,historical-monolithic-age-integrity,9b2a6f37c67691eab4b0cec6c35e35c520e93285,provekit_v1,noir,provekit-v1-whir-wasm-workers,@noir-lang/noir_js@1.0.0-beta.11,warmup,0,ok,2842.120000001043,1049.1049999985844,3412.5250000003725,117.99000000022352,7303.75,1416.921875,993532,4056714,4015100,22025968,711664,input-to-proof-v1-multithread,9b2a6f37c67691eab4b0cec6c35e35c520e93285,"{""provekit"":""9b2a6f37c67691eab4b0cec6c35e35c520e93285"",""noir_js"":""1.0.0-beta.11"",""execution_policy"":""workers""};execution_policy=multithread;threads_requested=16;threads_effective=16;witness_backend=single;prover_backend=provekit_v1_branch_9b2a6f_wasm_rayon_threaded","{""raw_evidence_sha256"":""23ccc0627c3a190d081d48c95e8722baf12ff4bd80164cf0fc5ea872c6053ee9""}",,"Historical monolithic Passport age and integrity lane retained separately from the additional exact P1 source pair. Browser execution policy: multithread; requested threads=16, effective threads=16; witness generation remains single, prover backend=provekit_v1_branch_9b2a6f_wasm_rayon_threaded.",,,/Users/dcbuilder/Code/world/.worktrees/provekit-v1-cross-device-campaign/target/v1-benchmarks/input-to-proof/mac-chrome-multithread-16/passport_complete_age_check__mac_chrome__provekit_v1__cold_local.json,cold_local,7303.75
input-to-proof-v1-mac-multithread-16-20260812,passport_complete_age_check__mac_chrome__provekit_v1__cold_local-1,2026-08-12T12:24:57.427Z,macbook_m4,MacBook Pro (Apple M4 Max),26.6.1 (25G76),arm64,browser_wasm,Google Chrome 151.0.7922.138,passport_complete_age_check,historical-monolithic-age-integrity,9b2a6f37c67691eab4b0cec6c35e35c520e93285,provekit_v1,noir,provekit-v1-whir-wasm-workers,@noir-lang/noir_js@1.0.0-beta.11,measured,1,ok,2843.0149999987334,1054.925000000745,3336.464999999851,115.00499999895692,7234.404999999329,1413.21875,992764,4056714,4015100,22025968,711664,input-to-proof-v1-multithread,9b2a6f37c67691eab4b0cec6c35e35c520e93285,"{""provekit"":""9b2a6f37c67691eab4b0cec6c35e35c520e93285"",""noir_js"":""1.0.0-beta.11"",""execution_policy"":""workers""};execution_policy=multithread;threads_requested=16;threads_effective=16;witness_backend=single;prover_backend=provekit_v1_branch_9b2a6f_wasm_rayon_threaded","{""raw_evidence_sha256"":""23ccc0627c3a190d081d48c95e8722baf12ff4bd80164cf0fc5ea872c6053ee9""}",,"Historical monolithic Passport age and integrity lane retained separately from the additional exact P1 source pair. Browser execution policy: multithread; requested threads=16, effective threads=16; witness generation remains single, prover backend=provekit_v1_branch_9b2a6f_wasm_rayon_threaded.",,,/Users/dcbuilder/Code/world/.worktrees/provekit-v1-cross-device-campaign/target/v1-benchmarks/input-to-proof/mac-chrome-multithread-16/passport_complete_age_check__mac_chrome__provekit_v1__cold_local.json,cold_local,7234.404999999329
input-to-proof-v1-mac-multithread-16-20260812,passport_complete_age_check__mac_chrome__provekit_v1__cold_local-2,2026-08-12T12:24:57.427Z,macbook_m4,MacBook Pro (Apple M4 Max),26.6.1 (25G76),arm64,browser_wasm,Google Chrome 151.0.7922.138,passport_complete_age_check,historical-monolithic-age-integrity,9b2a6f37c67691eab4b0cec6c35e35c520e93285,provekit_v1,noir,provekit-v1-whir-wasm-workers,@noir-lang/noir_js@1.0.0-beta.11,measured,2,ok,2966.2099999990314,1293.480000000447,5916.785000000149,248.48499999940395,10176.474999999627,1420.65625,992976,4056714,4015100,22025968,711664,input-to-proof-v1-multithread,9b2a6f37c67691eab4b0cec6c35e35c520e93285,"{""provekit"":""9b2a6f37c67691eab4b0cec6c35e35c520e93285"",""noir_js"":""1.0.0-beta.11"",""execution_policy"":""workers""};execution_policy=multithread;threads_requested=16;threads_effective=16;witness_backend=single;prover_backend=provekit_v1_branch_9b2a6f_wasm_rayon_threaded","{""raw_evidence_sha256"":""23ccc0627c3a190d081d48c95e8722baf12ff4bd80164cf0fc5ea872c6053ee9""}",,"Historical monolithic Passport age and integrity lane retained separately from the additional exact P1 source pair. Browser execution policy: multithread; requested threads=16, effective threads=16; witness generation remains single, prover backend=provekit_v1_branch_9b2a6f_wasm_rayon_threaded.",,,/Users/dcbuilder/Code/world/.worktrees/provekit-v1-cross-device-campaign/target/v1-benchmarks/input-to-proof/mac-chrome-multithread-16/passport_complete_age_check__mac_chrome__provekit_v1__cold_local.json,cold_local,10176.474999999627
input-to-proof-v1-mac-multithread-16-20260812,passport_complete_age_check__mac_chrome__provekit_v1__cold_local-3,2026-08-12T12:24:57.427Z,macbook_m4,MacBook Pro (Apple M4 Max),26.6.1 (25G76),arm64,browser_wasm,Google Chrome 151.0.7922.138,passport_complete_age_check,historical-monolithic-age-integrity,9b2a6f37c67691eab4b0cec6c35e35c520e93285,provekit_v1,noir,provekit-v1-whir-wasm-workers,@noir-lang/noir_js@1.0.0-beta.11,measured,3,ok,3724.609999999404,1383.6300000008196,4081.754999998957,158.14499999955297,9189.99499999918,1419.609375,994300,4056714,4015100,22025968,711664,input-to-proof-v1-multithread,9b2a6f37c67691eab4b0cec6c35e35c520e93285,"{""provekit"":""9b2a6f37c67691eab4b0cec6c35e35c520e93285"",""noir_js"":""1.0.0-beta.11"",""execution_policy"":""workers""};execution_policy=multithread;threads_requested=16;threads_effective=16;witness_backend=single;prover_backend=provekit_v1_branch_9b2a6f_wasm_rayon_threaded","{""raw_evidence_sha256"":""23ccc0627c3a190d081d48c95e8722baf12ff4bd80164cf0fc5ea872c6053ee9""}",,"Historical monolithic Passport age and integrity lane retained separately from the additional exact P1 source pair. Browser execution policy: multithread; requested threads=16, effective threads=16; witness generation remains single, prover backend=provekit_v1_branch_9b2a6f_wasm_rayon_threaded.",,,/Users/dcbuilder/Code/world/.worktrees/provekit-v1-cross-device-campaign/target/v1-benchmarks/input-to-proof/mac-chrome-multithread-16/passport_complete_age_check__mac_chrome__provekit_v1__cold_local.json,cold_local,9189.99499999918
input-to-proof-v1-mac-multithread-16-20260812,passport_complete_age_check__mac_chrome__provekit_v1__cold_local-4,2026-08-12T12:24:57.427Z,macbook_m4,MacBook Pro (Apple M4 Max),26.6.1 (25G76),arm64,browser_wasm,Google Chrome 151.0.7922.138,passport_complete_age_check,historical-monolithic-age-integrity,9b2a6f37c67691eab4b0cec6c35e35c520e93285,provekit_v1,noir,provekit-v1-whir-wasm-workers,@noir-lang/noir_js@1.0.0-beta.11,measured,4,ok,2845.2599999997765,1049.1100000012666,7035.0999999996275,183.36500000022352,10929.47000000067,1419.28125,993444,4056714,4015100,22025968,711664,input-to-proof-v1-multithread,9b2a6f37c67691eab4b0cec6c35e35c520e93285,"{""provekit"":""9b2a6f37c67691eab4b0cec6c35e35c520e93285"",""noir_js"":""1.0.0-beta.11"",""execution_policy"":""workers""};execution_policy=multithread;threads_requested=16;threads_effective=16;witness_backend=single;prover_backend=provekit_v1_branch_9b2a6f_wasm_rayon_threaded","{""raw_evidence_sha256"":""23ccc0627c3a190d081d48c95e8722baf12ff4bd80164cf0fc5ea872c6053ee9""}",,"Historical monolithic Passport age and integrity lane retained separately from the additional exact P1 source pair. Browser execution policy: multithread; requested threads=16, effective threads=16; witness generation remains single, prover backend=provekit_v1_branch_9b2a6f_wasm_rayon_threaded.",,,/Users/dcbuilder/Code/world/.worktrees/provekit-v1-cross-device-campaign/target/v1-benchmarks/input-to-proof/mac-chrome-multithread-16/passport_complete_age_check__mac_chrome__provekit_v1__cold_local.json,cold_local,10929.47000000067
input-to-proof-v1-mac-multithread-16-20260812,passport_complete_age_check__mac_chrome__provekit_v1__cold_local-5,2026-08-12T12:24:57.427Z,macbook_m4,MacBook Pro (Apple M4 Max),26.6.1 (25G76),arm64,browser_wasm,Google Chrome 151.0.7922.138,passport_complete_age_check,historical-monolithic-age-integrity,9b2a6f37c67691eab4b0cec6c35e35c520e93285,provekit_v1,noir,provekit-v1-whir-wasm-workers,@noir-lang/noir_js@1.0.0-beta.11,measured,5,ok,2926.5499999988824,1043.7250000014901,4237.64999999851,176.7299999985844,8207.924999998882,1420.109375,992764,4056714,4015100,22025968,711664,input-to-proof-v1-multithread,9b2a6f37c67691eab4b0cec6c35e35c520e93285,"{""provekit"":""9b2a6f37c67691eab4b0cec6c35e35c520e93285"",""noir_js"":""1.0.0-beta.11"",""execution_policy"":""workers""};execution_policy=multithread;threads_requested=16;threads_effective=16;witness_backend=single;prover_backend=provekit_v1_branch_9b2a6f_wasm_rayon_threaded","{""raw_evidence_sha256"":""23ccc0627c3a190d081d48c95e8722baf12ff4bd80164cf0fc5ea872c6053ee9""}",,"Historical monolithic Passport age and integrity lane retained separately from the additional exact P1 source pair. Browser execution policy: multithread; requested threads=16, effective threads=16; witness generation remains single, prover backend=provekit_v1_branch_9b2a6f_wasm_rayon_threaded.",,,/Users/dcbuilder/Code/world/.worktrees/provekit-v1-cross-device-campaign/target/v1-benchmarks/input-to-proof/mac-chrome-multithread-16/passport_complete_age_check__mac_chrome__provekit_v1__cold_local.json,cold_local,8207.924999998882
input-to-proof-v1-mac-multithread-16-20260812,passport_complete_age_check__mac_chrome__provekit_v1__warm_reuse-0,2026-08-12T12:25:44.117Z,macbook_m4,MacBook Pro (Apple M4 Max),26.6.1 (25G76),arm64,browser_wasm,Google Chrome 151.0.7922.138,passport_complete_age_check,historical-monolithic-age-integrity,9b2a6f37c67691eab4b0cec6c35e35c520e93285,provekit_v1,noir,provekit-v1-whir-wasm-workers,@noir-lang/noir_js@1.0.0-beta.11,warmup,0,ok,1102.394999999553,1050.0649999994785,4727.995000001043,212.54000000096858,6880.4550000000745,1608.015625,999632,4056714,4015100,22025968,711664,input-to-proof-v1-multithread,9b2a6f37c67691eab4b0cec6c35e35c520e93285,"{""provekit"":""9b2a6f37c67691eab4b0cec6c35e35c520e93285"",""noir_js"":""1.0.0-beta.11"",""execution_policy"":""workers""};execution_policy=multithread;threads_requested=16;threads_effective=16;witness_backend=single;prover_backend=provekit_v1_branch_9b2a6f_wasm_rayon_threaded","{""raw_evidence_sha256"":""d5eee6b12c46bc81ef9c2d72240276e2b16212a08c11b91ef5643b53fe184106""}",,"Historical monolithic Passport age and integrity lane retained separately from the additional exact P1 source pair. Browser execution policy: multithread; requested threads=16, effective threads=16; witness generation remains single, prover backend=provekit_v1_branch_9b2a6f_wasm_rayon_threaded.",,,/Users/dcbuilder/Code/world/.worktrees/provekit-v1-cross-device-campaign/target/v1-benchmarks/input-to-proof/mac-chrome-multithread-16/passport_complete_age_check__mac_chrome__provekit_v1__warm_reuse.json,warm_reuse,6880.4550000000745
input-to-proof-v1-mac-multithread-16-20260812,passport_complete_age_check__mac_chrome__provekit_v1__warm_reuse-1,2026-08-12T12:25:44.117Z,macbook_m4,MacBook Pro (Apple M4 Max),26.6.1 (25G76),arm64,browser_wasm,Google Chrome 151.0.7922.138,passport_complete_age_check,historical-monolithic-age-integrity,9b2a6f37c67691eab4b0cec6c35e35c520e93285,provekit_v1,noir,provekit-v1-whir-wasm-workers,@noir-lang/noir_js@1.0.0-beta.11,measured,1,ok,1278,845.375,5043.015000000596,193.625,7166.390000000596,1608.015625,991652,4056714,4015100,22025968,711664,input-to-proof-v1-multithread,9b2a6f37c67691eab4b0cec6c35e35c520e93285,"{""provekit"":""9b2a6f37c67691eab4b0cec6c35e35c520e93285"",""noir_js"":""1.0.0-beta.11"",""execution_policy"":""workers""};execution_policy=multithread;threads_requested=16;threads_effective=16;witness_backend=single;prover_backend=provekit_v1_branch_9b2a6f_wasm_rayon_threaded","{""raw_evidence_sha256"":""d5eee6b12c46bc81ef9c2d72240276e2b16212a08c11b91ef5643b53fe184106""}",,"Historical monolithic Passport age and integrity lane retained separately from the additional exact P1 source pair. Browser execution policy: multithread; requested threads=16, effective threads=16; witness generation remains single, prover backend=provekit_v1_branch_9b2a6f_wasm_rayon_threaded.",,,/Users/dcbuilder/Code/world/.worktrees/provekit-v1-cross-device-campaign/target/v1-benchmarks/input-to-proof/mac-chrome-multithread-16/passport_complete_age_check__mac_chrome__provekit_v1__warm_reuse.json,warm_reuse,7166.390000000596
input-to-proof-v1-mac-multithread-16-20260812,passport_complete_age_check__mac_chrome__provekit_v1__warm_reuse-2,2026-08-12T12:25:44.117Z,macbook_m4,MacBook Pro (Apple M4 Max),26.6.1 (25G76),arm64,browser_wasm,Google Chrome 151.0.7922.138,passport_complete_age_check,historical-monolithic-age-integrity,9b2a6f37c67691eab4b0cec6c35e35c520e93285,provekit_v1,noir,provekit-v1-whir-wasm-workers,@noir-lang/noir_js@1.0.0-beta.11,measured,2,ok,1296.464999999851,837.320000000298,5037,188.37000000104308,7170.790000000969,1608.015625,994596,4056714,4015100,22025968,711664,input-to-proof-v1-multithread,9b2a6f37c67691eab4b0cec6c35e35c520e93285,"{""provekit"":""9b2a6f37c67691eab4b0cec6c35e35c520e93285"",""noir_js"":""1.0.0-beta.11"",""execution_policy"":""workers""};execution_policy=multithread;threads_requested=16;threads_effective=16;witness_backend=single;prover_backend=provekit_v1_branch_9b2a6f_wasm_rayon_threaded","{""raw_evidence_sha256"":""d5eee6b12c46bc81ef9c2d72240276e2b16212a08c11b91ef5643b53fe184106""}",,"Historical monolithic Passport age and integrity lane retained separately from the additional exact P1 source pair. Browser execution policy: multithread; requested threads=16, effective threads=16; witness generation remains single, prover backend=provekit_v1_branch_9b2a6f_wasm_rayon_threaded.",,,/Users/dcbuilder/Code/world/.worktrees/provekit-v1-cross-device-campaign/target/v1-benchmarks/input-to-proof/mac-chrome-multithread-16/passport_complete_age_check__mac_chrome__provekit_v1__warm_reuse.json,warm_reuse,7170.790000000969
input-to-proof-v1-mac-multithread-16-20260812,passport_complete_age_check__mac_chrome__provekit_v1__warm_reuse-3,2026-08-12T12:25:44.117Z,macbook_m4,MacBook Pro (Apple M4 Max),26.6.1 (25G76),arm64,browser_wasm,Google Chrome 151.0.7922.138,passport_complete_age_check,historical-monolithic-age-integrity,9b2a6f37c67691eab4b0cec6c35e35c520e93285,provekit_v1,noir,provekit-v1-whir-wasm-workers,@noir-lang/noir_js@1.0.0-beta.11,measured,3,ok,1419.265000000596,847.160000000149,4606.530000001192,203.87999999895692,6872.960000000894,1608.015625,993188,4056714,4015100,22025968,711664,input-to-proof-v1-multithread,9b2a6f37c67691eab4b0cec6c35e35c520e93285,"{""provekit"":""9b2a6f37c67691eab4b0cec6c35e35c520e93285"",""noir_js"":""1.0.0-beta.11"",""execution_policy"":""workers""};execution_policy=multithread;threads_requested=16;threads_effective=16;witness_backend=single;prover_backend=provekit_v1_branch_9b2a6f_wasm_rayon_threaded","{""raw_evidence_sha256"":""d5eee6b12c46bc81ef9c2d72240276e2b16212a08c11b91ef5643b53fe184106""}",,"Historical monolithic Passport age and integrity lane retained separately from the additional exact P1 source pair. Browser execution policy: multithread; requested threads=16, effective threads=16; witness generation remains single, prover backend=provekit_v1_branch_9b2a6f_wasm_rayon_threaded.",,,/Users/dcbuilder/Code/world/.worktrees/provekit-v1-cross-device-campaign/target/v1-benchmarks/input-to-proof/mac-chrome-multithread-16/passport_complete_age_check__mac_chrome__provekit_v1__warm_reuse.json,warm_reuse,6872.960000000894
input-to-proof-v1-mac-multithread-16-20260812,passport_complete_age_check__mac_chrome__provekit_v1__warm_reuse-4,2026-08-12T12:25:44.117Z,macbook_m4,MacBook Pro (Apple M4 Max),26.6.1 (25G76),arm64,browser_wasm,Google Chrome 151.0.7922.138,passport_complete_age_check,historical-monolithic-age-integrity,9b2a6f37c67691eab4b0cec6c35e35c520e93285,provekit_v1,noir,provekit-v1-whir-wasm-workers,@noir-lang/noir_js@1.0.0-beta.11,measured,4,ok,1471.960000000894,856.9949999991804,4651.714999999851,276.445000000298,6980.680000001565,1608.015625,995280,4056714,4015100,22025968,711664,input-to-proof-v1-multithread,9b2a6f37c67691eab4b0cec6c35e35c520e93285,"{""provekit"":""9b2a6f37c67691eab4b0cec6c35e35c520e93285"",""noir_js"":""1.0.0-beta.11"",""execution_policy"":""workers""};execution_policy=multithread;threads_requested=16;threads_effective=16;witness_backend=single;prover_backend=provekit_v1_branch_9b2a6f_wasm_rayon_threaded","{""raw_evidence_sha256"":""d5eee6b12c46bc81ef9c2d72240276e2b16212a08c11b91ef5643b53fe184106""}",,"Historical monolithic Passport age and integrity lane retained separately from the additional exact P1 source pair. Browser execution policy: multithread; requested threads=16, effective threads=16; witness generation remains single, prover backend=provekit_v1_branch_9b2a6f_wasm_rayon_threaded.",,,/Users/dcbuilder/Code/world/.worktrees/provekit-v1-cross-device-campaign/target/v1-benchmarks/input-to-proof/mac-chrome-multithread-16/passport_complete_age_check__mac_chrome__provekit_v1__warm_reuse.json,warm_reuse,6980.680000001565
input-to-proof-v1-mac-multithread-16-20260812,passport_complete_age_check__mac_chrome__provekit_v1__warm_reuse-5,2026-08-12T12:25:44.117Z,macbook_m4,MacBook Pro (Apple M4 Max),26.6.1 (25G76),arm64,browser_wasm,Google Chrome 151.0.7922.138,passport_complete_age_check,historical-monolithic-age-integrity,9b2a6f37c67691eab4b0cec6c35e35c520e93285,provekit_v1,noir,provekit-v1-whir-wasm-workers,@noir-lang/noir_js@1.0.0-beta.11,measured,5,ok,1389.769999999553,853.2999999988824,4474.6850000005215,171.2649999987334,6717.754999998957,1608.015625,994212,4056714,4015100,22025968,711664,input-to-proof-v1-multithread,9b2a6f37c67691eab4b0cec6c35e35c520e93285,"{""provekit"":""9b2a6f37c67691eab4b0cec6c35e35c520e93285"",""noir_js"":""1.0.0-beta.11"",""execution_policy"":""workers""};execution_policy=multithread;threads_requested=16;threads_effective=16;witness_backend=single;prover_backend=provekit_v1_branch_9b2a6f_wasm_rayon_threaded","{""raw_evidence_sha256"":""d5eee6b12c46bc81ef9c2d72240276e2b16212a08c11b91ef5643b53fe184106""}",,"Historical monolithic Passport age and integrity lane retained separately from the additional exact P1 source pair. Browser execution policy: multithread; requested threads=16, effective threads=16; witness generation remains single, prover backend=provekit_v1_branch_9b2a6f_wasm_rayon_threaded.",,,/Users/dcbuilder/Code/world/.worktrees/provekit-v1-cross-device-campaign/target/v1-benchmarks/input-to-proof/mac-chrome-multithread-16/passport_complete_age_check__mac_chrome__provekit_v1__warm_reuse.json,warm_reuse,6717.754999998957
input-to-proof-v1-mac-multithread-16-20260812,passport_complete_age_check__mac_chrome__noir_barretenberg__cold_local-0,2026-08-12T12:27:08.738Z,macbook_m4,MacBook Pro (Apple M4 Max),26.6.1 (25G76),arm64,browser_wasm,Google Chrome 151.0.7922.138,passport_complete_age_check,historical-monolithic-age-integrity,9b2a6f37c67691eab4b0cec6c35e35c520e93285,noir_barretenberg,noir,barretenberg-ultrahonk-wasm-workers,@noir-lang/noir_js@1.0.0-beta.19,warmup,0,ok,4348.745,712.235,4976.885,1633.795,10037.865,1735.34375,16000,73375498,73333886,73375498,,input-to-proof-v1-multithread,9b2a6f37c67691eab4b0cec6c35e35c520e93285,"{""bb_js"":""4.2.0-aztecnr-rc.2"",""noir_js"":""1.0.0-beta.19"",""execution_policy"":""workers""};execution_policy=multithread;threads_requested=32;threads_effective=16;witness_backend=single;prover_backend=barretenberg_4.2.0-aztecnr-rc.2_wasm_workers","{""raw_evidence_sha256"":""591c154ba0f4effb22b571e260aa1542d3c71a6d34d4a0bfd82c9ef911fdeed7""}",,"Historical monolithic Passport age and integrity lane retained separately from the additional exact P1 source pair. Browser execution policy: multithread; requested threads=32, effective threads=16; witness generation remains single, prover backend=barretenberg_4.2.0-aztecnr-rc.2_wasm_workers.",,,/Users/dcbuilder/Code/world/.worktrees/provekit-v1-cross-device-campaign/target/v1-benchmarks/input-to-proof/mac-chrome-multithread-16/passport_complete_age_check__mac_chrome__noir_barretenberg__cold_local.json,cold_local,10037.865
input-to-proof-v1-mac-multithread-16-20260812,passport_complete_age_check__mac_chrome__noir_barretenberg__cold_local-1,2026-08-12T12:27:08.738Z,macbook_m4,MacBook Pro (Apple M4 Max),26.6.1 (25G76),arm64,browser_wasm,Google Chrome 151.0.7922.138,passport_complete_age_check,historical-monolithic-age-integrity,9b2a6f37c67691eab4b0cec6c35e35c520e93285,noir_barretenberg,noir,barretenberg-ultrahonk-wasm-workers,@noir-lang/noir_js@1.0.0-beta.19,measured,1,ok,2858.755,710.165,8026.005,1542.55,11594.925,1723,16000,73375498,73333886,73375498,,input-to-proof-v1-multithread,9b2a6f37c67691eab4b0cec6c35e35c520e93285,"{""bb_js"":""4.2.0-aztecnr-rc.2"",""noir_js"":""1.0.0-beta.19"",""execution_policy"":""workers""};execution_policy=multithread;threads_requested=32;threads_effective=16;witness_backend=single;prover_backend=barretenberg_4.2.0-aztecnr-rc.2_wasm_workers","{""raw_evidence_sha256"":""591c154ba0f4effb22b571e260aa1542d3c71a6d34d4a0bfd82c9ef911fdeed7""}",,"Historical monolithic Passport age and integrity lane retained separately from the additional exact P1 source pair. Browser execution policy: multithread; requested threads=32, effective threads=16; witness generation remains single, prover backend=barretenberg_4.2.0-aztecnr-rc.2_wasm_workers.",,,/Users/dcbuilder/Code/world/.worktrees/provekit-v1-cross-device-campaign/target/v1-benchmarks/input-to-proof/mac-chrome-multithread-16/passport_complete_age_check__mac_chrome__noir_barretenberg__cold_local.json,cold_local,11594.925
input-to-proof-v1-mac-multithread-16-20260812,passport_complete_age_check__mac_chrome__noir_barretenberg__cold_local-2,2026-08-12T12:27:08.738Z,macbook_m4,MacBook Pro (Apple M4 Max),26.6.1 (25G76),arm64,browser_wasm,Google Chrome 151.0.7922.138,passport_complete_age_check,historical-monolithic-age-integrity,9b2a6f37c67691eab4b0cec6c35e35c520e93285,noir_barretenberg,noir,barretenberg-ultrahonk-wasm-workers,@noir-lang/noir_js@1.0.0-beta.19,measured,2,ok,2587.665,760.585,5524.04,1231.715,8872.29,1796.5,16000,73375498,73333886,73375498,,input-to-proof-v1-multithread,9b2a6f37c67691eab4b0cec6c35e35c520e93285,"{""bb_js"":""4.2.0-aztecnr-rc.2"",""noir_js"":""1.0.0-beta.19"",""execution_policy"":""workers""};execution_policy=multithread;threads_requested=32;threads_effective=16;witness_backend=single;prover_backend=barretenberg_4.2.0-aztecnr-rc.2_wasm_workers","{""raw_evidence_sha256"":""591c154ba0f4effb22b571e260aa1542d3c71a6d34d4a0bfd82c9ef911fdeed7""}",,"Historical monolithic Passport age and integrity lane retained separately from the additional exact P1 source pair. Browser execution policy: multithread; requested threads=32, effective threads=16; witness generation remains single, prover backend=barretenberg_4.2.0-aztecnr-rc.2_wasm_workers.",,,/Users/dcbuilder/Code/world/.worktrees/provekit-v1-cross-device-campaign/target/v1-benchmarks/input-to-proof/mac-chrome-multithread-16/passport_complete_age_check__mac_chrome__noir_barretenberg__cold_local.json,cold_local,8872.29
input-to-proof-v1-mac-multithread-16-20260812,passport_complete_age_check__mac_chrome__noir_barretenberg__cold_local-3,2026-08-12T12:27:08.738Z,macbook_m4,MacBook Pro (Apple M4 Max),26.6.1 (25G76),arm64,browser_wasm,Google Chrome 151.0.7922.138,passport_complete_age_check,historical-monolithic-age-integrity,9b2a6f37c67691eab4b0cec6c35e35c520e93285,noir_barretenberg,noir,barretenberg-ultrahonk-wasm-workers,@noir-lang/noir_js@1.0.0-beta.19,measured,3,ok,3637.7,709.45,6380.82,1819.1,10727.97,1726.03125,16000,73375498,73333886,73375498,,input-to-proof-v1-multithread,9b2a6f37c67691eab4b0cec6c35e35c520e93285,"{""bb_js"":""4.2.0-aztecnr-rc.2"",""noir_js"":""1.0.0-beta.19"",""execution_policy"":""workers""};execution_policy=multithread;threads_requested=32;threads_effective=16;witness_backend=single;prover_backend=barretenberg_4.2.0-aztecnr-rc.2_wasm_workers","{""raw_evidence_sha256"":""591c154ba0f4effb22b571e260aa1542d3c71a6d34d4a0bfd82c9ef911fdeed7""}",,"Historical monolithic Passport age and integrity lane retained separately from the additional exact P1 source pair. Browser execution policy: multithread; requested threads=32, effective threads=16; witness generation remains single, prover backend=barretenberg_4.2.0-aztecnr-rc.2_wasm_workers.",,,/Users/dcbuilder/Code/world/.worktrees/provekit-v1-cross-device-campaign/target/v1-benchmarks/input-to-proof/mac-chrome-multithread-16/passport_complete_age_check__mac_chrome__noir_barretenberg__cold_local.json,cold_local,10727.97
input-to-proof-v1-mac-multithread-16-20260812,passport_complete_age_check__mac_chrome__noir_barretenberg__cold_local-4,2026-08-12T12:27:08.738Z,macbook_m4,MacBook Pro (Apple M4 Max),26.6.1 (25G76),arm64,browser_wasm,Google Chrome 151.0.7922.138,passport_complete_age_check,historical-monolithic-age-integrity,9b2a6f37c67691eab4b0cec6c35e35c520e93285,noir_barretenberg,noir,barretenberg-ultrahonk-wasm-workers,@noir-lang/noir_js@1.0.0-beta.19,measured,4,ok,2077.69,711.37,3863.43,1273.755,6652.49,1792.515625,16000,73375498,73333886,73375498,,input-to-proof-v1-multithread,9b2a6f37c67691eab4b0cec6c35e35c520e93285,"{""bb_js"":""4.2.0-aztecnr-rc.2"",""noir_js"":""1.0.0-beta.19"",""execution_policy"":""workers""};execution_policy=multithread;threads_requested=32;threads_effective=16;witness_backend=single;prover_backend=barretenberg_4.2.0-aztecnr-rc.2_wasm_workers","{""raw_evidence_sha256"":""591c154ba0f4effb22b571e260aa1542d3c71a6d34d4a0bfd82c9ef911fdeed7""}",,"Historical monolithic Passport age and integrity lane retained separately from the additional exact P1 source pair. Browser execution policy: multithread; requested threads=32, effective threads=16; witness generation remains single, prover backend=barretenberg_4.2.0-aztecnr-rc.2_wasm_workers.",,,/Users/dcbuilder/Code/world/.worktrees/provekit-v1-cross-device-campaign/target/v1-benchmarks/input-to-proof/mac-chrome-multithread-16/passport_complete_age_check__mac_chrome__noir_barretenberg__cold_local.json,cold_local,6652.49
input-to-proof-v1-mac-multithread-16-20260812,passport_complete_age_check__mac_chrome__noir_barretenberg__cold_local-5,2026-08-12T12:27:08.738Z,macbook_m4,MacBook Pro (Apple M4 Max),26.6.1 (25G76),arm64,browser_wasm,Google Chrome 151.0.7922.138,passport_complete_age_check,historical-monolithic-age-integrity,9b2a6f37c67691eab4b0cec6c35e35c520e93285,noir_barretenberg,noir,barretenberg-ultrahonk-wasm-workers,@noir-lang/noir_js@1.0.0-beta.19,measured,5,ok,2128.095,706.23,6831.17,1896.58,9665.495,1734.90625,16000,73375498,73333886,73375498,,input-to-proof-v1-multithread,9b2a6f37c67691eab4b0cec6c35e35c520e93285,"{""bb_js"":""4.2.0-aztecnr-rc.2"",""noir_js"":""1.0.0-beta.19"",""execution_policy"":""workers""};execution_policy=multithread;threads_requested=32;threads_effective=16;witness_backend=single;prover_backend=barretenberg_4.2.0-aztecnr-rc.2_wasm_workers","{""raw_evidence_sha256"":""591c154ba0f4effb22b571e260aa1542d3c71a6d34d4a0bfd82c9ef911fdeed7""}",,"Historical monolithic Passport age and integrity lane retained separately from the additional exact P1 source pair. Browser execution policy: multithread; requested threads=32, effective threads=16; witness generation remains single, prover backend=barretenberg_4.2.0-aztecnr-rc.2_wasm_workers.",,,/Users/dcbuilder/Code/world/.worktrees/provekit-v1-cross-device-campaign/target/v1-benchmarks/input-to-proof/mac-chrome-multithread-16/passport_complete_age_check__mac_chrome__noir_barretenberg__cold_local.json,cold_local,9665.495
input-to-proof-v1-mac-multithread-16-20260812,passport_complete_age_check__mac_chrome__noir_barretenberg__warm_reuse-0,2026-08-12T12:28:02.015Z,macbook_m4,MacBook Pro (Apple M4 Max),26.6.1 (25G76),arm64,browser_wasm,Google Chrome 151.0.7922.138,passport_complete_age_check,historical-monolithic-age-integrity,9b2a6f37c67691eab4b0cec6c35e35c520e93285,noir_barretenberg,noir,barretenberg-ultrahonk-wasm-workers,@noir-lang/noir_js@1.0.0-beta.19,warmup,0,ok,0,745.05,4944.695,0,5689.8,2270.578125,16000,73375498,73333886,73375498,,input-to-proof-v1-multithread,9b2a6f37c67691eab4b0cec6c35e35c520e93285,"{""bb_js"":""4.2.0-aztecnr-rc.2"",""noir_js"":""1.0.0-beta.19"",""execution_policy"":""workers""};execution_policy=multithread;threads_requested=32;threads_effective=16;witness_backend=single;prover_backend=barretenberg_4.2.0-aztecnr-rc.2_wasm_workers","{""raw_evidence_sha256"":""2ec31b98a722c5528ac50e0d7e2d0e450d976b56f53be5b8a454e7b05c5f26ef""}",,"Historical monolithic Passport age and integrity lane retained separately from the additional exact P1 source pair. Browser execution policy: multithread; requested threads=32, effective threads=16; witness generation remains single, prover backend=barretenberg_4.2.0-aztecnr-rc.2_wasm_workers.",,,/Users/dcbuilder/Code/world/.worktrees/provekit-v1-cross-device-campaign/target/v1-benchmarks/input-to-proof/mac-chrome-multithread-16/passport_complete_age_check__mac_chrome__noir_barretenberg__warm_reuse.json,warm_reuse,5689.8
input-to-proof-v1-mac-multithread-16-20260812,passport_complete_age_check__mac_chrome__noir_barretenberg__warm_reuse-1,2026-08-12T12:28:02.015Z,macbook_m4,MacBook Pro (Apple M4 Max),26.6.1 (25G76),arm64,browser_wasm,Google Chrome 151.0.7922.138,passport_complete_age_check,historical-monolithic-age-integrity,9b2a6f37c67691eab4b0cec6c35e35c520e93285,noir_barretenberg,noir,barretenberg-ultrahonk-wasm-workers,@noir-lang/noir_js@1.0.0-beta.19,measured,1,ok,0,645.265,5698.31,0,6343.62,2270.578125,16000,73375498,73333886,73375498,,input-to-proof-v1-multithread,9b2a6f37c67691eab4b0cec6c35e35c520e93285,"{""bb_js"":""4.2.0-aztecnr-rc.2"",""noir_js"":""1.0.0-beta.19"",""execution_policy"":""workers""};execution_policy=multithread;threads_requested=32;threads_effective=16;witness_backend=single;prover_backend=barretenberg_4.2.0-aztecnr-rc.2_wasm_workers","{""raw_evidence_sha256"":""2ec31b98a722c5528ac50e0d7e2d0e450d976b56f53be5b8a454e7b05c5f26ef""}",,"Historical monolithic Passport age and integrity lane retained separately from the additional exact P1 source pair. Browser execution policy: multithread; requested threads=32, effective threads=16; witness generation remains single, prover backend=barretenberg_4.2.0-aztecnr-rc.2_wasm_workers.",,,/Users/dcbuilder/Code/world/.worktrees/provekit-v1-cross-device-campaign/target/v1-benchmarks/input-to-proof/mac-chrome-multithread-16/passport_complete_age_check__mac_chrome__noir_barretenberg__warm_reuse.json,warm_reuse,6343.62
input-to-proof-v1-mac-multithread-16-20260812,passport_complete_age_check__mac_chrome__noir_barretenberg__warm_reuse-2,2026-08-12T12:28:02.015Z,macbook_m4,MacBook Pro (Apple M4 Max),26.6.1 (25G76),arm64,browser_wasm,Google Chrome 151.0.7922.138,passport_complete_age_check,historical-monolithic-age-integrity,9b2a6f37c67691eab4b0cec6c35e35c520e93285,noir_barretenberg,noir,barretenberg-ultrahonk-wasm-workers,@noir-lang/noir_js@1.0.0-beta.19,measured,2,ok,0,725.91,5898.43,0,6624.385,2270.578125,16000,73375498,73333886,73375498,,input-to-proof-v1-multithread,9b2a6f37c67691eab4b0cec6c35e35c520e93285,"{""bb_js"":""4.2.0-aztecnr-rc.2"",""noir_js"":""1.0.0-beta.19"",""execution_policy"":""workers""};execution_policy=multithread;threads_requested=32;threads_effective=16;witness_backend=single;prover_backend=barretenberg_4.2.0-aztecnr-rc.2_wasm_workers","{""raw_evidence_sha256"":""2ec31b98a722c5528ac50e0d7e2d0e450d976b56f53be5b8a454e7b05c5f26ef""}",,"Historical monolithic Passport age and integrity lane retained separately from the additional exact P1 source pair. Browser execution policy: multithread; requested threads=32, effective threads=16; witness generation remains single, prover backend=barretenberg_4.2.0-aztecnr-rc.2_wasm_workers.",,,/Users/dcbuilder/Code/world/.worktrees/provekit-v1-cross-device-campaign/target/v1-benchmarks/input-to-proof/mac-chrome-multithread-16/passport_complete_age_check__mac_chrome__noir_barretenberg__warm_reuse.json,warm_reuse,6624.385
input-to-proof-v1-mac-multithread-16-20260812,passport_complete_age_check__mac_chrome__noir_barretenberg__warm_reuse-3,2026-08-12T12:28:02.015Z,macbook_m4,MacBook Pro (Apple M4 Max),26.6.1 (25G76),arm64,browser_wasm,Google Chrome 151.0.7922.138,passport_complete_age_check,historical-monolithic-age-integrity,9b2a6f37c67691eab4b0cec6c35e35c520e93285,noir_barretenberg,noir,barretenberg-ultrahonk-wasm-workers,@noir-lang/noir_js@1.0.0-beta.19,measured,3,ok,0,924.91,5710.09,0,6635.05,2270.578125,16000,73375498,73333886,73375498,,input-to-proof-v1-multithread,9b2a6f37c67691eab4b0cec6c35e35c520e93285,"{""bb_js"":""4.2.0-aztecnr-rc.2"",""noir_js"":""1.0.0-beta.19"",""execution_policy"":""workers""};execution_policy=multithread;threads_requested=32;threads_effective=16;witness_backend=single;prover_backend=barretenberg_4.2.0-aztecnr-rc.2_wasm_workers","{""raw_evidence_sha256"":""2ec31b98a722c5528ac50e0d7e2d0e450d976b56f53be5b8a454e7b05c5f26ef""}",,"Historical monolithic Passport age and integrity lane retained separately from the additional exact P1 source pair. Browser execution policy: multithread; requested threads=32, effective threads=16; witness generation remains single, prover backend=barretenberg_4.2.0-aztecnr-rc.2_wasm_workers.",,,/Users/dcbuilder/Code/world/.worktrees/provekit-v1-cross-device-campaign/target/v1-benchmarks/input-to-proof/mac-chrome-multithread-16/passport_complete_age_check__mac_chrome__noir_barretenberg__warm_reuse.json,warm_reuse,6635.05
input-to-proof-v1-mac-multithread-16-20260812,passport_complete_age_check__mac_chrome__noir_barretenberg__warm_reuse-4,2026-08-12T12:28:02.015Z,macbook_m4,MacBook Pro (Apple M4 Max),26.6.1 (25G76),arm64,browser_wasm,Google Chrome 151.0.7922.138,passport_complete_age_check,historical-monolithic-age-integrity,9b2a6f37c67691eab4b0cec6c35e35c520e93285,noir_barretenberg,noir,barretenberg-ultrahonk-wasm-workers,@noir-lang/noir_js@1.0.0-beta.19,measured,4,ok,0,678.5,6780.515,0,7459.05,2270.578125,16000,73375498,73333886,73375498,,input-to-proof-v1-multithread,9b2a6f37c67691eab4b0cec6c35e35c520e93285,"{""bb_js"":""4.2.0-aztecnr-rc.2"",""noir_js"":""1.0.0-beta.19"",""execution_policy"":""workers""};execution_policy=multithread;threads_requested=32;threads_effective=16;witness_backend=single;prover_backend=barretenberg_4.2.0-aztecnr-rc.2_wasm_workers","{""raw_evidence_sha256"":""2ec31b98a722c5528ac50e0d7e2d0e450d976b56f53be5b8a454e7b05c5f26ef""}",,"Historical monolithic Passport age and integrity lane retained separately from the additional exact P1 source pair. Browser execution policy: multithread; requested threads=32, effective threads=16; witness generation remains single, prover backend=barretenberg_4.2.0-aztecnr-rc.2_wasm_workers.",,,/Users/dcbuilder/Code/world/.worktrees/provekit-v1-cross-device-campaign/target/v1-benchmarks/input-to-proof/mac-chrome-multithread-16/passport_complete_age_check__mac_chrome__noir_barretenberg__warm_reuse.json,warm_reuse,7459.05
input-to-proof-v1-mac-multithread-16-20260812,passport_complete_age_check__mac_chrome__noir_barretenberg__warm_reuse-5,2026-08-12T12:28:02.015Z,macbook_m4,MacBook Pro (Apple M4 Max),26.6.1 (25G76),arm64,browser_wasm,Google Chrome 151.0.7922.138,passport_complete_age_check,historical-monolithic-age-integrity,9b2a6f37c67691eab4b0cec6c35e35c520e93285,noir_barretenberg,noir,barretenberg-ultrahonk-wasm-workers,@noir-lang/noir_js@1.0.0-beta.19,measured,5,ok,0,733.24,5886.9,0,6620.185,2270.578125,16000,73375498,73333886,73375498,,input-to-proof-v1-multithread,9b2a6f37c67691eab4b0cec6c35e35c520e93285,"{""bb_js"":""4.2.0-aztecnr-rc.2"",""noir_js"":""1.0.0-beta.19"",""execution_policy"":""workers""};execution_policy=multithread;threads_requested=32;threads_effective=16;witness_backend=single;prover_backend=barretenberg_4.2.0-aztecnr-rc.2_wasm_workers","{""raw_evidence_sha256"":""2ec31b98a722c5528ac50e0d7e2d0e450d976b56f53be5b8a454e7b05c5f26ef""}",,"Historical monolithic Passport age and integrity lane retained separately from the additional exact P1 source pair. Browser execution policy: multithread; requested threads=32, effective threads=16; witness generation remains single, prover backend=barretenberg_4.2.0-aztecnr-rc.2_wasm_workers.",,,/Users/dcbuilder/Code/world/.worktrees/provekit-v1-cross-device-campaign/target/v1-benchmarks/input-to-proof/mac-chrome-multithread-16/passport_complete_age_check__mac_chrome__noir_barretenberg__warm_reuse.json,warm_reuse,6620.185
input-to-proof-v1-mac-multithread-16-20260812,passport_complete_age_check__mac_chrome__circom_groth16__cold_local-0,2026-08-12T12:31:15.953Z,macbook_m4,MacBook Pro (Apple M4 Max),26.6.1 (25G76),arm64,browser_wasm,Google Chrome 151.0.7922.138,passport_complete_age_check,historical-monolithic-age-integrity,9b2a6f37c67691eab4b0cec6c35e35c520e93285,circom_groth16,circom,snarkjs-groth16-browser-wasm-workers,circom-witness-wasm,warmup,0,ok,11.4,4416.835,16579.795,19.46,21008.03,14760.9375,1441,588352242,568828944,588352242,,input-to-proof-v1-multithread,9b2a6f37c67691eab4b0cec6c35e35c520e93285,"{""circom"":""2.2.2"",""snarkjs"":""0.7.6"",""execution_policy"":""workers""};execution_policy=multithread;threads_requested=16;threads_effective=16;witness_backend=circom_runtime_wasm_single;prover_backend=snarkjs_0.7.6_browser_wasm_workers","{""raw_evidence_sha256"":""f7e45a5d2f1eaf8bb6836541342a5ef2c398e9c1d307a7e8432e3ccc1c4cfa6c""}",,"Historical monolithic Passport age and integrity lane retained separately from the additional exact P1 source pair. Browser execution policy: multithread; requested threads=16, effective threads=16; witness generation remains circom_runtime_wasm_single, prover backend=snarkjs_0.7.6_browser_wasm_workers.",,,/Users/dcbuilder/Code/world/.worktrees/provekit-v1-cross-device-campaign/target/v1-benchmarks/input-to-proof/mac-chrome-multithread-16/passport_complete_age_check__mac_chrome__circom_groth16__cold_local.json,cold_local,21008.03
input-to-proof-v1-mac-multithread-16-20260812,passport_complete_age_check__mac_chrome__circom_groth16__cold_local-1,2026-08-12T12:31:15.953Z,macbook_m4,MacBook Pro (Apple M4 Max),26.6.1 (25G76),arm64,browser_wasm,Google Chrome 151.0.7922.138,passport_complete_age_check,historical-monolithic-age-integrity,9b2a6f37c67691eab4b0cec6c35e35c520e93285,circom_groth16,circom,snarkjs-groth16-browser-wasm-workers,circom-witness-wasm,measured,1,ok,7.95,4300.735,13689.82,17.665,17998.505,15044.921875,1446,588352242,568828944,588352242,,input-to-proof-v1-multithread,9b2a6f37c67691eab4b0cec6c35e35c520e93285,"{""circom"":""2.2.2"",""snarkjs"":""0.7.6"",""execution_policy"":""workers""};execution_policy=multithread;threads_requested=16;threads_effective=16;witness_backend=circom_runtime_wasm_single;prover_backend=snarkjs_0.7.6_browser_wasm_workers","{""raw_evidence_sha256"":""f7e45a5d2f1eaf8bb6836541342a5ef2c398e9c1d307a7e8432e3ccc1c4cfa6c""}",,"Historical monolithic Passport age and integrity lane retained separately from the additional exact P1 source pair. Browser execution policy: multithread; requested threads=16, effective threads=16; witness generation remains circom_runtime_wasm_single, prover backend=snarkjs_0.7.6_browser_wasm_workers.",,,/Users/dcbuilder/Code/world/.worktrees/provekit-v1-cross-device-campaign/target/v1-benchmarks/input-to-proof/mac-chrome-multithread-16/passport_complete_age_check__mac_chrome__circom_groth16__cold_local.json,cold_local,17998.505
input-to-proof-v1-mac-multithread-16-20260812,passport_complete_age_check__mac_chrome__circom_groth16__cold_local-2,2026-08-12T12:31:15.953Z,macbook_m4,MacBook Pro (Apple M4 Max),26.6.1 (25G76),arm64,browser_wasm,Google Chrome 151.0.7922.138,passport_complete_age_check,historical-monolithic-age-integrity,9b2a6f37c67691eab4b0cec6c35e35c520e93285,circom_groth16,circom,snarkjs-groth16-browser-wasm-workers,circom-witness-wasm,measured,2,ok,6.095,4306.37,12557.965,16.465,16870.43,15168.8125,1446,588352242,568828944,588352242,,input-to-proof-v1-multithread,9b2a6f37c67691eab4b0cec6c35e35c520e93285,"{""circom"":""2.2.2"",""snarkjs"":""0.7.6"",""execution_policy"":""workers""};execution_policy=multithread;threads_requested=16;threads_effective=16;witness_backend=circom_runtime_wasm_single;prover_backend=snarkjs_0.7.6_browser_wasm_workers","{""raw_evidence_sha256"":""f7e45a5d2f1eaf8bb6836541342a5ef2c398e9c1d307a7e8432e3ccc1c4cfa6c""}",,"Historical monolithic Passport age and integrity lane retained separately from the additional exact P1 source pair. Browser execution policy: multithread; requested threads=16, effective threads=16; witness generation remains circom_runtime_wasm_single, prover backend=snarkjs_0.7.6_browser_wasm_workers.",,,/Users/dcbuilder/Code/world/.worktrees/provekit-v1-cross-device-campaign/target/v1-benchmarks/input-to-proof/mac-chrome-multithread-16/passport_complete_age_check__mac_chrome__circom_groth16__cold_local.json,cold_local,16870.43
input-to-proof-v1-mac-multithread-16-20260812,passport_complete_age_check__mac_chrome__circom_groth16__cold_local-3,2026-08-12T12:31:15.953Z,macbook_m4,MacBook Pro (Apple M4 Max),26.6.1 (25G76),arm64,browser_wasm,Google Chrome 151.0.7922.138,passport_complete_age_check,historical-monolithic-age-integrity,9b2a6f37c67691eab4b0cec6c35e35c520e93285,circom_groth16,circom,snarkjs-groth16-browser-wasm-workers,circom-witness-wasm,measured,3,ok,9.255,4454.065,15041.63,18.3,19504.95,14813.609375,1441,588352242,568828944,588352242,,input-to-proof-v1-multithread,9b2a6f37c67691eab4b0cec6c35e35c520e93285,"{""circom"":""2.2.2"",""snarkjs"":""0.7.6"",""execution_policy"":""workers""};execution_policy=multithread;threads_requested=16;threads_effective=16;witness_backend=circom_runtime_wasm_single;prover_backend=snarkjs_0.7.6_browser_wasm_workers","{""raw_evidence_sha256"":""f7e45a5d2f1eaf8bb6836541342a5ef2c398e9c1d307a7e8432e3ccc1c4cfa6c""}",,"Historical monolithic Passport age and integrity lane retained separately from the additional exact P1 source pair. Browser execution policy: multithread; requested threads=16, effective threads=16; witness generation remains circom_runtime_wasm_single, prover backend=snarkjs_0.7.6_browser_wasm_workers.",,,/Users/dcbuilder/Code/world/.worktrees/provekit-v1-cross-device-campaign/target/v1-benchmarks/input-to-proof/mac-chrome-multithread-16/passport_complete_age_check__mac_chrome__circom_groth16__cold_local.json,cold_local,19504.95
input-to-proof-v1-mac-multithread-16-20260812,passport_complete_age_check__mac_chrome__circom_groth16__cold_local-4,2026-08-12T12:31:15.953Z,macbook_m4,MacBook Pro (Apple M4 Max),26.6.1 (25G76),arm64,browser_wasm,Google Chrome 151.0.7922.138,passport_complete_age_check,historical-monolithic-age-integrity,9b2a6f37c67691eab4b0cec6c35e35c520e93285,circom_groth16,circom,snarkjs-groth16-browser-wasm-workers,circom-witness-wasm,measured,4,ok,5.645,4261.645,11047.29,11.54,15314.58,15569.78125,1446,588352242,568828944,588352242,,input-to-proof-v1-multithread,9b2a6f37c67691eab4b0cec6c35e35c520e93285,"{""circom"":""2.2.2"",""snarkjs"":""0.7.6"",""execution_policy"":""workers""};execution_policy=multithread;threads_requested=16;threads_effective=16;witness_backend=circom_runtime_wasm_single;prover_backend=snarkjs_0.7.6_browser_wasm_workers","{""raw_evidence_sha256"":""f7e45a5d2f1eaf8bb6836541342a5ef2c398e9c1d307a7e8432e3ccc1c4cfa6c""}",,"Historical monolithic Passport age and integrity lane retained separately from the additional exact P1 source pair. Browser execution policy: multithread; requested threads=16, effective threads=16; witness generation remains circom_runtime_wasm_single, prover backend=snarkjs_0.7.6_browser_wasm_workers.",,,/Users/dcbuilder/Code/world/.worktrees/provekit-v1-cross-device-campaign/target/v1-benchmarks/input-to-proof/mac-chrome-multithread-16/passport_complete_age_check__mac_chrome__circom_groth16__cold_local.json,cold_local,15314.58
input-to-proof-v1-mac-multithread-16-20260812,passport_complete_age_check__mac_chrome__circom_groth16__cold_local-5,2026-08-12T12:31:15.953Z,macbook_m4,MacBook Pro (Apple M4 Max),26.6.1 (25G76),arm64,browser_wasm,Google Chrome 151.0.7922.138,passport_complete_age_check,historical-monolithic-age-integrity,9b2a6f37c67691eab4b0cec6c35e35c520e93285,circom_groth16,circom,snarkjs-groth16-browser-wasm-workers,circom-witness-wasm,measured,5,ok,7.26,4299.855,16407.645,15.345,20714.76,15893.671875,1450,588352242,568828944,588352242,,input-to-proof-v1-multithread,9b2a6f37c67691eab4b0cec6c35e35c520e93285,"{""circom"":""2.2.2"",""snarkjs"":""0.7.6"",""execution_policy"":""workers""};execution_policy=multithread;threads_requested=16;threads_effective=16;witness_backend=circom_runtime_wasm_single;prover_backend=snarkjs_0.7.6_browser_wasm_workers","{""raw_evidence_sha256"":""f7e45a5d2f1eaf8bb6836541342a5ef2c398e9c1d307a7e8432e3ccc1c4cfa6c""}",,"Historical monolithic Passport age and integrity lane retained separately from the additional exact P1 source pair. Browser execution policy: multithread; requested threads=16, effective threads=16; witness generation remains circom_runtime_wasm_single, prover backend=snarkjs_0.7.6_browser_wasm_workers.",,,/Users/dcbuilder/Code/world/.worktrees/provekit-v1-cross-device-campaign/target/v1-benchmarks/input-to-proof/mac-chrome-multithread-16/passport_complete_age_check__mac_chrome__circom_groth16__cold_local.json,cold_local,20714.76
input-to-proof-v1-mac-multithread-16-20260812,passport_complete_age_check__mac_chrome__circom_groth16__warm_reuse-0,2026-08-12T12:33:09.060Z,macbook_m4,MacBook Pro (Apple M4 Max),26.6.1 (25G76),arm64,browser_wasm,Google Chrome 151.0.7922.138,passport_complete_age_check,historical-monolithic-age-integrity,9b2a6f37c67691eab4b0cec6c35e35c520e93285,circom_groth16,circom,snarkjs-groth16-browser-wasm-workers,circom-witness-wasm,warmup,0,ok,0,4364.78,15077.205,21.55,19442.24,15174.21875,1445,588352242,568828944,588352242,,input-to-proof-v1-multithread,9b2a6f37c67691eab4b0cec6c35e35c520e93285,"{""circom"":""2.2.2"",""snarkjs"":""0.7.6"",""execution_policy"":""workers""};execution_policy=multithread;threads_requested=16;threads_effective=16;witness_backend=circom_runtime_wasm_single;prover_backend=snarkjs_0.7.6_browser_wasm_workers","{""raw_evidence_sha256"":""2c88d34c11ed77b3443804513985cdcefee5ed53787a66020551b90a637e429b""}",,"Historical monolithic Passport age and integrity lane retained separately from the additional exact P1 source pair. Browser execution policy: multithread; requested threads=16, effective threads=16; witness generation remains circom_runtime_wasm_single, prover backend=snarkjs_0.7.6_browser_wasm_workers.",,,/Users/dcbuilder/Code/world/.worktrees/provekit-v1-cross-device-campaign/target/v1-benchmarks/input-to-proof/mac-chrome-multithread-16/passport_complete_age_check__mac_chrome__circom_groth16__warm_reuse.json,warm_reuse,19442.24
input-to-proof-v1-mac-multithread-16-20260812,passport_complete_age_check__mac_chrome__circom_groth16__warm_reuse-1,2026-08-12T12:33:09.060Z,macbook_m4,MacBook Pro (Apple M4 Max),26.6.1 (25G76),arm64,browser_wasm,Google Chrome 151.0.7922.138,passport_complete_age_check,historical-monolithic-age-integrity,9b2a6f37c67691eab4b0cec6c35e35c520e93285,circom_groth16,circom,snarkjs-groth16-browser-wasm-workers,circom-witness-wasm,measured,1,ok,0,5048.455,16275.19,12.84,21323.915,15174.21875,1446,588352242,568828944,588352242,,input-to-proof-v1-multithread,9b2a6f37c67691eab4b0cec6c35e35c520e93285,"{""circom"":""2.2.2"",""snarkjs"":""0.7.6"",""execution_policy"":""workers""};execution_policy=multithread;threads_requested=16;threads_effective=16;witness_backend=circom_runtime_wasm_single;prover_backend=snarkjs_0.7.6_browser_wasm_workers","{""raw_evidence_sha256"":""2c88d34c11ed77b3443804513985cdcefee5ed53787a66020551b90a637e429b""}",,"Historical monolithic Passport age and integrity lane retained separately from the additional exact P1 source pair. Browser execution policy: multithread; requested threads=16, effective threads=16; witness generation remains circom_runtime_wasm_single, prover backend=snarkjs_0.7.6_browser_wasm_workers.",,,/Users/dcbuilder/Code/world/.worktrees/provekit-v1-cross-device-campaign/target/v1-benchmarks/input-to-proof/mac-chrome-multithread-16/passport_complete_age_check__mac_chrome__circom_groth16__warm_reuse.json,warm_reuse,21323.915
input-to-proof-v1-mac-multithread-16-20260812,passport_complete_age_check__mac_chrome__circom_groth16__warm_reuse-2,2026-08-12T12:33:09.060Z,macbook_m4,MacBook Pro (Apple M4 Max),26.6.1 (25G76),arm64,browser_wasm,Google Chrome 151.0.7922.138,passport_complete_age_check,historical-monolithic-age-integrity,9b2a6f37c67691eab4b0cec6c35e35c520e93285,circom_groth16,circom,snarkjs-groth16-browser-wasm-workers,circom-witness-wasm,measured,2,ok,0,4316.945,11655.63,11.43,15972.8,15174.21875,1444,588352242,568828944,588352242,,input-to-proof-v1-multithread,9b2a6f37c67691eab4b0cec6c35e35c520e93285,"{""circom"":""2.2.2"",""snarkjs"":""0.7.6"",""execution_policy"":""workers""};execution_policy=multithread;threads_requested=16;threads_effective=16;witness_backend=circom_runtime_wasm_single;prover_backend=snarkjs_0.7.6_browser_wasm_workers","{""raw_evidence_sha256"":""2c88d34c11ed77b3443804513985cdcefee5ed53787a66020551b90a637e429b""}",,"Historical monolithic Passport age and integrity lane retained separately from the additional exact P1 source pair. Browser execution policy: multithread; requested threads=16, effective threads=16; witness generation remains circom_runtime_wasm_single, prover backend=snarkjs_0.7.6_browser_wasm_workers.",,,/Users/dcbuilder/Code/world/.worktrees/provekit-v1-cross-device-campaign/target/v1-benchmarks/input-to-proof/mac-chrome-multithread-16/passport_complete_age_check__mac_chrome__circom_groth16__warm_reuse.json,warm_reuse,15972.8
input-to-proof-v1-mac-multithread-16-20260812,passport_complete_age_check__mac_chrome__circom_groth16__warm_reuse-3,2026-08-12T12:33:09.060Z,macbook_m4,MacBook Pro (Apple M4 Max),26.6.1 (25G76),arm64,browser_wasm,Google Chrome 151.0.7922.138,passport_complete_age_check,historical-monolithic-age-integrity,9b2a6f37c67691eab4b0cec6c35e35c520e93285,circom_groth16,circom,snarkjs-groth16-browser-wasm-workers,circom-witness-wasm,measured,3,ok,0,4267.2,14298.215,21.66,18565.625,15174.21875,1444,588352242,568828944,588352242,,input-to-proof-v1-multithread,9b2a6f37c67691eab4b0cec6c35e35c520e93285,"{""circom"":""2.2.2"",""snarkjs"":""0.7.6"",""execution_policy"":""workers""};execution_policy=multithread;threads_requested=16;threads_effective=16;witness_backend=circom_runtime_wasm_single;prover_backend=snarkjs_0.7.6_browser_wasm_workers","{""raw_evidence_sha256"":""2c88d34c11ed77b3443804513985cdcefee5ed53787a66020551b90a637e429b""}",,"Historical monolithic Passport age and integrity lane retained separately from the additional exact P1 source pair. Browser execution policy: multithread; requested threads=16, effective threads=16; witness generation remains circom_runtime_wasm_single, prover backend=snarkjs_0.7.6_browser_wasm_workers.",,,/Users/dcbuilder/Code/world/.worktrees/provekit-v1-cross-device-campaign/target/v1-benchmarks/input-to-proof/mac-chrome-multithread-16/passport_complete_age_check__mac_chrome__circom_groth16__warm_reuse.json,warm_reuse,18565.625
input-to-proof-v1-mac-multithread-16-20260812,passport_complete_age_check__mac_chrome__circom_groth16__warm_reuse-4,2026-08-12T12:33:09.060Z,macbook_m4,MacBook Pro (Apple M4 Max),26.6.1 (25G76),arm64,browser_wasm,Google Chrome 151.0.7922.138,passport_complete_age_check,historical-monolithic-age-integrity,9b2a6f37c67691eab4b0cec6c35e35c520e93285,circom_groth16,circom,snarkjs-groth16-browser-wasm-workers,circom-witness-wasm,measured,4,ok,0,4448.685,12469.445,18.435,16918.345,15174.21875,1444,588352242,568828944,588352242,,input-to-proof-v1-multithread,9b2a6f37c67691eab4b0cec6c35e35c520e93285,"{""circom"":""2.2.2"",""snarkjs"":""0.7.6"",""execution_policy"":""workers""};execution_policy=multithread;threads_requested=16;threads_effective=16;witness_backend=circom_runtime_wasm_single;prover_backend=snarkjs_0.7.6_browser_wasm_workers","{""raw_evidence_sha256"":""2c88d34c11ed77b3443804513985cdcefee5ed53787a66020551b90a637e429b""}",,"Historical monolithic Passport age and integrity lane retained separately from the additional exact P1 source pair. Browser execution policy: multithread; requested threads=16, effective threads=16; witness generation remains circom_runtime_wasm_single, prover backend=snarkjs_0.7.6_browser_wasm_workers.",,,/Users/dcbuilder/Code/world/.worktrees/provekit-v1-cross-device-campaign/target/v1-benchmarks/input-to-proof/mac-chrome-multithread-16/passport_complete_age_check__mac_chrome__circom_groth16__warm_reuse.json,warm_reuse,16918.345
input-to-proof-v1-mac-multithread-16-20260812,passport_complete_age_check__mac_chrome__circom_groth16__warm_reuse-5,2026-08-12T12:33:09.060Z,macbook_m4,MacBook Pro (Apple M4 Max),26.6.1 (25G76),arm64,browser_wasm,Google Chrome 151.0.7922.138,passport_complete_age_check,historical-monolithic-age-integrity,9b2a6f37c67691eab4b0cec6c35e35c520e93285,circom_groth16,circom,snarkjs-groth16-browser-wasm-workers,circom-witness-wasm,measured,5,ok,0,4656.93,14999.81,15.19,19660.13,15174.21875,1445,588352242,568828944,588352242,,input-to-proof-v1-multithread,9b2a6f37c67691eab4b0cec6c35e35c520e93285,"{""circom"":""2.2.2"",""snarkjs"":""0.7.6"",""execution_policy"":""workers""};execution_policy=multithread;threads_requested=16;threads_effective=16;witness_backend=circom_runtime_wasm_single;prover_backend=snarkjs_0.7.6_browser_wasm_workers","{""raw_evidence_sha256"":""2c88d34c11ed77b3443804513985cdcefee5ed53787a66020551b90a637e429b""}",,"Historical monolithic Passport age and integrity lane retained separately from the additional exact P1 source pair. Browser execution policy: multithread; requested threads=16, effective threads=16; witness generation remains circom_runtime_wasm_single, prover backend=snarkjs_0.7.6_browser_wasm_workers.",,,/Users/dcbuilder/Code/world/.worktrees/provekit-v1-cross-device-campaign/target/v1-benchmarks/input-to-proof/mac-chrome-multithread-16/passport_complete_age_check__mac_chrome__circom_groth16__warm_reuse.json,warm_reuse,19660.13
input-to-proof-v1-mac-multithread-16-20260812,passport_p1__mac_chrome__provekit_v1__cold_local-0,2026-08-12T12:33:49.296Z,macbook_m4,MacBook Pro (Apple M4 Max),26.6.1 (25G76),arm64,browser_wasm,Google Chrome 151.0.7922.138,passport_age_integrity,P1-matched-monolithic-RSA4096,092621d721cfef9ff39b0787f5ba2c1f07eb6d95,provekit_v1,noir,provekit-v1-whir-wasm-workers,@noir-lang/noir_js@1.0.0-beta.11,warmup,0,ok,1622.155000001192,821.625,1708.1150000002235,91.07000000029802,4151.895000001416,887.65625,961017,2292299,2261616,14993274,294402,input-to-proof-v1-multithread,9b2a6f37c67691eab4b0cec6c35e35c520e93285,"{""provekit"":""9b2a6f37c67691eab4b0cec6c35e35c520e93285"",""noir_js"":""1.0.0-beta.11"",""execution_policy"":""workers""};execution_policy=multithread;threads_requested=16;threads_effective=16;witness_backend=single;prover_backend=provekit_v1_branch_9b2a6f_wasm_rayon_threaded","{""raw_evidence_sha256"":""08c38e5b28821c29c170216309b32db935c530da407d1e14ad069dfedbf9b08f""}",,"Matched P1 profile: monolithic RSA-4096 passport integrity, registry authorization, DG1 validity, and minimum-age assertion. Browser execution policy: multithread; requested threads=16, effective threads=16; witness generation remains single, prover backend=provekit_v1_branch_9b2a6f_wasm_rayon_threaded.",,,/Users/dcbuilder/Code/world/.worktrees/provekit-v1-cross-device-campaign/target/v1-benchmarks/input-to-proof/mac-chrome-multithread-16/passport_p1__mac_chrome__provekit_v1__cold_local.json,cold_local,4151.895000001416
input-to-proof-v1-mac-multithread-16-20260812,passport_p1__mac_chrome__provekit_v1__cold_local-1,2026-08-12T12:33:49.296Z,macbook_m4,MacBook Pro (Apple M4 Max),26.6.1 (25G76),arm64,browser_wasm,Google Chrome 151.0.7922.138,passport_age_integrity,P1-matched-monolithic-RSA4096,092621d721cfef9ff39b0787f5ba2c1f07eb6d95,provekit_v1,noir,provekit-v1-whir-wasm-workers,@noir-lang/noir_js@1.0.0-beta.11,measured,1,ok,1876.5550000015646,863.4749999996275,2735.339999999851,157,5475.370000001043,885.640625,960377,2292299,2261616,14993274,294402,input-to-proof-v1-multithread,9b2a6f37c67691eab4b0cec6c35e35c520e93285,"{""provekit"":""9b2a6f37c67691eab4b0cec6c35e35c520e93285"",""noir_js"":""1.0.0-beta.11"",""execution_policy"":""workers""};execution_policy=multithread;threads_requested=16;threads_effective=16;witness_backend=single;prover_backend=provekit_v1_branch_9b2a6f_wasm_rayon_threaded","{""raw_evidence_sha256"":""08c38e5b28821c29c170216309b32db935c530da407d1e14ad069dfedbf9b08f""}",,"Matched P1 profile: monolithic RSA-4096 passport integrity, registry authorization, DG1 validity, and minimum-age assertion. Browser execution policy: multithread; requested threads=16, effective threads=16; witness generation remains single, prover backend=provekit_v1_branch_9b2a6f_wasm_rayon_threaded.",,,/Users/dcbuilder/Code/world/.worktrees/provekit-v1-cross-device-campaign/target/v1-benchmarks/input-to-proof/mac-chrome-multithread-16/passport_p1__mac_chrome__provekit_v1__cold_local.json,cold_local,5475.370000001043
input-to-proof-v1-mac-multithread-16-20260812,passport_p1__mac_chrome__provekit_v1__cold_local-2,2026-08-12T12:33:49.296Z,macbook_m4,MacBook Pro (Apple M4 Max),26.6.1 (25G76),arm64,browser_wasm,Google Chrome 151.0.7922.138,passport_age_integrity,P1-matched-monolithic-RSA4096,092621d721cfef9ff39b0787f5ba2c1f07eb6d95,provekit_v1,noir,provekit-v1-whir-wasm-workers,@noir-lang/noir_js@1.0.0-beta.11,measured,2,ok,1978.160000000149,858.0500000007451,2795.269999999553,137.18500000052154,5631.480000000447,884.828125,962809,2292299,2261616,14993274,294402,input-to-proof-v1-multithread,9b2a6f37c67691eab4b0cec6c35e35c520e93285,"{""provekit"":""9b2a6f37c67691eab4b0cec6c35e35c520e93285"",""noir_js"":""1.0.0-beta.11"",""execution_policy"":""workers""};execution_policy=multithread;threads_requested=16;threads_effective=16;witness_backend=single;prover_backend=provekit_v1_branch_9b2a6f_wasm_rayon_threaded","{""raw_evidence_sha256"":""08c38e5b28821c29c170216309b32db935c530da407d1e14ad069dfedbf9b08f""}",,"Matched P1 profile: monolithic RSA-4096 passport integrity, registry authorization, DG1 validity, and minimum-age assertion. Browser execution policy: multithread; requested threads=16, effective threads=16; witness generation remains single, prover backend=provekit_v1_branch_9b2a6f_wasm_rayon_threaded.",,,/Users/dcbuilder/Code/world/.worktrees/provekit-v1-cross-device-campaign/target/v1-benchmarks/input-to-proof/mac-chrome-multithread-16/passport_p1__mac_chrome__provekit_v1__cold_local.json,cold_local,5631.480000000447
input-to-proof-v1-mac-multithread-16-20260812,passport_p1__mac_chrome__provekit_v1__cold_local-3,2026-08-12T12:33:49.296Z,macbook_m4,MacBook Pro (Apple M4 Max),26.6.1 (25G76),arm64,browser_wasm,Google Chrome 151.0.7922.138,passport_age_integrity,P1-matched-monolithic-RSA4096,092621d721cfef9ff39b0787f5ba2c1f07eb6d95,provekit_v1,noir,provekit-v1-whir-wasm-workers,@noir-lang/noir_js@1.0.0-beta.11,measured,3,ok,2322.0200000014156,924.875,2671.699999999255,130.57499999925494,5918.595000000671,885.421875,960721,2292299,2261616,14993274,294402,input-to-proof-v1-multithread,9b2a6f37c67691eab4b0cec6c35e35c520e93285,"{""provekit"":""9b2a6f37c67691eab4b0cec6c35e35c520e93285"",""noir_js"":""1.0.0-beta.11"",""execution_policy"":""workers""};execution_policy=multithread;threads_requested=16;threads_effective=16;witness_backend=single;prover_backend=provekit_v1_branch_9b2a6f_wasm_rayon_threaded","{""raw_evidence_sha256"":""08c38e5b28821c29c170216309b32db935c530da407d1e14ad069dfedbf9b08f""}",,"Matched P1 profile: monolithic RSA-4096 passport integrity, registry authorization, DG1 validity, and minimum-age assertion. Browser execution policy: multithread; requested threads=16, effective threads=16; witness generation remains single, prover backend=provekit_v1_branch_9b2a6f_wasm_rayon_threaded.",,,/Users/dcbuilder/Code/world/.worktrees/provekit-v1-cross-device-campaign/target/v1-benchmarks/input-to-proof/mac-chrome-multithread-16/passport_p1__mac_chrome__provekit_v1__cold_local.json,cold_local,5918.595000000671
input-to-proof-v1-mac-multithread-16-20260812,passport_p1__mac_chrome__provekit_v1__cold_local-4,2026-08-12T12:33:49.296Z,macbook_m4,MacBook Pro (Apple M4 Max),26.6.1 (25G76),arm64,browser_wasm,Google Chrome 151.0.7922.138,passport_age_integrity,P1-matched-monolithic-RSA4096,092621d721cfef9ff39b0787f5ba2c1f07eb6d95,provekit_v1,noir,provekit-v1-whir-wasm-workers,@noir-lang/noir_js@1.0.0-beta.11,measured,4,ok,1575.8499999996275,789.035000000149,2135.5200000014156,103.67999999970198,4500.405000001192,886.015625,960549,2292299,2261616,14993274,294402,input-to-proof-v1-multithread,9b2a6f37c67691eab4b0cec6c35e35c520e93285,"{""provekit"":""9b2a6f37c67691eab4b0cec6c35e35c520e93285"",""noir_js"":""1.0.0-beta.11"",""execution_policy"":""workers""};execution_policy=multithread;threads_requested=16;threads_effective=16;witness_backend=single;prover_backend=provekit_v1_branch_9b2a6f_wasm_rayon_threaded","{""raw_evidence_sha256"":""08c38e5b28821c29c170216309b32db935c530da407d1e14ad069dfedbf9b08f""}",,"Matched P1 profile: monolithic RSA-4096 passport integrity, registry authorization, DG1 validity, and minimum-age assertion. Browser execution policy: multithread; requested threads=16, effective threads=16; witness generation remains single, prover backend=provekit_v1_branch_9b2a6f_wasm_rayon_threaded.",,,/Users/dcbuilder/Code/world/.worktrees/provekit-v1-cross-device-campaign/target/v1-benchmarks/input-to-proof/mac-chrome-multithread-16/passport_p1__mac_chrome__provekit_v1__cold_local.json,cold_local,4500.405000001192
input-to-proof-v1-mac-multithread-16-20260812,passport_p1__mac_chrome__provekit_v1__cold_local-5,2026-08-12T12:33:49.296Z,macbook_m4,MacBook Pro (Apple M4 Max),26.6.1 (25G76),arm64,browser_wasm,Google Chrome 151.0.7922.138,passport_age_integrity,P1-matched-monolithic-RSA4096,092621d721cfef9ff39b0787f5ba2c1f07eb6d95,provekit_v1,noir,provekit-v1-whir-wasm-workers,@noir-lang/noir_js@1.0.0-beta.11,measured,5,ok,1558.5550000015646,790.3249999992549,2642.1199999991804,177.17999999970198,4991,881.140625,963833,2292299,2261616,14993274,294402,input-to-proof-v1-multithread,9b2a6f37c67691eab4b0cec6c35e35c520e93285,"{""provekit"":""9b2a6f37c67691eab4b0cec6c35e35c520e93285"",""noir_js"":""1.0.0-beta.11"",""execution_policy"":""workers""};execution_policy=multithread;threads_requested=16;threads_effective=16;witness_backend=single;prover_backend=provekit_v1_branch_9b2a6f_wasm_rayon_threaded","{""raw_evidence_sha256"":""08c38e5b28821c29c170216309b32db935c530da407d1e14ad069dfedbf9b08f""}",,"Matched P1 profile: monolithic RSA-4096 passport integrity, registry authorization, DG1 validity, and minimum-age assertion. Browser execution policy: multithread; requested threads=16, effective threads=16; witness generation remains single, prover backend=provekit_v1_branch_9b2a6f_wasm_rayon_threaded.",,,/Users/dcbuilder/Code/world/.worktrees/provekit-v1-cross-device-campaign/target/v1-benchmarks/input-to-proof/mac-chrome-multithread-16/passport_p1__mac_chrome__provekit_v1__cold_local.json,cold_local,4991
input-to-proof-v1-mac-multithread-16-20260812,passport_p1__mac_chrome__provekit_v1__warm_reuse-0,2026-08-12T12:34:35.034Z,macbook_m4,MacBook Pro (Apple M4 Max),26.6.1 (25G76),arm64,browser_wasm,Google Chrome 151.0.7922.138,passport_age_integrity,P1-matched-monolithic-RSA4096,092621d721cfef9ff39b0787f5ba2c1f07eb6d95,provekit_v1,noir,provekit-v1-whir-wasm-workers,@noir-lang/noir_js@1.0.0-beta.11,warmup,0,ok,554.570000000298,791.8149999994785,2604.7599999997765,100.02500000037253,3951.1500000003725,1033.078125,962085,2292299,2261616,14993274,294402,input-to-proof-v1-multithread,9b2a6f37c67691eab4b0cec6c35e35c520e93285,"{""provekit"":""9b2a6f37c67691eab4b0cec6c35e35c520e93285"",""noir_js"":""1.0.0-beta.11"",""execution_policy"":""workers""};execution_policy=multithread;threads_requested=16;threads_effective=16;witness_backend=single;prover_backend=provekit_v1_branch_9b2a6f_wasm_rayon_threaded","{""raw_evidence_sha256"":""d4e17833dc9485d6bd1c864a87def556d7b302334f349581f1d7ab7a1d51fd23""}",,"Matched P1 profile: monolithic RSA-4096 passport integrity, registry authorization, DG1 validity, and minimum-age assertion. Browser execution policy: multithread; requested threads=16, effective threads=16; witness generation remains single, prover backend=provekit_v1_branch_9b2a6f_wasm_rayon_threaded.",,,/Users/dcbuilder/Code/world/.worktrees/provekit-v1-cross-device-campaign/target/v1-benchmarks/input-to-proof/mac-chrome-multithread-16/passport_p1__mac_chrome__provekit_v1__warm_reuse.json,warm_reuse,3951.1500000003725
input-to-proof-v1-mac-multithread-16-20260812,passport_p1__mac_chrome__provekit_v1__warm_reuse-1,2026-08-12T12:34:35.034Z,macbook_m4,MacBook Pro (Apple M4 Max),26.6.1 (25G76),arm64,browser_wasm,Google Chrome 151.0.7922.138,passport_age_integrity,P1-matched-monolithic-RSA4096,092621d721cfef9ff39b0787f5ba2c1f07eb6d95,provekit_v1,noir,provekit-v1-whir-wasm-workers,@noir-lang/noir_js@1.0.0-beta.11,measured,1,ok,627.5750000011176,641.9700000006706,1930.6199999991804,89.50499999895692,3200.1699999999255,1033.078125,967377,2292299,2261616,14993274,294402,input-to-proof-v1-multithread,9b2a6f37c67691eab4b0cec6c35e35c520e93285,"{""provekit"":""9b2a6f37c67691eab4b0cec6c35e35c520e93285"",""noir_js"":""1.0.0-beta.11"",""execution_policy"":""workers""};execution_policy=multithread;threads_requested=16;threads_effective=16;witness_backend=single;prover_backend=provekit_v1_branch_9b2a6f_wasm_rayon_threaded","{""raw_evidence_sha256"":""d4e17833dc9485d6bd1c864a87def556d7b302334f349581f1d7ab7a1d51fd23""}",,"Matched P1 profile: monolithic RSA-4096 passport integrity, registry authorization, DG1 validity, and minimum-age assertion. Browser execution policy: multithread; requested threads=16, effective threads=16; witness generation remains single, prover backend=provekit_v1_branch_9b2a6f_wasm_rayon_threaded.",,,/Users/dcbuilder/Code/world/.worktrees/provekit-v1-cross-device-campaign/target/v1-benchmarks/input-to-proof/mac-chrome-multithread-16/passport_p1__mac_chrome__provekit_v1__warm_reuse.json,warm_reuse,3200.1699999999255
input-to-proof-v1-mac-multithread-16-20260812,passport_p1__mac_chrome__provekit_v1__warm_reuse-2,2026-08-12T12:34:35.034Z,macbook_m4,MacBook Pro (Apple M4 Max),26.6.1 (25G76),arm64,browser_wasm,Google Chrome 151.0.7922.138,passport_age_integrity,P1-matched-monolithic-RSA4096,092621d721cfef9ff39b0787f5ba2c1f07eb6d95,provekit_v1,noir,provekit-v1-whir-wasm-workers,@noir-lang/noir_js@1.0.0-beta.11,measured,2,ok,622.910000000149,638.0800000000745,1897.769999999553,122.30000000074506,3158.765000000596,1033.078125,965157,2292299,2261616,14993274,294402,input-to-proof-v1-multithread,9b2a6f37c67691eab4b0cec6c35e35c520e93285,"{""provekit"":""9b2a6f37c67691eab4b0cec6c35e35c520e93285"",""noir_js"":""1.0.0-beta.11"",""execution_policy"":""workers""};execution_policy=multithread;threads_requested=16;threads_effective=16;witness_backend=single;prover_backend=provekit_v1_branch_9b2a6f_wasm_rayon_threaded","{""raw_evidence_sha256"":""d4e17833dc9485d6bd1c864a87def556d7b302334f349581f1d7ab7a1d51fd23""}",,"Matched P1 profile: monolithic RSA-4096 passport integrity, registry authorization, DG1 validity, and minimum-age assertion. Browser execution policy: multithread; requested threads=16, effective threads=16; witness generation remains single, prover backend=provekit_v1_branch_9b2a6f_wasm_rayon_threaded.",,,/Users/dcbuilder/Code/world/.worktrees/provekit-v1-cross-device-campaign/target/v1-benchmarks/input-to-proof/mac-chrome-multithread-16/passport_p1__mac_chrome__provekit_v1__warm_reuse.json,warm_reuse,3158.765000000596
input-to-proof-v1-mac-multithread-16-20260812,passport_p1__mac_chrome__provekit_v1__warm_reuse-3,2026-08-12T12:34:35.034Z,macbook_m4,MacBook Pro (Apple M4 Max),26.6.1 (25G76),arm64,browser_wasm,Google Chrome 151.0.7922.138,passport_age_integrity,P1-matched-monolithic-RSA4096,092621d721cfef9ff39b0787f5ba2c1f07eb6d95,provekit_v1,noir,provekit-v1-whir-wasm-workers,@noir-lang/noir_js@1.0.0-beta.11,measured,3,ok,709.3000000007451,696.6549999993294,2027.339999999851,88.50500000081956,3433.2949999999255,1033.078125,967121,2292299,2261616,14993274,294402,input-to-proof-v1-multithread,9b2a6f37c67691eab4b0cec6c35e35c520e93285,"{""provekit"":""9b2a6f37c67691eab4b0cec6c35e35c520e93285"",""noir_js"":""1.0.0-beta.11"",""execution_policy"":""workers""};execution_policy=multithread;threads_requested=16;threads_effective=16;witness_backend=single;prover_backend=provekit_v1_branch_9b2a6f_wasm_rayon_threaded","{""raw_evidence_sha256"":""d4e17833dc9485d6bd1c864a87def556d7b302334f349581f1d7ab7a1d51fd23""}",,"Matched P1 profile: monolithic RSA-4096 passport integrity, registry authorization, DG1 validity, and minimum-age assertion. Browser execution policy: multithread; requested threads=16, effective threads=16; witness generation remains single, prover backend=provekit_v1_branch_9b2a6f_wasm_rayon_threaded.",,,/Users/dcbuilder/Code/world/.worktrees/provekit-v1-cross-device-campaign/target/v1-benchmarks/input-to-proof/mac-chrome-multithread-16/passport_p1__mac_chrome__provekit_v1__warm_reuse.json,warm_reuse,3433.2949999999255
input-to-proof-v1-mac-multithread-16-20260812,passport_p1__mac_chrome__provekit_v1__warm_reuse-4,2026-08-12T12:34:35.034Z,macbook_m4,MacBook Pro (Apple M4 Max),26.6.1 (25G76),arm64,browser_wasm,Google Chrome 151.0.7922.138,passport_age_integrity,P1-matched-monolithic-RSA4096,092621d721cfef9ff39b0787f5ba2c1f07eb6d95,provekit_v1,noir,provekit-v1-whir-wasm-workers,@noir-lang/noir_js@1.0.0-beta.11,measured,4,ok,629.6500000003725,626.6699999999255,1691.1150000002235,87.52999999932945,2947.4350000005215,1033.078125,960081,2292299,2261616,14993274,294402,input-to-proof-v1-multithread,9b2a6f37c67691eab4b0cec6c35e35c520e93285,"{""provekit"":""9b2a6f37c67691eab4b0cec6c35e35c520e93285"",""noir_js"":""1.0.0-beta.11"",""execution_policy"":""workers""};execution_policy=multithread;threads_requested=16;threads_effective=16;witness_backend=single;prover_backend=provekit_v1_branch_9b2a6f_wasm_rayon_threaded","{""raw_evidence_sha256"":""d4e17833dc9485d6bd1c864a87def556d7b302334f349581f1d7ab7a1d51fd23""}",,"Matched P1 profile: monolithic RSA-4096 passport integrity, registry authorization, DG1 validity, and minimum-age assertion. Browser execution policy: multithread; requested threads=16, effective threads=16; witness generation remains single, prover backend=provekit_v1_branch_9b2a6f_wasm_rayon_threaded.",,,/Users/dcbuilder/Code/world/.worktrees/provekit-v1-cross-device-campaign/target/v1-benchmarks/input-to-proof/mac-chrome-multithread-16/passport_p1__mac_chrome__provekit_v1__warm_reuse.json,warm_reuse,2947.4350000005215
input-to-proof-v1-mac-multithread-16-20260812,passport_p1__mac_chrome__provekit_v1__warm_reuse-5,2026-08-12T12:34:35.034Z,macbook_m4,MacBook Pro (Apple M4 Max),26.6.1 (25G76),arm64,browser_wasm,Google Chrome 151.0.7922.138,passport_age_integrity,P1-matched-monolithic-RSA4096,092621d721cfef9ff39b0787f5ba2c1f07eb6d95,provekit_v1,noir,provekit-v1-whir-wasm-workers,@noir-lang/noir_js@1.0.0-beta.11,measured,5,ok,621.5750000011176,626.6300000008196,1825.390000000596,82.08499999903142,3073.605000000447,1033.078125,960165,2292299,2261616,14993274,294402,input-to-proof-v1-multithread,9b2a6f37c67691eab4b0cec6c35e35c520e93285,"{""provekit"":""9b2a6f37c67691eab4b0cec6c35e35c520e93285"",""noir_js"":""1.0.0-beta.11"",""execution_policy"":""workers""};execution_policy=multithread;threads_requested=16;threads_effective=16;witness_backend=single;prover_backend=provekit_v1_branch_9b2a6f_wasm_rayon_threaded","{""raw_evidence_sha256"":""d4e17833dc9485d6bd1c864a87def556d7b302334f349581f1d7ab7a1d51fd23""}",,"Matched P1 profile: monolithic RSA-4096 passport integrity, registry authorization, DG1 validity, and minimum-age assertion. Browser execution policy: multithread; requested threads=16, effective threads=16; witness generation remains single, prover backend=provekit_v1_branch_9b2a6f_wasm_rayon_threaded.",,,/Users/dcbuilder/Code/world/.worktrees/provekit-v1-cross-device-campaign/target/v1-benchmarks/input-to-proof/mac-chrome-multithread-16/passport_p1__mac_chrome__provekit_v1__warm_reuse.json,warm_reuse,3073.605000000447
input-to-proof-v1-mac-multithread-16-20260812,passport_p1__mac_chrome__noir_barretenberg__cold_local-0,2026-08-12T12:35:19.884Z,macbook_m4,MacBook Pro (Apple M4 Max),26.6.1 (25G76),arm64,browser_wasm,Google Chrome 151.0.7922.138,passport_age_integrity,P1-matched-monolithic-RSA4096,092621d721cfef9ff39b0787f5ba2c1f07eb6d95,noir_barretenberg,noir,barretenberg-ultrahonk-wasm-workers,@noir-lang/noir_js@1.0.0-beta.19,warmup,0,ok,2916.98,552.065,2213.25,702.77,5682.295,1430.578125,16000,74595035,74564360,74595035,,input-to-proof-v1-multithread,092621d721cfef9ff39b0787f5ba2c1f07eb6d95,"{""bb_js"":""4.2.0-aztecnr-rc.2"",""noir_js"":""1.0.0-beta.19"",""execution_policy"":""workers""};execution_policy=multithread;threads_requested=32;threads_effective=16;witness_backend=single;prover_backend=barretenberg_4.2.0-aztecnr-rc.2_wasm_workers","{""raw_evidence_sha256"":""46724fd127966c508a3e0bb63ac55da8c43b3d64a62f26f6ae869d136fa2f67d""}",,"Matched P1 profile: monolithic RSA-4096 passport integrity, registry authorization, DG1 validity, and minimum-age assertion. Browser execution policy: multithread; requested threads=32, effective threads=16; witness generation remains single, prover backend=barretenberg_4.2.0-aztecnr-rc.2_wasm_workers.",,,/Users/dcbuilder/Code/world/.worktrees/provekit-v1-cross-device-campaign/target/v1-benchmarks/input-to-proof/mac-chrome-multithread-16/passport_p1__mac_chrome__noir_barretenberg__cold_local.json,cold_local,5682.295
input-to-proof-v1-mac-multithread-16-20260812,passport_p1__mac_chrome__noir_barretenberg__cold_local-1,2026-08-12T12:35:19.884Z,macbook_m4,MacBook Pro (Apple M4 Max),26.6.1 (25G76),arm64,browser_wasm,Google Chrome 151.0.7922.138,passport_age_integrity,P1-matched-monolithic-RSA4096,092621d721cfef9ff39b0787f5ba2c1f07eb6d95,noir_barretenberg,noir,barretenberg-ultrahonk-wasm-workers,@noir-lang/noir_js@1.0.0-beta.19,measured,1,ok,2141.505,536.83,2088.175,668.555,4766.51,1403.203125,16000,74595035,74564360,74595035,,input-to-proof-v1-multithread,092621d721cfef9ff39b0787f5ba2c1f07eb6d95,"{""bb_js"":""4.2.0-aztecnr-rc.2"",""noir_js"":""1.0.0-beta.19"",""execution_policy"":""workers""};execution_policy=multithread;threads_requested=32;threads_effective=16;witness_backend=single;prover_backend=barretenberg_4.2.0-aztecnr-rc.2_wasm_workers","{""raw_evidence_sha256"":""46724fd127966c508a3e0bb63ac55da8c43b3d64a62f26f6ae869d136fa2f67d""}",,"Matched P1 profile: monolithic RSA-4096 passport integrity, registry authorization, DG1 validity, and minimum-age assertion. Browser execution policy: multithread; requested threads=32, effective threads=16; witness generation remains single, prover backend=barretenberg_4.2.0-aztecnr-rc.2_wasm_workers.",,,/Users/dcbuilder/Code/world/.worktrees/provekit-v1-cross-device-campaign/target/v1-benchmarks/input-to-proof/mac-chrome-multithread-16/passport_p1__mac_chrome__noir_barretenberg__cold_local.json,cold_local,4766.51
input-to-proof-v1-mac-multithread-16-20260812,passport_p1__mac_chrome__noir_barretenberg__cold_local-2,2026-08-12T12:35:19.884Z,macbook_m4,MacBook Pro (Apple M4 Max),26.6.1 (25G76),arm64,browser_wasm,Google Chrome 151.0.7922.138,passport_age_integrity,P1-matched-monolithic-RSA4096,092621d721cfef9ff39b0787f5ba2c1f07eb6d95,noir_barretenberg,noir,barretenberg-ultrahonk-wasm-workers,@noir-lang/noir_js@1.0.0-beta.19,measured,2,ok,2354.715,535.86,2067.005,660.255,4957.58,1403.03125,16000,74595035,74564360,74595035,,input-to-proof-v1-multithread,092621d721cfef9ff39b0787f5ba2c1f07eb6d95,"{""bb_js"":""4.2.0-aztecnr-rc.2"",""noir_js"":""1.0.0-beta.19"",""execution_policy"":""workers""};execution_policy=multithread;threads_requested=32;threads_effective=16;witness_backend=single;prover_backend=barretenberg_4.2.0-aztecnr-rc.2_wasm_workers","{""raw_evidence_sha256"":""46724fd127966c508a3e0bb63ac55da8c43b3d64a62f26f6ae869d136fa2f67d""}",,"Matched P1 profile: monolithic RSA-4096 passport integrity, registry authorization, DG1 validity, and minimum-age assertion. Browser execution policy: multithread; requested threads=32, effective threads=16; witness generation remains single, prover backend=barretenberg_4.2.0-aztecnr-rc.2_wasm_workers.",,,/Users/dcbuilder/Code/world/.worktrees/provekit-v1-cross-device-campaign/target/v1-benchmarks/input-to-proof/mac-chrome-multithread-16/passport_p1__mac_chrome__noir_barretenberg__cold_local.json,cold_local,4957.58
input-to-proof-v1-mac-multithread-16-20260812,passport_p1__mac_chrome__noir_barretenberg__cold_local-3,2026-08-12T12:35:19.884Z,macbook_m4,MacBook Pro (Apple M4 Max),26.6.1 (25G76),arm64,browser_wasm,Google Chrome 151.0.7922.138,passport_age_integrity,P1-matched-monolithic-RSA4096,092621d721cfef9ff39b0787f5ba2c1f07eb6d95,noir_barretenberg,noir,barretenberg-ultrahonk-wasm-workers,@noir-lang/noir_js@1.0.0-beta.19,measured,3,ok,2234.14,544.745,2088.39,659.525,4867.275,1400.828125,16000,74595035,74564360,74595035,,input-to-proof-v1-multithread,092621d721cfef9ff39b0787f5ba2c1f07eb6d95,"{""bb_js"":""4.2.0-aztecnr-rc.2"",""noir_js"":""1.0.0-beta.19"",""execution_policy"":""workers""};execution_policy=multithread;threads_requested=32;threads_effective=16;witness_backend=single;prover_backend=barretenberg_4.2.0-aztecnr-rc.2_wasm_workers","{""raw_evidence_sha256"":""46724fd127966c508a3e0bb63ac55da8c43b3d64a62f26f6ae869d136fa2f67d""}",,"Matched P1 profile: monolithic RSA-4096 passport integrity, registry authorization, DG1 validity, and minimum-age assertion. Browser execution policy: multithread; requested threads=32, effective threads=16; witness generation remains single, prover backend=barretenberg_4.2.0-aztecnr-rc.2_wasm_workers.",,,/Users/dcbuilder/Code/world/.worktrees/provekit-v1-cross-device-campaign/target/v1-benchmarks/input-to-proof/mac-chrome-multithread-16/passport_p1__mac_chrome__noir_barretenberg__cold_local.json,cold_local,4867.275
input-to-proof-v1-mac-multithread-16-20260812,passport_p1__mac_chrome__noir_barretenberg__cold_local-4,2026-08-12T12:35:19.884Z,macbook_m4,MacBook Pro (Apple M4 Max),26.6.1 (25G76),arm64,browser_wasm,Google Chrome 151.0.7922.138,passport_age_integrity,P1-matched-monolithic-RSA4096,092621d721cfef9ff39b0787f5ba2c1f07eb6d95,noir_barretenberg,noir,barretenberg-ultrahonk-wasm-workers,@noir-lang/noir_js@1.0.0-beta.19,measured,4,ok,2889.57,544.465,2114.875,660.43,5548.91,1402.609375,16000,74595035,74564360,74595035,,input-to-proof-v1-multithread,092621d721cfef9ff39b0787f5ba2c1f07eb6d95,"{""bb_js"":""4.2.0-aztecnr-rc.2"",""noir_js"":""1.0.0-beta.19"",""execution_policy"":""workers""};execution_policy=multithread;threads_requested=32;threads_effective=16;witness_backend=single;prover_backend=barretenberg_4.2.0-aztecnr-rc.2_wasm_workers","{""raw_evidence_sha256"":""46724fd127966c508a3e0bb63ac55da8c43b3d64a62f26f6ae869d136fa2f67d""}",,"Matched P1 profile: monolithic RSA-4096 passport integrity, registry authorization, DG1 validity, and minimum-age assertion. Browser execution policy: multithread; requested threads=32, effective threads=16; witness generation remains single, prover backend=barretenberg_4.2.0-aztecnr-rc.2_wasm_workers.",,,/Users/dcbuilder/Code/world/.worktrees/provekit-v1-cross-device-campaign/target/v1-benchmarks/input-to-proof/mac-chrome-multithread-16/passport_p1__mac_chrome__noir_barretenberg__cold_local.json,cold_local,5548.91
input-to-proof-v1-mac-multithread-16-20260812,passport_p1__mac_chrome__noir_barretenberg__cold_local-5,2026-08-12T12:35:19.884Z,macbook_m4,MacBook Pro (Apple M4 Max),26.6.1 (25G76),arm64,browser_wasm,Google Chrome 151.0.7922.138,passport_age_integrity,P1-matched-monolithic-RSA4096,092621d721cfef9ff39b0787f5ba2c1f07eb6d95,noir_barretenberg,noir,barretenberg-ultrahonk-wasm-workers,@noir-lang/noir_js@1.0.0-beta.19,measured,5,ok,2350.105,540.185,2061.27,666.545,4951.56,1428.515625,16000,74595035,74564360,74595035,,input-to-proof-v1-multithread,092621d721cfef9ff39b0787f5ba2c1f07eb6d95,"{""bb_js"":""4.2.0-aztecnr-rc.2"",""noir_js"":""1.0.0-beta.19"",""execution_policy"":""workers""};execution_policy=multithread;threads_requested=32;threads_effective=16;witness_backend=single;prover_backend=barretenberg_4.2.0-aztecnr-rc.2_wasm_workers","{""raw_evidence_sha256"":""46724fd127966c508a3e0bb63ac55da8c43b3d64a62f26f6ae869d136fa2f67d""}",,"Matched P1 profile: monolithic RSA-4096 passport integrity, registry authorization, DG1 validity, and minimum-age assertion. Browser execution policy: multithread; requested threads=32, effective threads=16; witness generation remains single, prover backend=barretenberg_4.2.0-aztecnr-rc.2_wasm_workers.",,,/Users/dcbuilder/Code/world/.worktrees/provekit-v1-cross-device-campaign/target/v1-benchmarks/input-to-proof/mac-chrome-multithread-16/passport_p1__mac_chrome__noir_barretenberg__cold_local.json,cold_local,4951.56
input-to-proof-v1-mac-multithread-16-20260812,passport_p1__mac_chrome__noir_barretenberg__warm_reuse-0,2026-08-12T12:36:05.736Z,macbook_m4,MacBook Pro (Apple M4 Max),26.6.1 (25G76),arm64,browser_wasm,Google Chrome 151.0.7922.138,passport_age_integrity,P1-matched-monolithic-RSA4096,092621d721cfef9ff39b0787f5ba2c1f07eb6d95,noir_barretenberg,noir,barretenberg-ultrahonk-wasm-workers,@noir-lang/noir_js@1.0.0-beta.19,warmup,0,ok,0,423.71,1908.505,0,2332.245,1687.953125,16000,74595035,74564360,74595035,,input-to-proof-v1-multithread,092621d721cfef9ff39b0787f5ba2c1f07eb6d95,"{""bb_js"":""4.2.0-aztecnr-rc.2"",""noir_js"":""1.0.0-beta.19"",""execution_policy"":""workers""};execution_policy=multithread;threads_requested=32;threads_effective=16;witness_backend=single;prover_backend=barretenberg_4.2.0-aztecnr-rc.2_wasm_workers","{""raw_evidence_sha256"":""2d9c847a62d785f666141b2d65ecc7e3475ffe5643a7036ddbfd6602fcdc990f""}",,"Matched P1 profile: monolithic RSA-4096 passport integrity, registry authorization, DG1 validity, and minimum-age assertion. Browser execution policy: multithread; requested threads=32, effective threads=16; witness generation remains single, prover backend=barretenberg_4.2.0-aztecnr-rc.2_wasm_workers.",,,/Users/dcbuilder/Code/world/.worktrees/provekit-v1-cross-device-campaign/target/v1-benchmarks/input-to-proof/mac-chrome-multithread-16/passport_p1__mac_chrome__noir_barretenberg__warm_reuse.json,warm_reuse,2332.245
input-to-proof-v1-mac-multithread-16-20260812,passport_p1__mac_chrome__noir_barretenberg__warm_reuse-1,2026-08-12T12:36:05.736Z,macbook_m4,MacBook Pro (Apple M4 Max),26.6.1 (25G76),arm64,browser_wasm,Google Chrome 151.0.7922.138,passport_age_integrity,P1-matched-monolithic-RSA4096,092621d721cfef9ff39b0787f5ba2c1f07eb6d95,noir_barretenberg,noir,barretenberg-ultrahonk-wasm-workers,@noir-lang/noir_js@1.0.0-beta.19,measured,1,ok,0,420.66,1922.74,0,2343.43,1687.953125,16000,74595035,74564360,74595035,,input-to-proof-v1-multithread,092621d721cfef9ff39b0787f5ba2c1f07eb6d95,"{""bb_js"":""4.2.0-aztecnr-rc.2"",""noir_js"":""1.0.0-beta.19"",""execution_policy"":""workers""};execution_policy=multithread;threads_requested=32;threads_effective=16;witness_backend=single;prover_backend=barretenberg_4.2.0-aztecnr-rc.2_wasm_workers","{""raw_evidence_sha256"":""2d9c847a62d785f666141b2d65ecc7e3475ffe5643a7036ddbfd6602fcdc990f""}",,"Matched P1 profile: monolithic RSA-4096 passport integrity, registry authorization, DG1 validity, and minimum-age assertion. Browser execution policy: multithread; requested threads=32, effective threads=16; witness generation remains single, prover backend=barretenberg_4.2.0-aztecnr-rc.2_wasm_workers.",,,/Users/dcbuilder/Code/world/.worktrees/provekit-v1-cross-device-campaign/target/v1-benchmarks/input-to-proof/mac-chrome-multithread-16/passport_p1__mac_chrome__noir_barretenberg__warm_reuse.json,warm_reuse,2343.43
input-to-proof-v1-mac-multithread-16-20260812,passport_p1__mac_chrome__noir_barretenberg__warm_reuse-2,2026-08-12T12:36:05.736Z,macbook_m4,MacBook Pro (Apple M4 Max),26.6.1 (25G76),arm64,browser_wasm,Google Chrome 151.0.7922.138,passport_age_integrity,P1-matched-monolithic-RSA4096,092621d721cfef9ff39b0787f5ba2c1f07eb6d95,noir_barretenberg,noir,barretenberg-ultrahonk-wasm-workers,@noir-lang/noir_js@1.0.0-beta.19,measured,2,ok,0,421.22,1889.3,0,2310.545,1687.953125,16000,74595035,74564360,74595035,,input-to-proof-v1-multithread,092621d721cfef9ff39b0787f5ba2c1f07eb6d95,"{""bb_js"":""4.2.0-aztecnr-rc.2"",""noir_js"":""1.0.0-beta.19"",""execution_policy"":""workers""};execution_policy=multithread;threads_requested=32;threads_effective=16;witness_backend=single;prover_backend=barretenberg_4.2.0-aztecnr-rc.2_wasm_workers","{""raw_evidence_sha256"":""2d9c847a62d785f666141b2d65ecc7e3475ffe5643a7036ddbfd6602fcdc990f""}",,"Matched P1 profile: monolithic RSA-4096 passport integrity, registry authorization, DG1 validity, and minimum-age assertion. Browser execution policy: multithread; requested threads=32, effective threads=16; witness generation remains single, prover backend=barretenberg_4.2.0-aztecnr-rc.2_wasm_workers.",,,/Users/dcbuilder/Code/world/.worktrees/provekit-v1-cross-device-campaign/target/v1-benchmarks/input-to-proof/mac-chrome-multithread-16/passport_p1__mac_chrome__noir_barretenberg__warm_reuse.json,warm_reuse,2310.545
input-to-proof-v1-mac-multithread-16-20260812,passport_p1__mac_chrome__noir_barretenberg__warm_reuse-3,2026-08-12T12:36:05.736Z,macbook_m4,MacBook Pro (Apple M4 Max),26.6.1 (25G76),arm64,browser_wasm,Google Chrome 151.0.7922.138,passport_age_integrity,P1-matched-monolithic-RSA4096,092621d721cfef9ff39b0787f5ba2c1f07eb6d95,noir_barretenberg,noir,barretenberg-ultrahonk-wasm-workers,@noir-lang/noir_js@1.0.0-beta.19,measured,3,ok,0,422.685,1893.075,0,2315.79,1687.953125,16000,74595035,74564360,74595035,,input-to-proof-v1-multithread,092621d721cfef9ff39b0787f5ba2c1f07eb6d95,"{""bb_js"":""4.2.0-aztecnr-rc.2"",""noir_js"":""1.0.0-beta.19"",""execution_policy"":""workers""};execution_policy=multithread;threads_requested=32;threads_effective=16;witness_backend=single;prover_backend=barretenberg_4.2.0-aztecnr-rc.2_wasm_workers","{""raw_evidence_sha256"":""2d9c847a62d785f666141b2d65ecc7e3475ffe5643a7036ddbfd6602fcdc990f""}",,"Matched P1 profile: monolithic RSA-4096 passport integrity, registry authorization, DG1 validity, and minimum-age assertion. Browser execution policy: multithread; requested threads=32, effective threads=16; witness generation remains single, prover backend=barretenberg_4.2.0-aztecnr-rc.2_wasm_workers.",,,/Users/dcbuilder/Code/world/.worktrees/provekit-v1-cross-device-campaign/target/v1-benchmarks/input-to-proof/mac-chrome-multithread-16/passport_p1__mac_chrome__noir_barretenberg__warm_reuse.json,warm_reuse,2315.79
input-to-proof-v1-mac-multithread-16-20260812,passport_p1__mac_chrome__noir_barretenberg__warm_reuse-4,2026-08-12T12:36:05.736Z,macbook_m4,MacBook Pro (Apple M4 Max),26.6.1 (25G76),arm64,browser_wasm,Google Chrome 151.0.7922.138,passport_age_integrity,P1-matched-monolithic-RSA4096,092621d721cfef9ff39b0787f5ba2c1f07eb6d95,noir_barretenberg,noir,barretenberg-ultrahonk-wasm-workers,@noir-lang/noir_js@1.0.0-beta.19,measured,4,ok,0,422.365,1914.91,0,2337.32,1687.953125,16000,74595035,74564360,74595035,,input-to-proof-v1-multithread,092621d721cfef9ff39b0787f5ba2c1f07eb6d95,"{""bb_js"":""4.2.0-aztecnr-rc.2"",""noir_js"":""1.0.0-beta.19"",""execution_policy"":""workers""};execution_policy=multithread;threads_requested=32;threads_effective=16;witness_backend=single;prover_backend=barretenberg_4.2.0-aztecnr-rc.2_wasm_workers","{""raw_evidence_sha256"":""2d9c847a62d785f666141b2d65ecc7e3475ffe5643a7036ddbfd6602fcdc990f""}",,"Matched P1 profile: monolithic RSA-4096 passport integrity, registry authorization, DG1 validity, and minimum-age assertion. Browser execution policy: multithread; requested threads=32, effective threads=16; witness generation remains single, prover backend=barretenberg_4.2.0-aztecnr-rc.2_wasm_workers.",,,/Users/dcbuilder/Code/world/.worktrees/provekit-v1-cross-device-campaign/target/v1-benchmarks/input-to-proof/mac-chrome-multithread-16/passport_p1__mac_chrome__noir_barretenberg__warm_reuse.json,warm_reuse,2337.32
input-to-proof-v1-mac-multithread-16-20260812,passport_p1__mac_chrome__noir_barretenberg__warm_reuse-5,2026-08-12T12:36:05.736Z,macbook_m4,MacBook Pro (Apple M4 Max),26.6.1 (25G76),arm64,browser_wasm,Google Chrome 151.0.7922.138,passport_age_integrity,P1-matched-monolithic-RSA4096,092621d721cfef9ff39b0787f5ba2c1f07eb6d95,noir_barretenberg,noir,barretenberg-ultrahonk-wasm-workers,@noir-lang/noir_js@1.0.0-beta.19,measured,5,ok,0,421.46,1896.29,0,2317.765,1687.953125,16000,74595035,74564360,74595035,,input-to-proof-v1-multithread,092621d721cfef9ff39b0787f5ba2c1f07eb6d95,"{""bb_js"":""4.2.0-aztecnr-rc.2"",""noir_js"":""1.0.0-beta.19"",""execution_policy"":""workers""};execution_policy=multithread;threads_requested=32;threads_effective=16;witness_backend=single;prover_backend=barretenberg_4.2.0-aztecnr-rc.2_wasm_workers","{""raw_evidence_sha256"":""2d9c847a62d785f666141b2d65ecc7e3475ffe5643a7036ddbfd6602fcdc990f""}",,"Matched P1 profile: monolithic RSA-4096 passport integrity, registry authorization, DG1 validity, and minimum-age assertion. Browser execution policy: multithread; requested threads=32, effective threads=16; witness generation remains single, prover backend=barretenberg_4.2.0-aztecnr-rc.2_wasm_workers.",,,/Users/dcbuilder/Code/world/.worktrees/provekit-v1-cross-device-campaign/target/v1-benchmarks/input-to-proof/mac-chrome-multithread-16/passport_p1__mac_chrome__noir_barretenberg__warm_reuse.json,warm_reuse,2317.765
input-to-proof-v1-mac-multithread-16-20260812,passport_p1__mac_chrome__circom_groth16__cold_local-0,2026-08-12T12:37:27.242Z,macbook_m4,MacBook Pro (Apple M4 Max),26.6.1 (25G76),arm64,browser_wasm,Google Chrome 151.0.7922.138,passport_age_integrity,P1-matched-monolithic-RSA4096,092621d721cfef9ff39b0787f5ba2c1f07eb6d95,circom_groth16,circom,snarkjs-groth16-browser-wasm-workers,circom-witness-wasm,warmup,0,ok,4.1,3941.765,8451.815,6.63,12397.68,14436.53125,724,508332927,498212512,508332927,,input-to-proof-v1-multithread,092621d721cfef9ff39b0787f5ba2c1f07eb6d95,"{""circom"":""2.2.2"",""snarkjs"":""0.7.6"",""execution_policy"":""workers""};execution_policy=multithread;threads_requested=16;threads_effective=16;witness_backend=circom_runtime_wasm_single;prover_backend=snarkjs_0.7.6_browser_wasm_workers","{""raw_evidence_sha256"":""640db1f56335257afe51f6f5eec19181c9f7f2a9434ca9e416bac7110793edf3""}",,"Matched P1 profile: monolithic RSA-4096 passport integrity, registry authorization, DG1 validity, and minimum-age assertion. Browser execution policy: multithread; requested threads=16, effective threads=16; witness generation remains circom_runtime_wasm_single, prover backend=snarkjs_0.7.6_browser_wasm_workers.",,,/Users/dcbuilder/Code/world/.worktrees/provekit-v1-cross-device-campaign/target/v1-benchmarks/input-to-proof/mac-chrome-multithread-16/passport_p1__mac_chrome__circom_groth16__cold_local.json,cold_local,12397.68
input-to-proof-v1-mac-multithread-16-20260812,passport_p1__mac_chrome__circom_groth16__cold_local-1,2026-08-12T12:37:27.242Z,macbook_m4,MacBook Pro (Apple M4 Max),26.6.1 (25G76),arm64,browser_wasm,Google Chrome 151.0.7922.138,passport_age_integrity,P1-matched-monolithic-RSA4096,092621d721cfef9ff39b0787f5ba2c1f07eb6d95,circom_groth16,circom,snarkjs-groth16-browser-wasm-workers,circom-witness-wasm,measured,1,ok,2.2,3979.935,8573.535,6.4,12555.67,14977.96875,725,508332927,498212512,508332927,,input-to-proof-v1-multithread,092621d721cfef9ff39b0787f5ba2c1f07eb6d95,"{""circom"":""2.2.2"",""snarkjs"":""0.7.6"",""execution_policy"":""workers""};execution_policy=multithread;threads_requested=16;threads_effective=16;witness_backend=circom_runtime_wasm_single;prover_backend=snarkjs_0.7.6_browser_wasm_workers","{""raw_evidence_sha256"":""640db1f56335257afe51f6f5eec19181c9f7f2a9434ca9e416bac7110793edf3""}",,"Matched P1 profile: monolithic RSA-4096 passport integrity, registry authorization, DG1 validity, and minimum-age assertion. Browser execution policy: multithread; requested threads=16, effective threads=16; witness generation remains circom_runtime_wasm_single, prover backend=snarkjs_0.7.6_browser_wasm_workers.",,,/Users/dcbuilder/Code/world/.worktrees/provekit-v1-cross-device-campaign/target/v1-benchmarks/input-to-proof/mac-chrome-multithread-16/passport_p1__mac_chrome__circom_groth16__cold_local.json,cold_local,12555.67
input-to-proof-v1-mac-multithread-16-20260812,passport_p1__mac_chrome__circom_groth16__cold_local-2,2026-08-12T12:37:27.242Z,macbook_m4,MacBook Pro (Apple M4 Max),26.6.1 (25G76),arm64,browser_wasm,Google Chrome 151.0.7922.138,passport_age_integrity,P1-matched-monolithic-RSA4096,092621d721cfef9ff39b0787f5ba2c1f07eb6d95,circom_groth16,circom,snarkjs-groth16-browser-wasm-workers,circom-witness-wasm,measured,2,ok,2.29,3990.985,8595,6.45,12588.275,14629.671875,723,508332927,498212512,508332927,,input-to-proof-v1-multithread,092621d721cfef9ff39b0787f5ba2c1f07eb6d95,"{""circom"":""2.2.2"",""snarkjs"":""0.7.6"",""execution_policy"":""workers""};execution_policy=multithread;threads_requested=16;threads_effective=16;witness_backend=circom_runtime_wasm_single;prover_backend=snarkjs_0.7.6_browser_wasm_workers","{""raw_evidence_sha256"":""640db1f56335257afe51f6f5eec19181c9f7f2a9434ca9e416bac7110793edf3""}",,"Matched P1 profile: monolithic RSA-4096 passport integrity, registry authorization, DG1 validity, and minimum-age assertion. Browser execution policy: multithread; requested threads=16, effective threads=16; witness generation remains circom_runtime_wasm_single, prover backend=snarkjs_0.7.6_browser_wasm_workers.",,,/Users/dcbuilder/Code/world/.worktrees/provekit-v1-cross-device-campaign/target/v1-benchmarks/input-to-proof/mac-chrome-multithread-16/passport_p1__mac_chrome__circom_groth16__cold_local.json,cold_local,12588.275
input-to-proof-v1-mac-multithread-16-20260812,passport_p1__mac_chrome__circom_groth16__cold_local-3,2026-08-12T12:37:27.242Z,macbook_m4,MacBook Pro (Apple M4 Max),26.6.1 (25G76),arm64,browser_wasm,Google Chrome 151.0.7922.138,passport_age_integrity,P1-matched-monolithic-RSA4096,092621d721cfef9ff39b0787f5ba2c1f07eb6d95,circom_groth16,circom,snarkjs-groth16-browser-wasm-workers,circom-witness-wasm,measured,3,ok,2.6,4003.765,8502.03,7.605,12508.395,14588.578125,725,508332927,498212512,508332927,,input-to-proof-v1-multithread,092621d721cfef9ff39b0787f5ba2c1f07eb6d95,"{""circom"":""2.2.2"",""snarkjs"":""0.7.6"",""execution_policy"":""workers""};execution_policy=multithread;threads_requested=16;threads_effective=16;witness_backend=circom_runtime_wasm_single;prover_backend=snarkjs_0.7.6_browser_wasm_workers","{""raw_evidence_sha256"":""640db1f56335257afe51f6f5eec19181c9f7f2a9434ca9e416bac7110793edf3""}",,"Matched P1 profile: monolithic RSA-4096 passport integrity, registry authorization, DG1 validity, and minimum-age assertion. Browser execution policy: multithread; requested threads=16, effective threads=16; witness generation remains circom_runtime_wasm_single, prover backend=snarkjs_0.7.6_browser_wasm_workers.",,,/Users/dcbuilder/Code/world/.worktrees/provekit-v1-cross-device-campaign/target/v1-benchmarks/input-to-proof/mac-chrome-multithread-16/passport_p1__mac_chrome__circom_groth16__cold_local.json,cold_local,12508.395
input-to-proof-v1-mac-multithread-16-20260812,passport_p1__mac_chrome__circom_groth16__cold_local-4,2026-08-12T12:37:27.242Z,macbook_m4,MacBook Pro (Apple M4 Max),26.6.1 (25G76),arm64,browser_wasm,Google Chrome 151.0.7922.138,passport_age_integrity,P1-matched-monolithic-RSA4096,092621d721cfef9ff39b0787f5ba2c1f07eb6d95,circom_groth16,circom,snarkjs-groth16-browser-wasm-workers,circom-witness-wasm,measured,4,ok,2.835,4043.31,8677.805,6.39,12723.95,14386.03125,723,508332927,498212512,508332927,,input-to-proof-v1-multithread,092621d721cfef9ff39b0787f5ba2c1f07eb6d95,"{""circom"":""2.2.2"",""snarkjs"":""0.7.6"",""execution_policy"":""workers""};execution_policy=multithread;threads_requested=16;threads_effective=16;witness_backend=circom_runtime_wasm_single;prover_backend=snarkjs_0.7.6_browser_wasm_workers","{""raw_evidence_sha256"":""640db1f56335257afe51f6f5eec19181c9f7f2a9434ca9e416bac7110793edf3""}",,"Matched P1 profile: monolithic RSA-4096 passport integrity, registry authorization, DG1 validity, and minimum-age assertion. Browser execution policy: multithread; requested threads=16, effective threads=16; witness generation remains circom_runtime_wasm_single, prover backend=snarkjs_0.7.6_browser_wasm_workers.",,,/Users/dcbuilder/Code/world/.worktrees/provekit-v1-cross-device-campaign/target/v1-benchmarks/input-to-proof/mac-chrome-multithread-16/passport_p1__mac_chrome__circom_groth16__cold_local.json,cold_local,12723.95
input-to-proof-v1-mac-multithread-16-20260812,passport_p1__mac_chrome__circom_groth16__cold_local-5,2026-08-12T12:37:27.242Z,macbook_m4,MacBook Pro (Apple M4 Max),26.6.1 (25G76),arm64,browser_wasm,Google Chrome 151.0.7922.138,passport_age_integrity,P1-matched-monolithic-RSA4096,092621d721cfef9ff39b0787f5ba2c1f07eb6d95,circom_groth16,circom,snarkjs-groth16-browser-wasm-workers,circom-witness-wasm,measured,5,ok,3.035,4000.415,8485.75,6.555,12489.2,15473.25,724,508332927,498212512,508332927,,input-to-proof-v1-multithread,092621d721cfef9ff39b0787f5ba2c1f07eb6d95,"{""circom"":""2.2.2"",""snarkjs"":""0.7.6"",""execution_policy"":""workers""};execution_policy=multithread;threads_requested=16;threads_effective=16;witness_backend=circom_runtime_wasm_single;prover_backend=snarkjs_0.7.6_browser_wasm_workers","{""raw_evidence_sha256"":""640db1f56335257afe51f6f5eec19181c9f7f2a9434ca9e416bac7110793edf3""}",,"Matched P1 profile: monolithic RSA-4096 passport integrity, registry authorization, DG1 validity, and minimum-age assertion. Browser execution policy: multithread; requested threads=16, effective threads=16; witness generation remains circom_runtime_wasm_single, prover backend=snarkjs_0.7.6_browser_wasm_workers.",,,/Users/dcbuilder/Code/world/.worktrees/provekit-v1-cross-device-campaign/target/v1-benchmarks/input-to-proof/mac-chrome-multithread-16/passport_p1__mac_chrome__circom_groth16__cold_local.json,cold_local,12489.2
input-to-proof-v1-mac-multithread-16-20260812,passport_p1__mac_chrome__circom_groth16__warm_reuse-0,2026-08-12T12:38:44.302Z,macbook_m4,MacBook Pro (Apple M4 Max),26.6.1 (25G76),arm64,browser_wasm,Google Chrome 151.0.7922.138,passport_age_integrity,P1-matched-monolithic-RSA4096,092621d721cfef9ff39b0787f5ba2c1f07eb6d95,circom_groth16,circom,snarkjs-groth16-browser-wasm-workers,circom-witness-wasm,warmup,0,ok,0,4012.1,8717.49,6.325,12729.71,15019.90625,720,508332927,498212512,508332927,,input-to-proof-v1-multithread,092621d721cfef9ff39b0787f5ba2c1f07eb6d95,"{""circom"":""2.2.2"",""snarkjs"":""0.7.6"",""execution_policy"":""workers""};execution_policy=multithread;threads_requested=16;threads_effective=16;witness_backend=circom_runtime_wasm_single;prover_backend=snarkjs_0.7.6_browser_wasm_workers","{""raw_evidence_sha256"":""c28d686d07d9c55f7495094001a5631997e1047a07da99c5b8080a6434236fc8""}",,"Matched P1 profile: monolithic RSA-4096 passport integrity, registry authorization, DG1 validity, and minimum-age assertion. Browser execution policy: multithread; requested threads=16, effective threads=16; witness generation remains circom_runtime_wasm_single, prover backend=snarkjs_0.7.6_browser_wasm_workers.",,,/Users/dcbuilder/Code/world/.worktrees/provekit-v1-cross-device-campaign/target/v1-benchmarks/input-to-proof/mac-chrome-multithread-16/passport_p1__mac_chrome__circom_groth16__warm_reuse.json,warm_reuse,12729.71
input-to-proof-v1-mac-multithread-16-20260812,passport_p1__mac_chrome__circom_groth16__warm_reuse-1,2026-08-12T12:38:44.302Z,macbook_m4,MacBook Pro (Apple M4 Max),26.6.1 (25G76),arm64,browser_wasm,Google Chrome 151.0.7922.138,passport_age_integrity,P1-matched-monolithic-RSA4096,092621d721cfef9ff39b0787f5ba2c1f07eb6d95,circom_groth16,circom,snarkjs-groth16-browser-wasm-workers,circom-witness-wasm,measured,1,ok,0,3988.105,8483.55,6.95,12471.8,15019.90625,722,508332927,498212512,508332927,,input-to-proof-v1-multithread,092621d721cfef9ff39b0787f5ba2c1f07eb6d95,"{""circom"":""2.2.2"",""snarkjs"":""0.7.6"",""execution_policy"":""workers""};execution_policy=multithread;threads_requested=16;threads_effective=16;witness_backend=circom_runtime_wasm_single;prover_backend=snarkjs_0.7.6_browser_wasm_workers","{""raw_evidence_sha256"":""c28d686d07d9c55f7495094001a5631997e1047a07da99c5b8080a6434236fc8""}",,"Matched P1 profile: monolithic RSA-4096 passport integrity, registry authorization, DG1 validity, and minimum-age assertion. Browser execution policy: multithread; requested threads=16, effective threads=16; witness generation remains circom_runtime_wasm_single, prover backend=snarkjs_0.7.6_browser_wasm_workers.",,,/Users/dcbuilder/Code/world/.worktrees/provekit-v1-cross-device-campaign/target/v1-benchmarks/input-to-proof/mac-chrome-multithread-16/passport_p1__mac_chrome__circom_groth16__warm_reuse.json,warm_reuse,12471.8
input-to-proof-v1-mac-multithread-16-20260812,passport_p1__mac_chrome__circom_groth16__warm_reuse-2,2026-08-12T12:38:44.302Z,macbook_m4,MacBook Pro (Apple M4 Max),26.6.1 (25G76),arm64,browser_wasm,Google Chrome 151.0.7922.138,passport_age_integrity,P1-matched-monolithic-RSA4096,092621d721cfef9ff39b0787f5ba2c1f07eb6d95,circom_groth16,circom,snarkjs-groth16-browser-wasm-workers,circom-witness-wasm,measured,2,ok,0,4044.51,8580.92,5.825,12625.545,15019.90625,722,508332927,498212512,508332927,,input-to-proof-v1-multithread,092621d721cfef9ff39b0787f5ba2c1f07eb6d95,"{""circom"":""2.2.2"",""snarkjs"":""0.7.6"",""execution_policy"":""workers""};execution_policy=multithread;threads_requested=16;threads_effective=16;witness_backend=circom_runtime_wasm_single;prover_backend=snarkjs_0.7.6_browser_wasm_workers","{""raw_evidence_sha256"":""c28d686d07d9c55f7495094001a5631997e1047a07da99c5b8080a6434236fc8""}",,"Matched P1 profile: monolithic RSA-4096 passport integrity, registry authorization, DG1 validity, and minimum-age assertion. Browser execution policy: multithread; requested threads=16, effective threads=16; witness generation remains circom_runtime_wasm_single, prover backend=snarkjs_0.7.6_browser_wasm_workers.",,,/Users/dcbuilder/Code/world/.worktrees/provekit-v1-cross-device-campaign/target/v1-benchmarks/input-to-proof/mac-chrome-multithread-16/passport_p1__mac_chrome__circom_groth16__warm_reuse.json,warm_reuse,12625.545
input-to-proof-v1-mac-multithread-16-20260812,passport_p1__mac_chrome__circom_groth16__warm_reuse-3,2026-08-12T12:38:44.302Z,macbook_m4,MacBook Pro (Apple M4 Max),26.6.1 (25G76),arm64,browser_wasm,Google Chrome 151.0.7922.138,passport_age_integrity,P1-matched-monolithic-RSA4096,092621d721cfef9ff39b0787f5ba2c1f07eb6d95,circom_groth16,circom,snarkjs-groth16-browser-wasm-workers,circom-witness-wasm,measured,3,ok,0,4018.445,8761.28,5.825,12779.825,15019.90625,724,508332927,498212512,508332927,,input-to-proof-v1-multithread,092621d721cfef9ff39b0787f5ba2c1f07eb6d95,"{""circom"":""2.2.2"",""snarkjs"":""0.7.6"",""execution_policy"":""workers""};execution_policy=multithread;threads_requested=16;threads_effective=16;witness_backend=circom_runtime_wasm_single;prover_backend=snarkjs_0.7.6_browser_wasm_workers","{""raw_evidence_sha256"":""c28d686d07d9c55f7495094001a5631997e1047a07da99c5b8080a6434236fc8""}",,"Matched P1 profile: monolithic RSA-4096 passport integrity, registry authorization, DG1 validity, and minimum-age assertion. Browser execution policy: multithread; requested threads=16, effective threads=16; witness generation remains circom_runtime_wasm_single, prover backend=snarkjs_0.7.6_browser_wasm_workers.",,,/Users/dcbuilder/Code/world/.worktrees/provekit-v1-cross-device-campaign/target/v1-benchmarks/input-to-proof/mac-chrome-multithread-16/passport_p1__mac_chrome__circom_groth16__warm_reuse.json,warm_reuse,12779.825
input-to-proof-v1-mac-multithread-16-20260812,passport_p1__mac_chrome__circom_groth16__warm_reuse-4,2026-08-12T12:38:44.302Z,macbook_m4,MacBook Pro (Apple M4 Max),26.6.1 (25G76),arm64,browser_wasm,Google Chrome 151.0.7922.138,passport_age_integrity,P1-matched-monolithic-RSA4096,092621d721cfef9ff39b0787f5ba2c1f07eb6d95,circom_groth16,circom,snarkjs-groth16-browser-wasm-workers,circom-witness-wasm,measured,4,ok,0,4029.195,8587.455,13.035,12616.765,15019.90625,723,508332927,498212512,508332927,,input-to-proof-v1-multithread,092621d721cfef9ff39b0787f5ba2c1f07eb6d95,"{""circom"":""2.2.2"",""snarkjs"":""0.7.6"",""execution_policy"":""workers""};execution_policy=multithread;threads_requested=16;threads_effective=16;witness_backend=circom_runtime_wasm_single;prover_backend=snarkjs_0.7.6_browser_wasm_workers","{""raw_evidence_sha256"":""c28d686d07d9c55f7495094001a5631997e1047a07da99c5b8080a6434236fc8""}",,"Matched P1 profile: monolithic RSA-4096 passport integrity, registry authorization, DG1 validity, and minimum-age assertion. Browser execution policy: multithread; requested threads=16, effective threads=16; witness generation remains circom_runtime_wasm_single, prover backend=snarkjs_0.7.6_browser_wasm_workers.",,,/Users/dcbuilder/Code/world/.worktrees/provekit-v1-cross-device-campaign/target/v1-benchmarks/input-to-proof/mac-chrome-multithread-16/passport_p1__mac_chrome__circom_groth16__warm_reuse.json,warm_reuse,12616.765
input-to-proof-v1-mac-multithread-16-20260812,passport_p1__mac_chrome__circom_groth16__warm_reuse-5,2026-08-12T12:38:44.302Z,macbook_m4,MacBook Pro (Apple M4 Max),26.6.1 (25G76),arm64,browser_wasm,Google Chrome 151.0.7922.138,passport_age_integrity,P1-matched-monolithic-RSA4096,092621d721cfef9ff39b0787f5ba2c1f07eb6d95,circom_groth16,circom,snarkjs-groth16-browser-wasm-workers,circom-witness-wasm,measured,5,ok,0,4001.05,8682.295,5.76,12683.45,15019.90625,724,508332927,498212512,508332927,,input-to-proof-v1-multithread,092621d721cfef9ff39b0787f5ba2c1f07eb6d95,"{""circom"":""2.2.2"",""snarkjs"":""0.7.6"",""execution_policy"":""workers""};execution_policy=multithread;threads_requested=16;threads_effective=16;witness_backend=circom_runtime_wasm_single;prover_backend=snarkjs_0.7.6_browser_wasm_workers","{""raw_evidence_sha256"":""c28d686d07d9c55f7495094001a5631997e1047a07da99c5b8080a6434236fc8""}",,"Matched P1 profile: monolithic RSA-4096 passport integrity, registry authorization, DG1 validity, and minimum-age assertion. Browser execution policy: multithread; requested threads=16, effective threads=16; witness generation remains circom_runtime_wasm_single, prover backend=snarkjs_0.7.6_browser_wasm_workers.",,,/Users/dcbuilder/Code/world/.worktrees/provekit-v1-cross-device-campaign/target/v1-benchmarks/input-to-proof/mac-chrome-multithread-16/passport_p1__mac_chrome__circom_groth16__warm_reuse.json,warm_reuse,12683.45
input-to-proof-v1-mac-multithread-16-20260812,oprf_o2__mac_chrome__provekit_v1__cold_local-0,2026-08-12T12:39:09.013Z,macbook_m4,MacBook Pro (Apple M4 Max),26.6.1 (25G76),arm64,browser_wasm,Google Chrome 151.0.7922.138,oprf_nullifier,O2-world-id-nullifier,85aeeef539961cae5a63de794997b507a5975717,provekit_v1,noir,provekit-v1-whir-wasm-workers,@noir-lang/noir_js@1.0.0-beta.11,warmup,0,ok,1102.2249999977648,1399.0800000000745,506.47000000067055,49.955000000074506,3007.77499999851,601.46875,845390,1644635,1638340,11878021,95921,input-to-proof-v1-multithread,9b2a6f37c67691eab4b0cec6c35e35c520e93285,"{""provekit"":""9b2a6f37c67691eab4b0cec6c35e35c520e93285"",""noir_js"":""1.0.0-beta.11"",""execution_policy"":""workers""};execution_policy=multithread;threads_requested=16;threads_effective=16;witness_backend=single;prover_backend=provekit_v1_branch_9b2a6f_wasm_rayon_threaded","{""raw_evidence_sha256"":""349e1cc57025ef6a7613ae9ea14b0c396a6a2a756691cdc915391d42e43c8659""}",,"Matched O2 profile: World ID nullifier statement and frozen semantic inputs, including the same public nullifier. Browser execution policy: multithread; requested threads=16, effective threads=16; witness generation remains single, prover backend=provekit_v1_branch_9b2a6f_wasm_rayon_threaded.",,,/Users/dcbuilder/Code/world/.worktrees/provekit-v1-cross-device-campaign/target/v1-benchmarks/input-to-proof/mac-chrome-multithread-16/oprf_o2__mac_chrome__provekit_v1__cold_local.json,cold_local,3007.77499999851
input-to-proof-v1-mac-multithread-16-20260812,oprf_o2__mac_chrome__provekit_v1__cold_local-1,2026-08-12T12:39:09.013Z,macbook_m4,MacBook Pro (Apple M4 Max),26.6.1 (25G76),arm64,browser_wasm,Google Chrome 151.0.7922.138,oprf_nullifier,O2-world-id-nullifier,85aeeef539961cae5a63de794997b507a5975717,provekit_v1,noir,provekit-v1-whir-wasm-workers,@noir-lang/noir_js@1.0.0-beta.11,measured,1,ok,1112.339999999851,1406.695000000298,499.23000000044703,50.93999999947846,3018.265000000596,601.828125,849014,1644635,1638340,11878021,95921,input-to-proof-v1-multithread,9b2a6f37c67691eab4b0cec6c35e35c520e93285,"{""provekit"":""9b2a6f37c67691eab4b0cec6c35e35c520e93285"",""noir_js"":""1.0.0-beta.11"",""execution_policy"":""workers""};execution_policy=multithread;threads_requested=16;threads_effective=16;witness_backend=single;prover_backend=provekit_v1_branch_9b2a6f_wasm_rayon_threaded","{""raw_evidence_sha256"":""349e1cc57025ef6a7613ae9ea14b0c396a6a2a756691cdc915391d42e43c8659""}",,"Matched O2 profile: World ID nullifier statement and frozen semantic inputs, including the same public nullifier. Browser execution policy: multithread; requested threads=16, effective threads=16; witness generation remains single, prover backend=provekit_v1_branch_9b2a6f_wasm_rayon_threaded.",,,/Users/dcbuilder/Code/world/.worktrees/provekit-v1-cross-device-campaign/target/v1-benchmarks/input-to-proof/mac-chrome-multithread-16/oprf_o2__mac_chrome__provekit_v1__cold_local.json,cold_local,3018.265000000596
input-to-proof-v1-mac-multithread-16-20260812,oprf_o2__mac_chrome__provekit_v1__cold_local-2,2026-08-12T12:39:09.013Z,macbook_m4,MacBook Pro (Apple M4 Max),26.6.1 (25G76),arm64,browser_wasm,Google Chrome 151.0.7922.138,oprf_nullifier,O2-world-id-nullifier,85aeeef539961cae5a63de794997b507a5975717,provekit_v1,noir,provekit-v1-whir-wasm-workers,@noir-lang/noir_js@1.0.0-beta.11,measured,2,ok,1122.7799999993294,1401.7249999996275,538.410000000149,48.63499999977648,3062.914999999106,599.890625,848206,1644635,1638340,11878021,95921,input-to-proof-v1-multithread,9b2a6f37c67691eab4b0cec6c35e35c520e93285,"{""provekit"":""9b2a6f37c67691eab4b0cec6c35e35c520e93285"",""noir_js"":""1.0.0-beta.11"",""execution_policy"":""workers""};execution_policy=multithread;threads_requested=16;threads_effective=16;witness_backend=single;prover_backend=provekit_v1_branch_9b2a6f_wasm_rayon_threaded","{""raw_evidence_sha256"":""349e1cc57025ef6a7613ae9ea14b0c396a6a2a756691cdc915391d42e43c8659""}",,"Matched O2 profile: World ID nullifier statement and frozen semantic inputs, including the same public nullifier. Browser execution policy: multithread; requested threads=16, effective threads=16; witness generation remains single, prover backend=provekit_v1_branch_9b2a6f_wasm_rayon_threaded.",,,/Users/dcbuilder/Code/world/.worktrees/provekit-v1-cross-device-campaign/target/v1-benchmarks/input-to-proof/mac-chrome-multithread-16/oprf_o2__mac_chrome__provekit_v1__cold_local.json,cold_local,3062.914999999106
input-to-proof-v1-mac-multithread-16-20260812,oprf_o2__mac_chrome__provekit_v1__cold_local-3,2026-08-12T12:39:09.013Z,macbook_m4,MacBook Pro (Apple M4 Max),26.6.1 (25G76),arm64,browser_wasm,Google Chrome 151.0.7922.138,oprf_nullifier,O2-world-id-nullifier,85aeeef539961cae5a63de794997b507a5975717,provekit_v1,noir,provekit-v1-whir-wasm-workers,@noir-lang/noir_js@1.0.0-beta.11,measured,3,ok,1119.824999999255,1411.894999999553,491.42500000074506,49.11500000022352,3023.144999999553,600.46875,845302,1644635,1638340,11878021,95921,input-to-proof-v1-multithread,9b2a6f37c67691eab4b0cec6c35e35c520e93285,"{""provekit"":""9b2a6f37c67691eab4b0cec6c35e35c520e93285"",""noir_js"":""1.0.0-beta.11"",""execution_policy"":""workers""};execution_policy=multithread;threads_requested=16;threads_effective=16;witness_backend=single;prover_backend=provekit_v1_branch_9b2a6f_wasm_rayon_threaded","{""raw_evidence_sha256"":""349e1cc57025ef6a7613ae9ea14b0c396a6a2a756691cdc915391d42e43c8659""}",,"Matched O2 profile: World ID nullifier statement and frozen semantic inputs, including the same public nullifier. Browser execution policy: multithread; requested threads=16, effective threads=16; witness generation remains single, prover backend=provekit_v1_branch_9b2a6f_wasm_rayon_threaded.",,,/Users/dcbuilder/Code/world/.worktrees/provekit-v1-cross-device-campaign/target/v1-benchmarks/input-to-proof/mac-chrome-multithread-16/oprf_o2__mac_chrome__provekit_v1__cold_local.json,cold_local,3023.144999999553
input-to-proof-v1-mac-multithread-16-20260812,oprf_o2__mac_chrome__provekit_v1__cold_local-4,2026-08-12T12:39:09.013Z,macbook_m4,MacBook Pro (Apple M4 Max),26.6.1 (25G76),arm64,browser_wasm,Google Chrome 151.0.7922.138,oprf_nullifier,O2-world-id-nullifier,85aeeef539961cae5a63de794997b507a5975717,provekit_v1,noir,provekit-v1-whir-wasm-workers,@noir-lang/noir_js@1.0.0-beta.11,measured,4,ok,1125.464999999851,1418.699999999255,498.2450000010431,50.519999999552965,3042.410000000149,601,849826,1644635,1638340,11878021,95921,input-to-proof-v1-multithread,9b2a6f37c67691eab4b0cec6c35e35c520e93285,"{""provekit"":""9b2a6f37c67691eab4b0cec6c35e35c520e93285"",""noir_js"":""1.0.0-beta.11"",""execution_policy"":""workers""};execution_policy=multithread;threads_requested=16;threads_effective=16;witness_backend=single;prover_backend=provekit_v1_branch_9b2a6f_wasm_rayon_threaded","{""raw_evidence_sha256"":""349e1cc57025ef6a7613ae9ea14b0c396a6a2a756691cdc915391d42e43c8659""}",,"Matched O2 profile: World ID nullifier statement and frozen semantic inputs, including the same public nullifier. Browser execution policy: multithread; requested threads=16, effective threads=16; witness generation remains single, prover backend=provekit_v1_branch_9b2a6f_wasm_rayon_threaded.",,,/Users/dcbuilder/Code/world/.worktrees/provekit-v1-cross-device-campaign/target/v1-benchmarks/input-to-proof/mac-chrome-multithread-16/oprf_o2__mac_chrome__provekit_v1__cold_local.json,cold_local,3042.410000000149
input-to-proof-v1-mac-multithread-16-20260812,oprf_o2__mac_chrome__provekit_v1__cold_local-5,2026-08-12T12:39:09.013Z,macbook_m4,MacBook Pro (Apple M4 Max),26.6.1 (25G76),arm64,browser_wasm,Google Chrome 151.0.7922.138,oprf_nullifier,O2-world-id-nullifier,85aeeef539961cae5a63de794997b507a5975717,provekit_v1,noir,provekit-v1-whir-wasm-workers,@noir-lang/noir_js@1.0.0-beta.11,measured,5,ok,1116.035000000149,1412.355000000447,491.714999999851,49.665000000968575,3020.105000000447,600.71875,846454,1644635,1638340,11878021,95921,input-to-proof-v1-multithread,9b2a6f37c67691eab4b0cec6c35e35c520e93285,"{""provekit"":""9b2a6f37c67691eab4b0cec6c35e35c520e93285"",""noir_js"":""1.0.0-beta.11"",""execution_policy"":""workers""};execution_policy=multithread;threads_requested=16;threads_effective=16;witness_backend=single;prover_backend=provekit_v1_branch_9b2a6f_wasm_rayon_threaded","{""raw_evidence_sha256"":""349e1cc57025ef6a7613ae9ea14b0c396a6a2a756691cdc915391d42e43c8659""}",,"Matched O2 profile: World ID nullifier statement and frozen semantic inputs, including the same public nullifier. Browser execution policy: multithread; requested threads=16, effective threads=16; witness generation remains single, prover backend=provekit_v1_branch_9b2a6f_wasm_rayon_threaded.",,,/Users/dcbuilder/Code/world/.worktrees/provekit-v1-cross-device-campaign/target/v1-benchmarks/input-to-proof/mac-chrome-multithread-16/oprf_o2__mac_chrome__provekit_v1__cold_local.json,cold_local,3020.105000000447
input-to-proof-v1-mac-multithread-16-20260812,oprf_o2__mac_chrome__provekit_v1__warm_reuse-0,2026-08-12T12:39:24.172Z,macbook_m4,MacBook Pro (Apple M4 Max),26.6.1 (25G76),arm64,browser_wasm,Google Chrome 151.0.7922.138,oprf_nullifier,O2-world-id-nullifier,85aeeef539961cae5a63de794997b507a5975717,provekit_v1,noir,provekit-v1-whir-wasm-workers,@noir-lang/noir_js@1.0.0-beta.11,warmup,0,ok,364.76999999955297,1398.605000000447,490.695000000298,49.25,2254.0800000000745,744.796875,844918,1644635,1638340,11878021,95921,input-to-proof-v1-multithread,9b2a6f37c67691eab4b0cec6c35e35c520e93285,"{""provekit"":""9b2a6f37c67691eab4b0cec6c35e35c520e93285"",""noir_js"":""1.0.0-beta.11"",""execution_policy"":""workers""};execution_policy=multithread;threads_requested=16;threads_effective=16;witness_backend=single;prover_backend=provekit_v1_branch_9b2a6f_wasm_rayon_threaded","{""raw_evidence_sha256"":""175bef79f195b241fc49c8d25c1383b49828f1d20df599fd9343d6af669e1ede""}",,"Matched O2 profile: World ID nullifier statement and frozen semantic inputs, including the same public nullifier. Browser execution policy: multithread; requested threads=16, effective threads=16; witness generation remains single, prover backend=provekit_v1_branch_9b2a6f_wasm_rayon_threaded.",,,/Users/dcbuilder/Code/world/.worktrees/provekit-v1-cross-device-campaign/target/v1-benchmarks/input-to-proof/mac-chrome-multithread-16/oprf_o2__mac_chrome__provekit_v1__warm_reuse.json,warm_reuse,2254.0800000000745
input-to-proof-v1-mac-multithread-16-20260812,oprf_o2__mac_chrome__provekit_v1__warm_reuse-1,2026-08-12T12:39:24.172Z,macbook_m4,MacBook Pro (Apple M4 Max),26.6.1 (25G76),arm64,browser_wasm,Google Chrome 151.0.7922.138,oprf_nullifier,O2-world-id-nullifier,85aeeef539961cae5a63de794997b507a5975717,provekit_v1,noir,provekit-v1-whir-wasm-workers,@noir-lang/noir_js@1.0.0-beta.11,measured,1,ok,364.5300000011921,1343.714999999851,435.964999999851,44.21499999985099,2144.2200000006706,744.796875,848334,1644635,1638340,11878021,95921,input-to-proof-v1-multithread,9b2a6f37c67691eab4b0cec6c35e35c520e93285,"{""provekit"":""9b2a6f37c67691eab4b0cec6c35e35c520e93285"",""noir_js"":""1.0.0-beta.11"",""execution_policy"":""workers""};execution_policy=multithread;threads_requested=16;threads_effective=16;witness_backend=single;prover_backend=provekit_v1_branch_9b2a6f_wasm_rayon_threaded","{""raw_evidence_sha256"":""175bef79f195b241fc49c8d25c1383b49828f1d20df599fd9343d6af669e1ede""}",,"Matched O2 profile: World ID nullifier statement and frozen semantic inputs, including the same public nullifier. Browser execution policy: multithread; requested threads=16, effective threads=16; witness generation remains single, prover backend=provekit_v1_branch_9b2a6f_wasm_rayon_threaded.",,,/Users/dcbuilder/Code/world/.worktrees/provekit-v1-cross-device-campaign/target/v1-benchmarks/input-to-proof/mac-chrome-multithread-16/oprf_o2__mac_chrome__provekit_v1__warm_reuse.json,warm_reuse,2144.2200000006706
input-to-proof-v1-mac-multithread-16-20260812,oprf_o2__mac_chrome__provekit_v1__warm_reuse-2,2026-08-12T12:39:24.172Z,macbook_m4,MacBook Pro (Apple M4 Max),26.6.1 (25G76),arm64,browser_wasm,Google Chrome 151.0.7922.138,oprf_nullifier,O2-world-id-nullifier,85aeeef539961cae5a63de794997b507a5975717,provekit_v1,noir,provekit-v1-whir-wasm-workers,@noir-lang/noir_js@1.0.0-beta.11,measured,2,ok,373.6150000002235,1333.690000001341,433.195000000298,42.475000001490116,2140.5050000008196,744.796875,848802,1644635,1638340,11878021,95921,input-to-proof-v1-multithread,9b2a6f37c67691eab4b0cec6c35e35c520e93285,"{""provekit"":""9b2a6f37c67691eab4b0cec6c35e35c520e93285"",""noir_js"":""1.0.0-beta.11"",""execution_policy"":""workers""};execution_policy=multithread;threads_requested=16;threads_effective=16;witness_backend=single;prover_backend=provekit_v1_branch_9b2a6f_wasm_rayon_threaded","{""raw_evidence_sha256"":""175bef79f195b241fc49c8d25c1383b49828f1d20df599fd9343d6af669e1ede""}",,"Matched O2 profile: World ID nullifier statement and frozen semantic inputs, including the same public nullifier. Browser execution policy: multithread; requested threads=16, effective threads=16; witness generation remains single, prover backend=provekit_v1_branch_9b2a6f_wasm_rayon_threaded.",,,/Users/dcbuilder/Code/world/.worktrees/provekit-v1-cross-device-campaign/target/v1-benchmarks/input-to-proof/mac-chrome-multithread-16/oprf_o2__mac_chrome__provekit_v1__warm_reuse.json,warm_reuse,2140.5050000008196
input-to-proof-v1-mac-multithread-16-20260812,oprf_o2__mac_chrome__provekit_v1__warm_reuse-3,2026-08-12T12:39:24.172Z,macbook_m4,MacBook Pro (Apple M4 Max),26.6.1 (25G76),arm64,browser_wasm,Google Chrome 151.0.7922.138,oprf_nullifier,O2-world-id-nullifier,85aeeef539961cae5a63de794997b507a5975717,provekit_v1,noir,provekit-v1-whir-wasm-workers,@noir-lang/noir_js@1.0.0-beta.11,measured,3,ok,365.8700000010431,1325.429999999702,427.99499999918044,43.05000000074506,2119.2949999999255,744.796875,848462,1644635,1638340,11878021,95921,input-to-proof-v1-multithread,9b2a6f37c67691eab4b0cec6c35e35c520e93285,"{""provekit"":""9b2a6f37c67691eab4b0cec6c35e35c520e93285"",""noir_js"":""1.0.0-beta.11"",""execution_policy"":""workers""};execution_policy=multithread;threads_requested=16;threads_effective=16;witness_backend=single;prover_backend=provekit_v1_branch_9b2a6f_wasm_rayon_threaded","{""raw_evidence_sha256"":""175bef79f195b241fc49c8d25c1383b49828f1d20df599fd9343d6af669e1ede""}",,"Matched O2 profile: World ID nullifier statement and frozen semantic inputs, including the same public nullifier. Browser execution policy: multithread; requested threads=16, effective threads=16; witness generation remains single, prover backend=provekit_v1_branch_9b2a6f_wasm_rayon_threaded.",,,/Users/dcbuilder/Code/world/.worktrees/provekit-v1-cross-device-campaign/target/v1-benchmarks/input-to-proof/mac-chrome-multithread-16/oprf_o2__mac_chrome__provekit_v1__warm_reuse.json,warm_reuse,2119.2949999999255
input-to-proof-v1-mac-multithread-16-20260812,oprf_o2__mac_chrome__provekit_v1__warm_reuse-4,2026-08-12T12:39:24.172Z,macbook_m4,MacBook Pro (Apple M4 Max),26.6.1 (25G76),arm64,browser_wasm,Google Chrome 151.0.7922.138,oprf_nullifier,O2-world-id-nullifier,85aeeef539961cae5a63de794997b507a5975717,provekit_v1,noir,provekit-v1-whir-wasm-workers,@noir-lang/noir_js@1.0.0-beta.11,measured,4,ok,364.25,1319.949999999255,424.179999999702,41.665000000968575,2108.394999999553,744.796875,847266,1644635,1638340,11878021,95921,input-to-proof-v1-multithread,9b2a6f37c67691eab4b0cec6c35e35c520e93285,"{""provekit"":""9b2a6f37c67691eab4b0cec6c35e35c520e93285"",""noir_js"":""1.0.0-beta.11"",""execution_policy"":""workers""};execution_policy=multithread;threads_requested=16;threads_effective=16;witness_backend=single;prover_backend=provekit_v1_branch_9b2a6f_wasm_rayon_threaded","{""raw_evidence_sha256"":""175bef79f195b241fc49c8d25c1383b49828f1d20df599fd9343d6af669e1ede""}",,"Matched O2 profile: World ID nullifier statement and frozen semantic inputs, including the same public nullifier. Browser execution policy: multithread; requested threads=16, effective threads=16; witness generation remains single, prover backend=provekit_v1_branch_9b2a6f_wasm_rayon_threaded.",,,/Users/dcbuilder/Code/world/.worktrees/provekit-v1-cross-device-campaign/target/v1-benchmarks/input-to-proof/mac-chrome-multithread-16/oprf_o2__mac_chrome__provekit_v1__warm_reuse.json,warm_reuse,2108.394999999553
input-to-proof-v1-mac-multithread-16-20260812,oprf_o2__mac_chrome__provekit_v1__warm_reuse-5,2026-08-12T12:39:24.172Z,macbook_m4,MacBook Pro (Apple M4 Max),26.6.1 (25G76),arm64,browser_wasm,Google Chrome 151.0.7922.138,oprf_nullifier,O2-world-id-nullifier,85aeeef539961cae5a63de794997b507a5975717,provekit_v1,noir,provekit-v1-whir-wasm-workers,@noir-lang/noir_js@1.0.0-beta.11,measured,5,ok,364.7600000016391,1326.844999998808,454.5049999989569,52.91000000014901,2146.1150000002235,744.796875,846414,1644635,1638340,11878021,95921,input-to-proof-v1-multithread,9b2a6f37c67691eab4b0cec6c35e35c520e93285,"{""provekit"":""9b2a6f37c67691eab4b0cec6c35e35c520e93285"",""noir_js"":""1.0.0-beta.11"",""execution_policy"":""workers""};execution_policy=multithread;threads_requested=16;threads_effective=16;witness_backend=single;prover_backend=provekit_v1_branch_9b2a6f_wasm_rayon_threaded","{""raw_evidence_sha256"":""175bef79f195b241fc49c8d25c1383b49828f1d20df599fd9343d6af669e1ede""}",,"Matched O2 profile: World ID nullifier statement and frozen semantic inputs, including the same public nullifier. Browser execution policy: multithread; requested threads=16, effective threads=16; witness generation remains single, prover backend=provekit_v1_branch_9b2a6f_wasm_rayon_threaded.",,,/Users/dcbuilder/Code/world/.worktrees/provekit-v1-cross-device-campaign/target/v1-benchmarks/input-to-proof/mac-chrome-multithread-16/oprf_o2__mac_chrome__provekit_v1__warm_reuse.json,warm_reuse,2146.1150000002235
input-to-proof-v1-mac-multithread-16-20260812,oprf_o2__mac_chrome__noir_barretenberg__cold_local-0,2026-08-12T12:40:01.294Z,macbook_m4,MacBook Pro (Apple M4 Max),26.6.1 (25G76),arm64,browser_wasm,Google Chrome 151.0.7922.138,oprf_nullifier,O2-world-id-nullifier,85aeeef539961cae5a63de794997b507a5975717,noir_barretenberg,noir,barretenberg-ultrahonk-wasm-workers,@noir-lang/noir_js@1.0.0-beta.19,warmup,0,ok,2874.525,609.985,1589.755,512.375,5074.265,1283.734375,16000,73925206,73918911,73925206,,input-to-proof-v1-multithread,85aeeef539961cae5a63de794997b507a5975717,"{""bb_js"":""4.2.0-aztecnr-rc.2"",""noir_js"":""1.0.0-beta.19"",""execution_policy"":""workers""};execution_policy=multithread;threads_requested=32;threads_effective=16;witness_backend=single;prover_backend=barretenberg_4.2.0-aztecnr-rc.2_wasm_workers","{""raw_evidence_sha256"":""3ccbcefb260f1d37f9c64f3686b586b56912cb9fa1c77bc54c60b5851dbb3ded""}",,"Matched O2 profile: World ID nullifier statement and frozen semantic inputs, including the same public nullifier. Browser execution policy: multithread; requested threads=32, effective threads=16; witness generation remains single, prover backend=barretenberg_4.2.0-aztecnr-rc.2_wasm_workers.",,,/Users/dcbuilder/Code/world/.worktrees/provekit-v1-cross-device-campaign/target/v1-benchmarks/input-to-proof/mac-chrome-multithread-16/oprf_o2__mac_chrome__noir_barretenberg__cold_local.json,cold_local,5074.265
input-to-proof-v1-mac-multithread-16-20260812,oprf_o2__mac_chrome__noir_barretenberg__cold_local-1,2026-08-12T12:40:01.294Z,macbook_m4,MacBook Pro (Apple M4 Max),26.6.1 (25G76),arm64,browser_wasm,Google Chrome 151.0.7922.138,oprf_nullifier,O2-world-id-nullifier,85aeeef539961cae5a63de794997b507a5975717,noir_barretenberg,noir,barretenberg-ultrahonk-wasm-workers,@noir-lang/noir_js@1.0.0-beta.19,measured,1,ok,2113.02,592.025,1290.605,411.71,3995.65,1277.78125,16000,73925206,73918911,73925206,,input-to-proof-v1-multithread,85aeeef539961cae5a63de794997b507a5975717,"{""bb_js"":""4.2.0-aztecnr-rc.2"",""noir_js"":""1.0.0-beta.19"",""execution_policy"":""workers""};execution_policy=multithread;threads_requested=32;threads_effective=16;witness_backend=single;prover_backend=barretenberg_4.2.0-aztecnr-rc.2_wasm_workers","{""raw_evidence_sha256"":""3ccbcefb260f1d37f9c64f3686b586b56912cb9fa1c77bc54c60b5851dbb3ded""}",,"Matched O2 profile: World ID nullifier statement and frozen semantic inputs, including the same public nullifier. Browser execution policy: multithread; requested threads=32, effective threads=16; witness generation remains single, prover backend=barretenberg_4.2.0-aztecnr-rc.2_wasm_workers.",,,/Users/dcbuilder/Code/world/.worktrees/provekit-v1-cross-device-campaign/target/v1-benchmarks/input-to-proof/mac-chrome-multithread-16/oprf_o2__mac_chrome__noir_barretenberg__cold_local.json,cold_local,3995.65
input-to-proof-v1-mac-multithread-16-20260812,oprf_o2__mac_chrome__noir_barretenberg__cold_local-2,2026-08-12T12:40:01.294Z,macbook_m4,MacBook Pro (Apple M4 Max),26.6.1 (25G76),arm64,browser_wasm,Google Chrome 151.0.7922.138,oprf_nullifier,O2-world-id-nullifier,85aeeef539961cae5a63de794997b507a5975717,noir_barretenberg,noir,barretenberg-ultrahonk-wasm-workers,@noir-lang/noir_js@1.0.0-beta.19,measured,2,ok,2187.07,586.075,1299.35,402.915,4072.495,1279.1875,16000,73925206,73918911,73925206,,input-to-proof-v1-multithread,85aeeef539961cae5a63de794997b507a5975717,"{""bb_js"":""4.2.0-aztecnr-rc.2"",""noir_js"":""1.0.0-beta.19"",""execution_policy"":""workers""};execution_policy=multithread;threads_requested=32;threads_effective=16;witness_backend=single;prover_backend=barretenberg_4.2.0-aztecnr-rc.2_wasm_workers","{""raw_evidence_sha256"":""3ccbcefb260f1d37f9c64f3686b586b56912cb9fa1c77bc54c60b5851dbb3ded""}",,"Matched O2 profile: World ID nullifier statement and frozen semantic inputs, including the same public nullifier. Browser execution policy: multithread; requested threads=32, effective threads=16; witness generation remains single, prover backend=barretenberg_4.2.0-aztecnr-rc.2_wasm_workers.",,,/Users/dcbuilder/Code/world/.worktrees/provekit-v1-cross-device-campaign/target/v1-benchmarks/input-to-proof/mac-chrome-multithread-16/oprf_o2__mac_chrome__noir_barretenberg__cold_local.json,cold_local,4072.495
input-to-proof-v1-mac-multithread-16-20260812,oprf_o2__mac_chrome__noir_barretenberg__cold_local-3,2026-08-12T12:40:01.294Z,macbook_m4,MacBook Pro (Apple M4 Max),26.6.1 (25G76),arm64,browser_wasm,Google Chrome 151.0.7922.138,oprf_nullifier,O2-world-id-nullifier,85aeeef539961cae5a63de794997b507a5975717,noir_barretenberg,noir,barretenberg-ultrahonk-wasm-workers,@noir-lang/noir_js@1.0.0-beta.19,measured,3,ok,2291.4,590.185,1309.965,409.05,4191.55,1280.671875,16000,73925206,73918911,73925206,,input-to-proof-v1-multithread,85aeeef539961cae5a63de794997b507a5975717,"{""bb_js"":""4.2.0-aztecnr-rc.2"",""noir_js"":""1.0.0-beta.19"",""execution_policy"":""workers""};execution_policy=multithread;threads_requested=32;threads_effective=16;witness_backend=single;prover_backend=barretenberg_4.2.0-aztecnr-rc.2_wasm_workers","{""raw_evidence_sha256"":""3ccbcefb260f1d37f9c64f3686b586b56912cb9fa1c77bc54c60b5851dbb3ded""}",,"Matched O2 profile: World ID nullifier statement and frozen semantic inputs, including the same public nullifier. Browser execution policy: multithread; requested threads=32, effective threads=16; witness generation remains single, prover backend=barretenberg_4.2.0-aztecnr-rc.2_wasm_workers.",,,/Users/dcbuilder/Code/world/.worktrees/provekit-v1-cross-device-campaign/target/v1-benchmarks/input-to-proof/mac-chrome-multithread-16/oprf_o2__mac_chrome__noir_barretenberg__cold_local.json,cold_local,4191.55
input-to-proof-v1-mac-multithread-16-20260812,oprf_o2__mac_chrome__noir_barretenberg__cold_local-4,2026-08-12T12:40:01.294Z,macbook_m4,MacBook Pro (Apple M4 Max),26.6.1 (25G76),arm64,browser_wasm,Google Chrome 151.0.7922.138,oprf_nullifier,O2-world-id-nullifier,85aeeef539961cae5a63de794997b507a5975717,noir_barretenberg,noir,barretenberg-ultrahonk-wasm-workers,@noir-lang/noir_js@1.0.0-beta.19,measured,4,ok,2265.82,590.995,1272.485,407.635,4129.3,1285.4375,16000,73925206,73918911,73925206,,input-to-proof-v1-multithread,85aeeef539961cae5a63de794997b507a5975717,"{""bb_js"":""4.2.0-aztecnr-rc.2"",""noir_js"":""1.0.0-beta.19"",""execution_policy"":""workers""};execution_policy=multithread;threads_requested=32;threads_effective=16;witness_backend=single;prover_backend=barretenberg_4.2.0-aztecnr-rc.2_wasm_workers","{""raw_evidence_sha256"":""3ccbcefb260f1d37f9c64f3686b586b56912cb9fa1c77bc54c60b5851dbb3ded""}",,"Matched O2 profile: World ID nullifier statement and frozen semantic inputs, including the same public nullifier. Browser execution policy: multithread; requested threads=32, effective threads=16; witness generation remains single, prover backend=barretenberg_4.2.0-aztecnr-rc.2_wasm_workers.",,,/Users/dcbuilder/Code/world/.worktrees/provekit-v1-cross-device-campaign/target/v1-benchmarks/input-to-proof/mac-chrome-multithread-16/oprf_o2__mac_chrome__noir_barretenberg__cold_local.json,cold_local,4129.3
input-to-proof-v1-mac-multithread-16-20260812,oprf_o2__mac_chrome__noir_barretenberg__cold_local-5,2026-08-12T12:40:01.294Z,macbook_m4,MacBook Pro (Apple M4 Max),26.6.1 (25G76),arm64,browser_wasm,Google Chrome 151.0.7922.138,oprf_nullifier,O2-world-id-nullifier,85aeeef539961cae5a63de794997b507a5975717,noir_barretenberg,noir,barretenberg-ultrahonk-wasm-workers,@noir-lang/noir_js@1.0.0-beta.19,measured,5,ok,2254.585,590.63,1280.035,433.58,4125.25,1279.1875,16000,73925206,73918911,73925206,,input-to-proof-v1-multithread,85aeeef539961cae5a63de794997b507a5975717,"{""bb_js"":""4.2.0-aztecnr-rc.2"",""noir_js"":""1.0.0-beta.19"",""execution_policy"":""workers""};execution_policy=multithread;threads_requested=32;threads_effective=16;witness_backend=single;prover_backend=barretenberg_4.2.0-aztecnr-rc.2_wasm_workers","{""raw_evidence_sha256"":""3ccbcefb260f1d37f9c64f3686b586b56912cb9fa1c77bc54c60b5851dbb3ded""}",,"Matched O2 profile: World ID nullifier statement and frozen semantic inputs, including the same public nullifier. Browser execution policy: multithread; requested threads=32, effective threads=16; witness generation remains single, prover backend=barretenberg_4.2.0-aztecnr-rc.2_wasm_workers.",,,/Users/dcbuilder/Code/world/.worktrees/provekit-v1-cross-device-campaign/target/v1-benchmarks/input-to-proof/mac-chrome-multithread-16/oprf_o2__mac_chrome__noir_barretenberg__cold_local.json,cold_local,4125.25
input-to-proof-v1-mac-multithread-16-20260812,oprf_o2__mac_chrome__noir_barretenberg__warm_reuse-0,2026-08-12T12:40:18.470Z,macbook_m4,MacBook Pro (Apple M4 Max),26.6.1 (25G76),arm64,browser_wasm,Google Chrome 151.0.7922.138,oprf_nullifier,O2-world-id-nullifier,85aeeef539961cae5a63de794997b507a5975717,noir_barretenberg,noir,barretenberg-ultrahonk-wasm-workers,@noir-lang/noir_js@1.0.0-beta.19,warmup,0,ok,0,527.085,1345.135,0,1872.255,1439.21875,16000,73925206,73918911,73925206,,input-to-proof-v1-multithread,85aeeef539961cae5a63de794997b507a5975717,"{""bb_js"":""4.2.0-aztecnr-rc.2"",""noir_js"":""1.0.0-beta.19"",""execution_policy"":""workers""};execution_policy=multithread;threads_requested=32;threads_effective=16;witness_backend=single;prover_backend=barretenberg_4.2.0-aztecnr-rc.2_wasm_workers","{""raw_evidence_sha256"":""78c41b513c3eed8ea180d4401a893ab993d86313957360cc6c4f840046faffaa""}",,"Matched O2 profile: World ID nullifier statement and frozen semantic inputs, including the same public nullifier. Browser execution policy: multithread; requested threads=32, effective threads=16; witness generation remains single, prover backend=barretenberg_4.2.0-aztecnr-rc.2_wasm_workers.",,,/Users/dcbuilder/Code/world/.worktrees/provekit-v1-cross-device-campaign/target/v1-benchmarks/input-to-proof/mac-chrome-multithread-16/oprf_o2__mac_chrome__noir_barretenberg__warm_reuse.json,warm_reuse,1872.255
input-to-proof-v1-mac-multithread-16-20260812,oprf_o2__mac_chrome__noir_barretenberg__warm_reuse-1,2026-08-12T12:40:18.470Z,macbook_m4,MacBook Pro (Apple M4 Max),26.6.1 (25G76),arm64,browser_wasm,Google Chrome 151.0.7922.138,oprf_nullifier,O2-world-id-nullifier,85aeeef539961cae5a63de794997b507a5975717,noir_barretenberg,noir,barretenberg-ultrahonk-wasm-workers,@noir-lang/noir_js@1.0.0-beta.19,measured,1,ok,0,529.895,1297.735,0,1827.67,1439.21875,16000,73925206,73918911,73925206,,input-to-proof-v1-multithread,85aeeef539961cae5a63de794997b507a5975717,"{""bb_js"":""4.2.0-aztecnr-rc.2"",""noir_js"":""1.0.0-beta.19"",""execution_policy"":""workers""};execution_policy=multithread;threads_requested=32;threads_effective=16;witness_backend=single;prover_backend=barretenberg_4.2.0-aztecnr-rc.2_wasm_workers","{""raw_evidence_sha256"":""78c41b513c3eed8ea180d4401a893ab993d86313957360cc6c4f840046faffaa""}",,"Matched O2 profile: World ID nullifier statement and frozen semantic inputs, including the same public nullifier. Browser execution policy: multithread; requested threads=32, effective threads=16; witness generation remains single, prover backend=barretenberg_4.2.0-aztecnr-rc.2_wasm_workers.",,,/Users/dcbuilder/Code/world/.worktrees/provekit-v1-cross-device-campaign/target/v1-benchmarks/input-to-proof/mac-chrome-multithread-16/oprf_o2__mac_chrome__noir_barretenberg__warm_reuse.json,warm_reuse,1827.67
input-to-proof-v1-mac-multithread-16-20260812,oprf_o2__mac_chrome__noir_barretenberg__warm_reuse-2,2026-08-12T12:40:18.470Z,macbook_m4,MacBook Pro (Apple M4 Max),26.6.1 (25G76),arm64,browser_wasm,Google Chrome 151.0.7922.138,oprf_nullifier,O2-world-id-nullifier,85aeeef539961cae5a63de794997b507a5975717,noir_barretenberg,noir,barretenberg-ultrahonk-wasm-workers,@noir-lang/noir_js@1.0.0-beta.19,measured,2,ok,0,525.56,1253.17,0,1778.755,1439.21875,16000,73925206,73918911,73925206,,input-to-proof-v1-multithread,85aeeef539961cae5a63de794997b507a5975717,"{""bb_js"":""4.2.0-aztecnr-rc.2"",""noir_js"":""1.0.0-beta.19"",""execution_policy"":""workers""};execution_policy=multithread;threads_requested=32;threads_effective=16;witness_backend=single;prover_backend=barretenberg_4.2.0-aztecnr-rc.2_wasm_workers","{""raw_evidence_sha256"":""78c41b513c3eed8ea180d4401a893ab993d86313957360cc6c4f840046faffaa""}",,"Matched O2 profile: World ID nullifier statement and frozen semantic inputs, including the same public nullifier. Browser execution policy: multithread; requested threads=32, effective threads=16; witness generation remains single, prover backend=barretenberg_4.2.0-aztecnr-rc.2_wasm_workers.",,,/Users/dcbuilder/Code/world/.worktrees/provekit-v1-cross-device-campaign/target/v1-benchmarks/input-to-proof/mac-chrome-multithread-16/oprf_o2__mac_chrome__noir_barretenberg__warm_reuse.json,warm_reuse,1778.755
input-to-proof-v1-mac-multithread-16-20260812,oprf_o2__mac_chrome__noir_barretenberg__warm_reuse-3,2026-08-12T12:40:18.470Z,macbook_m4,MacBook Pro (Apple M4 Max),26.6.1 (25G76),arm64,browser_wasm,Google Chrome 151.0.7922.138,oprf_nullifier,O2-world-id-nullifier,85aeeef539961cae5a63de794997b507a5975717,noir_barretenberg,noir,barretenberg-ultrahonk-wasm-workers,@noir-lang/noir_js@1.0.0-beta.19,measured,3,ok,0,530.225,1258.44,0,1788.705,1439.21875,16000,73925206,73918911,73925206,,input-to-proof-v1-multithread,85aeeef539961cae5a63de794997b507a5975717,"{""bb_js"":""4.2.0-aztecnr-rc.2"",""noir_js"":""1.0.0-beta.19"",""execution_policy"":""workers""};execution_policy=multithread;threads_requested=32;threads_effective=16;witness_backend=single;prover_backend=barretenberg_4.2.0-aztecnr-rc.2_wasm_workers","{""raw_evidence_sha256"":""78c41b513c3eed8ea180d4401a893ab993d86313957360cc6c4f840046faffaa""}",,"Matched O2 profile: World ID nullifier statement and frozen semantic inputs, including the same public nullifier. Browser execution policy: multithread; requested threads=32, effective threads=16; witness generation remains single, prover backend=barretenberg_4.2.0-aztecnr-rc.2_wasm_workers.",,,/Users/dcbuilder/Code/world/.worktrees/provekit-v1-cross-device-campaign/target/v1-benchmarks/input-to-proof/mac-chrome-multithread-16/oprf_o2__mac_chrome__noir_barretenberg__warm_reuse.json,warm_reuse,1788.705
input-to-proof-v1-mac-multithread-16-20260812,oprf_o2__mac_chrome__noir_barretenberg__warm_reuse-4,2026-08-12T12:40:18.470Z,macbook_m4,MacBook Pro (Apple M4 Max),26.6.1 (25G76),arm64,browser_wasm,Google Chrome 151.0.7922.138,oprf_nullifier,O2-world-id-nullifier,85aeeef539961cae5a63de794997b507a5975717,noir_barretenberg,noir,barretenberg-ultrahonk-wasm-workers,@noir-lang/noir_js@1.0.0-beta.19,measured,4,ok,0,523.49,1362.685,0,1886.21,1439.21875,16000,73925206,73918911,73925206,,input-to-proof-v1-multithread,85aeeef539961cae5a63de794997b507a5975717,"{""bb_js"":""4.2.0-aztecnr-rc.2"",""noir_js"":""1.0.0-beta.19"",""execution_policy"":""workers""};execution_policy=multithread;threads_requested=32;threads_effective=16;witness_backend=single;prover_backend=barretenberg_4.2.0-aztecnr-rc.2_wasm_workers","{""raw_evidence_sha256"":""78c41b513c3eed8ea180d4401a893ab993d86313957360cc6c4f840046faffaa""}",,"Matched O2 profile: World ID nullifier statement and frozen semantic inputs, including the same public nullifier. Browser execution policy: multithread; requested threads=32, effective threads=16; witness generation remains single, prover backend=barretenberg_4.2.0-aztecnr-rc.2_wasm_workers.",,,/Users/dcbuilder/Code/world/.worktrees/provekit-v1-cross-device-campaign/target/v1-benchmarks/input-to-proof/mac-chrome-multithread-16/oprf_o2__mac_chrome__noir_barretenberg__warm_reuse.json,warm_reuse,1886.21
input-to-proof-v1-mac-multithread-16-20260812,oprf_o2__mac_chrome__noir_barretenberg__warm_reuse-5,2026-08-12T12:40:18.470Z,macbook_m4,MacBook Pro (Apple M4 Max),26.6.1 (25G76),arm64,browser_wasm,Google Chrome 151.0.7922.138,oprf_nullifier,O2-world-id-nullifier,85aeeef539961cae5a63de794997b507a5975717,noir_barretenberg,noir,barretenberg-ultrahonk-wasm-workers,@noir-lang/noir_js@1.0.0-beta.19,measured,5,ok,0,525.145,1343.915,0,1869.085,1439.21875,16000,73925206,73918911,73925206,,input-to-proof-v1-multithread,85aeeef539961cae5a63de794997b507a5975717,"{""bb_js"":""4.2.0-aztecnr-rc.2"",""noir_js"":""1.0.0-beta.19"",""execution_policy"":""workers""};execution_policy=multithread;threads_requested=32;threads_effective=16;witness_backend=single;prover_backend=barretenberg_4.2.0-aztecnr-rc.2_wasm_workers","{""raw_evidence_sha256"":""78c41b513c3eed8ea180d4401a893ab993d86313957360cc6c4f840046faffaa""}",,"Matched O2 profile: World ID nullifier statement and frozen semantic inputs, including the same public nullifier. Browser execution policy: multithread; requested threads=32, effective threads=16; witness generation remains single, prover backend=barretenberg_4.2.0-aztecnr-rc.2_wasm_workers.",,,/Users/dcbuilder/Code/world/.worktrees/provekit-v1-cross-device-campaign/target/v1-benchmarks/input-to-proof/mac-chrome-multithread-16/oprf_o2__mac_chrome__noir_barretenberg__warm_reuse.json,warm_reuse,1869.085
input-to-proof-v1-mac-multithread-16-20260812,oprf_o2__mac_chrome__circom_groth16__cold_local-0,2026-08-12T12:40:39.020Z,macbook_m4,MacBook Pro (Apple M4 Max),26.6.1 (25G76),arm64,browser_wasm,Google Chrome 151.0.7922.138,oprf_nullifier,O2-world-id-nullifier,85aeeef539961cae5a63de794997b507a5975717,circom_groth16,circom,snarkjs-groth16-browser-wasm-workers,circom-witness-wasm,warmup,0,ok,3.825,128.76,1409.79,6.28,1542.375,3642.625,723,39203507,38279392,39203507,,input-to-proof-v1-multithread,85aeeef539961cae5a63de794997b507a5975717,"{""circom"":""2.2.2"",""snarkjs"":""0.7.6"",""execution_policy"":""workers""};execution_policy=multithread;threads_requested=16;threads_effective=16;witness_backend=circom_runtime_wasm_single;prover_backend=snarkjs_0.7.6_browser_wasm_workers","{""raw_evidence_sha256"":""588582de4933fd74fd9ac7488b6b05d1ef1072b1af4a938ab4a3b688216720ba""}",,"Matched O2 profile: World ID nullifier statement and frozen semantic inputs, including the same public nullifier. Browser execution policy: multithread; requested threads=16, effective threads=16; witness generation remains circom_runtime_wasm_single, prover backend=snarkjs_0.7.6_browser_wasm_workers.",,,/Users/dcbuilder/Code/world/.worktrees/provekit-v1-cross-device-campaign/target/v1-benchmarks/input-to-proof/mac-chrome-multithread-16/oprf_o2__mac_chrome__circom_groth16__cold_local.json,cold_local,1542.375
input-to-proof-v1-mac-multithread-16-20260812,oprf_o2__mac_chrome__circom_groth16__cold_local-1,2026-08-12T12:40:39.020Z,macbook_m4,MacBook Pro (Apple M4 Max),26.6.1 (25G76),arm64,browser_wasm,Google Chrome 151.0.7922.138,oprf_nullifier,O2-world-id-nullifier,85aeeef539961cae5a63de794997b507a5975717,circom_groth16,circom,snarkjs-groth16-browser-wasm-workers,circom-witness-wasm,measured,1,ok,2.54,125.145,1407.61,6.205,1535.295,3526.3125,722,39203507,38279392,39203507,,input-to-proof-v1-multithread,85aeeef539961cae5a63de794997b507a5975717,"{""circom"":""2.2.2"",""snarkjs"":""0.7.6"",""execution_policy"":""workers""};execution_policy=multithread;threads_requested=16;threads_effective=16;witness_backend=circom_runtime_wasm_single;prover_backend=snarkjs_0.7.6_browser_wasm_workers","{""raw_evidence_sha256"":""588582de4933fd74fd9ac7488b6b05d1ef1072b1af4a938ab4a3b688216720ba""}",,"Matched O2 profile: World ID nullifier statement and frozen semantic inputs, including the same public nullifier. Browser execution policy: multithread; requested threads=16, effective threads=16; witness generation remains circom_runtime_wasm_single, prover backend=snarkjs_0.7.6_browser_wasm_workers.",,,/Users/dcbuilder/Code/world/.worktrees/provekit-v1-cross-device-campaign/target/v1-benchmarks/input-to-proof/mac-chrome-multithread-16/oprf_o2__mac_chrome__circom_groth16__cold_local.json,cold_local,1535.295
input-to-proof-v1-mac-multithread-16-20260812,oprf_o2__mac_chrome__circom_groth16__cold_local-2,2026-08-12T12:40:39.020Z,macbook_m4,MacBook Pro (Apple M4 Max),26.6.1 (25G76),arm64,browser_wasm,Google Chrome 151.0.7922.138,oprf_nullifier,O2-world-id-nullifier,85aeeef539961cae5a63de794997b507a5975717,circom_groth16,circom,snarkjs-groth16-browser-wasm-workers,circom-witness-wasm,measured,2,ok,2.43,125.14,1357.23,6.185,1484.8,3703.40625,726,39203507,38279392,39203507,,input-to-proof-v1-multithread,85aeeef539961cae5a63de794997b507a5975717,"{""circom"":""2.2.2"",""snarkjs"":""0.7.6"",""execution_policy"":""workers""};execution_policy=multithread;threads_requested=16;threads_effective=16;witness_backend=circom_runtime_wasm_single;prover_backend=snarkjs_0.7.6_browser_wasm_workers","{""raw_evidence_sha256"":""588582de4933fd74fd9ac7488b6b05d1ef1072b1af4a938ab4a3b688216720ba""}",,"Matched O2 profile: World ID nullifier statement and frozen semantic inputs, including the same public nullifier. Browser execution policy: multithread; requested threads=16, effective threads=16; witness generation remains circom_runtime_wasm_single, prover backend=snarkjs_0.7.6_browser_wasm_workers.",,,/Users/dcbuilder/Code/world/.worktrees/provekit-v1-cross-device-campaign/target/v1-benchmarks/input-to-proof/mac-chrome-multithread-16/oprf_o2__mac_chrome__circom_groth16__cold_local.json,cold_local,1484.8
input-to-proof-v1-mac-multithread-16-20260812,oprf_o2__mac_chrome__circom_groth16__cold_local-3,2026-08-12T12:40:39.020Z,macbook_m4,MacBook Pro (Apple M4 Max),26.6.1 (25G76),arm64,browser_wasm,Google Chrome 151.0.7922.138,oprf_nullifier,O2-world-id-nullifier,85aeeef539961cae5a63de794997b507a5975717,circom_groth16,circom,snarkjs-groth16-browser-wasm-workers,circom-witness-wasm,measured,3,ok,2.57,124.77,1383.9,6.375,1511.24,3444.484375,723,39203507,38279392,39203507,,input-to-proof-v1-multithread,85aeeef539961cae5a63de794997b507a5975717,"{""circom"":""2.2.2"",""snarkjs"":""0.7.6"",""execution_policy"":""workers""};execution_policy=multithread;threads_requested=16;threads_effective=16;witness_backend=circom_runtime_wasm_single;prover_backend=snarkjs_0.7.6_browser_wasm_workers","{""raw_evidence_sha256"":""588582de4933fd74fd9ac7488b6b05d1ef1072b1af4a938ab4a3b688216720ba""}",,"Matched O2 profile: World ID nullifier statement and frozen semantic inputs, including the same public nullifier. Browser execution policy: multithread; requested threads=16, effective threads=16; witness generation remains circom_runtime_wasm_single, prover backend=snarkjs_0.7.6_browser_wasm_workers.",,,/Users/dcbuilder/Code/world/.worktrees/provekit-v1-cross-device-campaign/target/v1-benchmarks/input-to-proof/mac-chrome-multithread-16/oprf_o2__mac_chrome__circom_groth16__cold_local.json,cold_local,1511.24
input-to-proof-v1-mac-multithread-16-20260812,oprf_o2__mac_chrome__circom_groth16__cold_local-4,2026-08-12T12:40:39.020Z,macbook_m4,MacBook Pro (Apple M4 Max),26.6.1 (25G76),arm64,browser_wasm,Google Chrome 151.0.7922.138,oprf_nullifier,O2-world-id-nullifier,85aeeef539961cae5a63de794997b507a5975717,circom_groth16,circom,snarkjs-groth16-browser-wasm-workers,circom-witness-wasm,measured,4,ok,2.605,130.03,1409.48,6.205,1542.115,3625.328125,722,39203507,38279392,39203507,,input-to-proof-v1-multithread,85aeeef539961cae5a63de794997b507a5975717,"{""circom"":""2.2.2"",""snarkjs"":""0.7.6"",""execution_policy"":""workers""};execution_policy=multithread;threads_requested=16;threads_effective=16;witness_backend=circom_runtime_wasm_single;prover_backend=snarkjs_0.7.6_browser_wasm_workers","{""raw_evidence_sha256"":""588582de4933fd74fd9ac7488b6b05d1ef1072b1af4a938ab4a3b688216720ba""}",,"Matched O2 profile: World ID nullifier statement and frozen semantic inputs, including the same public nullifier. Browser execution policy: multithread; requested threads=16, effective threads=16; witness generation remains circom_runtime_wasm_single, prover backend=snarkjs_0.7.6_browser_wasm_workers.",,,/Users/dcbuilder/Code/world/.worktrees/provekit-v1-cross-device-campaign/target/v1-benchmarks/input-to-proof/mac-chrome-multithread-16/oprf_o2__mac_chrome__circom_groth16__cold_local.json,cold_local,1542.115
input-to-proof-v1-mac-multithread-16-20260812,oprf_o2__mac_chrome__circom_groth16__cold_local-5,2026-08-12T12:40:39.020Z,macbook_m4,MacBook Pro (Apple M4 Max),26.6.1 (25G76),arm64,browser_wasm,Google Chrome 151.0.7922.138,oprf_nullifier,O2-world-id-nullifier,85aeeef539961cae5a63de794997b507a5975717,circom_groth16,circom,snarkjs-groth16-browser-wasm-workers,circom-witness-wasm,measured,5,ok,2.26,127.155,1428.825,6.09,1558.24,3367.109375,723,39203507,38279392,39203507,,input-to-proof-v1-multithread,85aeeef539961cae5a63de794997b507a5975717,"{""circom"":""2.2.2"",""snarkjs"":""0.7.6"",""execution_policy"":""workers""};execution_policy=multithread;threads_requested=16;threads_effective=16;witness_backend=circom_runtime_wasm_single;prover_backend=snarkjs_0.7.6_browser_wasm_workers","{""raw_evidence_sha256"":""588582de4933fd74fd9ac7488b6b05d1ef1072b1af4a938ab4a3b688216720ba""}",,"Matched O2 profile: World ID nullifier statement and frozen semantic inputs, including the same public nullifier. Browser execution policy: multithread; requested threads=16, effective threads=16; witness generation remains circom_runtime_wasm_single, prover backend=snarkjs_0.7.6_browser_wasm_workers.",,,/Users/dcbuilder/Code/world/.worktrees/provekit-v1-cross-device-campaign/target/v1-benchmarks/input-to-proof/mac-chrome-multithread-16/oprf_o2__mac_chrome__circom_groth16__cold_local.json,cold_local,1558.24
input-to-proof-v1-mac-multithread-16-20260812,oprf_o2__mac_chrome__circom_groth16__warm_reuse-0,2026-08-12T12:40:53.679Z,macbook_m4,MacBook Pro (Apple M4 Max),26.6.1 (25G76),arm64,browser_wasm,Google Chrome 151.0.7922.138,oprf_nullifier,O2-world-id-nullifier,85aeeef539961cae5a63de794997b507a5975717,circom_groth16,circom,snarkjs-groth16-browser-wasm-workers,circom-witness-wasm,warmup,0,ok,0,125.645,1402.39,5.865,1528.385,3240.375,724,39203507,38279392,39203507,,input-to-proof-v1-multithread,85aeeef539961cae5a63de794997b507a5975717,"{""circom"":""2.2.2"",""snarkjs"":""0.7.6"",""execution_policy"":""workers""};execution_policy=multithread;threads_requested=16;threads_effective=16;witness_backend=circom_runtime_wasm_single;prover_backend=snarkjs_0.7.6_browser_wasm_workers","{""raw_evidence_sha256"":""2500e41a9f45d6766e869a523777d6c29fe4f8bc060382fb89edbbb05c85ebc4""}",,"Matched O2 profile: World ID nullifier statement and frozen semantic inputs, including the same public nullifier. Browser execution policy: multithread; requested threads=16, effective threads=16; witness generation remains circom_runtime_wasm_single, prover backend=snarkjs_0.7.6_browser_wasm_workers.",,,/Users/dcbuilder/Code/world/.worktrees/provekit-v1-cross-device-campaign/target/v1-benchmarks/input-to-proof/mac-chrome-multithread-16/oprf_o2__mac_chrome__circom_groth16__warm_reuse.json,warm_reuse,1528.385
input-to-proof-v1-mac-multithread-16-20260812,oprf_o2__mac_chrome__circom_groth16__warm_reuse-1,2026-08-12T12:40:53.679Z,macbook_m4,MacBook Pro (Apple M4 Max),26.6.1 (25G76),arm64,browser_wasm,Google Chrome 151.0.7922.138,oprf_nullifier,O2-world-id-nullifier,85aeeef539961cae5a63de794997b507a5975717,circom_groth16,circom,snarkjs-groth16-browser-wasm-workers,circom-witness-wasm,measured,1,ok,0,126.58,1359.86,5.83,1486.95,3240.375,724,39203507,38279392,39203507,,input-to-proof-v1-multithread,85aeeef539961cae5a63de794997b507a5975717,"{""circom"":""2.2.2"",""snarkjs"":""0.7.6"",""execution_policy"":""workers""};execution_policy=multithread;threads_requested=16;threads_effective=16;witness_backend=circom_runtime_wasm_single;prover_backend=snarkjs_0.7.6_browser_wasm_workers","{""raw_evidence_sha256"":""2500e41a9f45d6766e869a523777d6c29fe4f8bc060382fb89edbbb05c85ebc4""}",,"Matched O2 profile: World ID nullifier statement and frozen semantic inputs, including the same public nullifier. Browser execution policy: multithread; requested threads=16, effective threads=16; witness generation remains circom_runtime_wasm_single, prover backend=snarkjs_0.7.6_browser_wasm_workers.",,,/Users/dcbuilder/Code/world/.worktrees/provekit-v1-cross-device-campaign/target/v1-benchmarks/input-to-proof/mac-chrome-multithread-16/oprf_o2__mac_chrome__circom_groth16__warm_reuse.json,warm_reuse,1486.95
input-to-proof-v1-mac-multithread-16-20260812,oprf_o2__mac_chrome__circom_groth16__warm_reuse-2,2026-08-12T12:40:53.679Z,macbook_m4,MacBook Pro (Apple M4 Max),26.6.1 (25G76),arm64,browser_wasm,Google Chrome 151.0.7922.138,oprf_nullifier,O2-world-id-nullifier,85aeeef539961cae5a63de794997b507a5975717,circom_groth16,circom,snarkjs-groth16-browser-wasm-workers,circom-witness-wasm,measured,2,ok,0,125.71,1353,5.775,1479.255,3240.375,726,39203507,38279392,39203507,,input-to-proof-v1-multithread,85aeeef539961cae5a63de794997b507a5975717,"{""circom"":""2.2.2"",""snarkjs"":""0.7.6"",""execution_policy"":""workers""};execution_policy=multithread;threads_requested=16;threads_effective=16;witness_backend=circom_runtime_wasm_single;prover_backend=snarkjs_0.7.6_browser_wasm_workers","{""raw_evidence_sha256"":""2500e41a9f45d6766e869a523777d6c29fe4f8bc060382fb89edbbb05c85ebc4""}",,"Matched O2 profile: World ID nullifier statement and frozen semantic inputs, including the same public nullifier. Browser execution policy: multithread; requested threads=16, effective threads=16; witness generation remains circom_runtime_wasm_single, prover backend=snarkjs_0.7.6_browser_wasm_workers.",,,/Users/dcbuilder/Code/world/.worktrees/provekit-v1-cross-device-campaign/target/v1-benchmarks/input-to-proof/mac-chrome-multithread-16/oprf_o2__mac_chrome__circom_groth16__warm_reuse.json,warm_reuse,1479.255
input-to-proof-v1-mac-multithread-16-20260812,oprf_o2__mac_chrome__circom_groth16__warm_reuse-3,2026-08-12T12:40:53.679Z,macbook_m4,MacBook Pro (Apple M4 Max),26.6.1 (25G76),arm64,browser_wasm,Google Chrome 151.0.7922.138,oprf_nullifier,O2-world-id-nullifier,85aeeef539961cae5a63de794997b507a5975717,circom_groth16,circom,snarkjs-groth16-browser-wasm-workers,circom-witness-wasm,measured,3,ok,0,126.835,1361.78,5.76,1489.14,3240.375,724,39203507,38279392,39203507,,input-to-proof-v1-multithread,85aeeef539961cae5a63de794997b507a5975717,"{""circom"":""2.2.2"",""snarkjs"":""0.7.6"",""execution_policy"":""workers""};execution_policy=multithread;threads_requested=16;threads_effective=16;witness_backend=circom_runtime_wasm_single;prover_backend=snarkjs_0.7.6_browser_wasm_workers","{""raw_evidence_sha256"":""2500e41a9f45d6766e869a523777d6c29fe4f8bc060382fb89edbbb05c85ebc4""}",,"Matched O2 profile: World ID nullifier statement and frozen semantic inputs, including the same public nullifier. Browser execution policy: multithread; requested threads=16, effective threads=16; witness generation remains circom_runtime_wasm_single, prover backend=snarkjs_0.7.6_browser_wasm_workers.",,,/Users/dcbuilder/Code/world/.worktrees/provekit-v1-cross-device-campaign/target/v1-benchmarks/input-to-proof/mac-chrome-multithread-16/oprf_o2__mac_chrome__circom_groth16__warm_reuse.json,warm_reuse,1489.14
input-to-proof-v1-mac-multithread-16-20260812,oprf_o2__mac_chrome__circom_groth16__warm_reuse-4,2026-08-12T12:40:53.679Z,macbook_m4,MacBook Pro (Apple M4 Max),26.6.1 (25G76),arm64,browser_wasm,Google Chrome 151.0.7922.138,oprf_nullifier,O2-world-id-nullifier,85aeeef539961cae5a63de794997b507a5975717,circom_groth16,circom,snarkjs-groth16-browser-wasm-workers,circom-witness-wasm,measured,4,ok,0,124.985,1369.025,6.115,1494.575,3240.375,725,39203507,38279392,39203507,,input-to-proof-v1-multithread,85aeeef539961cae5a63de794997b507a5975717,"{""circom"":""2.2.2"",""snarkjs"":""0.7.6"",""execution_policy"":""workers""};execution_policy=multithread;threads_requested=16;threads_effective=16;witness_backend=circom_runtime_wasm_single;prover_backend=snarkjs_0.7.6_browser_wasm_workers","{""raw_evidence_sha256"":""2500e41a9f45d6766e869a523777d6c29fe4f8bc060382fb89edbbb05c85ebc4""}",,"Matched O2 profile: World ID nullifier statement and frozen semantic inputs, including the same public nullifier. Browser execution policy: multithread; requested threads=16, effective threads=16; witness generation remains circom_runtime_wasm_single, prover backend=snarkjs_0.7.6_browser_wasm_workers.",,,/Users/dcbuilder/Code/world/.worktrees/provekit-v1-cross-device-campaign/target/v1-benchmarks/input-to-proof/mac-chrome-multithread-16/oprf_o2__mac_chrome__circom_groth16__warm_reuse.json,warm_reuse,1494.575
input-to-proof-v1-mac-multithread-16-20260812,oprf_o2__mac_chrome__circom_groth16__warm_reuse-5,2026-08-12T12:40:53.679Z,macbook_m4,MacBook Pro (Apple M4 Max),26.6.1 (25G76),arm64,browser_wasm,Google Chrome 151.0.7922.138,oprf_nullifier,O2-world-id-nullifier,85aeeef539961cae5a63de794997b507a5975717,circom_groth16,circom,snarkjs-groth16-browser-wasm-workers,circom-witness-wasm,measured,5,ok,0,128,1336.785,5.745,1465.28,3240.375,719,39203507,38279392,39203507,,input-to-proof-v1-multithread,85aeeef539961cae5a63de794997b507a5975717,"{""circom"":""2.2.2"",""snarkjs"":""0.7.6"",""execution_policy"":""workers""};execution_policy=multithread;threads_requested=16;threads_effective=16;witness_backend=circom_runtime_wasm_single;prover_backend=snarkjs_0.7.6_browser_wasm_workers","{""raw_evidence_sha256"":""2500e41a9f45d6766e869a523777d6c29fe4f8bc060382fb89edbbb05c85ebc4""}",,"Matched O2 profile: World ID nullifier statement and frozen semantic inputs, including the same public nullifier. Browser execution policy: multithread; requested threads=16, effective threads=16; witness generation remains circom_runtime_wasm_single, prover backend=snarkjs_0.7.6_browser_wasm_workers.",,,/Users/dcbuilder/Code/world/.worktrees/provekit-v1-cross-device-campaign/target/v1-benchmarks/input-to-proof/mac-chrome-multithread-16/oprf_o2__mac_chrome__circom_groth16__warm_reuse.json,warm_reuse,1465.28
input-to-proof-v1-mac-multithread-16-20260812,webauthn_closest_analogue__mac_chrome__provekit_v1__cold_local-0,2026-08-12T12:41:31.005Z,macbook_m4,MacBook Pro (Apple M4 Max),26.6.1 (25G76),arm64,browser_wasm,Google Chrome 151.0.7922.138,webauthn,closest-analogue,0fb5b4aa1398281c2fd3dbe14db147e05b61f201,provekit_v1,noir,provekit-v1-whir-wasm-workers,@noir-lang/noir_js@1.0.0-beta.11,warmup,0,ok,1616.809999998659,1637.0100000016391,1810.684999998659,88.18999999947846,5064.504999998957,972.234375,975568,2271295,2263464,15906430,389181,input-to-proof-v1-multithread,9b2a6f37c67691eab4b0cec6c35e35c520e93285,"{""provekit"":""9b2a6f37c67691eab4b0cec6c35e35c520e93285"",""noir_js"":""1.0.0-beta.11"",""execution_policy"":""workers""};execution_policy=multithread;threads_requested=16;threads_effective=16;witness_backend=single;prover_backend=provekit_v1_branch_9b2a6f_wasm_rayon_threaded","{""raw_evidence_sha256"":""995bd237c7b4feba72ffc9f7a2a1b69c81bfbbc8990ad1435f479df0a47d7b3e""}",,"Closest analogue, not equivalent: Noir binds challenge, type, origin, RP-ID hash, flags, and public key; the Circom counterpart omits several bindings. Browser execution policy: multithread; requested threads=16, effective threads=16; witness generation remains single, prover backend=provekit_v1_branch_9b2a6f_wasm_rayon_threaded.",,,/Users/dcbuilder/Code/world/.worktrees/provekit-v1-cross-device-campaign/target/v1-benchmarks/input-to-proof/mac-chrome-multithread-16/webauthn_closest_analogue__mac_chrome__provekit_v1__cold_local.json,cold_local,5064.504999998957
input-to-proof-v1-mac-multithread-16-20260812,webauthn_closest_analogue__mac_chrome__provekit_v1__cold_local-1,2026-08-12T12:41:31.005Z,macbook_m4,MacBook Pro (Apple M4 Max),26.6.1 (25G76),arm64,browser_wasm,Google Chrome 151.0.7922.138,webauthn,closest-analogue,0fb5b4aa1398281c2fd3dbe14db147e05b61f201,provekit_v1,noir,provekit-v1-whir-wasm-workers,@noir-lang/noir_js@1.0.0-beta.11,measured,1,ok,1625.339999999851,1645.684999998659,1764.335000000894,83.01500000059605,5035.359999999404,966.484375,969336,2271295,2263464,15906430,389181,input-to-proof-v1-multithread,9b2a6f37c67691eab4b0cec6c35e35c520e93285,"{""provekit"":""9b2a6f37c67691eab4b0cec6c35e35c520e93285"",""noir_js"":""1.0.0-beta.11"",""execution_policy"":""workers""};execution_policy=multithread;threads_requested=16;threads_effective=16;witness_backend=single;prover_backend=provekit_v1_branch_9b2a6f_wasm_rayon_threaded","{""raw_evidence_sha256"":""995bd237c7b4feba72ffc9f7a2a1b69c81bfbbc8990ad1435f479df0a47d7b3e""}",,"Closest analogue, not equivalent: Noir binds challenge, type, origin, RP-ID hash, flags, and public key; the Circom counterpart omits several bindings. Browser execution policy: multithread; requested threads=16, effective threads=16; witness generation remains single, prover backend=provekit_v1_branch_9b2a6f_wasm_rayon_threaded.",,,/Users/dcbuilder/Code/world/.worktrees/provekit-v1-cross-device-campaign/target/v1-benchmarks/input-to-proof/mac-chrome-multithread-16/webauthn_closest_analogue__mac_chrome__provekit_v1__cold_local.json,cold_local,5035.359999999404
input-to-proof-v1-mac-multithread-16-20260812,webauthn_closest_analogue__mac_chrome__provekit_v1__cold_local-2,2026-08-12T12:41:31.005Z,macbook_m4,MacBook Pro (Apple M4 Max),26.6.1 (25G76),arm64,browser_wasm,Google Chrome 151.0.7922.138,webauthn,closest-analogue,0fb5b4aa1398281c2fd3dbe14db147e05b61f201,provekit_v1,noir,provekit-v1-whir-wasm-workers,@noir-lang/noir_js@1.0.0-beta.11,measured,2,ok,1624.2799999993294,1640.5400000009686,1824.894999999553,85.48000000044703,5089.714999999851,969.21875,973092,2271295,2263464,15906430,389181,input-to-proof-v1-multithread,9b2a6f37c67691eab4b0cec6c35e35c520e93285,"{""provekit"":""9b2a6f37c67691eab4b0cec6c35e35c520e93285"",""noir_js"":""1.0.0-beta.11"",""execution_policy"":""workers""};execution_policy=multithread;threads_requested=16;threads_effective=16;witness_backend=single;prover_backend=provekit_v1_branch_9b2a6f_wasm_rayon_threaded","{""raw_evidence_sha256"":""995bd237c7b4feba72ffc9f7a2a1b69c81bfbbc8990ad1435f479df0a47d7b3e""}",,"Closest analogue, not equivalent: Noir binds challenge, type, origin, RP-ID hash, flags, and public key; the Circom counterpart omits several bindings. Browser execution policy: multithread; requested threads=16, effective threads=16; witness generation remains single, prover backend=provekit_v1_branch_9b2a6f_wasm_rayon_threaded.",,,/Users/dcbuilder/Code/world/.worktrees/provekit-v1-cross-device-campaign/target/v1-benchmarks/input-to-proof/mac-chrome-multithread-16/webauthn_closest_analogue__mac_chrome__provekit_v1__cold_local.json,cold_local,5089.714999999851
input-to-proof-v1-mac-multithread-16-20260812,webauthn_closest_analogue__mac_chrome__provekit_v1__cold_local-3,2026-08-12T12:41:31.005Z,macbook_m4,MacBook Pro (Apple M4 Max),26.6.1 (25G76),arm64,browser_wasm,Google Chrome 151.0.7922.138,webauthn,closest-analogue,0fb5b4aa1398281c2fd3dbe14db147e05b61f201,provekit_v1,noir,provekit-v1-whir-wasm-workers,@noir-lang/noir_js@1.0.0-beta.11,measured,3,ok,1610.9700000006706,1636.7649999987334,1841.6000000014901,88.2350000012666,5089.335000000894,970.484375,973604,2271295,2263464,15906430,389181,input-to-proof-v1-multithread,9b2a6f37c67691eab4b0cec6c35e35c520e93285,"{""provekit"":""9b2a6f37c67691eab4b0cec6c35e35c520e93285"",""noir_js"":""1.0.0-beta.11"",""execution_policy"":""workers""};execution_policy=multithread;threads_requested=16;threads_effective=16;witness_backend=single;prover_backend=provekit_v1_branch_9b2a6f_wasm_rayon_threaded","{""raw_evidence_sha256"":""995bd237c7b4feba72ffc9f7a2a1b69c81bfbbc8990ad1435f479df0a47d7b3e""}",,"Closest analogue, not equivalent: Noir binds challenge, type, origin, RP-ID hash, flags, and public key; the Circom counterpart omits several bindings. Browser execution policy: multithread; requested threads=16, effective threads=16; witness generation remains single, prover backend=provekit_v1_branch_9b2a6f_wasm_rayon_threaded.",,,/Users/dcbuilder/Code/world/.worktrees/provekit-v1-cross-device-campaign/target/v1-benchmarks/input-to-proof/mac-chrome-multithread-16/webauthn_closest_analogue__mac_chrome__provekit_v1__cold_local.json,cold_local,5089.335000000894
input-to-proof-v1-mac-multithread-16-20260812,webauthn_closest_analogue__mac_chrome__provekit_v1__cold_local-4,2026-08-12T12:41:31.005Z,macbook_m4,MacBook Pro (Apple M4 Max),26.6.1 (25G76),arm64,browser_wasm,Google Chrome 151.0.7922.138,webauthn,closest-analogue,0fb5b4aa1398281c2fd3dbe14db147e05b61f201,provekit_v1,noir,provekit-v1-whir-wasm-workers,@noir-lang/noir_js@1.0.0-beta.11,measured,4,ok,1614.519999999553,1652.5,1762.0499999988824,83.30499999970198,5029.069999998435,970.859375,972708,2271295,2263464,15906430,389181,input-to-proof-v1-multithread,9b2a6f37c67691eab4b0cec6c35e35c520e93285,"{""provekit"":""9b2a6f37c67691eab4b0cec6c35e35c520e93285"",""noir_js"":""1.0.0-beta.11"",""execution_policy"":""workers""};execution_policy=multithread;threads_requested=16;threads_effective=16;witness_backend=single;prover_backend=provekit_v1_branch_9b2a6f_wasm_rayon_threaded","{""raw_evidence_sha256"":""995bd237c7b4feba72ffc9f7a2a1b69c81bfbbc8990ad1435f479df0a47d7b3e""}",,"Closest analogue, not equivalent: Noir binds challenge, type, origin, RP-ID hash, flags, and public key; the Circom counterpart omits several bindings. Browser execution policy: multithread; requested threads=16, effective threads=16; witness generation remains single, prover backend=provekit_v1_branch_9b2a6f_wasm_rayon_threaded.",,,/Users/dcbuilder/Code/world/.worktrees/provekit-v1-cross-device-campaign/target/v1-benchmarks/input-to-proof/mac-chrome-multithread-16/webauthn_closest_analogue__mac_chrome__provekit_v1__cold_local.json,cold_local,5029.069999998435
input-to-proof-v1-mac-multithread-16-20260812,webauthn_closest_analogue__mac_chrome__provekit_v1__cold_local-5,2026-08-12T12:41:31.005Z,macbook_m4,MacBook Pro (Apple M4 Max),26.6.1 (25G76),arm64,browser_wasm,Google Chrome 151.0.7922.138,webauthn,closest-analogue,0fb5b4aa1398281c2fd3dbe14db147e05b61f201,provekit_v1,noir,provekit-v1-whir-wasm-workers,@noir-lang/noir_js@1.0.0-beta.11,measured,5,ok,1607.535000000149,1635.164999999106,1840.355000000447,84.55499999970198,5083.054999999702,965.53125,972664,2271295,2263464,15906430,389181,input-to-proof-v1-multithread,9b2a6f37c67691eab4b0cec6c35e35c520e93285,"{""provekit"":""9b2a6f37c67691eab4b0cec6c35e35c520e93285"",""noir_js"":""1.0.0-beta.11"",""execution_policy"":""workers""};execution_policy=multithread;threads_requested=16;threads_effective=16;witness_backend=single;prover_backend=provekit_v1_branch_9b2a6f_wasm_rayon_threaded","{""raw_evidence_sha256"":""995bd237c7b4feba72ffc9f7a2a1b69c81bfbbc8990ad1435f479df0a47d7b3e""}",,"Closest analogue, not equivalent: Noir binds challenge, type, origin, RP-ID hash, flags, and public key; the Circom counterpart omits several bindings. Browser execution policy: multithread; requested threads=16, effective threads=16; witness generation remains single, prover backend=provekit_v1_branch_9b2a6f_wasm_rayon_threaded.",,,/Users/dcbuilder/Code/world/.worktrees/provekit-v1-cross-device-campaign/target/v1-benchmarks/input-to-proof/mac-chrome-multithread-16/webauthn_closest_analogue__mac_chrome__provekit_v1__cold_local.json,cold_local,5083.054999999702
input-to-proof-v1-mac-multithread-16-20260812,webauthn_closest_analogue__mac_chrome__provekit_v1__warm_reuse-0,2026-08-12T12:42:16.679Z,macbook_m4,MacBook Pro (Apple M4 Max),26.6.1 (25G76),arm64,browser_wasm,Google Chrome 151.0.7922.138,webauthn,closest-analogue,0fb5b4aa1398281c2fd3dbe14db147e05b61f201,provekit_v1,noir,provekit-v1-whir-wasm-workers,@noir-lang/noir_js@1.0.0-beta.11,warmup,0,ok,597.4350000005215,1611.844999998808,1764.6850000005215,80.91000000014901,3973.964999999851,1057.625,976720,2271295,2263464,15906430,389181,input-to-proof-v1-multithread,9b2a6f37c67691eab4b0cec6c35e35c520e93285,"{""provekit"":""9b2a6f37c67691eab4b0cec6c35e35c520e93285"",""noir_js"":""1.0.0-beta.11"",""execution_policy"":""workers""};execution_policy=multithread;threads_requested=16;threads_effective=16;witness_backend=single;prover_backend=provekit_v1_branch_9b2a6f_wasm_rayon_threaded","{""raw_evidence_sha256"":""74544fb047cc5ed171ec2d751c5d2cf688c1e4651959e33f448eb1d8978c4d33""}",,"Closest analogue, not equivalent: Noir binds challenge, type, origin, RP-ID hash, flags, and public key; the Circom counterpart omits several bindings. Browser execution policy: multithread; requested threads=16, effective threads=16; witness generation remains single, prover backend=provekit_v1_branch_9b2a6f_wasm_rayon_threaded.",,,/Users/dcbuilder/Code/world/.worktrees/provekit-v1-cross-device-campaign/target/v1-benchmarks/input-to-proof/mac-chrome-multithread-16/webauthn_closest_analogue__mac_chrome__provekit_v1__warm_reuse.json,warm_reuse,3973.964999999851
input-to-proof-v1-mac-multithread-16-20260812,webauthn_closest_analogue__mac_chrome__provekit_v1__warm_reuse-1,2026-08-12T12:42:16.679Z,macbook_m4,MacBook Pro (Apple M4 Max),26.6.1 (25G76),arm64,browser_wasm,Google Chrome 151.0.7922.138,webauthn,closest-analogue,0fb5b4aa1398281c2fd3dbe14db147e05b61f201,provekit_v1,noir,provekit-v1-whir-wasm-workers,@noir-lang/noir_js@1.0.0-beta.11,measured,1,ok,594.089999999851,1218.7050000000745,1669.4199999999255,81.71499999985099,3482.214999999851,1057.625,971256,2271295,2263464,15906430,389181,input-to-proof-v1-multithread,9b2a6f37c67691eab4b0cec6c35e35c520e93285,"{""provekit"":""9b2a6f37c67691eab4b0cec6c35e35c520e93285"",""noir_js"":""1.0.0-beta.11"",""execution_policy"":""workers""};execution_policy=multithread;threads_requested=16;threads_effective=16;witness_backend=single;prover_backend=provekit_v1_branch_9b2a6f_wasm_rayon_threaded","{""raw_evidence_sha256"":""74544fb047cc5ed171ec2d751c5d2cf688c1e4651959e33f448eb1d8978c4d33""}",,"Closest analogue, not equivalent: Noir binds challenge, type, origin, RP-ID hash, flags, and public key; the Circom counterpart omits several bindings. Browser execution policy: multithread; requested threads=16, effective threads=16; witness generation remains single, prover backend=provekit_v1_branch_9b2a6f_wasm_rayon_threaded.",,,/Users/dcbuilder/Code/world/.worktrees/provekit-v1-cross-device-campaign/target/v1-benchmarks/input-to-proof/mac-chrome-multithread-16/webauthn_closest_analogue__mac_chrome__provekit_v1__warm_reuse.json,warm_reuse,3482.214999999851
input-to-proof-v1-mac-multithread-16-20260812,webauthn_closest_analogue__mac_chrome__provekit_v1__warm_reuse-2,2026-08-12T12:42:16.679Z,macbook_m4,MacBook Pro (Apple M4 Max),26.6.1 (25G76),arm64,browser_wasm,Google Chrome 151.0.7922.138,webauthn,closest-analogue,0fb5b4aa1398281c2fd3dbe14db147e05b61f201,provekit_v1,noir,provekit-v1-whir-wasm-workers,@noir-lang/noir_js@1.0.0-beta.11,measured,2,ok,592.8300000000745,1223.0499999988824,1678.910000000149,73.68500000052154,3494.7949999999255,1057.625,972112,2271295,2263464,15906430,389181,input-to-proof-v1-multithread,9b2a6f37c67691eab4b0cec6c35e35c520e93285,"{""provekit"":""9b2a6f37c67691eab4b0cec6c35e35c520e93285"",""noir_js"":""1.0.0-beta.11"",""execution_policy"":""workers""};execution_policy=multithread;threads_requested=16;threads_effective=16;witness_backend=single;prover_backend=provekit_v1_branch_9b2a6f_wasm_rayon_threaded","{""raw_evidence_sha256"":""74544fb047cc5ed171ec2d751c5d2cf688c1e4651959e33f448eb1d8978c4d33""}",,"Closest analogue, not equivalent: Noir binds challenge, type, origin, RP-ID hash, flags, and public key; the Circom counterpart omits several bindings. Browser execution policy: multithread; requested threads=16, effective threads=16; witness generation remains single, prover backend=provekit_v1_branch_9b2a6f_wasm_rayon_threaded.",,,/Users/dcbuilder/Code/world/.worktrees/provekit-v1-cross-device-campaign/target/v1-benchmarks/input-to-proof/mac-chrome-multithread-16/webauthn_closest_analogue__mac_chrome__provekit_v1__warm_reuse.json,warm_reuse,3494.7949999999255
input-to-proof-v1-mac-multithread-16-20260812,webauthn_closest_analogue__mac_chrome__provekit_v1__warm_reuse-3,2026-08-12T12:42:16.679Z,macbook_m4,MacBook Pro (Apple M4 Max),26.6.1 (25G76),arm64,browser_wasm,Google Chrome 151.0.7922.138,webauthn,closest-analogue,0fb5b4aa1398281c2fd3dbe14db147e05b61f201,provekit_v1,noir,provekit-v1-whir-wasm-workers,@noir-lang/noir_js@1.0.0-beta.11,measured,3,ok,592.875,1224.1650000009686,1695.5099999997765,73.42999999970198,3512.554999999702,1057.625,972024,2271295,2263464,15906430,389181,input-to-proof-v1-multithread,9b2a6f37c67691eab4b0cec6c35e35c520e93285,"{""provekit"":""9b2a6f37c67691eab4b0cec6c35e35c520e93285"",""noir_js"":""1.0.0-beta.11"",""execution_policy"":""workers""};execution_policy=multithread;threads_requested=16;threads_effective=16;witness_backend=single;prover_backend=provekit_v1_branch_9b2a6f_wasm_rayon_threaded","{""raw_evidence_sha256"":""74544fb047cc5ed171ec2d751c5d2cf688c1e4651959e33f448eb1d8978c4d33""}",,"Closest analogue, not equivalent: Noir binds challenge, type, origin, RP-ID hash, flags, and public key; the Circom counterpart omits several bindings. Browser execution policy: multithread; requested threads=16, effective threads=16; witness generation remains single, prover backend=provekit_v1_branch_9b2a6f_wasm_rayon_threaded.",,,/Users/dcbuilder/Code/world/.worktrees/provekit-v1-cross-device-campaign/target/v1-benchmarks/input-to-proof/mac-chrome-multithread-16/webauthn_closest_analogue__mac_chrome__provekit_v1__warm_reuse.json,warm_reuse,3512.554999999702
input-to-proof-v1-mac-multithread-16-20260812,webauthn_closest_analogue__mac_chrome__provekit_v1__warm_reuse-4,2026-08-12T12:42:16.679Z,macbook_m4,MacBook Pro (Apple M4 Max),26.6.1 (25G76),arm64,browser_wasm,Google Chrome 151.0.7922.138,webauthn,closest-analogue,0fb5b4aa1398281c2fd3dbe14db147e05b61f201,provekit_v1,noir,provekit-v1-whir-wasm-workers,@noir-lang/noir_js@1.0.0-beta.11,measured,4,ok,602.2899999991059,1220.445000000298,1658.9000000003725,73.1699999999255,3481.6349999997765,1057.625,972240,2271295,2263464,15906430,389181,input-to-proof-v1-multithread,9b2a6f37c67691eab4b0cec6c35e35c520e93285,"{""provekit"":""9b2a6f37c67691eab4b0cec6c35e35c520e93285"",""noir_js"":""1.0.0-beta.11"",""execution_policy"":""workers""};execution_policy=multithread;threads_requested=16;threads_effective=16;witness_backend=single;prover_backend=provekit_v1_branch_9b2a6f_wasm_rayon_threaded","{""raw_evidence_sha256"":""74544fb047cc5ed171ec2d751c5d2cf688c1e4651959e33f448eb1d8978c4d33""}",,"Closest analogue, not equivalent: Noir binds challenge, type, origin, RP-ID hash, flags, and public key; the Circom counterpart omits several bindings. Browser execution policy: multithread; requested threads=16, effective threads=16; witness generation remains single, prover backend=provekit_v1_branch_9b2a6f_wasm_rayon_threaded.",,,/Users/dcbuilder/Code/world/.worktrees/provekit-v1-cross-device-campaign/target/v1-benchmarks/input-to-proof/mac-chrome-multithread-16/webauthn_closest_analogue__mac_chrome__provekit_v1__warm_reuse.json,warm_reuse,3481.6349999997765
input-to-proof-v1-mac-multithread-16-20260812,webauthn_closest_analogue__mac_chrome__provekit_v1__warm_reuse-5,2026-08-12T12:42:16.679Z,macbook_m4,MacBook Pro (Apple M4 Max),26.6.1 (25G76),arm64,browser_wasm,Google Chrome 151.0.7922.138,webauthn,closest-analogue,0fb5b4aa1398281c2fd3dbe14db147e05b61f201,provekit_v1,noir,provekit-v1-whir-wasm-workers,@noir-lang/noir_js@1.0.0-beta.11,measured,5,ok,606.5800000000745,1229.515000000596,1702.125,73.20999999903142,3538.2249999996275,1057.625,975096,2271295,2263464,15906430,389181,input-to-proof-v1-multithread,9b2a6f37c67691eab4b0cec6c35e35c520e93285,"{""provekit"":""9b2a6f37c67691eab4b0cec6c35e35c520e93285"",""noir_js"":""1.0.0-beta.11"",""execution_policy"":""workers""};execution_policy=multithread;threads_requested=16;threads_effective=16;witness_backend=single;prover_backend=provekit_v1_branch_9b2a6f_wasm_rayon_threaded","{""raw_evidence_sha256"":""74544fb047cc5ed171ec2d751c5d2cf688c1e4651959e33f448eb1d8978c4d33""}",,"Closest analogue, not equivalent: Noir binds challenge, type, origin, RP-ID hash, flags, and public key; the Circom counterpart omits several bindings. Browser execution policy: multithread; requested threads=16, effective threads=16; witness generation remains single, prover backend=provekit_v1_branch_9b2a6f_wasm_rayon_threaded.",,,/Users/dcbuilder/Code/world/.worktrees/provekit-v1-cross-device-campaign/target/v1-benchmarks/input-to-proof/mac-chrome-multithread-16/webauthn_closest_analogue__mac_chrome__provekit_v1__warm_reuse.json,warm_reuse,3538.2249999996275
input-to-proof-v1-mac-multithread-16-20260812,webauthn_closest_analogue__mac_chrome__noir_barretenberg__cold_local-0,2026-08-12T12:43:04.467Z,macbook_m4,MacBook Pro (Apple M4 Max),26.6.1 (25G76),arm64,browser_wasm,Google Chrome 151.0.7922.138,webauthn,closest-analogue,0fb5b4aa1398281c2fd3dbe14db147e05b61f201,noir_barretenberg,noir,barretenberg-ultrahonk-wasm-workers,@noir-lang/noir_js@1.0.0-beta.19,warmup,0,ok,2310.06,1291.51,2047.705,635.2,5649.275,1415.90625,16000,74003114,73995283,74003114,,input-to-proof-v1-multithread,0fb5b4aa1398281c2fd3dbe14db147e05b61f201,"{""bb_js"":""4.2.0-aztecnr-rc.2"",""noir_js"":""1.0.0-beta.19"",""execution_policy"":""workers""};execution_policy=multithread;threads_requested=32;threads_effective=16;witness_backend=single;prover_backend=barretenberg_4.2.0-aztecnr-rc.2_wasm_workers","{""raw_evidence_sha256"":""581689ddf484bbf164d6b68cc6a8102c774d66051094c028ab5f0d365bdbe8b7""}",,"Closest analogue, not equivalent: Noir binds challenge, type, origin, RP-ID hash, flags, and public key; the Circom counterpart omits several bindings. Browser execution policy: multithread; requested threads=32, effective threads=16; witness generation remains single, prover backend=barretenberg_4.2.0-aztecnr-rc.2_wasm_workers.",,,/Users/dcbuilder/Code/world/.worktrees/provekit-v1-cross-device-campaign/target/v1-benchmarks/input-to-proof/mac-chrome-multithread-16/webauthn_closest_analogue__mac_chrome__noir_barretenberg__cold_local.json,cold_local,5649.275
input-to-proof-v1-mac-multithread-16-20260812,webauthn_closest_analogue__mac_chrome__noir_barretenberg__cold_local-1,2026-08-12T12:43:04.467Z,macbook_m4,MacBook Pro (Apple M4 Max),26.6.1 (25G76),arm64,browser_wasm,Google Chrome 151.0.7922.138,webauthn,closest-analogue,0fb5b4aa1398281c2fd3dbe14db147e05b61f201,noir_barretenberg,noir,barretenberg-ultrahonk-wasm-workers,@noir-lang/noir_js@1.0.0-beta.19,measured,1,ok,2363.25,1290.04,2062.965,635.955,5716.255,1416.578125,16000,74003114,73995283,74003114,,input-to-proof-v1-multithread,0fb5b4aa1398281c2fd3dbe14db147e05b61f201,"{""bb_js"":""4.2.0-aztecnr-rc.2"",""noir_js"":""1.0.0-beta.19"",""execution_policy"":""workers""};execution_policy=multithread;threads_requested=32;threads_effective=16;witness_backend=single;prover_backend=barretenberg_4.2.0-aztecnr-rc.2_wasm_workers","{""raw_evidence_sha256"":""581689ddf484bbf164d6b68cc6a8102c774d66051094c028ab5f0d365bdbe8b7""}",,"Closest analogue, not equivalent: Noir binds challenge, type, origin, RP-ID hash, flags, and public key; the Circom counterpart omits several bindings. Browser execution policy: multithread; requested threads=32, effective threads=16; witness generation remains single, prover backend=barretenberg_4.2.0-aztecnr-rc.2_wasm_workers.",,,/Users/dcbuilder/Code/world/.worktrees/provekit-v1-cross-device-campaign/target/v1-benchmarks/input-to-proof/mac-chrome-multithread-16/webauthn_closest_analogue__mac_chrome__noir_barretenberg__cold_local.json,cold_local,5716.255
input-to-proof-v1-mac-multithread-16-20260812,webauthn_closest_analogue__mac_chrome__noir_barretenberg__cold_local-2,2026-08-12T12:43:04.467Z,macbook_m4,MacBook Pro (Apple M4 Max),26.6.1 (25G76),arm64,browser_wasm,Google Chrome 151.0.7922.138,webauthn,closest-analogue,0fb5b4aa1398281c2fd3dbe14db147e05b61f201,noir_barretenberg,noir,barretenberg-ultrahonk-wasm-workers,@noir-lang/noir_js@1.0.0-beta.19,measured,2,ok,2282.265,1283.095,2083.845,637.12,5649.205,1416.109375,16000,74003114,73995283,74003114,,input-to-proof-v1-multithread,0fb5b4aa1398281c2fd3dbe14db147e05b61f201,"{""bb_js"":""4.2.0-aztecnr-rc.2"",""noir_js"":""1.0.0-beta.19"",""execution_policy"":""workers""};execution_policy=multithread;threads_requested=32;threads_effective=16;witness_backend=single;prover_backend=barretenberg_4.2.0-aztecnr-rc.2_wasm_workers","{""raw_evidence_sha256"":""581689ddf484bbf164d6b68cc6a8102c774d66051094c028ab5f0d365bdbe8b7""}",,"Closest analogue, not equivalent: Noir binds challenge, type, origin, RP-ID hash, flags, and public key; the Circom counterpart omits several bindings. Browser execution policy: multithread; requested threads=32, effective threads=16; witness generation remains single, prover backend=barretenberg_4.2.0-aztecnr-rc.2_wasm_workers.",,,/Users/dcbuilder/Code/world/.worktrees/provekit-v1-cross-device-campaign/target/v1-benchmarks/input-to-proof/mac-chrome-multithread-16/webauthn_closest_analogue__mac_chrome__noir_barretenberg__cold_local.json,cold_local,5649.205
input-to-proof-v1-mac-multithread-16-20260812,webauthn_closest_analogue__mac_chrome__noir_barretenberg__cold_local-3,2026-08-12T12:43:04.467Z,macbook_m4,MacBook Pro (Apple M4 Max),26.6.1 (25G76),arm64,browser_wasm,Google Chrome 151.0.7922.138,webauthn,closest-analogue,0fb5b4aa1398281c2fd3dbe14db147e05b61f201,noir_barretenberg,noir,barretenberg-ultrahonk-wasm-workers,@noir-lang/noir_js@1.0.0-beta.19,measured,3,ok,2092.845,1278.405,2095.845,679.85,5467.095,1441.609375,16000,74003114,73995283,74003114,,input-to-proof-v1-multithread,0fb5b4aa1398281c2fd3dbe14db147e05b61f201,"{""bb_js"":""4.2.0-aztecnr-rc.2"",""noir_js"":""1.0.0-beta.19"",""execution_policy"":""workers""};execution_policy=multithread;threads_requested=32;threads_effective=16;witness_backend=single;prover_backend=barretenberg_4.2.0-aztecnr-rc.2_wasm_workers","{""raw_evidence_sha256"":""581689ddf484bbf164d6b68cc6a8102c774d66051094c028ab5f0d365bdbe8b7""}",,"Closest analogue, not equivalent: Noir binds challenge, type, origin, RP-ID hash, flags, and public key; the Circom counterpart omits several bindings. Browser execution policy: multithread; requested threads=32, effective threads=16; witness generation remains single, prover backend=barretenberg_4.2.0-aztecnr-rc.2_wasm_workers.",,,/Users/dcbuilder/Code/world/.worktrees/provekit-v1-cross-device-campaign/target/v1-benchmarks/input-to-proof/mac-chrome-multithread-16/webauthn_closest_analogue__mac_chrome__noir_barretenberg__cold_local.json,cold_local,5467.095
input-to-proof-v1-mac-multithread-16-20260812,webauthn_closest_analogue__mac_chrome__noir_barretenberg__cold_local-4,2026-08-12T12:43:04.467Z,macbook_m4,MacBook Pro (Apple M4 Max),26.6.1 (25G76),arm64,browser_wasm,Google Chrome 151.0.7922.138,webauthn,closest-analogue,0fb5b4aa1398281c2fd3dbe14db147e05b61f201,noir_barretenberg,noir,barretenberg-ultrahonk-wasm-workers,@noir-lang/noir_js@1.0.0-beta.19,measured,4,ok,2149.255,1277.985,2071.745,639.71,5498.985,1414.421875,16000,74003114,73995283,74003114,,input-to-proof-v1-multithread,0fb5b4aa1398281c2fd3dbe14db147e05b61f201,"{""bb_js"":""4.2.0-aztecnr-rc.2"",""noir_js"":""1.0.0-beta.19"",""execution_policy"":""workers""};execution_policy=multithread;threads_requested=32;threads_effective=16;witness_backend=single;prover_backend=barretenberg_4.2.0-aztecnr-rc.2_wasm_workers","{""raw_evidence_sha256"":""581689ddf484bbf164d6b68cc6a8102c774d66051094c028ab5f0d365bdbe8b7""}",,"Closest analogue, not equivalent: Noir binds challenge, type, origin, RP-ID hash, flags, and public key; the Circom counterpart omits several bindings. Browser execution policy: multithread; requested threads=32, effective threads=16; witness generation remains single, prover backend=barretenberg_4.2.0-aztecnr-rc.2_wasm_workers.",,,/Users/dcbuilder/Code/world/.worktrees/provekit-v1-cross-device-campaign/target/v1-benchmarks/input-to-proof/mac-chrome-multithread-16/webauthn_closest_analogue__mac_chrome__noir_barretenberg__cold_local.json,cold_local,5498.985
input-to-proof-v1-mac-multithread-16-20260812,webauthn_closest_analogue__mac_chrome__noir_barretenberg__cold_local-5,2026-08-12T12:43:04.467Z,macbook_m4,MacBook Pro (Apple M4 Max),26.6.1 (25G76),arm64,browser_wasm,Google Chrome 151.0.7922.138,webauthn,closest-analogue,0fb5b4aa1398281c2fd3dbe14db147e05b61f201,noir_barretenberg,noir,barretenberg-ultrahonk-wasm-workers,@noir-lang/noir_js@1.0.0-beta.19,measured,5,ok,2101.3,1273.695,2074.26,633.575,5449.255,1415.890625,16000,74003114,73995283,74003114,,input-to-proof-v1-multithread,0fb5b4aa1398281c2fd3dbe14db147e05b61f201,"{""bb_js"":""4.2.0-aztecnr-rc.2"",""noir_js"":""1.0.0-beta.19"",""execution_policy"":""workers""};execution_policy=multithread;threads_requested=32;threads_effective=16;witness_backend=single;prover_backend=barretenberg_4.2.0-aztecnr-rc.2_wasm_workers","{""raw_evidence_sha256"":""581689ddf484bbf164d6b68cc6a8102c774d66051094c028ab5f0d365bdbe8b7""}",,"Closest analogue, not equivalent: Noir binds challenge, type, origin, RP-ID hash, flags, and public key; the Circom counterpart omits several bindings. Browser execution policy: multithread; requested threads=32, effective threads=16; witness generation remains single, prover backend=barretenberg_4.2.0-aztecnr-rc.2_wasm_workers.",,,/Users/dcbuilder/Code/world/.worktrees/provekit-v1-cross-device-campaign/target/v1-benchmarks/input-to-proof/mac-chrome-multithread-16/webauthn_closest_analogue__mac_chrome__noir_barretenberg__cold_local.json,cold_local,5449.255
input-to-proof-v1-mac-multithread-16-20260812,webauthn_closest_analogue__mac_chrome__noir_barretenberg__warm_reuse-0,2026-08-12T12:43:49.533Z,macbook_m4,MacBook Pro (Apple M4 Max),26.6.1 (25G76),arm64,browser_wasm,Google Chrome 151.0.7922.138,webauthn,closest-analogue,0fb5b4aa1398281c2fd3dbe14db147e05b61f201,noir_barretenberg,noir,barretenberg-ultrahonk-wasm-workers,@noir-lang/noir_js@1.0.0-beta.19,warmup,0,ok,0,1034.07,1801.57,0,2835.67,1928.109375,16000,74003114,73995283,74003114,,input-to-proof-v1-multithread,0fb5b4aa1398281c2fd3dbe14db147e05b61f201,"{""bb_js"":""4.2.0-aztecnr-rc.2"",""noir_js"":""1.0.0-beta.19"",""execution_policy"":""workers""};execution_policy=multithread;threads_requested=32;threads_effective=16;witness_backend=single;prover_backend=barretenberg_4.2.0-aztecnr-rc.2_wasm_workers","{""raw_evidence_sha256"":""82ab2ecbc6126cbe044146be18bd8b705c4fd5896285423ae3a9e49608e1dc54""}",,"Closest analogue, not equivalent: Noir binds challenge, type, origin, RP-ID hash, flags, and public key; the Circom counterpart omits several bindings. Browser execution policy: multithread; requested threads=32, effective threads=16; witness generation remains single, prover backend=barretenberg_4.2.0-aztecnr-rc.2_wasm_workers.",,,/Users/dcbuilder/Code/world/.worktrees/provekit-v1-cross-device-campaign/target/v1-benchmarks/input-to-proof/mac-chrome-multithread-16/webauthn_closest_analogue__mac_chrome__noir_barretenberg__warm_reuse.json,warm_reuse,2835.67
input-to-proof-v1-mac-multithread-16-20260812,webauthn_closest_analogue__mac_chrome__noir_barretenberg__warm_reuse-1,2026-08-12T12:43:49.533Z,macbook_m4,MacBook Pro (Apple M4 Max),26.6.1 (25G76),arm64,browser_wasm,Google Chrome 151.0.7922.138,webauthn,closest-analogue,0fb5b4aa1398281c2fd3dbe14db147e05b61f201,noir_barretenberg,noir,barretenberg-ultrahonk-wasm-workers,@noir-lang/noir_js@1.0.0-beta.19,measured,1,ok,0,1026.735,1780.15,0,2806.915,1928.109375,16000,74003114,73995283,74003114,,input-to-proof-v1-multithread,0fb5b4aa1398281c2fd3dbe14db147e05b61f201,"{""bb_js"":""4.2.0-aztecnr-rc.2"",""noir_js"":""1.0.0-beta.19"",""execution_policy"":""workers""};execution_policy=multithread;threads_requested=32;threads_effective=16;witness_backend=single;prover_backend=barretenberg_4.2.0-aztecnr-rc.2_wasm_workers","{""raw_evidence_sha256"":""82ab2ecbc6126cbe044146be18bd8b705c4fd5896285423ae3a9e49608e1dc54""}",,"Closest analogue, not equivalent: Noir binds challenge, type, origin, RP-ID hash, flags, and public key; the Circom counterpart omits several bindings. Browser execution policy: multithread; requested threads=32, effective threads=16; witness generation remains single, prover backend=barretenberg_4.2.0-aztecnr-rc.2_wasm_workers.",,,/Users/dcbuilder/Code/world/.worktrees/provekit-v1-cross-device-campaign/target/v1-benchmarks/input-to-proof/mac-chrome-multithread-16/webauthn_closest_analogue__mac_chrome__noir_barretenberg__warm_reuse.json,warm_reuse,2806.915
input-to-proof-v1-mac-multithread-16-20260812,webauthn_closest_analogue__mac_chrome__noir_barretenberg__warm_reuse-2,2026-08-12T12:43:49.533Z,macbook_m4,MacBook Pro (Apple M4 Max),26.6.1 (25G76),arm64,browser_wasm,Google Chrome 151.0.7922.138,webauthn,closest-analogue,0fb5b4aa1398281c2fd3dbe14db147e05b61f201,noir_barretenberg,noir,barretenberg-ultrahonk-wasm-workers,@noir-lang/noir_js@1.0.0-beta.19,measured,2,ok,0,1031.615,1799.2,0,2830.845,1928.109375,16000,74003114,73995283,74003114,,input-to-proof-v1-multithread,0fb5b4aa1398281c2fd3dbe14db147e05b61f201,"{""bb_js"":""4.2.0-aztecnr-rc.2"",""noir_js"":""1.0.0-beta.19"",""execution_policy"":""workers""};execution_policy=multithread;threads_requested=32;threads_effective=16;witness_backend=single;prover_backend=barretenberg_4.2.0-aztecnr-rc.2_wasm_workers","{""raw_evidence_sha256"":""82ab2ecbc6126cbe044146be18bd8b705c4fd5896285423ae3a9e49608e1dc54""}",,"Closest analogue, not equivalent: Noir binds challenge, type, origin, RP-ID hash, flags, and public key; the Circom counterpart omits several bindings. Browser execution policy: multithread; requested threads=32, effective threads=16; witness generation remains single, prover backend=barretenberg_4.2.0-aztecnr-rc.2_wasm_workers.",,,/Users/dcbuilder/Code/world/.worktrees/provekit-v1-cross-device-campaign/target/v1-benchmarks/input-to-proof/mac-chrome-multithread-16/webauthn_closest_analogue__mac_chrome__noir_barretenberg__warm_reuse.json,warm_reuse,2830.845
input-to-proof-v1-mac-multithread-16-20260812,webauthn_closest_analogue__mac_chrome__noir_barretenberg__warm_reuse-3,2026-08-12T12:43:49.533Z,macbook_m4,MacBook Pro (Apple M4 Max),26.6.1 (25G76),arm64,browser_wasm,Google Chrome 151.0.7922.138,webauthn,closest-analogue,0fb5b4aa1398281c2fd3dbe14db147e05b61f201,noir_barretenberg,noir,barretenberg-ultrahonk-wasm-workers,@noir-lang/noir_js@1.0.0-beta.19,measured,3,ok,0,1040.36,2184.33,0,3224.73,1928.109375,16000,74003114,73995283,74003114,,input-to-proof-v1-multithread,0fb5b4aa1398281c2fd3dbe14db147e05b61f201,"{""bb_js"":""4.2.0-aztecnr-rc.2"",""noir_js"":""1.0.0-beta.19"",""execution_policy"":""workers""};execution_policy=multithread;threads_requested=32;threads_effective=16;witness_backend=single;prover_backend=barretenberg_4.2.0-aztecnr-rc.2_wasm_workers","{""raw_evidence_sha256"":""82ab2ecbc6126cbe044146be18bd8b705c4fd5896285423ae3a9e49608e1dc54""}",,"Closest analogue, not equivalent: Noir binds challenge, type, origin, RP-ID hash, flags, and public key; the Circom counterpart omits several bindings. Browser execution policy: multithread; requested threads=32, effective threads=16; witness generation remains single, prover backend=barretenberg_4.2.0-aztecnr-rc.2_wasm_workers.",,,/Users/dcbuilder/Code/world/.worktrees/provekit-v1-cross-device-campaign/target/v1-benchmarks/input-to-proof/mac-chrome-multithread-16/webauthn_closest_analogue__mac_chrome__noir_barretenberg__warm_reuse.json,warm_reuse,3224.73
input-to-proof-v1-mac-multithread-16-20260812,webauthn_closest_analogue__mac_chrome__noir_barretenberg__warm_reuse-4,2026-08-12T12:43:49.533Z,macbook_m4,MacBook Pro (Apple M4 Max),26.6.1 (25G76),arm64,browser_wasm,Google Chrome 151.0.7922.138,webauthn,closest-analogue,0fb5b4aa1398281c2fd3dbe14db147e05b61f201,noir_barretenberg,noir,barretenberg-ultrahonk-wasm-workers,@noir-lang/noir_js@1.0.0-beta.19,measured,4,ok,0,1061.88,1884.545,0,2946.455,1928.109375,16000,74003114,73995283,74003114,,input-to-proof-v1-multithread,0fb5b4aa1398281c2fd3dbe14db147e05b61f201,"{""bb_js"":""4.2.0-aztecnr-rc.2"",""noir_js"":""1.0.0-beta.19"",""execution_policy"":""workers""};execution_policy=multithread;threads_requested=32;threads_effective=16;witness_backend=single;prover_backend=barretenberg_4.2.0-aztecnr-rc.2_wasm_workers","{""raw_evidence_sha256"":""82ab2ecbc6126cbe044146be18bd8b705c4fd5896285423ae3a9e49608e1dc54""}",,"Closest analogue, not equivalent: Noir binds challenge, type, origin, RP-ID hash, flags, and public key; the Circom counterpart omits several bindings. Browser execution policy: multithread; requested threads=32, effective threads=16; witness generation remains single, prover backend=barretenberg_4.2.0-aztecnr-rc.2_wasm_workers.",,,/Users/dcbuilder/Code/world/.worktrees/provekit-v1-cross-device-campaign/target/v1-benchmarks/input-to-proof/mac-chrome-multithread-16/webauthn_closest_analogue__mac_chrome__noir_barretenberg__warm_reuse.json,warm_reuse,2946.455
input-to-proof-v1-mac-multithread-16-20260812,webauthn_closest_analogue__mac_chrome__noir_barretenberg__warm_reuse-5,2026-08-12T12:43:49.533Z,macbook_m4,MacBook Pro (Apple M4 Max),26.6.1 (25G76),arm64,browser_wasm,Google Chrome 151.0.7922.138,webauthn,closest-analogue,0fb5b4aa1398281c2fd3dbe14db147e05b61f201,noir_barretenberg,noir,barretenberg-ultrahonk-wasm-workers,@noir-lang/noir_js@1.0.0-beta.19,measured,5,ok,0,1044.965,1866.935,0,2911.925,1928.109375,16000,74003114,73995283,74003114,,input-to-proof-v1-multithread,0fb5b4aa1398281c2fd3dbe14db147e05b61f201,"{""bb_js"":""4.2.0-aztecnr-rc.2"",""noir_js"":""1.0.0-beta.19"",""execution_policy"":""workers""};execution_policy=multithread;threads_requested=32;threads_effective=16;witness_backend=single;prover_backend=barretenberg_4.2.0-aztecnr-rc.2_wasm_workers","{""raw_evidence_sha256"":""82ab2ecbc6126cbe044146be18bd8b705c4fd5896285423ae3a9e49608e1dc54""}",,"Closest analogue, not equivalent: Noir binds challenge, type, origin, RP-ID hash, flags, and public key; the Circom counterpart omits several bindings. Browser execution policy: multithread; requested threads=32, effective threads=16; witness generation remains single, prover backend=barretenberg_4.2.0-aztecnr-rc.2_wasm_workers.",,,/Users/dcbuilder/Code/world/.worktrees/provekit-v1-cross-device-campaign/target/v1-benchmarks/input-to-proof/mac-chrome-multithread-16/webauthn_closest_analogue__mac_chrome__noir_barretenberg__warm_reuse.json,warm_reuse,2911.925
input-to-proof-v1-mac-multithread-16-20260812,webauthn_closest_analogue__mac_chrome__circom_groth16__cold_local-gap,2026-08-12T12:43:50.009Z,macbook_m4,MacBook Pro (Apple M4 Max),26.6.1 (25G76),arm64,browser_wasm,Google Chrome 151.0.7922.138,webauthn,closest-analogue,0fb5b4aa1398281c2fd3dbe14db147e05b61f201,circom_groth16,circom,snarkjs-groth16-browser-wasm-workers,circom-witness-wasm,gap,,runtime_failed,,,,,,,,,,,,input-to-proof-v1-multithread,0fb5b4aa1398281c2fd3dbe14db147e05b61f201,"{""circom"":""2.2.2"",""snarkjs"":""0.7.6"",""execution_policy"":""workers""};execution_policy=multithread;threads_requested=16;threads_effective=16","{""raw_evidence_sha256"":""b6a994516dc5a9e7f59d2fb67434402197b569ff71a9924d7789bd1b0f54f7ef""}",,"Closest analogue, not equivalent: Noir binds challenge, type, origin, RP-ID hash, flags, and public key; the Circom counterpart omits several bindings. Fixed-16 SnarkJS WebAuthn gap; no prior four-worker timing was substituted.",out_of_memory,"The 16-worker SnarkJS WebAuthn attempt did not produce a proof. The dedicated Chrome renderer reached 14,559,360 KiB RSS (10.4 GiB current physical footprint; 21.7 GiB peak), then remained CPU-idle with all worker threads sleeping for 18 minutes 59 seconds. The attempt was terminated after preserving process evidence; no timing was recorded.",/Users/dcbuilder/Code/world/.worktrees/provekit-v1-cross-device-campaign/target/v1-benchmarks/input-to-proof/mac-chrome-multithread-16/webauthn_closest_analogue__mac_chrome__circom_groth16__cold_local.json,cold_local,
input-to-proof-v1-mac-multithread-16-20260812,webauthn_closest_analogue__mac_chrome__circom_groth16__warm_reuse-gap,2026-08-12T12:43:50.009Z,macbook_m4,MacBook Pro (Apple M4 Max),26.6.1 (25G76),arm64,browser_wasm,Google Chrome 151.0.7922.138,webauthn,closest-analogue,0fb5b4aa1398281c2fd3dbe14db147e05b61f201,circom_groth16,circom,snarkjs-groth16-browser-wasm-workers,circom-witness-wasm,gap,,not_run,,,,,,,,,,,,input-to-proof-v1-multithread,0fb5b4aa1398281c2fd3dbe14db147e05b61f201,"{""circom"":""2.2.2"",""snarkjs"":""0.7.6"",""execution_policy"":""workers""};execution_policy=multithread;threads_requested=16;threads_effective=16","{""raw_evidence_sha256"":""5fbc6616d8d3e872d396948d811baf33977b263da165b0b2e13c840526670f83""}",,"Closest analogue, not equivalent: Noir binds challenge, type, origin, RP-ID hash, flags, and public key; the Circom counterpart omits several bindings. Fixed-16 SnarkJS WebAuthn gap; no prior four-worker timing was substituted.",blocked_by_cold_failure,Warm-reuse measurements were not started because the required fixed-16 cold WebAuthn attempt stalled in the renderer before producing a valid proof.,/Users/dcbuilder/Code/world/.worktrees/provekit-v1-cross-device-campaign/target/v1-benchmarks/input-to-proof/mac-chrome-multithread-16/webauthn_closest_analogue__mac_chrome__circom_groth16__warm_reuse.json,warm_reuse,
