campaign_id,attempt_id,recorded_at_utc,hardware,device_model,os_version,abi,runtime,browser,circuit,circuit_variant,circuit_commit,prover,frontend,prover_backend,witness_backend,sample_kind,sample_index,status,initialization_time_ms,witness_time_ms,prover_time_ms,verify_time_ms,total_time_ms,peak_memory_mib,proof_size_bytes,circuit_size_bytes,artifact_size_bytes,bundle_size_bytes,constraint_count,artifact_version,source_commit,package_versions,artifact_hashes,session_id,non_equivalence_note,failure_code,failure_detail,evidence_path
semantic-parity-v1-20260731,oprf_o2__iphone_se_2022__circom_groth16__measured__1,2026-07-31T00:00:00Z,iphone_se_2022,iPhone SE 2022,15,arm64,ios_native,,oprf,oprf_o2,85aeeef539961cae5a63de794997b507a5975717,circom_groth16,circom,rapidsnark-0.1.4,frozen-wtns,measured,1,ok,,,576.381208,,576.381208,103.90625,1602,40639660,40639660,40639660,52849,legacy-unpinned,legacy-unpinned,"{""rust-rapidsnark"":""0.1.4"",""mobench"":""0.1.48""}","{""zkey"":""5c13f036144b3e9767edb51dc28034d3dc8d72d6ca4d66fad2c9655f5b4653dc"",""witness"":""b5c2bf1c167f8fe77cf13bf96db143c21aa19f27f6b7cc9317b255c43d32f568""}",9af7c1468ae9b8890d94cc27770e84ddb471082f,"Matched semantic profile: World ID Protocol nullifier statement and frozen witness, including the identical public nullifier. Legacy row metadata normalized for the V1 replacement CSV. Legacy row metadata normalized for the V1 replacement CSV. Legacy row metadata normalized for the V1 replacement CSV.",,,/Users/dcbuilder/Code/world/.worktrees/provekit-v1-cross-device-campaign/target/v1-benchmarks/semantic-parity/oprf-o2/iphone-native/circom.json
semantic-parity-v1-20260731,oprf_o2__iphone_se_2022__circom_groth16__measured__2,2026-07-31T00:00:00Z,iphone_se_2022,iPhone SE 2022,15,arm64,ios_native,,oprf,oprf_o2,85aeeef539961cae5a63de794997b507a5975717,circom_groth16,circom,rapidsnark-0.1.4,frozen-wtns,measured,2,ok,,,580.024625,,580.024625,103.90625,1601,40639660,40639660,40639660,52849,legacy-unpinned,legacy-unpinned,"{""rust-rapidsnark"":""0.1.4"",""mobench"":""0.1.48""}","{""zkey"":""5c13f036144b3e9767edb51dc28034d3dc8d72d6ca4d66fad2c9655f5b4653dc"",""witness"":""b5c2bf1c167f8fe77cf13bf96db143c21aa19f27f6b7cc9317b255c43d32f568""}",9af7c1468ae9b8890d94cc27770e84ddb471082f,"Matched semantic profile: World ID Protocol nullifier statement and frozen witness, including the identical public nullifier. Legacy row metadata normalized for the V1 replacement CSV. Legacy row metadata normalized for the V1 replacement CSV. Legacy row metadata normalized for the V1 replacement CSV.",,,/Users/dcbuilder/Code/world/.worktrees/provekit-v1-cross-device-campaign/target/v1-benchmarks/semantic-parity/oprf-o2/iphone-native/circom.json
semantic-parity-v1-20260731,oprf_o2__iphone_se_2022__circom_groth16__measured__3,2026-07-31T00:00:00Z,iphone_se_2022,iPhone SE 2022,15,arm64,ios_native,,oprf,oprf_o2,85aeeef539961cae5a63de794997b507a5975717,circom_groth16,circom,rapidsnark-0.1.4,frozen-wtns,measured,3,ok,,,586.212042,,586.212042,103.90625,1600,40639660,40639660,40639660,52849,legacy-unpinned,legacy-unpinned,"{""rust-rapidsnark"":""0.1.4"",""mobench"":""0.1.48""}","{""zkey"":""5c13f036144b3e9767edb51dc28034d3dc8d72d6ca4d66fad2c9655f5b4653dc"",""witness"":""b5c2bf1c167f8fe77cf13bf96db143c21aa19f27f6b7cc9317b255c43d32f568""}",9af7c1468ae9b8890d94cc27770e84ddb471082f,"Matched semantic profile: World ID Protocol nullifier statement and frozen witness, including the identical public nullifier. Legacy row metadata normalized for the V1 replacement CSV. Legacy row metadata normalized for the V1 replacement CSV. Legacy row metadata normalized for the V1 replacement CSV.",,,/Users/dcbuilder/Code/world/.worktrees/provekit-v1-cross-device-campaign/target/v1-benchmarks/semantic-parity/oprf-o2/iphone-native/circom.json
semantic-parity-v1-20260731,oprf_o2__iphone_se_2022__circom_groth16__measured__4,2026-07-31T00:00:00Z,iphone_se_2022,iPhone SE 2022,15,arm64,ios_native,,oprf,oprf_o2,85aeeef539961cae5a63de794997b507a5975717,circom_groth16,circom,rapidsnark-0.1.4,frozen-wtns,measured,4,ok,,,589.628292,,589.628292,103.90625,1603,40639660,40639660,40639660,52849,legacy-unpinned,legacy-unpinned,"{""rust-rapidsnark"":""0.1.4"",""mobench"":""0.1.48""}","{""zkey"":""5c13f036144b3e9767edb51dc28034d3dc8d72d6ca4d66fad2c9655f5b4653dc"",""witness"":""b5c2bf1c167f8fe77cf13bf96db143c21aa19f27f6b7cc9317b255c43d32f568""}",9af7c1468ae9b8890d94cc27770e84ddb471082f,"Matched semantic profile: World ID Protocol nullifier statement and frozen witness, including the identical public nullifier. Legacy row metadata normalized for the V1 replacement CSV. Legacy row metadata normalized for the V1 replacement CSV. Legacy row metadata normalized for the V1 replacement CSV.",,,/Users/dcbuilder/Code/world/.worktrees/provekit-v1-cross-device-campaign/target/v1-benchmarks/semantic-parity/oprf-o2/iphone-native/circom.json
semantic-parity-v1-20260731,oprf_o2__iphone_se_2022__circom_groth16__measured__5,2026-07-31T00:00:00Z,iphone_se_2022,iPhone SE 2022,15,arm64,ios_native,,oprf,oprf_o2,85aeeef539961cae5a63de794997b507a5975717,circom_groth16,circom,rapidsnark-0.1.4,frozen-wtns,measured,5,ok,,,612.6925,,612.6925,103.90625,1602,40639660,40639660,40639660,52849,legacy-unpinned,legacy-unpinned,"{""rust-rapidsnark"":""0.1.4"",""mobench"":""0.1.48""}","{""zkey"":""5c13f036144b3e9767edb51dc28034d3dc8d72d6ca4d66fad2c9655f5b4653dc"",""witness"":""b5c2bf1c167f8fe77cf13bf96db143c21aa19f27f6b7cc9317b255c43d32f568""}",9af7c1468ae9b8890d94cc27770e84ddb471082f,"Matched semantic profile: World ID Protocol nullifier statement and frozen witness, including the identical public nullifier. Legacy row metadata normalized for the V1 replacement CSV. Legacy row metadata normalized for the V1 replacement CSV. Legacy row metadata normalized for the V1 replacement CSV.",,,/Users/dcbuilder/Code/world/.worktrees/provekit-v1-cross-device-campaign/target/v1-benchmarks/semantic-parity/oprf-o2/iphone-native/circom.json
semantic-parity-v1-20260731,oprf_o2__iphone_se_2022__circom_groth16__warmup__0,2026-07-31T00:00:00Z,iphone_se_2022,iPhone SE 2022,15,arm64,ios_native,,oprf,oprf_o2,85aeeef539961cae5a63de794997b507a5975717,circom_groth16,circom,rapidsnark-0.1.4,frozen-wtns,warmup,0,ok,,,582.119125,,582.119125,103.90625,1603,40639660,40639660,40639660,52849,legacy-unpinned,legacy-unpinned,"{""rust-rapidsnark"":""0.1.4"",""mobench"":""0.1.48""}","{""zkey"":""5c13f036144b3e9767edb51dc28034d3dc8d72d6ca4d66fad2c9655f5b4653dc"",""witness"":""b5c2bf1c167f8fe77cf13bf96db143c21aa19f27f6b7cc9317b255c43d32f568""}",9af7c1468ae9b8890d94cc27770e84ddb471082f,"Matched semantic profile: World ID Protocol nullifier statement and frozen witness, including the identical public nullifier. Legacy row metadata normalized for the V1 replacement CSV. Legacy row metadata normalized for the V1 replacement CSV. Legacy row metadata normalized for the V1 replacement CSV.",,,/Users/dcbuilder/Code/world/.worktrees/provekit-v1-cross-device-campaign/target/v1-benchmarks/semantic-parity/oprf-o2/iphone-native/circom.json
semantic-parity-v1-20260731,oprf_o2__iphone_se_2022__noir_barretenberg__measured__1,2026-07-31T00:00:00Z,iphone_se_2022,iPhone SE 2022,15,arm64,ios_native,,oprf,oprf_o2,85aeeef539961cae5a63de794997b507a5975717,noir_barretenberg,noir,barretenberg-rs-4.2.0-aztecnr-rc.2,frozen-noir-witness-stack,measured,1,ok,,,2485.467042,,2485.467042,379.640625,16548,12983421,12983421,12983421,95921,legacy-unpinned,7de99e9e001d06797c9770684afea20f096d1ac3,"{""mopro"":""0.3.7"",""noir"":""1.0.0-beta.19"",""mobench"":""0.1.48""}","{""circuit"":""cc49b173395c6c0cea047285cbb69d5caf75903b9df65862c021d48c2a1683ad"",""witness"":""b676121b68b961ae41ea05abac0155ea8dc48587592c75bffa49a91a64c4523a"",""srs_artifact"":""3ef417367184adaf0dcdebfccc440b5bb72f9a228b278f17d1411b1340f2daa5"",""native_library"":""74f871aa8e77957c480862bc13cb5d7c6b83b0bd7651e3bf9da18f3b446a05db""}",d4963ddaa73de1771a741b752ec6bc6bc5fc26a2,"Matched semantic profile: World ID Protocol nullifier statement and frozen witness, including the identical public nullifier. Legacy row metadata normalized for the V1 replacement CSV. Legacy row metadata normalized for the V1 replacement CSV. Legacy row metadata normalized for the V1 replacement CSV.",,,/Users/dcbuilder/Code/world/.worktrees/provekit-v1-cross-device-campaign/target/v1-benchmarks/semantic-parity/oprf-o2/iphone-native/barretenberg.json
semantic-parity-v1-20260731,oprf_o2__iphone_se_2022__noir_barretenberg__measured__2,2026-07-31T00:00:00Z,iphone_se_2022,iPhone SE 2022,15,arm64,ios_native,,oprf,oprf_o2,85aeeef539961cae5a63de794997b507a5975717,noir_barretenberg,noir,barretenberg-rs-4.2.0-aztecnr-rc.2,frozen-noir-witness-stack,measured,2,ok,,,2510.258958,,2510.258958,379.640625,16548,12983421,12983421,12983421,95921,legacy-unpinned,7de99e9e001d06797c9770684afea20f096d1ac3,"{""mopro"":""0.3.7"",""noir"":""1.0.0-beta.19"",""mobench"":""0.1.48""}","{""circuit"":""cc49b173395c6c0cea047285cbb69d5caf75903b9df65862c021d48c2a1683ad"",""witness"":""b676121b68b961ae41ea05abac0155ea8dc48587592c75bffa49a91a64c4523a"",""srs_artifact"":""3ef417367184adaf0dcdebfccc440b5bb72f9a228b278f17d1411b1340f2daa5"",""native_library"":""74f871aa8e77957c480862bc13cb5d7c6b83b0bd7651e3bf9da18f3b446a05db""}",d4963ddaa73de1771a741b752ec6bc6bc5fc26a2,"Matched semantic profile: World ID Protocol nullifier statement and frozen witness, including the identical public nullifier. Legacy row metadata normalized for the V1 replacement CSV. Legacy row metadata normalized for the V1 replacement CSV. Legacy row metadata normalized for the V1 replacement CSV.",,,/Users/dcbuilder/Code/world/.worktrees/provekit-v1-cross-device-campaign/target/v1-benchmarks/semantic-parity/oprf-o2/iphone-native/barretenberg.json
semantic-parity-v1-20260731,oprf_o2__iphone_se_2022__noir_barretenberg__measured__3,2026-07-31T00:00:00Z,iphone_se_2022,iPhone SE 2022,15,arm64,ios_native,,oprf,oprf_o2,85aeeef539961cae5a63de794997b507a5975717,noir_barretenberg,noir,barretenberg-rs-4.2.0-aztecnr-rc.2,frozen-noir-witness-stack,measured,3,ok,,,2622.3125,,2622.3125,379.640625,16548,12983421,12983421,12983421,95921,legacy-unpinned,7de99e9e001d06797c9770684afea20f096d1ac3,"{""mopro"":""0.3.7"",""noir"":""1.0.0-beta.19"",""mobench"":""0.1.48""}","{""circuit"":""cc49b173395c6c0cea047285cbb69d5caf75903b9df65862c021d48c2a1683ad"",""witness"":""b676121b68b961ae41ea05abac0155ea8dc48587592c75bffa49a91a64c4523a"",""srs_artifact"":""3ef417367184adaf0dcdebfccc440b5bb72f9a228b278f17d1411b1340f2daa5"",""native_library"":""74f871aa8e77957c480862bc13cb5d7c6b83b0bd7651e3bf9da18f3b446a05db""}",d4963ddaa73de1771a741b752ec6bc6bc5fc26a2,"Matched semantic profile: World ID Protocol nullifier statement and frozen witness, including the identical public nullifier. Legacy row metadata normalized for the V1 replacement CSV. Legacy row metadata normalized for the V1 replacement CSV. Legacy row metadata normalized for the V1 replacement CSV.",,,/Users/dcbuilder/Code/world/.worktrees/provekit-v1-cross-device-campaign/target/v1-benchmarks/semantic-parity/oprf-o2/iphone-native/barretenberg.json
semantic-parity-v1-20260731,oprf_o2__iphone_se_2022__noir_barretenberg__measured__4,2026-07-31T00:00:00Z,iphone_se_2022,iPhone SE 2022,15,arm64,ios_native,,oprf,oprf_o2,85aeeef539961cae5a63de794997b507a5975717,noir_barretenberg,noir,barretenberg-rs-4.2.0-aztecnr-rc.2,frozen-noir-witness-stack,measured,4,ok,,,2616.610875,,2616.610875,379.640625,16548,12983421,12983421,12983421,95921,legacy-unpinned,7de99e9e001d06797c9770684afea20f096d1ac3,"{""mopro"":""0.3.7"",""noir"":""1.0.0-beta.19"",""mobench"":""0.1.48""}","{""circuit"":""cc49b173395c6c0cea047285cbb69d5caf75903b9df65862c021d48c2a1683ad"",""witness"":""b676121b68b961ae41ea05abac0155ea8dc48587592c75bffa49a91a64c4523a"",""srs_artifact"":""3ef417367184adaf0dcdebfccc440b5bb72f9a228b278f17d1411b1340f2daa5"",""native_library"":""74f871aa8e77957c480862bc13cb5d7c6b83b0bd7651e3bf9da18f3b446a05db""}",d4963ddaa73de1771a741b752ec6bc6bc5fc26a2,"Matched semantic profile: World ID Protocol nullifier statement and frozen witness, including the identical public nullifier. Legacy row metadata normalized for the V1 replacement CSV. Legacy row metadata normalized for the V1 replacement CSV. Legacy row metadata normalized for the V1 replacement CSV.",,,/Users/dcbuilder/Code/world/.worktrees/provekit-v1-cross-device-campaign/target/v1-benchmarks/semantic-parity/oprf-o2/iphone-native/barretenberg.json
semantic-parity-v1-20260731,oprf_o2__iphone_se_2022__noir_barretenberg__measured__5,2026-07-31T00:00:00Z,iphone_se_2022,iPhone SE 2022,15,arm64,ios_native,,oprf,oprf_o2,85aeeef539961cae5a63de794997b507a5975717,noir_barretenberg,noir,barretenberg-rs-4.2.0-aztecnr-rc.2,frozen-noir-witness-stack,measured,5,ok,,,2537.091875,,2537.091875,379.640625,16548,12983421,12983421,12983421,95921,legacy-unpinned,7de99e9e001d06797c9770684afea20f096d1ac3,"{""mopro"":""0.3.7"",""noir"":""1.0.0-beta.19"",""mobench"":""0.1.48""}","{""circuit"":""cc49b173395c6c0cea047285cbb69d5caf75903b9df65862c021d48c2a1683ad"",""witness"":""b676121b68b961ae41ea05abac0155ea8dc48587592c75bffa49a91a64c4523a"",""srs_artifact"":""3ef417367184adaf0dcdebfccc440b5bb72f9a228b278f17d1411b1340f2daa5"",""native_library"":""74f871aa8e77957c480862bc13cb5d7c6b83b0bd7651e3bf9da18f3b446a05db""}",d4963ddaa73de1771a741b752ec6bc6bc5fc26a2,"Matched semantic profile: World ID Protocol nullifier statement and frozen witness, including the identical public nullifier. Legacy row metadata normalized for the V1 replacement CSV. Legacy row metadata normalized for the V1 replacement CSV. Legacy row metadata normalized for the V1 replacement CSV.",,,/Users/dcbuilder/Code/world/.worktrees/provekit-v1-cross-device-campaign/target/v1-benchmarks/semantic-parity/oprf-o2/iphone-native/barretenberg.json
semantic-parity-v1-20260731,oprf_o2__iphone_se_2022__noir_barretenberg__warmup__0,2026-07-31T00:00:00Z,iphone_se_2022,iPhone SE 2022,15,arm64,ios_native,,oprf,oprf_o2,85aeeef539961cae5a63de794997b507a5975717,noir_barretenberg,noir,barretenberg-rs-4.2.0-aztecnr-rc.2,frozen-noir-witness-stack,warmup,0,ok,,,2577.418792,,2577.418792,379.640625,16548,12983421,12983421,12983421,95921,legacy-unpinned,7de99e9e001d06797c9770684afea20f096d1ac3,"{""mopro"":""0.3.7"",""noir"":""1.0.0-beta.19"",""mobench"":""0.1.48""}","{""circuit"":""cc49b173395c6c0cea047285cbb69d5caf75903b9df65862c021d48c2a1683ad"",""witness"":""b676121b68b961ae41ea05abac0155ea8dc48587592c75bffa49a91a64c4523a"",""srs_artifact"":""3ef417367184adaf0dcdebfccc440b5bb72f9a228b278f17d1411b1340f2daa5"",""native_library"":""74f871aa8e77957c480862bc13cb5d7c6b83b0bd7651e3bf9da18f3b446a05db""}",d4963ddaa73de1771a741b752ec6bc6bc5fc26a2,"Matched semantic profile: World ID Protocol nullifier statement and frozen witness, including the identical public nullifier. Legacy row metadata normalized for the V1 replacement CSV. Legacy row metadata normalized for the V1 replacement CSV. Legacy row metadata normalized for the V1 replacement CSV.",,,/Users/dcbuilder/Code/world/.worktrees/provekit-v1-cross-device-campaign/target/v1-benchmarks/semantic-parity/oprf-o2/iphone-native/barretenberg.json
semantic-parity-v1-20260731,oprf_o2__iphone_se_2022__provekit_v1__sample-1,2026-07-31T00:00:00Z,iphone_se_2022,iPhone SE 2022,iOS 15,arm64,ios_native,,oprf,oprf_o2,fd37726215b59d3d4823ea7b1967b1da3525ed9d,provekit_v1,noir,provekit-v1-whir-native,noir-v1.0.0-beta.11,measured,1,ok,,,1112.275291,,1112.6385,143.625,634068,1644193,1644193,1644193,,provekit-v1-core-9b2a6f3-noir-beta.11,9b2a6f37c67691eab4b0cec6c35e35c520e93285,"{""provekit_core"":""9b2a6f37c67691eab4b0cec6c35e35c520e93285"",""noir"":""1.0.0-beta.11"",""mobench"":""0.1.48"",""campaign_harness"":""7de99e9e001d06797c9770684afea20f096d1ac3""}","{""evidence"":""942eb49b9faa546669836a28a96b0e85ab56e11479232ac09abe1ce0ca8d07fa"",""payload"":{""oprf.pkp+frozen-input"":""0a87a592e96b6e116b36f69e6fd8d2a0a5952e27f9c872c8d18d73642b4ec64c"",""oprf.Prover.toml"":""afd85db335ebdcd794dac895b1889cb40cae3d17ff52cb050b4204fb4c6d0797""}}",6eca64c91564a0b36a0edc10d78e76dfde9780e0,"Closest available semantic counterpart; Noir and Circom statements remain non-equivalent where noted by the campaign. ProveKit V1 measurements use the pinned core WASM/C-ABI build, not @worldcoin/provekit npm artifacts. Browser proof_size_bytes is V1 WASM proof-byte serialization; native proof_size_bytes is serialized postcard NoirProof (.np) bytes.",,,evidence/provekit-v1/ios/summary.json
semantic-parity-v1-20260731,oprf_o2__iphone_se_2022__provekit_v1__sample-2,2026-07-31T00:00:00Z,iphone_se_2022,iPhone SE 2022,iOS 15,arm64,ios_native,,oprf,oprf_o2,fd37726215b59d3d4823ea7b1967b1da3525ed9d,provekit_v1,noir,provekit-v1-whir-native,noir-v1.0.0-beta.11,measured,2,ok,,,1218.798,,1219.184833,143.84375,635444,1644193,1644193,1644193,,provekit-v1-core-9b2a6f3-noir-beta.11,9b2a6f37c67691eab4b0cec6c35e35c520e93285,"{""provekit_core"":""9b2a6f37c67691eab4b0cec6c35e35c520e93285"",""noir"":""1.0.0-beta.11"",""mobench"":""0.1.48"",""campaign_harness"":""7de99e9e001d06797c9770684afea20f096d1ac3""}","{""evidence"":""942eb49b9faa546669836a28a96b0e85ab56e11479232ac09abe1ce0ca8d07fa"",""payload"":{""oprf.pkp+frozen-input"":""0a87a592e96b6e116b36f69e6fd8d2a0a5952e27f9c872c8d18d73642b4ec64c"",""oprf.Prover.toml"":""afd85db335ebdcd794dac895b1889cb40cae3d17ff52cb050b4204fb4c6d0797""}}",6eca64c91564a0b36a0edc10d78e76dfde9780e0,"Closest available semantic counterpart; Noir and Circom statements remain non-equivalent where noted by the campaign. ProveKit V1 measurements use the pinned core WASM/C-ABI build, not @worldcoin/provekit npm artifacts. Browser proof_size_bytes is V1 WASM proof-byte serialization; native proof_size_bytes is serialized postcard NoirProof (.np) bytes.",,,evidence/provekit-v1/ios/summary.json
semantic-parity-v1-20260731,oprf_o2__iphone_se_2022__provekit_v1__sample-3,2026-07-31T00:00:00Z,iphone_se_2022,iPhone SE 2022,iOS 15,arm64,ios_native,,oprf,oprf_o2,fd37726215b59d3d4823ea7b1967b1da3525ed9d,provekit_v1,noir,provekit-v1-whir-native,noir-v1.0.0-beta.11,measured,3,ok,,,1223.253625,,1223.628875,145.203125,632724,1644193,1644193,1644193,,provekit-v1-core-9b2a6f3-noir-beta.11,9b2a6f37c67691eab4b0cec6c35e35c520e93285,"{""provekit_core"":""9b2a6f37c67691eab4b0cec6c35e35c520e93285"",""noir"":""1.0.0-beta.11"",""mobench"":""0.1.48"",""campaign_harness"":""7de99e9e001d06797c9770684afea20f096d1ac3""}","{""evidence"":""942eb49b9faa546669836a28a96b0e85ab56e11479232ac09abe1ce0ca8d07fa"",""payload"":{""oprf.pkp+frozen-input"":""0a87a592e96b6e116b36f69e6fd8d2a0a5952e27f9c872c8d18d73642b4ec64c"",""oprf.Prover.toml"":""afd85db335ebdcd794dac895b1889cb40cae3d17ff52cb050b4204fb4c6d0797""}}",6eca64c91564a0b36a0edc10d78e76dfde9780e0,"Closest available semantic counterpart; Noir and Circom statements remain non-equivalent where noted by the campaign. ProveKit V1 measurements use the pinned core WASM/C-ABI build, not @worldcoin/provekit npm artifacts. Browser proof_size_bytes is V1 WASM proof-byte serialization; native proof_size_bytes is serialized postcard NoirProof (.np) bytes.",,,evidence/provekit-v1/ios/summary.json
semantic-parity-v1-20260731,oprf_o2__iphone_se_2022__provekit_v1__sample-4,2026-07-31T00:00:00Z,iphone_se_2022,iPhone SE 2022,iOS 15,arm64,ios_native,,oprf,oprf_o2,fd37726215b59d3d4823ea7b1967b1da3525ed9d,provekit_v1,noir,provekit-v1-whir-native,noir-v1.0.0-beta.11,measured,4,ok,,,1212.871458,,1213.565875,144.609375,630453,1644193,1644193,1644193,,provekit-v1-core-9b2a6f3-noir-beta.11,9b2a6f37c67691eab4b0cec6c35e35c520e93285,"{""provekit_core"":""9b2a6f37c67691eab4b0cec6c35e35c520e93285"",""noir"":""1.0.0-beta.11"",""mobench"":""0.1.48"",""campaign_harness"":""7de99e9e001d06797c9770684afea20f096d1ac3""}","{""evidence"":""942eb49b9faa546669836a28a96b0e85ab56e11479232ac09abe1ce0ca8d07fa"",""payload"":{""oprf.pkp+frozen-input"":""0a87a592e96b6e116b36f69e6fd8d2a0a5952e27f9c872c8d18d73642b4ec64c"",""oprf.Prover.toml"":""afd85db335ebdcd794dac895b1889cb40cae3d17ff52cb050b4204fb4c6d0797""}}",6eca64c91564a0b36a0edc10d78e76dfde9780e0,"Closest available semantic counterpart; Noir and Circom statements remain non-equivalent where noted by the campaign. ProveKit V1 measurements use the pinned core WASM/C-ABI build, not @worldcoin/provekit npm artifacts. Browser proof_size_bytes is V1 WASM proof-byte serialization; native proof_size_bytes is serialized postcard NoirProof (.np) bytes.",,,evidence/provekit-v1/ios/summary.json
semantic-parity-v1-20260731,oprf_o2__iphone_se_2022__provekit_v1__sample-5,2026-07-31T00:00:00Z,iphone_se_2022,iPhone SE 2022,iOS 15,arm64,ios_native,,oprf,oprf_o2,fd37726215b59d3d4823ea7b1967b1da3525ed9d,provekit_v1,noir,provekit-v1-whir-native,noir-v1.0.0-beta.11,measured,5,ok,,,1217.698208,,1218.0665,144.640625,635188,1644193,1644193,1644193,,provekit-v1-core-9b2a6f3-noir-beta.11,9b2a6f37c67691eab4b0cec6c35e35c520e93285,"{""provekit_core"":""9b2a6f37c67691eab4b0cec6c35e35c520e93285"",""noir"":""1.0.0-beta.11"",""mobench"":""0.1.48"",""campaign_harness"":""7de99e9e001d06797c9770684afea20f096d1ac3""}","{""evidence"":""942eb49b9faa546669836a28a96b0e85ab56e11479232ac09abe1ce0ca8d07fa"",""payload"":{""oprf.pkp+frozen-input"":""0a87a592e96b6e116b36f69e6fd8d2a0a5952e27f9c872c8d18d73642b4ec64c"",""oprf.Prover.toml"":""afd85db335ebdcd794dac895b1889cb40cae3d17ff52cb050b4204fb4c6d0797""}}",6eca64c91564a0b36a0edc10d78e76dfde9780e0,"Closest available semantic counterpart; Noir and Circom statements remain non-equivalent where noted by the campaign. ProveKit V1 measurements use the pinned core WASM/C-ABI build, not @worldcoin/provekit npm artifacts. Browser proof_size_bytes is V1 WASM proof-byte serialization; native proof_size_bytes is serialized postcard NoirProof (.np) bytes.",,,evidence/provekit-v1/ios/summary.json
semantic-parity-v1-20260731,oprf_o2__iphone_se_2022__provekit_v1__warmup,2026-07-31T00:00:00Z,iphone_se_2022,iPhone SE 2022,iOS 15,arm64,ios_native,,oprf,oprf_o2,fd37726215b59d3d4823ea7b1967b1da3525ed9d,provekit_v1,noir,provekit-v1-whir-native,noir-v1.0.0-beta.11,warmup,0,ok,,,,,,,,1644193,1644193,1644193,,provekit-v1-core-9b2a6f3-noir-beta.11,9b2a6f37c67691eab4b0cec6c35e35c520e93285,"{""provekit_core"":""9b2a6f37c67691eab4b0cec6c35e35c520e93285"",""noir"":""1.0.0-beta.11"",""mobench"":""0.1.48"",""campaign_harness"":""7de99e9e001d06797c9770684afea20f096d1ac3""}","{""evidence"":""942eb49b9faa546669836a28a96b0e85ab56e11479232ac09abe1ce0ca8d07fa"",""payload"":{""oprf.pkp+frozen-input"":""0a87a592e96b6e116b36f69e6fd8d2a0a5952e27f9c872c8d18d73642b4ec64c"",""oprf.Prover.toml"":""afd85db335ebdcd794dac895b1889cb40cae3d17ff52cb050b4204fb4c6d0797""}}",6eca64c91564a0b36a0edc10d78e76dfde9780e0,"Closest available semantic counterpart; Noir and Circom statements remain non-equivalent where noted by the campaign. ProveKit V1 measurements use the pinned core WASM/C-ABI build, not @worldcoin/provekit npm artifacts. Browser proof_size_bytes is V1 WASM proof-byte serialization; native proof_size_bytes is serialized postcard NoirProof (.np) bytes.",,,evidence/provekit-v1/ios/summary.json
semantic-parity-v1-20260731,passport_p1__iphone_se_2022__circom_groth16__measured__1,2026-07-31T00:00:00Z,iphone_se_2022,iPhone SE 2022,15,arm64,ios_native,,passport,passport_p1,15b167e3543a9dff1dbb16fcf71a45fe4625cf9e,circom_groth16,circom,rapidsnark-0.1.4,frozen-wtns,measured,1,ok,,,7692.594417,,7692.594417,282.53125,926,529101612,529101612,529101612,978536,legacy-unpinned,legacy-unpinned,"{""rust-rapidsnark"":""0.1.4"",""mobench"":""0.1.48""}","{""zkey"":""75de3f63996cd69f63de091029aace20c90f4dbbcaf47603af015e74884f721c"",""witness"":""0754ae5733f6e3a4bf4baaf87b732cb57d5e633e671517f14ab05d19602cf3cd"",""verification_key"":""f1252c845de81b5d55d11be8abb82a4b1e7d158d5bc61bfdc935c75559fa8e7f""}",9d83f7fd048bc0990a3f06fac1aeabf257644564,"Matched semantic profile: monolithic RSA-4096 passport integrity, Self registry authorization, DG1 validity, and asserted minimum-age proof. Legacy row metadata normalized for the V1 replacement CSV. Legacy row metadata normalized for the V1 replacement CSV. Legacy row metadata normalized for the V1 replacement CSV.",,,/Users/dcbuilder/Code/world/.worktrees/provekit-v1-cross-device-campaign/target/v1-benchmarks/semantic-parity/passport-p1/iphone-native/circom.json
semantic-parity-v1-20260731,passport_p1__iphone_se_2022__circom_groth16__measured__2,2026-07-31T00:00:00Z,iphone_se_2022,iPhone SE 2022,15,arm64,ios_native,,passport,passport_p1,15b167e3543a9dff1dbb16fcf71a45fe4625cf9e,circom_groth16,circom,rapidsnark-0.1.4,frozen-wtns,measured,2,ok,,,7849.023875,,7849.023875,282.53125,927,529101612,529101612,529101612,978536,legacy-unpinned,legacy-unpinned,"{""rust-rapidsnark"":""0.1.4"",""mobench"":""0.1.48""}","{""zkey"":""75de3f63996cd69f63de091029aace20c90f4dbbcaf47603af015e74884f721c"",""witness"":""0754ae5733f6e3a4bf4baaf87b732cb57d5e633e671517f14ab05d19602cf3cd"",""verification_key"":""f1252c845de81b5d55d11be8abb82a4b1e7d158d5bc61bfdc935c75559fa8e7f""}",9d83f7fd048bc0990a3f06fac1aeabf257644564,"Matched semantic profile: monolithic RSA-4096 passport integrity, Self registry authorization, DG1 validity, and asserted minimum-age proof. Legacy row metadata normalized for the V1 replacement CSV. Legacy row metadata normalized for the V1 replacement CSV. Legacy row metadata normalized for the V1 replacement CSV.",,,/Users/dcbuilder/Code/world/.worktrees/provekit-v1-cross-device-campaign/target/v1-benchmarks/semantic-parity/passport-p1/iphone-native/circom.json
semantic-parity-v1-20260731,passport_p1__iphone_se_2022__circom_groth16__measured__3,2026-07-31T00:00:00Z,iphone_se_2022,iPhone SE 2022,15,arm64,ios_native,,passport,passport_p1,15b167e3543a9dff1dbb16fcf71a45fe4625cf9e,circom_groth16,circom,rapidsnark-0.1.4,frozen-wtns,measured,3,ok,,,8012.584459,,8012.584459,282.53125,930,529101612,529101612,529101612,978536,legacy-unpinned,legacy-unpinned,"{""rust-rapidsnark"":""0.1.4"",""mobench"":""0.1.48""}","{""zkey"":""75de3f63996cd69f63de091029aace20c90f4dbbcaf47603af015e74884f721c"",""witness"":""0754ae5733f6e3a4bf4baaf87b732cb57d5e633e671517f14ab05d19602cf3cd"",""verification_key"":""f1252c845de81b5d55d11be8abb82a4b1e7d158d5bc61bfdc935c75559fa8e7f""}",9d83f7fd048bc0990a3f06fac1aeabf257644564,"Matched semantic profile: monolithic RSA-4096 passport integrity, Self registry authorization, DG1 validity, and asserted minimum-age proof. Legacy row metadata normalized for the V1 replacement CSV. Legacy row metadata normalized for the V1 replacement CSV. Legacy row metadata normalized for the V1 replacement CSV.",,,/Users/dcbuilder/Code/world/.worktrees/provekit-v1-cross-device-campaign/target/v1-benchmarks/semantic-parity/passport-p1/iphone-native/circom.json
semantic-parity-v1-20260731,passport_p1__iphone_se_2022__circom_groth16__measured__4,2026-07-31T00:00:00Z,iphone_se_2022,iPhone SE 2022,15,arm64,ios_native,,passport,passport_p1,15b167e3543a9dff1dbb16fcf71a45fe4625cf9e,circom_groth16,circom,rapidsnark-0.1.4,frozen-wtns,measured,4,ok,,,8094.65275,,8094.65275,282.53125,932,529101612,529101612,529101612,978536,legacy-unpinned,legacy-unpinned,"{""rust-rapidsnark"":""0.1.4"",""mobench"":""0.1.48""}","{""zkey"":""75de3f63996cd69f63de091029aace20c90f4dbbcaf47603af015e74884f721c"",""witness"":""0754ae5733f6e3a4bf4baaf87b732cb57d5e633e671517f14ab05d19602cf3cd"",""verification_key"":""f1252c845de81b5d55d11be8abb82a4b1e7d158d5bc61bfdc935c75559fa8e7f""}",9d83f7fd048bc0990a3f06fac1aeabf257644564,"Matched semantic profile: monolithic RSA-4096 passport integrity, Self registry authorization, DG1 validity, and asserted minimum-age proof. Legacy row metadata normalized for the V1 replacement CSV. Legacy row metadata normalized for the V1 replacement CSV. Legacy row metadata normalized for the V1 replacement CSV.",,,/Users/dcbuilder/Code/world/.worktrees/provekit-v1-cross-device-campaign/target/v1-benchmarks/semantic-parity/passport-p1/iphone-native/circom.json
semantic-parity-v1-20260731,passport_p1__iphone_se_2022__circom_groth16__measured__5,2026-07-31T00:00:00Z,iphone_se_2022,iPhone SE 2022,15,arm64,ios_native,,passport,passport_p1,15b167e3543a9dff1dbb16fcf71a45fe4625cf9e,circom_groth16,circom,rapidsnark-0.1.4,frozen-wtns,measured,5,ok,,,8174.924208,,8174.924208,282.53125,928,529101612,529101612,529101612,978536,legacy-unpinned,legacy-unpinned,"{""rust-rapidsnark"":""0.1.4"",""mobench"":""0.1.48""}","{""zkey"":""75de3f63996cd69f63de091029aace20c90f4dbbcaf47603af015e74884f721c"",""witness"":""0754ae5733f6e3a4bf4baaf87b732cb57d5e633e671517f14ab05d19602cf3cd"",""verification_key"":""f1252c845de81b5d55d11be8abb82a4b1e7d158d5bc61bfdc935c75559fa8e7f""}",9d83f7fd048bc0990a3f06fac1aeabf257644564,"Matched semantic profile: monolithic RSA-4096 passport integrity, Self registry authorization, DG1 validity, and asserted minimum-age proof. Legacy row metadata normalized for the V1 replacement CSV. Legacy row metadata normalized for the V1 replacement CSV. Legacy row metadata normalized for the V1 replacement CSV.",,,/Users/dcbuilder/Code/world/.worktrees/provekit-v1-cross-device-campaign/target/v1-benchmarks/semantic-parity/passport-p1/iphone-native/circom.json
semantic-parity-v1-20260731,passport_p1__iphone_se_2022__circom_groth16__warmup__0,2026-07-31T00:00:00Z,iphone_se_2022,iPhone SE 2022,15,arm64,ios_native,,passport,passport_p1,15b167e3543a9dff1dbb16fcf71a45fe4625cf9e,circom_groth16,circom,rapidsnark-0.1.4,frozen-wtns,warmup,0,ok,,,7649.340292,,7649.340292,282.53125,926,529101612,529101612,529101612,978536,legacy-unpinned,legacy-unpinned,"{""rust-rapidsnark"":""0.1.4"",""mobench"":""0.1.48""}","{""zkey"":""75de3f63996cd69f63de091029aace20c90f4dbbcaf47603af015e74884f721c"",""witness"":""0754ae5733f6e3a4bf4baaf87b732cb57d5e633e671517f14ab05d19602cf3cd"",""verification_key"":""f1252c845de81b5d55d11be8abb82a4b1e7d158d5bc61bfdc935c75559fa8e7f""}",9d83f7fd048bc0990a3f06fac1aeabf257644564,"Matched semantic profile: monolithic RSA-4096 passport integrity, Self registry authorization, DG1 validity, and asserted minimum-age proof. Legacy row metadata normalized for the V1 replacement CSV. Legacy row metadata normalized for the V1 replacement CSV. Legacy row metadata normalized for the V1 replacement CSV.",,,/Users/dcbuilder/Code/world/.worktrees/provekit-v1-cross-device-campaign/target/v1-benchmarks/semantic-parity/passport-p1/iphone-native/circom.json
semantic-parity-v1-20260731,passport_p1__iphone_se_2022__noir_barretenberg__measured__1,2026-07-31T00:00:00Z,iphone_se_2022,iPhone SE 2022,15,arm64,ios_native,,passport,passport_p1,15b167e3543a9dff1dbb16fcf71a45fe4625cf9e,noir_barretenberg,noir,barretenberg-rs-4.2.0-aztecnr-rc.2,frozen-noir-witness-stack,measured,1,ok,,,4054.534166,,4054.534166,506.671875,16324,20480588,20480588,20480588,253998,legacy-unpinned,7de99e9e001d06797c9770684afea20f096d1ac3,"{""mopro"":""0.3.7"",""noir"":""1.0.0-beta.19"",""mobench"":""0.1.48""}","{""circuit"":""357150b3344a5ae6cbc8cd2304840f29142b9dbab21bbf842e083380aefe9a34"",""witness"":""bd5aaf605f382058693bbb6828d117f79da9c028f8438c0281d1eb944526c726"",""srs_artifact"":""3ef417367184adaf0dcdebfccc440b5bb72f9a228b278f17d1411b1340f2daa5"",""native_library"":""74f871aa8e77957c480862bc13cb5d7c6b83b0bd7651e3bf9da18f3b446a05db""}",f2a9ea536b1689a63a44fb9a4eb95be4982324f8,"Matched semantic profile: monolithic RSA-4096 passport integrity, Self registry authorization, DG1 validity, and asserted minimum-age proof. Legacy row metadata normalized for the V1 replacement CSV. Legacy row metadata normalized for the V1 replacement CSV. Legacy row metadata normalized for the V1 replacement CSV.",,,/Users/dcbuilder/Code/world/.worktrees/provekit-v1-cross-device-campaign/target/v1-benchmarks/semantic-parity/passport-p1/iphone-native/barretenberg.json
semantic-parity-v1-20260731,passport_p1__iphone_se_2022__noir_barretenberg__measured__2,2026-07-31T00:00:00Z,iphone_se_2022,iPhone SE 2022,15,arm64,ios_native,,passport,passport_p1,15b167e3543a9dff1dbb16fcf71a45fe4625cf9e,noir_barretenberg,noir,barretenberg-rs-4.2.0-aztecnr-rc.2,frozen-noir-witness-stack,measured,2,ok,,,4204.478542,,4204.478542,506.671875,16324,20480588,20480588,20480588,253998,legacy-unpinned,7de99e9e001d06797c9770684afea20f096d1ac3,"{""mopro"":""0.3.7"",""noir"":""1.0.0-beta.19"",""mobench"":""0.1.48""}","{""circuit"":""357150b3344a5ae6cbc8cd2304840f29142b9dbab21bbf842e083380aefe9a34"",""witness"":""bd5aaf605f382058693bbb6828d117f79da9c028f8438c0281d1eb944526c726"",""srs_artifact"":""3ef417367184adaf0dcdebfccc440b5bb72f9a228b278f17d1411b1340f2daa5"",""native_library"":""74f871aa8e77957c480862bc13cb5d7c6b83b0bd7651e3bf9da18f3b446a05db""}",f2a9ea536b1689a63a44fb9a4eb95be4982324f8,"Matched semantic profile: monolithic RSA-4096 passport integrity, Self registry authorization, DG1 validity, and asserted minimum-age proof. Legacy row metadata normalized for the V1 replacement CSV. Legacy row metadata normalized for the V1 replacement CSV. Legacy row metadata normalized for the V1 replacement CSV.",,,/Users/dcbuilder/Code/world/.worktrees/provekit-v1-cross-device-campaign/target/v1-benchmarks/semantic-parity/passport-p1/iphone-native/barretenberg.json
semantic-parity-v1-20260731,passport_p1__iphone_se_2022__noir_barretenberg__measured__3,2026-07-31T00:00:00Z,iphone_se_2022,iPhone SE 2022,15,arm64,ios_native,,passport,passport_p1,15b167e3543a9dff1dbb16fcf71a45fe4625cf9e,noir_barretenberg,noir,barretenberg-rs-4.2.0-aztecnr-rc.2,frozen-noir-witness-stack,measured,3,ok,,,3851.353417,,3851.353417,506.671875,16324,20480588,20480588,20480588,253998,legacy-unpinned,7de99e9e001d06797c9770684afea20f096d1ac3,"{""mopro"":""0.3.7"",""noir"":""1.0.0-beta.19"",""mobench"":""0.1.48""}","{""circuit"":""357150b3344a5ae6cbc8cd2304840f29142b9dbab21bbf842e083380aefe9a34"",""witness"":""bd5aaf605f382058693bbb6828d117f79da9c028f8438c0281d1eb944526c726"",""srs_artifact"":""3ef417367184adaf0dcdebfccc440b5bb72f9a228b278f17d1411b1340f2daa5"",""native_library"":""74f871aa8e77957c480862bc13cb5d7c6b83b0bd7651e3bf9da18f3b446a05db""}",f2a9ea536b1689a63a44fb9a4eb95be4982324f8,"Matched semantic profile: monolithic RSA-4096 passport integrity, Self registry authorization, DG1 validity, and asserted minimum-age proof. Legacy row metadata normalized for the V1 replacement CSV. Legacy row metadata normalized for the V1 replacement CSV. Legacy row metadata normalized for the V1 replacement CSV.",,,/Users/dcbuilder/Code/world/.worktrees/provekit-v1-cross-device-campaign/target/v1-benchmarks/semantic-parity/passport-p1/iphone-native/barretenberg.json
semantic-parity-v1-20260731,passport_p1__iphone_se_2022__noir_barretenberg__measured__4,2026-07-31T00:00:00Z,iphone_se_2022,iPhone SE 2022,15,arm64,ios_native,,passport,passport_p1,15b167e3543a9dff1dbb16fcf71a45fe4625cf9e,noir_barretenberg,noir,barretenberg-rs-4.2.0-aztecnr-rc.2,frozen-noir-witness-stack,measured,4,ok,,,4109.933875,,4109.933875,506.671875,16324,20480588,20480588,20480588,253998,legacy-unpinned,7de99e9e001d06797c9770684afea20f096d1ac3,"{""mopro"":""0.3.7"",""noir"":""1.0.0-beta.19"",""mobench"":""0.1.48""}","{""circuit"":""357150b3344a5ae6cbc8cd2304840f29142b9dbab21bbf842e083380aefe9a34"",""witness"":""bd5aaf605f382058693bbb6828d117f79da9c028f8438c0281d1eb944526c726"",""srs_artifact"":""3ef417367184adaf0dcdebfccc440b5bb72f9a228b278f17d1411b1340f2daa5"",""native_library"":""74f871aa8e77957c480862bc13cb5d7c6b83b0bd7651e3bf9da18f3b446a05db""}",f2a9ea536b1689a63a44fb9a4eb95be4982324f8,"Matched semantic profile: monolithic RSA-4096 passport integrity, Self registry authorization, DG1 validity, and asserted minimum-age proof. Legacy row metadata normalized for the V1 replacement CSV. Legacy row metadata normalized for the V1 replacement CSV. Legacy row metadata normalized for the V1 replacement CSV.",,,/Users/dcbuilder/Code/world/.worktrees/provekit-v1-cross-device-campaign/target/v1-benchmarks/semantic-parity/passport-p1/iphone-native/barretenberg.json
semantic-parity-v1-20260731,passport_p1__iphone_se_2022__noir_barretenberg__measured__5,2026-07-31T00:00:00Z,iphone_se_2022,iPhone SE 2022,15,arm64,ios_native,,passport,passport_p1,15b167e3543a9dff1dbb16fcf71a45fe4625cf9e,noir_barretenberg,noir,barretenberg-rs-4.2.0-aztecnr-rc.2,frozen-noir-witness-stack,measured,5,ok,,,4143.119833,,4143.119833,506.671875,16324,20480588,20480588,20480588,253998,legacy-unpinned,7de99e9e001d06797c9770684afea20f096d1ac3,"{""mopro"":""0.3.7"",""noir"":""1.0.0-beta.19"",""mobench"":""0.1.48""}","{""circuit"":""357150b3344a5ae6cbc8cd2304840f29142b9dbab21bbf842e083380aefe9a34"",""witness"":""bd5aaf605f382058693bbb6828d117f79da9c028f8438c0281d1eb944526c726"",""srs_artifact"":""3ef417367184adaf0dcdebfccc440b5bb72f9a228b278f17d1411b1340f2daa5"",""native_library"":""74f871aa8e77957c480862bc13cb5d7c6b83b0bd7651e3bf9da18f3b446a05db""}",f2a9ea536b1689a63a44fb9a4eb95be4982324f8,"Matched semantic profile: monolithic RSA-4096 passport integrity, Self registry authorization, DG1 validity, and asserted minimum-age proof. Legacy row metadata normalized for the V1 replacement CSV. Legacy row metadata normalized for the V1 replacement CSV. Legacy row metadata normalized for the V1 replacement CSV.",,,/Users/dcbuilder/Code/world/.worktrees/provekit-v1-cross-device-campaign/target/v1-benchmarks/semantic-parity/passport-p1/iphone-native/barretenberg.json
semantic-parity-v1-20260731,passport_p1__iphone_se_2022__noir_barretenberg__warmup__0,2026-07-31T00:00:00Z,iphone_se_2022,iPhone SE 2022,15,arm64,ios_native,,passport,passport_p1,15b167e3543a9dff1dbb16fcf71a45fe4625cf9e,noir_barretenberg,noir,barretenberg-rs-4.2.0-aztecnr-rc.2,frozen-noir-witness-stack,warmup,0,ok,,,3964.22225,,3964.22225,506.671875,16324,20480588,20480588,20480588,253998,legacy-unpinned,7de99e9e001d06797c9770684afea20f096d1ac3,"{""mopro"":""0.3.7"",""noir"":""1.0.0-beta.19"",""mobench"":""0.1.48""}","{""circuit"":""357150b3344a5ae6cbc8cd2304840f29142b9dbab21bbf842e083380aefe9a34"",""witness"":""bd5aaf605f382058693bbb6828d117f79da9c028f8438c0281d1eb944526c726"",""srs_artifact"":""3ef417367184adaf0dcdebfccc440b5bb72f9a228b278f17d1411b1340f2daa5"",""native_library"":""74f871aa8e77957c480862bc13cb5d7c6b83b0bd7651e3bf9da18f3b446a05db""}",f2a9ea536b1689a63a44fb9a4eb95be4982324f8,"Matched semantic profile: monolithic RSA-4096 passport integrity, Self registry authorization, DG1 validity, and asserted minimum-age proof. Legacy row metadata normalized for the V1 replacement CSV. Legacy row metadata normalized for the V1 replacement CSV. Legacy row metadata normalized for the V1 replacement CSV.",,,/Users/dcbuilder/Code/world/.worktrees/provekit-v1-cross-device-campaign/target/v1-benchmarks/semantic-parity/passport-p1/iphone-native/barretenberg.json
semantic-parity-v1-20260731,passport_p1__iphone_se_2022__provekit_v1__sample-1,2026-07-31T00:00:00Z,iphone_se_2022,iPhone SE 2022,iOS 15,arm64,ios_native,,passport,passport_p1,9b2a6f37c67691eab4b0cec6c35e35c520e93285,provekit_v1,noir,provekit-v1-whir-native,noir-v1.0.0-beta.11,measured,1,ok,,,2261.19725,,2262.063083,535.3125,715446,2554715,2554715,2554715,,provekit-v1-core-9b2a6f3-noir-beta.11,9b2a6f37c67691eab4b0cec6c35e35c520e93285,"{""provekit_core"":""9b2a6f37c67691eab4b0cec6c35e35c520e93285"",""noir"":""1.0.0-beta.11"",""mobench"":""0.1.48"",""campaign_harness"":""7de99e9e001d06797c9770684afea20f096d1ac3""}","{""evidence"":""942eb49b9faa546669836a28a96b0e85ab56e11479232ac09abe1ce0ca8d07fa"",""payload"":{""complete_age_check.pkp+frozen-input"":""01c5ac40b916e3efe5b42f947d90f9076300f24c69af78844aff5867a8007526"",""complete_age_check.Prover.toml"":""dd1ff84f238d5d92b8c7de56b4dc6df9c2309e53f7394d4ac35055b3195f7aa1""}}",5d9449e718692b36c4efa7c6609a6ba6d6a38eec,"Closest available semantic counterpart; Noir and Circom statements remain non-equivalent where noted by the campaign. ProveKit V1 measurements use the pinned core WASM/C-ABI build, not @worldcoin/provekit npm artifacts. Browser proof_size_bytes is V1 WASM proof-byte serialization; native proof_size_bytes is serialized postcard NoirProof (.np) bytes.",,,evidence/provekit-v1/ios/summary.json
semantic-parity-v1-20260731,passport_p1__iphone_se_2022__provekit_v1__sample-2,2026-07-31T00:00:00Z,iphone_se_2022,iPhone SE 2022,iOS 15,arm64,ios_native,,passport,passport_p1,9b2a6f37c67691eab4b0cec6c35e35c520e93285,provekit_v1,noir,provekit-v1-whir-native,noir-v1.0.0-beta.11,measured,2,ok,,,3101.5075,,3102.353,542.390625,719255,2554715,2554715,2554715,,provekit-v1-core-9b2a6f3-noir-beta.11,9b2a6f37c67691eab4b0cec6c35e35c520e93285,"{""provekit_core"":""9b2a6f37c67691eab4b0cec6c35e35c520e93285"",""noir"":""1.0.0-beta.11"",""mobench"":""0.1.48"",""campaign_harness"":""7de99e9e001d06797c9770684afea20f096d1ac3""}","{""evidence"":""942eb49b9faa546669836a28a96b0e85ab56e11479232ac09abe1ce0ca8d07fa"",""payload"":{""complete_age_check.pkp+frozen-input"":""01c5ac40b916e3efe5b42f947d90f9076300f24c69af78844aff5867a8007526"",""complete_age_check.Prover.toml"":""dd1ff84f238d5d92b8c7de56b4dc6df9c2309e53f7394d4ac35055b3195f7aa1""}}",5d9449e718692b36c4efa7c6609a6ba6d6a38eec,"Closest available semantic counterpart; Noir and Circom statements remain non-equivalent where noted by the campaign. ProveKit V1 measurements use the pinned core WASM/C-ABI build, not @worldcoin/provekit npm artifacts. Browser proof_size_bytes is V1 WASM proof-byte serialization; native proof_size_bytes is serialized postcard NoirProof (.np) bytes.",,,evidence/provekit-v1/ios/summary.json
semantic-parity-v1-20260731,passport_p1__iphone_se_2022__provekit_v1__sample-3,2026-07-31T00:00:00Z,iphone_se_2022,iPhone SE 2022,iOS 15,arm64,ios_native,,passport,passport_p1,9b2a6f37c67691eab4b0cec6c35e35c520e93285,provekit_v1,noir,provekit-v1-whir-native,noir-v1.0.0-beta.11,measured,3,ok,,,2474.173625,,2475.108292,548.796875,712832,2554715,2554715,2554715,,provekit-v1-core-9b2a6f3-noir-beta.11,9b2a6f37c67691eab4b0cec6c35e35c520e93285,"{""provekit_core"":""9b2a6f37c67691eab4b0cec6c35e35c520e93285"",""noir"":""1.0.0-beta.11"",""mobench"":""0.1.48"",""campaign_harness"":""7de99e9e001d06797c9770684afea20f096d1ac3""}","{""evidence"":""942eb49b9faa546669836a28a96b0e85ab56e11479232ac09abe1ce0ca8d07fa"",""payload"":{""complete_age_check.pkp+frozen-input"":""01c5ac40b916e3efe5b42f947d90f9076300f24c69af78844aff5867a8007526"",""complete_age_check.Prover.toml"":""dd1ff84f238d5d92b8c7de56b4dc6df9c2309e53f7394d4ac35055b3195f7aa1""}}",5d9449e718692b36c4efa7c6609a6ba6d6a38eec,"Closest available semantic counterpart; Noir and Circom statements remain non-equivalent where noted by the campaign. ProveKit V1 measurements use the pinned core WASM/C-ABI build, not @worldcoin/provekit npm artifacts. Browser proof_size_bytes is V1 WASM proof-byte serialization; native proof_size_bytes is serialized postcard NoirProof (.np) bytes.",,,evidence/provekit-v1/ios/summary.json
semantic-parity-v1-20260731,passport_p1__iphone_se_2022__provekit_v1__sample-4,2026-07-31T00:00:00Z,iphone_se_2022,iPhone SE 2022,iOS 15,arm64,ios_native,,passport,passport_p1,9b2a6f37c67691eab4b0cec6c35e35c520e93285,provekit_v1,noir,provekit-v1-whir-native,noir-v1.0.0-beta.11,measured,4,ok,,,2279.506833,,2280.336958,550.03125,715102,2554715,2554715,2554715,,provekit-v1-core-9b2a6f3-noir-beta.11,9b2a6f37c67691eab4b0cec6c35e35c520e93285,"{""provekit_core"":""9b2a6f37c67691eab4b0cec6c35e35c520e93285"",""noir"":""1.0.0-beta.11"",""mobench"":""0.1.48"",""campaign_harness"":""7de99e9e001d06797c9770684afea20f096d1ac3""}","{""evidence"":""942eb49b9faa546669836a28a96b0e85ab56e11479232ac09abe1ce0ca8d07fa"",""payload"":{""complete_age_check.pkp+frozen-input"":""01c5ac40b916e3efe5b42f947d90f9076300f24c69af78844aff5867a8007526"",""complete_age_check.Prover.toml"":""dd1ff84f238d5d92b8c7de56b4dc6df9c2309e53f7394d4ac35055b3195f7aa1""}}",5d9449e718692b36c4efa7c6609a6ba6d6a38eec,"Closest available semantic counterpart; Noir and Circom statements remain non-equivalent where noted by the campaign. ProveKit V1 measurements use the pinned core WASM/C-ABI build, not @worldcoin/provekit npm artifacts. Browser proof_size_bytes is V1 WASM proof-byte serialization; native proof_size_bytes is serialized postcard NoirProof (.np) bytes.",,,evidence/provekit-v1/ios/summary.json
semantic-parity-v1-20260731,passport_p1__iphone_se_2022__provekit_v1__sample-5,2026-07-31T00:00:00Z,iphone_se_2022,iPhone SE 2022,iOS 15,arm64,ios_native,,passport,passport_p1,9b2a6f37c67691eab4b0cec6c35e35c520e93285,provekit_v1,noir,provekit-v1-whir-native,noir-v1.0.0-beta.11,measured,5,ok,,,2384.363916,,2385.298625,559.34375,714697,2554715,2554715,2554715,,provekit-v1-core-9b2a6f3-noir-beta.11,9b2a6f37c67691eab4b0cec6c35e35c520e93285,"{""provekit_core"":""9b2a6f37c67691eab4b0cec6c35e35c520e93285"",""noir"":""1.0.0-beta.11"",""mobench"":""0.1.48"",""campaign_harness"":""7de99e9e001d06797c9770684afea20f096d1ac3""}","{""evidence"":""942eb49b9faa546669836a28a96b0e85ab56e11479232ac09abe1ce0ca8d07fa"",""payload"":{""complete_age_check.pkp+frozen-input"":""01c5ac40b916e3efe5b42f947d90f9076300f24c69af78844aff5867a8007526"",""complete_age_check.Prover.toml"":""dd1ff84f238d5d92b8c7de56b4dc6df9c2309e53f7394d4ac35055b3195f7aa1""}}",5d9449e718692b36c4efa7c6609a6ba6d6a38eec,"Closest available semantic counterpart; Noir and Circom statements remain non-equivalent where noted by the campaign. ProveKit V1 measurements use the pinned core WASM/C-ABI build, not @worldcoin/provekit npm artifacts. Browser proof_size_bytes is V1 WASM proof-byte serialization; native proof_size_bytes is serialized postcard NoirProof (.np) bytes.",,,evidence/provekit-v1/ios/summary.json
semantic-parity-v1-20260731,passport_p1__iphone_se_2022__provekit_v1__warmup,2026-07-31T00:00:00Z,iphone_se_2022,iPhone SE 2022,iOS 15,arm64,ios_native,,passport,passport_p1,9b2a6f37c67691eab4b0cec6c35e35c520e93285,provekit_v1,noir,provekit-v1-whir-native,noir-v1.0.0-beta.11,warmup,0,ok,,,,,,,,2554715,2554715,2554715,,provekit-v1-core-9b2a6f3-noir-beta.11,9b2a6f37c67691eab4b0cec6c35e35c520e93285,"{""provekit_core"":""9b2a6f37c67691eab4b0cec6c35e35c520e93285"",""noir"":""1.0.0-beta.11"",""mobench"":""0.1.48"",""campaign_harness"":""7de99e9e001d06797c9770684afea20f096d1ac3""}","{""evidence"":""942eb49b9faa546669836a28a96b0e85ab56e11479232ac09abe1ce0ca8d07fa"",""payload"":{""complete_age_check.pkp+frozen-input"":""01c5ac40b916e3efe5b42f947d90f9076300f24c69af78844aff5867a8007526"",""complete_age_check.Prover.toml"":""dd1ff84f238d5d92b8c7de56b4dc6df9c2309e53f7394d4ac35055b3195f7aa1""}}",5d9449e718692b36c4efa7c6609a6ba6d6a38eec,"Closest available semantic counterpart; Noir and Circom statements remain non-equivalent where noted by the campaign. ProveKit V1 measurements use the pinned core WASM/C-ABI build, not @worldcoin/provekit npm artifacts. Browser proof_size_bytes is V1 WASM proof-byte serialization; native proof_size_bytes is serialized postcard NoirProof (.np) bytes.",,,evidence/provekit-v1/ios/summary.json
semantic-parity-v1-20260731,webauthn_closest_analogue__iphone_se_2022__circom_groth16__measured__1,2026-07-31T00:00:00Z,iphone_se_2022,iPhone SE 2022,iOS 15.4,arm64,ios_native,,webauthn,webauthn_closest_analogue,0fb5b4aa1398281c2fd3dbe14db147e05b61f201,circom_groth16,circom,rapidsnark-groth16-native-single-thread,frozen-wtns-witnesscalc-adapter-0.1.7,measured,1,ok,,,36998.1695,,36998.1695,845.3125,1002,1842364184,1842364184,1842364184,,legacy-unpinned,13044531f0f38e02ed19fcbd9b26202b8ba5a962,"{""mopro"":""0.3.7"",""rust_rapidsnark"":""0.1.4"",""witnesscalc_adapter"":""0.1.7"",""rapidsnark_threads"":1}",{},9fe5b442db9319cae7010b9e89c95610685e4a6e,"Closest analogue, not semantically equivalent: Noir binds challenge, client-data type, origin, RP-ID hash, UP/UV flags, and public key; privacy-ethereum/webauthn-circom omits several of those bindings. Historical note verbatim: Closest available counterpart only; proof statements and implementation details are not equivalent. Circuit/proving payload size is an asset-size estimate: zkey plus frozen WTNS; IPA and app package sizes are excluded. Legacy row metadata normalized for the V1 replacement CSV. Legacy row metadata normalized for the V1 replacement CSV. Legacy row metadata normalized for the V1 replacement CSV.",,,/Users/dcbuilder/Code/world/.worktrees/provekit-v1-cross-device-campaign/target/v1-benchmarks/reproduction/provekit-v1-cross-device-20260730/native-ios/summary.json
semantic-parity-v1-20260731,webauthn_closest_analogue__iphone_se_2022__circom_groth16__measured__2,2026-07-31T00:00:00Z,iphone_se_2022,iPhone SE 2022,iOS 15.4,arm64,ios_native,,webauthn,webauthn_closest_analogue,0fb5b4aa1398281c2fd3dbe14db147e05b61f201,circom_groth16,circom,rapidsnark-groth16-native-single-thread,frozen-wtns-witnesscalc-adapter-0.1.7,measured,2,ok,,,39245.250417,,39245.250417,845,1006,1842364184,1842364184,1842364184,,legacy-unpinned,13044531f0f38e02ed19fcbd9b26202b8ba5a962,"{""mopro"":""0.3.7"",""rust_rapidsnark"":""0.1.4"",""witnesscalc_adapter"":""0.1.7"",""rapidsnark_threads"":1}",{},9fe5b442db9319cae7010b9e89c95610685e4a6e,"Closest analogue, not semantically equivalent: Noir binds challenge, client-data type, origin, RP-ID hash, UP/UV flags, and public key; privacy-ethereum/webauthn-circom omits several of those bindings. Historical note verbatim: Closest available counterpart only; proof statements and implementation details are not equivalent. Circuit/proving payload size is an asset-size estimate: zkey plus frozen WTNS; IPA and app package sizes are excluded. Legacy row metadata normalized for the V1 replacement CSV. Legacy row metadata normalized for the V1 replacement CSV. Legacy row metadata normalized for the V1 replacement CSV.",,,/Users/dcbuilder/Code/world/.worktrees/provekit-v1-cross-device-campaign/target/v1-benchmarks/reproduction/provekit-v1-cross-device-20260730/native-ios/summary.json
semantic-parity-v1-20260731,webauthn_closest_analogue__iphone_se_2022__circom_groth16__measured__3,2026-07-31T00:00:00Z,iphone_se_2022,iPhone SE 2022,iOS 15.4,arm64,ios_native,,webauthn,webauthn_closest_analogue,0fb5b4aa1398281c2fd3dbe14db147e05b61f201,circom_groth16,circom,rapidsnark-groth16-native-single-thread,frozen-wtns-witnesscalc-adapter-0.1.7,measured,3,ok,,,38393.932667,,38393.932667,844.40625,1001,1842364184,1842364184,1842364184,,legacy-unpinned,13044531f0f38e02ed19fcbd9b26202b8ba5a962,"{""mopro"":""0.3.7"",""rust_rapidsnark"":""0.1.4"",""witnesscalc_adapter"":""0.1.7"",""rapidsnark_threads"":1}",{},9fe5b442db9319cae7010b9e89c95610685e4a6e,"Closest analogue, not semantically equivalent: Noir binds challenge, client-data type, origin, RP-ID hash, UP/UV flags, and public key; privacy-ethereum/webauthn-circom omits several of those bindings. Historical note verbatim: Closest available counterpart only; proof statements and implementation details are not equivalent. Circuit/proving payload size is an asset-size estimate: zkey plus frozen WTNS; IPA and app package sizes are excluded. Legacy row metadata normalized for the V1 replacement CSV. Legacy row metadata normalized for the V1 replacement CSV. Legacy row metadata normalized for the V1 replacement CSV.",,,/Users/dcbuilder/Code/world/.worktrees/provekit-v1-cross-device-campaign/target/v1-benchmarks/reproduction/provekit-v1-cross-device-20260730/native-ios/summary.json
semantic-parity-v1-20260731,webauthn_closest_analogue__iphone_se_2022__circom_groth16__measured__4,2026-07-31T00:00:00Z,iphone_se_2022,iPhone SE 2022,iOS 15.4,arm64,ios_native,,webauthn,webauthn_closest_analogue,0fb5b4aa1398281c2fd3dbe14db147e05b61f201,circom_groth16,circom,rapidsnark-groth16-native-single-thread,frozen-wtns-witnesscalc-adapter-0.1.7,measured,4,ok,,,38679.03925,,38679.03925,844.8125,1000,1842364184,1842364184,1842364184,,legacy-unpinned,13044531f0f38e02ed19fcbd9b26202b8ba5a962,"{""mopro"":""0.3.7"",""rust_rapidsnark"":""0.1.4"",""witnesscalc_adapter"":""0.1.7"",""rapidsnark_threads"":1}",{},9fe5b442db9319cae7010b9e89c95610685e4a6e,"Closest analogue, not semantically equivalent: Noir binds challenge, client-data type, origin, RP-ID hash, UP/UV flags, and public key; privacy-ethereum/webauthn-circom omits several of those bindings. Historical note verbatim: Closest available counterpart only; proof statements and implementation details are not equivalent. Circuit/proving payload size is an asset-size estimate: zkey plus frozen WTNS; IPA and app package sizes are excluded. Legacy row metadata normalized for the V1 replacement CSV. Legacy row metadata normalized for the V1 replacement CSV. Legacy row metadata normalized for the V1 replacement CSV.",,,/Users/dcbuilder/Code/world/.worktrees/provekit-v1-cross-device-campaign/target/v1-benchmarks/reproduction/provekit-v1-cross-device-20260730/native-ios/summary.json
semantic-parity-v1-20260731,webauthn_closest_analogue__iphone_se_2022__circom_groth16__measured__5,2026-07-31T00:00:00Z,iphone_se_2022,iPhone SE 2022,iOS 15.4,arm64,ios_native,,webauthn,webauthn_closest_analogue,0fb5b4aa1398281c2fd3dbe14db147e05b61f201,circom_groth16,circom,rapidsnark-groth16-native-single-thread,frozen-wtns-witnesscalc-adapter-0.1.7,measured,5,ok,,,38943.579333,,38943.579333,848.21875,1002,1842364184,1842364184,1842364184,,legacy-unpinned,13044531f0f38e02ed19fcbd9b26202b8ba5a962,"{""mopro"":""0.3.7"",""rust_rapidsnark"":""0.1.4"",""witnesscalc_adapter"":""0.1.7"",""rapidsnark_threads"":1}",{},9fe5b442db9319cae7010b9e89c95610685e4a6e,"Closest analogue, not semantically equivalent: Noir binds challenge, client-data type, origin, RP-ID hash, UP/UV flags, and public key; privacy-ethereum/webauthn-circom omits several of those bindings. Historical note verbatim: Closest available counterpart only; proof statements and implementation details are not equivalent. Circuit/proving payload size is an asset-size estimate: zkey plus frozen WTNS; IPA and app package sizes are excluded. Legacy row metadata normalized for the V1 replacement CSV. Legacy row metadata normalized for the V1 replacement CSV. Legacy row metadata normalized for the V1 replacement CSV.",,,/Users/dcbuilder/Code/world/.worktrees/provekit-v1-cross-device-campaign/target/v1-benchmarks/reproduction/provekit-v1-cross-device-20260730/native-ios/summary.json
semantic-parity-v1-20260731,webauthn_closest_analogue__iphone_se_2022__circom_groth16__warmup__0,2026-07-31T00:00:00Z,iphone_se_2022,iPhone SE 2022,iOS 15.4,arm64,ios_native,,webauthn,webauthn_closest_analogue,0fb5b4aa1398281c2fd3dbe14db147e05b61f201,circom_groth16,circom,rapidsnark-groth16-native-single-thread,frozen-wtns-witnesscalc-adapter-0.1.7,warmup,0,ok,,,,,,,,1842364184,1842364184,1842364184,,legacy-unpinned,13044531f0f38e02ed19fcbd9b26202b8ba5a962,"{""mopro"":""0.3.7"",""rust_rapidsnark"":""0.1.4"",""witnesscalc_adapter"":""0.1.7"",""rapidsnark_threads"":1}",{},9fe5b442db9319cae7010b9e89c95610685e4a6e,"Closest analogue, not semantically equivalent: Noir binds challenge, client-data type, origin, RP-ID hash, UP/UV flags, and public key; privacy-ethereum/webauthn-circom omits several of those bindings. Historical note verbatim: Closest available counterpart only; proof statements and implementation details are not equivalent. Circuit/proving payload size is an asset-size estimate: zkey plus frozen WTNS; IPA and app package sizes are excluded. Legacy row metadata normalized for the V1 replacement CSV. Legacy row metadata normalized for the V1 replacement CSV. Legacy row metadata normalized for the V1 replacement CSV.",,,/Users/dcbuilder/Code/world/.worktrees/provekit-v1-cross-device-campaign/target/v1-benchmarks/reproduction/provekit-v1-cross-device-20260730/native-ios/summary.json
semantic-parity-v1-20260731,webauthn_closest_analogue__iphone_se_2022__noir_barretenberg__measured__1,2026-07-31T00:00:00Z,iphone_se_2022,iPhone SE 2022,iOS 15.4,arm64,ios_native,,webauthn,webauthn_closest_analogue,85aeeef539961cae5a63de794997b507a5975717,noir_barretenberg,noir,barretenberg-ultrahonk-native,,measured,1,ok,,,4044.97525,,4044.97525,667.375,21092,271478529,271478529,271478529,,legacy-unpinned,13044531f0f38e02ed19fcbd9b26202b8ba5a962,"{""mopro"":""0.3.7"",""noir"":""1.0.0-beta.19"",""barretenberg_rs"":""4.2.0-aztecnr-rc.2""}",{},66e15d58d1543b741abe8dac268908c80d49bc76,"Closest analogue, not semantically equivalent: Noir binds challenge, client-data type, origin, RP-ID hash, UP/UV flags, and public key; privacy-ethereum/webauthn-circom omits several of those bindings. Historical note verbatim: Closest available counterpart only; proof statements and implementation details are not equivalent. Payload correction from native structured evidence: 2,691,859-byte circuit + 351,150-byte frozen witness + 268,435,520-byte SRS = 271,478,529 bytes. Legacy row metadata normalized for the V1 replacement CSV. Legacy row metadata normalized for the V1 replacement CSV. Legacy row metadata normalized for the V1 replacement CSV.",,,/Users/dcbuilder/Code/world/.worktrees/provekit-v1-cross-device-campaign/target/v1-benchmarks/reproduction/provekit-v1-cross-device-20260730/native-ios/summary.json
semantic-parity-v1-20260731,webauthn_closest_analogue__iphone_se_2022__noir_barretenberg__measured__2,2026-07-31T00:00:00Z,iphone_se_2022,iPhone SE 2022,iOS 15.4,arm64,ios_native,,webauthn,webauthn_closest_analogue,85aeeef539961cae5a63de794997b507a5975717,noir_barretenberg,noir,barretenberg-ultrahonk-native,,measured,2,ok,,,4019.74825,,4019.74825,667.34375,21092,271478529,271478529,271478529,,legacy-unpinned,13044531f0f38e02ed19fcbd9b26202b8ba5a962,"{""mopro"":""0.3.7"",""noir"":""1.0.0-beta.19"",""barretenberg_rs"":""4.2.0-aztecnr-rc.2""}",{},66e15d58d1543b741abe8dac268908c80d49bc76,"Closest analogue, not semantically equivalent: Noir binds challenge, client-data type, origin, RP-ID hash, UP/UV flags, and public key; privacy-ethereum/webauthn-circom omits several of those bindings. Historical note verbatim: Closest available counterpart only; proof statements and implementation details are not equivalent. Payload correction from native structured evidence: 2,691,859-byte circuit + 351,150-byte frozen witness + 268,435,520-byte SRS = 271,478,529 bytes. Legacy row metadata normalized for the V1 replacement CSV. Legacy row metadata normalized for the V1 replacement CSV. Legacy row metadata normalized for the V1 replacement CSV.",,,/Users/dcbuilder/Code/world/.worktrees/provekit-v1-cross-device-campaign/target/v1-benchmarks/reproduction/provekit-v1-cross-device-20260730/native-ios/summary.json
semantic-parity-v1-20260731,webauthn_closest_analogue__iphone_se_2022__noir_barretenberg__measured__3,2026-07-31T00:00:00Z,iphone_se_2022,iPhone SE 2022,iOS 15.4,arm64,ios_native,,webauthn,webauthn_closest_analogue,85aeeef539961cae5a63de794997b507a5975717,noir_barretenberg,noir,barretenberg-ultrahonk-native,,measured,3,ok,,,4102.73925,,4102.73925,675.375,21092,271478529,271478529,271478529,,legacy-unpinned,13044531f0f38e02ed19fcbd9b26202b8ba5a962,"{""mopro"":""0.3.7"",""noir"":""1.0.0-beta.19"",""barretenberg_rs"":""4.2.0-aztecnr-rc.2""}",{},66e15d58d1543b741abe8dac268908c80d49bc76,"Closest analogue, not semantically equivalent: Noir binds challenge, client-data type, origin, RP-ID hash, UP/UV flags, and public key; privacy-ethereum/webauthn-circom omits several of those bindings. Historical note verbatim: Closest available counterpart only; proof statements and implementation details are not equivalent. Payload correction from native structured evidence: 2,691,859-byte circuit + 351,150-byte frozen witness + 268,435,520-byte SRS = 271,478,529 bytes. Legacy row metadata normalized for the V1 replacement CSV. Legacy row metadata normalized for the V1 replacement CSV. Legacy row metadata normalized for the V1 replacement CSV.",,,/Users/dcbuilder/Code/world/.worktrees/provekit-v1-cross-device-campaign/target/v1-benchmarks/reproduction/provekit-v1-cross-device-20260730/native-ios/summary.json
semantic-parity-v1-20260731,webauthn_closest_analogue__iphone_se_2022__noir_barretenberg__measured__4,2026-07-31T00:00:00Z,iphone_se_2022,iPhone SE 2022,iOS 15.4,arm64,ios_native,,webauthn,webauthn_closest_analogue,85aeeef539961cae5a63de794997b507a5975717,noir_barretenberg,noir,barretenberg-ultrahonk-native,,measured,4,ok,,,4060.3015,,4060.3015,675.375,21092,271478529,271478529,271478529,,legacy-unpinned,13044531f0f38e02ed19fcbd9b26202b8ba5a962,"{""mopro"":""0.3.7"",""noir"":""1.0.0-beta.19"",""barretenberg_rs"":""4.2.0-aztecnr-rc.2""}",{},66e15d58d1543b741abe8dac268908c80d49bc76,"Closest analogue, not semantically equivalent: Noir binds challenge, client-data type, origin, RP-ID hash, UP/UV flags, and public key; privacy-ethereum/webauthn-circom omits several of those bindings. Historical note verbatim: Closest available counterpart only; proof statements and implementation details are not equivalent. Payload correction from native structured evidence: 2,691,859-byte circuit + 351,150-byte frozen witness + 268,435,520-byte SRS = 271,478,529 bytes. Legacy row metadata normalized for the V1 replacement CSV. Legacy row metadata normalized for the V1 replacement CSV. Legacy row metadata normalized for the V1 replacement CSV.",,,/Users/dcbuilder/Code/world/.worktrees/provekit-v1-cross-device-campaign/target/v1-benchmarks/reproduction/provekit-v1-cross-device-20260730/native-ios/summary.json
semantic-parity-v1-20260731,webauthn_closest_analogue__iphone_se_2022__noir_barretenberg__measured__5,2026-07-31T00:00:00Z,iphone_se_2022,iPhone SE 2022,iOS 15.4,arm64,ios_native,,webauthn,webauthn_closest_analogue,85aeeef539961cae5a63de794997b507a5975717,noir_barretenberg,noir,barretenberg-ultrahonk-native,,measured,5,ok,,,4099.76075,,4099.76075,675.375,21092,271478529,271478529,271478529,,legacy-unpinned,13044531f0f38e02ed19fcbd9b26202b8ba5a962,"{""mopro"":""0.3.7"",""noir"":""1.0.0-beta.19"",""barretenberg_rs"":""4.2.0-aztecnr-rc.2""}",{},66e15d58d1543b741abe8dac268908c80d49bc76,"Closest analogue, not semantically equivalent: Noir binds challenge, client-data type, origin, RP-ID hash, UP/UV flags, and public key; privacy-ethereum/webauthn-circom omits several of those bindings. Historical note verbatim: Closest available counterpart only; proof statements and implementation details are not equivalent. Payload correction from native structured evidence: 2,691,859-byte circuit + 351,150-byte frozen witness + 268,435,520-byte SRS = 271,478,529 bytes. Legacy row metadata normalized for the V1 replacement CSV. Legacy row metadata normalized for the V1 replacement CSV. Legacy row metadata normalized for the V1 replacement CSV.",,,/Users/dcbuilder/Code/world/.worktrees/provekit-v1-cross-device-campaign/target/v1-benchmarks/reproduction/provekit-v1-cross-device-20260730/native-ios/summary.json
semantic-parity-v1-20260731,webauthn_closest_analogue__iphone_se_2022__noir_barretenberg__warmup__0,2026-07-31T00:00:00Z,iphone_se_2022,iPhone SE 2022,iOS 15.4,arm64,ios_native,,webauthn,webauthn_closest_analogue,85aeeef539961cae5a63de794997b507a5975717,noir_barretenberg,noir,barretenberg-ultrahonk-native,,warmup,0,ok,,,,,,,,271478529,271478529,271478529,,legacy-unpinned,13044531f0f38e02ed19fcbd9b26202b8ba5a962,"{""mopro"":""0.3.7"",""noir"":""1.0.0-beta.19"",""barretenberg_rs"":""4.2.0-aztecnr-rc.2""}",{},66e15d58d1543b741abe8dac268908c80d49bc76,"Closest analogue, not semantically equivalent: Noir binds challenge, client-data type, origin, RP-ID hash, UP/UV flags, and public key; privacy-ethereum/webauthn-circom omits several of those bindings. Historical note verbatim: Closest available counterpart only; proof statements and implementation details are not equivalent. Payload correction from native structured evidence: 2,691,859-byte circuit + 351,150-byte frozen witness + 268,435,520-byte SRS = 271,478,529 bytes. Legacy row metadata normalized for the V1 replacement CSV. Legacy row metadata normalized for the V1 replacement CSV. Legacy row metadata normalized for the V1 replacement CSV.",,,/Users/dcbuilder/Code/world/.worktrees/provekit-v1-cross-device-campaign/target/v1-benchmarks/reproduction/provekit-v1-cross-device-20260730/native-ios/summary.json
semantic-parity-v1-20260731,webauthn_closest_analogue__iphone_se_2022__provekit_v1__sample-1,2026-07-31T00:00:00Z,iphone_se_2022,iPhone SE 2022,iOS 15,arm64,ios_native,,webauthn,webauthn_closest_analogue,85aeeef539961cae5a63de794997b507a5975717,provekit_v1,noir,provekit-v1-whir-native,noir-v1.0.0-beta.11,measured,1,ok,,,2973.014,,2973.894333,565.25,714467,2410560,2410560,2410560,,provekit-v1-core-9b2a6f3-noir-beta.11,9b2a6f37c67691eab4b0cec6c35e35c520e93285,"{""provekit_core"":""9b2a6f37c67691eab4b0cec6c35e35c520e93285"",""noir"":""1.0.0-beta.11"",""mobench"":""0.1.48"",""campaign_harness"":""7de99e9e001d06797c9770684afea20f096d1ac3""}","{""evidence"":""942eb49b9faa546669836a28a96b0e85ab56e11479232ac09abe1ce0ca8d07fa"",""payload"":{""webauthn_assertion.pkp+frozen-input"":""f2db98b9d9b5ff2ccd4d9cbe5bd50327bc037685299936aff6d55ba0fa1071f1"",""webauthn_assertion.Prover.toml"":""aa0fd0a7718f5db6a70f55585014e1afa598f9cd8b5af3ccf6e087dd8a7fccfd""}}",9e03602c537f1b3e84d3672fc3a36bbeb8cbca41,"Closest available semantic counterpart; Noir and Circom statements remain non-equivalent where noted by the campaign. ProveKit V1 measurements use the pinned core WASM/C-ABI build, not @worldcoin/provekit npm artifacts. Browser proof_size_bytes is V1 WASM proof-byte serialization; native proof_size_bytes is serialized postcard NoirProof (.np) bytes.",,,evidence/provekit-v1/ios/summary.json
semantic-parity-v1-20260731,webauthn_closest_analogue__iphone_se_2022__provekit_v1__sample-2,2026-07-31T00:00:00Z,iphone_se_2022,iPhone SE 2022,iOS 15,arm64,ios_native,,webauthn,webauthn_closest_analogue,85aeeef539961cae5a63de794997b507a5975717,provekit_v1,noir,provekit-v1-whir-native,noir-v1.0.0-beta.11,measured,2,ok,,,3031.699041,,3032.569667,571.359375,715888,2410560,2410560,2410560,,provekit-v1-core-9b2a6f3-noir-beta.11,9b2a6f37c67691eab4b0cec6c35e35c520e93285,"{""provekit_core"":""9b2a6f37c67691eab4b0cec6c35e35c520e93285"",""noir"":""1.0.0-beta.11"",""mobench"":""0.1.48"",""campaign_harness"":""7de99e9e001d06797c9770684afea20f096d1ac3""}","{""evidence"":""942eb49b9faa546669836a28a96b0e85ab56e11479232ac09abe1ce0ca8d07fa"",""payload"":{""webauthn_assertion.pkp+frozen-input"":""f2db98b9d9b5ff2ccd4d9cbe5bd50327bc037685299936aff6d55ba0fa1071f1"",""webauthn_assertion.Prover.toml"":""aa0fd0a7718f5db6a70f55585014e1afa598f9cd8b5af3ccf6e087dd8a7fccfd""}}",9e03602c537f1b3e84d3672fc3a36bbeb8cbca41,"Closest available semantic counterpart; Noir and Circom statements remain non-equivalent where noted by the campaign. ProveKit V1 measurements use the pinned core WASM/C-ABI build, not @worldcoin/provekit npm artifacts. Browser proof_size_bytes is V1 WASM proof-byte serialization; native proof_size_bytes is serialized postcard NoirProof (.np) bytes.",,,evidence/provekit-v1/ios/summary.json
semantic-parity-v1-20260731,webauthn_closest_analogue__iphone_se_2022__provekit_v1__sample-3,2026-07-31T00:00:00Z,iphone_se_2022,iPhone SE 2022,iOS 15,arm64,ios_native,,webauthn,webauthn_closest_analogue,85aeeef539961cae5a63de794997b507a5975717,provekit_v1,noir,provekit-v1-whir-native,noir-v1.0.0-beta.11,measured,3,ok,,,3182.688209,,3183.65125,577.515625,714756,2410560,2410560,2410560,,provekit-v1-core-9b2a6f3-noir-beta.11,9b2a6f37c67691eab4b0cec6c35e35c520e93285,"{""provekit_core"":""9b2a6f37c67691eab4b0cec6c35e35c520e93285"",""noir"":""1.0.0-beta.11"",""mobench"":""0.1.48"",""campaign_harness"":""7de99e9e001d06797c9770684afea20f096d1ac3""}","{""evidence"":""942eb49b9faa546669836a28a96b0e85ab56e11479232ac09abe1ce0ca8d07fa"",""payload"":{""webauthn_assertion.pkp+frozen-input"":""f2db98b9d9b5ff2ccd4d9cbe5bd50327bc037685299936aff6d55ba0fa1071f1"",""webauthn_assertion.Prover.toml"":""aa0fd0a7718f5db6a70f55585014e1afa598f9cd8b5af3ccf6e087dd8a7fccfd""}}",9e03602c537f1b3e84d3672fc3a36bbeb8cbca41,"Closest available semantic counterpart; Noir and Circom statements remain non-equivalent where noted by the campaign. ProveKit V1 measurements use the pinned core WASM/C-ABI build, not @worldcoin/provekit npm artifacts. Browser proof_size_bytes is V1 WASM proof-byte serialization; native proof_size_bytes is serialized postcard NoirProof (.np) bytes.",,,evidence/provekit-v1/ios/summary.json
semantic-parity-v1-20260731,webauthn_closest_analogue__iphone_se_2022__provekit_v1__sample-4,2026-07-31T00:00:00Z,iphone_se_2022,iPhone SE 2022,iOS 15,arm64,ios_native,,webauthn,webauthn_closest_analogue,85aeeef539961cae5a63de794997b507a5975717,provekit_v1,noir,provekit-v1-whir-native,noir-v1.0.0-beta.11,measured,4,ok,,,3183.604625,,3184.567375,583.953125,715336,2410560,2410560,2410560,,provekit-v1-core-9b2a6f3-noir-beta.11,9b2a6f37c67691eab4b0cec6c35e35c520e93285,"{""provekit_core"":""9b2a6f37c67691eab4b0cec6c35e35c520e93285"",""noir"":""1.0.0-beta.11"",""mobench"":""0.1.48"",""campaign_harness"":""7de99e9e001d06797c9770684afea20f096d1ac3""}","{""evidence"":""942eb49b9faa546669836a28a96b0e85ab56e11479232ac09abe1ce0ca8d07fa"",""payload"":{""webauthn_assertion.pkp+frozen-input"":""f2db98b9d9b5ff2ccd4d9cbe5bd50327bc037685299936aff6d55ba0fa1071f1"",""webauthn_assertion.Prover.toml"":""aa0fd0a7718f5db6a70f55585014e1afa598f9cd8b5af3ccf6e087dd8a7fccfd""}}",9e03602c537f1b3e84d3672fc3a36bbeb8cbca41,"Closest available semantic counterpart; Noir and Circom statements remain non-equivalent where noted by the campaign. ProveKit V1 measurements use the pinned core WASM/C-ABI build, not @worldcoin/provekit npm artifacts. Browser proof_size_bytes is V1 WASM proof-byte serialization; native proof_size_bytes is serialized postcard NoirProof (.np) bytes.",,,evidence/provekit-v1/ios/summary.json
semantic-parity-v1-20260731,webauthn_closest_analogue__iphone_se_2022__provekit_v1__sample-5,2026-07-31T00:00:00Z,iphone_se_2022,iPhone SE 2022,iOS 15,arm64,ios_native,,webauthn,webauthn_closest_analogue,85aeeef539961cae5a63de794997b507a5975717,provekit_v1,noir,provekit-v1-whir-native,noir-v1.0.0-beta.11,measured,5,ok,,,3228.687125,,3229.705459,583.0625,712911,2410560,2410560,2410560,,provekit-v1-core-9b2a6f3-noir-beta.11,9b2a6f37c67691eab4b0cec6c35e35c520e93285,"{""provekit_core"":""9b2a6f37c67691eab4b0cec6c35e35c520e93285"",""noir"":""1.0.0-beta.11"",""mobench"":""0.1.48"",""campaign_harness"":""7de99e9e001d06797c9770684afea20f096d1ac3""}","{""evidence"":""942eb49b9faa546669836a28a96b0e85ab56e11479232ac09abe1ce0ca8d07fa"",""payload"":{""webauthn_assertion.pkp+frozen-input"":""f2db98b9d9b5ff2ccd4d9cbe5bd50327bc037685299936aff6d55ba0fa1071f1"",""webauthn_assertion.Prover.toml"":""aa0fd0a7718f5db6a70f55585014e1afa598f9cd8b5af3ccf6e087dd8a7fccfd""}}",9e03602c537f1b3e84d3672fc3a36bbeb8cbca41,"Closest available semantic counterpart; Noir and Circom statements remain non-equivalent where noted by the campaign. ProveKit V1 measurements use the pinned core WASM/C-ABI build, not @worldcoin/provekit npm artifacts. Browser proof_size_bytes is V1 WASM proof-byte serialization; native proof_size_bytes is serialized postcard NoirProof (.np) bytes.",,,evidence/provekit-v1/ios/summary.json
semantic-parity-v1-20260731,webauthn_closest_analogue__iphone_se_2022__provekit_v1__warmup,2026-07-31T00:00:00Z,iphone_se_2022,iPhone SE 2022,iOS 15,arm64,ios_native,,webauthn,webauthn_closest_analogue,85aeeef539961cae5a63de794997b507a5975717,provekit_v1,noir,provekit-v1-whir-native,noir-v1.0.0-beta.11,warmup,0,ok,,,,,,,,2410560,2410560,2410560,,provekit-v1-core-9b2a6f3-noir-beta.11,9b2a6f37c67691eab4b0cec6c35e35c520e93285,"{""provekit_core"":""9b2a6f37c67691eab4b0cec6c35e35c520e93285"",""noir"":""1.0.0-beta.11"",""mobench"":""0.1.48"",""campaign_harness"":""7de99e9e001d06797c9770684afea20f096d1ac3""}","{""evidence"":""942eb49b9faa546669836a28a96b0e85ab56e11479232ac09abe1ce0ca8d07fa"",""payload"":{""webauthn_assertion.pkp+frozen-input"":""f2db98b9d9b5ff2ccd4d9cbe5bd50327bc037685299936aff6d55ba0fa1071f1"",""webauthn_assertion.Prover.toml"":""aa0fd0a7718f5db6a70f55585014e1afa598f9cd8b5af3ccf6e087dd8a7fccfd""}}",9e03602c537f1b3e84d3672fc3a36bbeb8cbca41,"Closest available semantic counterpart; Noir and Circom statements remain non-equivalent where noted by the campaign. ProveKit V1 measurements use the pinned core WASM/C-ABI build, not @worldcoin/provekit npm artifacts. Browser proof_size_bytes is V1 WASM proof-byte serialization; native proof_size_bytes is serialized postcard NoirProof (.np) bytes.",,,evidence/provekit-v1/ios/summary.json
semantic-parity-v1-20260731,oprf_o2__mac_chrome__circom_groth16__measured__1,2026-07-31T00:00:00Z,macbook_m4,MacBook Pro (Apple M4 Max),macOS 26.5.2 (25F84),arm64,browser_wasm,Google Chrome 151.0.7922.72 (headless),oprf,oprf_o2,85aeeef539961cae5a63de794997b507a5975717,circom_groth16,circom,snarkjs-groth16-browser-wasm,circom-witness-wasm,measured,1,ok,,,1543.6,,1543.6,3096.328125,724,39203507,39203507,39203507,,legacy-unpinned,legacy-unpinned,"{""snarkjs"":""0.7.6""}","{""benchmarks/v1/circom/web/dist/assets/oprf/oprf_nullifier.wasm"":""f13e21ad5a14462a7ccd9d30c845d551e1eac3cc0346676aa674c792bb91e909"",""benchmarks/v1/circom/web/dist/assets/oprf/oprf_nullifier.zkey"":""5c13f036144b3e9767edb51dc28034d3dc8d72d6ca4d66fad2c9655f5b4653dc"",""benchmarks/v1/circom/web/dist/assets/oprf/oprf_nullifier.input.json"":""662a0242fd4a36ad71d565a51d5ecc4e70b764fd884d41902911e30a85764d40""}",,"Matched semantic profile: World ID Protocol nullifier statement and frozen witness, including the identical public nullifier. Legacy row metadata normalized for the V1 replacement CSV. Legacy row metadata normalized for the V1 replacement CSV. Legacy row metadata normalized for the V1 replacement CSV.",,,target/v1-benchmarks/semantic-parity/oprf-o2/mac-chrome/circom-snarkjs.json
semantic-parity-v1-20260731,oprf_o2__mac_chrome__circom_groth16__measured__2,2026-07-31T00:00:00Z,macbook_m4,MacBook Pro (Apple M4 Max),macOS 26.5.2 (25F84),arm64,browser_wasm,Google Chrome 151.0.7922.72 (headless),oprf,oprf_o2,85aeeef539961cae5a63de794997b507a5975717,circom_groth16,circom,snarkjs-groth16-browser-wasm,circom-witness-wasm,measured,2,ok,,,1500.3,,1500.3,3096.328125,725,39203507,39203507,39203507,,legacy-unpinned,legacy-unpinned,"{""snarkjs"":""0.7.6""}","{""benchmarks/v1/circom/web/dist/assets/oprf/oprf_nullifier.wasm"":""f13e21ad5a14462a7ccd9d30c845d551e1eac3cc0346676aa674c792bb91e909"",""benchmarks/v1/circom/web/dist/assets/oprf/oprf_nullifier.zkey"":""5c13f036144b3e9767edb51dc28034d3dc8d72d6ca4d66fad2c9655f5b4653dc"",""benchmarks/v1/circom/web/dist/assets/oprf/oprf_nullifier.input.json"":""662a0242fd4a36ad71d565a51d5ecc4e70b764fd884d41902911e30a85764d40""}",,"Matched semantic profile: World ID Protocol nullifier statement and frozen witness, including the identical public nullifier. Legacy row metadata normalized for the V1 replacement CSV. Legacy row metadata normalized for the V1 replacement CSV. Legacy row metadata normalized for the V1 replacement CSV.",,,target/v1-benchmarks/semantic-parity/oprf-o2/mac-chrome/circom-snarkjs.json
semantic-parity-v1-20260731,oprf_o2__mac_chrome__circom_groth16__measured__3,2026-07-31T00:00:00Z,macbook_m4,MacBook Pro (Apple M4 Max),macOS 26.5.2 (25F84),arm64,browser_wasm,Google Chrome 151.0.7922.72 (headless),oprf,oprf_o2,85aeeef539961cae5a63de794997b507a5975717,circom_groth16,circom,snarkjs-groth16-browser-wasm,circom-witness-wasm,measured,3,ok,,,1647.5,,1647.5,3096.328125,720,39203507,39203507,39203507,,legacy-unpinned,legacy-unpinned,"{""snarkjs"":""0.7.6""}","{""benchmarks/v1/circom/web/dist/assets/oprf/oprf_nullifier.wasm"":""f13e21ad5a14462a7ccd9d30c845d551e1eac3cc0346676aa674c792bb91e909"",""benchmarks/v1/circom/web/dist/assets/oprf/oprf_nullifier.zkey"":""5c13f036144b3e9767edb51dc28034d3dc8d72d6ca4d66fad2c9655f5b4653dc"",""benchmarks/v1/circom/web/dist/assets/oprf/oprf_nullifier.input.json"":""662a0242fd4a36ad71d565a51d5ecc4e70b764fd884d41902911e30a85764d40""}",,"Matched semantic profile: World ID Protocol nullifier statement and frozen witness, including the identical public nullifier. Legacy row metadata normalized for the V1 replacement CSV. Legacy row metadata normalized for the V1 replacement CSV. Legacy row metadata normalized for the V1 replacement CSV.",,,target/v1-benchmarks/semantic-parity/oprf-o2/mac-chrome/circom-snarkjs.json
semantic-parity-v1-20260731,oprf_o2__mac_chrome__circom_groth16__measured__4,2026-07-31T00:00:00Z,macbook_m4,MacBook Pro (Apple M4 Max),macOS 26.5.2 (25F84),arm64,browser_wasm,Google Chrome 151.0.7922.72 (headless),oprf,oprf_o2,85aeeef539961cae5a63de794997b507a5975717,circom_groth16,circom,snarkjs-groth16-browser-wasm,circom-witness-wasm,measured,4,ok,,,1676.6,,1676.6,3096.328125,724,39203507,39203507,39203507,,legacy-unpinned,legacy-unpinned,"{""snarkjs"":""0.7.6""}","{""benchmarks/v1/circom/web/dist/assets/oprf/oprf_nullifier.wasm"":""f13e21ad5a14462a7ccd9d30c845d551e1eac3cc0346676aa674c792bb91e909"",""benchmarks/v1/circom/web/dist/assets/oprf/oprf_nullifier.zkey"":""5c13f036144b3e9767edb51dc28034d3dc8d72d6ca4d66fad2c9655f5b4653dc"",""benchmarks/v1/circom/web/dist/assets/oprf/oprf_nullifier.input.json"":""662a0242fd4a36ad71d565a51d5ecc4e70b764fd884d41902911e30a85764d40""}",,"Matched semantic profile: World ID Protocol nullifier statement and frozen witness, including the identical public nullifier. Legacy row metadata normalized for the V1 replacement CSV. Legacy row metadata normalized for the V1 replacement CSV. Legacy row metadata normalized for the V1 replacement CSV.",,,target/v1-benchmarks/semantic-parity/oprf-o2/mac-chrome/circom-snarkjs.json
semantic-parity-v1-20260731,oprf_o2__mac_chrome__circom_groth16__measured__5,2026-07-31T00:00:00Z,macbook_m4,MacBook Pro (Apple M4 Max),macOS 26.5.2 (25F84),arm64,browser_wasm,Google Chrome 151.0.7922.72 (headless),oprf,oprf_o2,85aeeef539961cae5a63de794997b507a5975717,circom_groth16,circom,snarkjs-groth16-browser-wasm,circom-witness-wasm,measured,5,ok,,,1631.4,,1631.4,3096.328125,720,39203507,39203507,39203507,,legacy-unpinned,legacy-unpinned,"{""snarkjs"":""0.7.6""}","{""benchmarks/v1/circom/web/dist/assets/oprf/oprf_nullifier.wasm"":""f13e21ad5a14462a7ccd9d30c845d551e1eac3cc0346676aa674c792bb91e909"",""benchmarks/v1/circom/web/dist/assets/oprf/oprf_nullifier.zkey"":""5c13f036144b3e9767edb51dc28034d3dc8d72d6ca4d66fad2c9655f5b4653dc"",""benchmarks/v1/circom/web/dist/assets/oprf/oprf_nullifier.input.json"":""662a0242fd4a36ad71d565a51d5ecc4e70b764fd884d41902911e30a85764d40""}",,"Matched semantic profile: World ID Protocol nullifier statement and frozen witness, including the identical public nullifier. Legacy row metadata normalized for the V1 replacement CSV. Legacy row metadata normalized for the V1 replacement CSV. Legacy row metadata normalized for the V1 replacement CSV.",,,target/v1-benchmarks/semantic-parity/oprf-o2/mac-chrome/circom-snarkjs.json
semantic-parity-v1-20260731,oprf_o2__mac_chrome__circom_groth16__warmup__0,2026-07-31T00:00:00Z,macbook_m4,MacBook Pro (Apple M4 Max),macOS 26.5.2 (25F84),arm64,browser_wasm,Google Chrome 151.0.7922.72 (headless),oprf,oprf_o2,85aeeef539961cae5a63de794997b507a5975717,circom_groth16,circom,snarkjs-groth16-browser-wasm,circom-witness-wasm,warmup,0,ok,,,1526.7,,1526.7,3096.328125,725,39203507,39203507,39203507,,legacy-unpinned,legacy-unpinned,"{""snarkjs"":""0.7.6""}","{""benchmarks/v1/circom/web/dist/assets/oprf/oprf_nullifier.wasm"":""f13e21ad5a14462a7ccd9d30c845d551e1eac3cc0346676aa674c792bb91e909"",""benchmarks/v1/circom/web/dist/assets/oprf/oprf_nullifier.zkey"":""5c13f036144b3e9767edb51dc28034d3dc8d72d6ca4d66fad2c9655f5b4653dc"",""benchmarks/v1/circom/web/dist/assets/oprf/oprf_nullifier.input.json"":""662a0242fd4a36ad71d565a51d5ecc4e70b764fd884d41902911e30a85764d40""}",,"Matched semantic profile: World ID Protocol nullifier statement and frozen witness, including the identical public nullifier. Legacy row metadata normalized for the V1 replacement CSV. Legacy row metadata normalized for the V1 replacement CSV. Legacy row metadata normalized for the V1 replacement CSV.",,,target/v1-benchmarks/semantic-parity/oprf-o2/mac-chrome/circom-snarkjs.json
semantic-parity-v1-20260731,oprf_o2__mac_chrome__noir_barretenberg__measured__1,2026-07-31T00:00:00Z,macbook_m4,MacBook Pro (Apple M4 Max),macOS 26.5.2 (25F84),arm64,browser_wasm,Google Chrome 151.0.7922.72 (headless),oprf,oprf_o2,85aeeef539961cae5a63de794997b507a5975717,noir_barretenberg,noir,barretenberg-ultrahonk-wasm-single-thread,@noir-lang/noir_js,measured,1,ok,,,6199.425,,6199.425,909.375,16000,73925206,73925206,73925206,,legacy-unpinned,legacy-unpinned,"{""@aztec/bb.js"":""4.2.0-aztecnr-rc.2"",""@noir-lang/noir_js"":""1.0.0-beta.19""}","{""benchmarks/v1/barretenberg/web/dist/assets/oprf_world_id_nullifier/circuit.json"":""cc49b173395c6c0cea047285cbb69d5caf75903b9df65862c021d48c2a1683ad"",""benchmarks/v1/barretenberg/web/dist/assets/oprf_world_id_nullifier/inputs.json"":""4b295901ff20681cf7719442f281e16774950673e2fb849e22fad5d50ff4e8ad"",""https://crs.aztec-cdn.foundation/g1.dat bytes=0-67108927"":""0f238856e55722f15a4d64ef0de12b4260e218245590bd3a6c900aee188de8e5"",""https://crs.aztec-cdn.foundation/g2.dat"":""01797bfc4de5a96f0e516a9ea4537d18786dc30cb991aca4274c95822b69c32f"",""https://crs.aztec-cdn.foundation/grumpkin_g1.dat bytes=0-4194367"":""8df01ac0f564db0b52857d37b363b8f8042cd1d886f8d8fd2677375a6290e870""}",,"Matched semantic profile: World ID Protocol nullifier statement and frozen witness, including the identical public nullifier. Legacy row metadata normalized for the V1 replacement CSV. Legacy row metadata normalized for the V1 replacement CSV. Legacy row metadata normalized for the V1 replacement CSV.",,,target/v1-benchmarks/semantic-parity/oprf-o2/mac-chrome/noir-barretenberg.json
semantic-parity-v1-20260731,oprf_o2__mac_chrome__noir_barretenberg__measured__2,2026-07-31T00:00:00Z,macbook_m4,MacBook Pro (Apple M4 Max),macOS 26.5.2 (25F84),arm64,browser_wasm,Google Chrome 151.0.7922.72 (headless),oprf,oprf_o2,85aeeef539961cae5a63de794997b507a5975717,noir_barretenberg,noir,barretenberg-ultrahonk-wasm-single-thread,@noir-lang/noir_js,measured,2,ok,,,6192.015,,6192.015,909.375,16000,73925206,73925206,73925206,,legacy-unpinned,legacy-unpinned,"{""@aztec/bb.js"":""4.2.0-aztecnr-rc.2"",""@noir-lang/noir_js"":""1.0.0-beta.19""}","{""benchmarks/v1/barretenberg/web/dist/assets/oprf_world_id_nullifier/circuit.json"":""cc49b173395c6c0cea047285cbb69d5caf75903b9df65862c021d48c2a1683ad"",""benchmarks/v1/barretenberg/web/dist/assets/oprf_world_id_nullifier/inputs.json"":""4b295901ff20681cf7719442f281e16774950673e2fb849e22fad5d50ff4e8ad"",""https://crs.aztec-cdn.foundation/g1.dat bytes=0-67108927"":""0f238856e55722f15a4d64ef0de12b4260e218245590bd3a6c900aee188de8e5"",""https://crs.aztec-cdn.foundation/g2.dat"":""01797bfc4de5a96f0e516a9ea4537d18786dc30cb991aca4274c95822b69c32f"",""https://crs.aztec-cdn.foundation/grumpkin_g1.dat bytes=0-4194367"":""8df01ac0f564db0b52857d37b363b8f8042cd1d886f8d8fd2677375a6290e870""}",,"Matched semantic profile: World ID Protocol nullifier statement and frozen witness, including the identical public nullifier. Legacy row metadata normalized for the V1 replacement CSV. Legacy row metadata normalized for the V1 replacement CSV. Legacy row metadata normalized for the V1 replacement CSV.",,,target/v1-benchmarks/semantic-parity/oprf-o2/mac-chrome/noir-barretenberg.json
semantic-parity-v1-20260731,oprf_o2__mac_chrome__noir_barretenberg__measured__3,2026-07-31T00:00:00Z,macbook_m4,MacBook Pro (Apple M4 Max),macOS 26.5.2 (25F84),arm64,browser_wasm,Google Chrome 151.0.7922.72 (headless),oprf,oprf_o2,85aeeef539961cae5a63de794997b507a5975717,noir_barretenberg,noir,barretenberg-ultrahonk-wasm-single-thread,@noir-lang/noir_js,measured,3,ok,,,6444.655,,6444.655,909.375,16000,73925206,73925206,73925206,,legacy-unpinned,legacy-unpinned,"{""@aztec/bb.js"":""4.2.0-aztecnr-rc.2"",""@noir-lang/noir_js"":""1.0.0-beta.19""}","{""benchmarks/v1/barretenberg/web/dist/assets/oprf_world_id_nullifier/circuit.json"":""cc49b173395c6c0cea047285cbb69d5caf75903b9df65862c021d48c2a1683ad"",""benchmarks/v1/barretenberg/web/dist/assets/oprf_world_id_nullifier/inputs.json"":""4b295901ff20681cf7719442f281e16774950673e2fb849e22fad5d50ff4e8ad"",""https://crs.aztec-cdn.foundation/g1.dat bytes=0-67108927"":""0f238856e55722f15a4d64ef0de12b4260e218245590bd3a6c900aee188de8e5"",""https://crs.aztec-cdn.foundation/g2.dat"":""01797bfc4de5a96f0e516a9ea4537d18786dc30cb991aca4274c95822b69c32f"",""https://crs.aztec-cdn.foundation/grumpkin_g1.dat bytes=0-4194367"":""8df01ac0f564db0b52857d37b363b8f8042cd1d886f8d8fd2677375a6290e870""}",,"Matched semantic profile: World ID Protocol nullifier statement and frozen witness, including the identical public nullifier. Legacy row metadata normalized for the V1 replacement CSV. Legacy row metadata normalized for the V1 replacement CSV. Legacy row metadata normalized for the V1 replacement CSV.",,,target/v1-benchmarks/semantic-parity/oprf-o2/mac-chrome/noir-barretenberg.json
semantic-parity-v1-20260731,oprf_o2__mac_chrome__noir_barretenberg__measured__4,2026-07-31T00:00:00Z,macbook_m4,MacBook Pro (Apple M4 Max),macOS 26.5.2 (25F84),arm64,browser_wasm,Google Chrome 151.0.7922.72 (headless),oprf,oprf_o2,85aeeef539961cae5a63de794997b507a5975717,noir_barretenberg,noir,barretenberg-ultrahonk-wasm-single-thread,@noir-lang/noir_js,measured,4,ok,,,6202.345,,6202.345,909.375,16000,73925206,73925206,73925206,,legacy-unpinned,legacy-unpinned,"{""@aztec/bb.js"":""4.2.0-aztecnr-rc.2"",""@noir-lang/noir_js"":""1.0.0-beta.19""}","{""benchmarks/v1/barretenberg/web/dist/assets/oprf_world_id_nullifier/circuit.json"":""cc49b173395c6c0cea047285cbb69d5caf75903b9df65862c021d48c2a1683ad"",""benchmarks/v1/barretenberg/web/dist/assets/oprf_world_id_nullifier/inputs.json"":""4b295901ff20681cf7719442f281e16774950673e2fb849e22fad5d50ff4e8ad"",""https://crs.aztec-cdn.foundation/g1.dat bytes=0-67108927"":""0f238856e55722f15a4d64ef0de12b4260e218245590bd3a6c900aee188de8e5"",""https://crs.aztec-cdn.foundation/g2.dat"":""01797bfc4de5a96f0e516a9ea4537d18786dc30cb991aca4274c95822b69c32f"",""https://crs.aztec-cdn.foundation/grumpkin_g1.dat bytes=0-4194367"":""8df01ac0f564db0b52857d37b363b8f8042cd1d886f8d8fd2677375a6290e870""}",,"Matched semantic profile: World ID Protocol nullifier statement and frozen witness, including the identical public nullifier. Legacy row metadata normalized for the V1 replacement CSV. Legacy row metadata normalized for the V1 replacement CSV. Legacy row metadata normalized for the V1 replacement CSV.",,,target/v1-benchmarks/semantic-parity/oprf-o2/mac-chrome/noir-barretenberg.json
semantic-parity-v1-20260731,oprf_o2__mac_chrome__noir_barretenberg__measured__5,2026-07-31T00:00:00Z,macbook_m4,MacBook Pro (Apple M4 Max),macOS 26.5.2 (25F84),arm64,browser_wasm,Google Chrome 151.0.7922.72 (headless),oprf,oprf_o2,85aeeef539961cae5a63de794997b507a5975717,noir_barretenberg,noir,barretenberg-ultrahonk-wasm-single-thread,@noir-lang/noir_js,measured,5,ok,,,6180.015,,6180.015,909.375,16000,73925206,73925206,73925206,,legacy-unpinned,legacy-unpinned,"{""@aztec/bb.js"":""4.2.0-aztecnr-rc.2"",""@noir-lang/noir_js"":""1.0.0-beta.19""}","{""benchmarks/v1/barretenberg/web/dist/assets/oprf_world_id_nullifier/circuit.json"":""cc49b173395c6c0cea047285cbb69d5caf75903b9df65862c021d48c2a1683ad"",""benchmarks/v1/barretenberg/web/dist/assets/oprf_world_id_nullifier/inputs.json"":""4b295901ff20681cf7719442f281e16774950673e2fb849e22fad5d50ff4e8ad"",""https://crs.aztec-cdn.foundation/g1.dat bytes=0-67108927"":""0f238856e55722f15a4d64ef0de12b4260e218245590bd3a6c900aee188de8e5"",""https://crs.aztec-cdn.foundation/g2.dat"":""01797bfc4de5a96f0e516a9ea4537d18786dc30cb991aca4274c95822b69c32f"",""https://crs.aztec-cdn.foundation/grumpkin_g1.dat bytes=0-4194367"":""8df01ac0f564db0b52857d37b363b8f8042cd1d886f8d8fd2677375a6290e870""}",,"Matched semantic profile: World ID Protocol nullifier statement and frozen witness, including the identical public nullifier. Legacy row metadata normalized for the V1 replacement CSV. Legacy row metadata normalized for the V1 replacement CSV. Legacy row metadata normalized for the V1 replacement CSV.",,,target/v1-benchmarks/semantic-parity/oprf-o2/mac-chrome/noir-barretenberg.json
semantic-parity-v1-20260731,oprf_o2__mac_chrome__noir_barretenberg__warmup__0,2026-07-31T00:00:00Z,macbook_m4,MacBook Pro (Apple M4 Max),macOS 26.5.2 (25F84),arm64,browser_wasm,Google Chrome 151.0.7922.72 (headless),oprf,oprf_o2,85aeeef539961cae5a63de794997b507a5975717,noir_barretenberg,noir,barretenberg-ultrahonk-wasm-single-thread,@noir-lang/noir_js,warmup,0,ok,,,6197.365,,6197.365,909.375,16000,73925206,73925206,73925206,,legacy-unpinned,legacy-unpinned,"{""@aztec/bb.js"":""4.2.0-aztecnr-rc.2"",""@noir-lang/noir_js"":""1.0.0-beta.19""}","{""benchmarks/v1/barretenberg/web/dist/assets/oprf_world_id_nullifier/circuit.json"":""cc49b173395c6c0cea047285cbb69d5caf75903b9df65862c021d48c2a1683ad"",""benchmarks/v1/barretenberg/web/dist/assets/oprf_world_id_nullifier/inputs.json"":""4b295901ff20681cf7719442f281e16774950673e2fb849e22fad5d50ff4e8ad"",""https://crs.aztec-cdn.foundation/g1.dat bytes=0-67108927"":""0f238856e55722f15a4d64ef0de12b4260e218245590bd3a6c900aee188de8e5"",""https://crs.aztec-cdn.foundation/g2.dat"":""01797bfc4de5a96f0e516a9ea4537d18786dc30cb991aca4274c95822b69c32f"",""https://crs.aztec-cdn.foundation/grumpkin_g1.dat bytes=0-4194367"":""8df01ac0f564db0b52857d37b363b8f8042cd1d886f8d8fd2677375a6290e870""}",,"Matched semantic profile: World ID Protocol nullifier statement and frozen witness, including the identical public nullifier. Legacy row metadata normalized for the V1 replacement CSV. Legacy row metadata normalized for the V1 replacement CSV. Legacy row metadata normalized for the V1 replacement CSV.",,,target/v1-benchmarks/semantic-parity/oprf-o2/mac-chrome/noir-barretenberg.json
semantic-parity-v1-20260731,oprf_o2__mac_chrome__provekit_v1__sample-1,2026-07-31T00:00:00Z,macbook_m4,MacBook Pro M4 Max,macOS 26.5.2 (25F84),arm64,browser_wasm,Google Chrome 151.0.7922.72 (headless),oprf,oprf_o2,fd37726215b59d3d4823ea7b1967b1da3525ed9d,provekit_v1,noir,provekit-v1-branch-9b2a6f3-wasm-single,noir-v1.0.0-beta.11,measured,1,ok,,,2697.0049999952316,,3277.264999985695,702.65625,849742,1644635,1644635,1644635,,provekit-v1-core-9b2a6f3-noir-beta.11,9b2a6f37c67691eab4b0cec6c35e35c520e93285,"{""provekit_core"":""9b2a6f37c67691eab4b0cec6c35e35c520e93285"",""noir"":""1.0.0-beta.11"",""mobench"":""0.1.48"",""campaign_harness"":""7de99e9e001d06797c9770684afea20f096d1ac3""}","{""evidence"":""33bd92614f10ca8dd2c8033d74fda19ba0429d7dd5604e83896321f6268a7b14"",""payload"":{""oprf_world_id_nullifier.pkp"":""e9baca10698248ae6a4c718b0fb615e95fd13f1f66d5c23c751fc7f8f94cd2af"",""oprf_world_id_nullifier.inputs.json"":""4b295901ff20681cf7719442f281e16774950673e2fb849e22fad5d50ff4e8ad""}}",,"Closest available semantic counterpart; Noir and Circom statements remain non-equivalent where noted by the campaign. ProveKit V1 measurements use the pinned core WASM/C-ABI build, not @worldcoin/provekit npm artifacts. Browser proof_size_bytes is V1 WASM proof-byte serialization; native proof_size_bytes is serialized postcard NoirProof (.np) bytes.",,,evidence/provekit-v1/mac/oprf.json
semantic-parity-v1-20260731,oprf_o2__mac_chrome__provekit_v1__sample-2,2026-07-31T00:00:00Z,macbook_m4,MacBook Pro M4 Max,macOS 26.5.2 (25F84),arm64,browser_wasm,Google Chrome 151.0.7922.72 (headless),oprf,oprf_o2,fd37726215b59d3d4823ea7b1967b1da3525ed9d,provekit_v1,noir,provekit-v1-branch-9b2a6f3-wasm-single,noir-v1.0.0-beta.11,measured,2,ok,,,2698.9199999570847,,3274.314999938011,702.65625,844238,1644635,1644635,1644635,,provekit-v1-core-9b2a6f3-noir-beta.11,9b2a6f37c67691eab4b0cec6c35e35c520e93285,"{""provekit_core"":""9b2a6f37c67691eab4b0cec6c35e35c520e93285"",""noir"":""1.0.0-beta.11"",""mobench"":""0.1.48"",""campaign_harness"":""7de99e9e001d06797c9770684afea20f096d1ac3""}","{""evidence"":""33bd92614f10ca8dd2c8033d74fda19ba0429d7dd5604e83896321f6268a7b14"",""payload"":{""oprf_world_id_nullifier.pkp"":""e9baca10698248ae6a4c718b0fb615e95fd13f1f66d5c23c751fc7f8f94cd2af"",""oprf_world_id_nullifier.inputs.json"":""4b295901ff20681cf7719442f281e16774950673e2fb849e22fad5d50ff4e8ad""}}",,"Closest available semantic counterpart; Noir and Circom statements remain non-equivalent where noted by the campaign. ProveKit V1 measurements use the pinned core WASM/C-ABI build, not @worldcoin/provekit npm artifacts. Browser proof_size_bytes is V1 WASM proof-byte serialization; native proof_size_bytes is serialized postcard NoirProof (.np) bytes.",,,evidence/provekit-v1/mac/oprf.json
semantic-parity-v1-20260731,oprf_o2__mac_chrome__provekit_v1__sample-3,2026-07-31T00:00:00Z,macbook_m4,MacBook Pro M4 Max,macOS 26.5.2 (25F84),arm64,browser_wasm,Google Chrome 151.0.7922.72 (headless),oprf,oprf_o2,fd37726215b59d3d4823ea7b1967b1da3525ed9d,provekit_v1,noir,provekit-v1-branch-9b2a6f3-wasm-single,noir-v1.0.0-beta.11,measured,3,ok,,,2718.515000104904,,3214.899999976158,702.65625,842786,1644635,1644635,1644635,,provekit-v1-core-9b2a6f3-noir-beta.11,9b2a6f37c67691eab4b0cec6c35e35c520e93285,"{""provekit_core"":""9b2a6f37c67691eab4b0cec6c35e35c520e93285"",""noir"":""1.0.0-beta.11"",""mobench"":""0.1.48"",""campaign_harness"":""7de99e9e001d06797c9770684afea20f096d1ac3""}","{""evidence"":""33bd92614f10ca8dd2c8033d74fda19ba0429d7dd5604e83896321f6268a7b14"",""payload"":{""oprf_world_id_nullifier.pkp"":""e9baca10698248ae6a4c718b0fb615e95fd13f1f66d5c23c751fc7f8f94cd2af"",""oprf_world_id_nullifier.inputs.json"":""4b295901ff20681cf7719442f281e16774950673e2fb849e22fad5d50ff4e8ad""}}",,"Closest available semantic counterpart; Noir and Circom statements remain non-equivalent where noted by the campaign. ProveKit V1 measurements use the pinned core WASM/C-ABI build, not @worldcoin/provekit npm artifacts. Browser proof_size_bytes is V1 WASM proof-byte serialization; native proof_size_bytes is serialized postcard NoirProof (.np) bytes.",,,evidence/provekit-v1/mac/oprf.json
semantic-parity-v1-20260731,oprf_o2__mac_chrome__provekit_v1__sample-4,2026-07-31T00:00:00Z,macbook_m4,MacBook Pro M4 Max,macOS 26.5.2 (25F84),arm64,browser_wasm,Google Chrome 151.0.7922.72 (headless),oprf,oprf_o2,fd37726215b59d3d4823ea7b1967b1da3525ed9d,provekit_v1,noir,provekit-v1-branch-9b2a6f3-wasm-single,noir-v1.0.0-beta.11,measured,4,ok,,,2734.7300000190735,,3325.064999938011,702.65625,846326,1644635,1644635,1644635,,provekit-v1-core-9b2a6f3-noir-beta.11,9b2a6f37c67691eab4b0cec6c35e35c520e93285,"{""provekit_core"":""9b2a6f37c67691eab4b0cec6c35e35c520e93285"",""noir"":""1.0.0-beta.11"",""mobench"":""0.1.48"",""campaign_harness"":""7de99e9e001d06797c9770684afea20f096d1ac3""}","{""evidence"":""33bd92614f10ca8dd2c8033d74fda19ba0429d7dd5604e83896321f6268a7b14"",""payload"":{""oprf_world_id_nullifier.pkp"":""e9baca10698248ae6a4c718b0fb615e95fd13f1f66d5c23c751fc7f8f94cd2af"",""oprf_world_id_nullifier.inputs.json"":""4b295901ff20681cf7719442f281e16774950673e2fb849e22fad5d50ff4e8ad""}}",,"Closest available semantic counterpart; Noir and Circom statements remain non-equivalent where noted by the campaign. ProveKit V1 measurements use the pinned core WASM/C-ABI build, not @worldcoin/provekit npm artifacts. Browser proof_size_bytes is V1 WASM proof-byte serialization; native proof_size_bytes is serialized postcard NoirProof (.np) bytes.",,,evidence/provekit-v1/mac/oprf.json
semantic-parity-v1-20260731,oprf_o2__mac_chrome__provekit_v1__sample-5,2026-07-31T00:00:00Z,macbook_m4,MacBook Pro M4 Max,macOS 26.5.2 (25F84),arm64,browser_wasm,Google Chrome 151.0.7922.72 (headless),oprf,oprf_o2,fd37726215b59d3d4823ea7b1967b1da3525ed9d,provekit_v1,noir,provekit-v1-branch-9b2a6f3-wasm-single,noir-v1.0.0-beta.11,measured,5,ok,,,2693.179999947548,,3275.6299999952316,702.65625,847310,1644635,1644635,1644635,,provekit-v1-core-9b2a6f3-noir-beta.11,9b2a6f37c67691eab4b0cec6c35e35c520e93285,"{""provekit_core"":""9b2a6f37c67691eab4b0cec6c35e35c520e93285"",""noir"":""1.0.0-beta.11"",""mobench"":""0.1.48"",""campaign_harness"":""7de99e9e001d06797c9770684afea20f096d1ac3""}","{""evidence"":""33bd92614f10ca8dd2c8033d74fda19ba0429d7dd5604e83896321f6268a7b14"",""payload"":{""oprf_world_id_nullifier.pkp"":""e9baca10698248ae6a4c718b0fb615e95fd13f1f66d5c23c751fc7f8f94cd2af"",""oprf_world_id_nullifier.inputs.json"":""4b295901ff20681cf7719442f281e16774950673e2fb849e22fad5d50ff4e8ad""}}",,"Closest available semantic counterpart; Noir and Circom statements remain non-equivalent where noted by the campaign. ProveKit V1 measurements use the pinned core WASM/C-ABI build, not @worldcoin/provekit npm artifacts. Browser proof_size_bytes is V1 WASM proof-byte serialization; native proof_size_bytes is serialized postcard NoirProof (.np) bytes.",,,evidence/provekit-v1/mac/oprf.json
semantic-parity-v1-20260731,oprf_o2__mac_chrome__provekit_v1__warmup,2026-07-31T00:00:00Z,macbook_m4,MacBook Pro M4 Max,macOS 26.5.2 (25F84),arm64,browser_wasm,Google Chrome 151.0.7922.72 (headless),oprf,oprf_o2,fd37726215b59d3d4823ea7b1967b1da3525ed9d,provekit_v1,noir,provekit-v1-branch-9b2a6f3-wasm-single,noir-v1.0.0-beta.11,warmup,0,ok,,,,,,,,1644635,1644635,1644635,,provekit-v1-core-9b2a6f3-noir-beta.11,9b2a6f37c67691eab4b0cec6c35e35c520e93285,"{""provekit_core"":""9b2a6f37c67691eab4b0cec6c35e35c520e93285"",""noir"":""1.0.0-beta.11"",""mobench"":""0.1.48"",""campaign_harness"":""7de99e9e001d06797c9770684afea20f096d1ac3""}","{""evidence"":""33bd92614f10ca8dd2c8033d74fda19ba0429d7dd5604e83896321f6268a7b14"",""payload"":{""oprf_world_id_nullifier.pkp"":""e9baca10698248ae6a4c718b0fb615e95fd13f1f66d5c23c751fc7f8f94cd2af"",""oprf_world_id_nullifier.inputs.json"":""4b295901ff20681cf7719442f281e16774950673e2fb849e22fad5d50ff4e8ad""}}",,"Closest available semantic counterpart; Noir and Circom statements remain non-equivalent where noted by the campaign. ProveKit V1 measurements use the pinned core WASM/C-ABI build, not @worldcoin/provekit npm artifacts. Browser proof_size_bytes is V1 WASM proof-byte serialization; native proof_size_bytes is serialized postcard NoirProof (.np) bytes.",,,evidence/provekit-v1/mac/oprf.json
semantic-parity-v1-20260731,passport_p1__mac_chrome__circom_groth16__measured__1,2026-07-31T00:00:00Z,macbook_m4,MacBook Pro (Apple M4 Max),macOS 26.5.2 (25F84),arm64,browser_wasm,Google Chrome 151.0.7922.72 (headless),passport,passport_p1,legacy-unpinned,circom_groth16,circom,snarkjs-groth16-browser-wasm,circom-witness-wasm,measured,1,ok,,,40866.3,,40866.3,6142.953125,723,508332927,508332927,508332927,978536,legacy-unpinned,legacy-unpinned,"{""snarkjs"":""0.7.6""}","{""target/v1-benchmarks/semantic-parity/passport-p1/browser/fixtures/passport_p1.wasm"":""322efbab8702ab37e3367e171326e0cb28dd336027898c08c1429c4b91e33f5f"",""target/v1-benchmarks/semantic-parity/passport-p1/browser/fixtures/passport_p1_final.zkey"":""75de3f63996cd69f63de091029aace20c90f4dbbcaf47603af015e74884f721c"",""target/v1-benchmarks/semantic-parity/passport-p1/browser/fixtures/passport_p1.input.json"":""8c90e1b2392e013df6a6bdd1f22c1bb2bae9bca457c8b937e43a0e10e3618758""}",,"Matched semantic profile: monolithic RSA-4096 passport integrity, Self registry authorization, DG1 validity, and asserted minimum-age proof. Legacy row metadata normalized for the V1 replacement CSV. Legacy row metadata normalized for the V1 replacement CSV. Legacy row metadata normalized for the V1 replacement CSV.",,,target/v1-benchmarks/semantic-parity/passport-p1/mac-chrome/circom-snarkjs.json
semantic-parity-v1-20260731,passport_p1__mac_chrome__circom_groth16__measured__2,2026-07-31T00:00:00Z,macbook_m4,MacBook Pro (Apple M4 Max),macOS 26.5.2 (25F84),arm64,browser_wasm,Google Chrome 151.0.7922.72 (headless),passport,passport_p1,legacy-unpinned,circom_groth16,circom,snarkjs-groth16-browser-wasm,circom-witness-wasm,measured,2,ok,,,40806.4,,40806.4,6142.953125,722,508332927,508332927,508332927,978536,legacy-unpinned,legacy-unpinned,"{""snarkjs"":""0.7.6""}","{""target/v1-benchmarks/semantic-parity/passport-p1/browser/fixtures/passport_p1.wasm"":""322efbab8702ab37e3367e171326e0cb28dd336027898c08c1429c4b91e33f5f"",""target/v1-benchmarks/semantic-parity/passport-p1/browser/fixtures/passport_p1_final.zkey"":""75de3f63996cd69f63de091029aace20c90f4dbbcaf47603af015e74884f721c"",""target/v1-benchmarks/semantic-parity/passport-p1/browser/fixtures/passport_p1.input.json"":""8c90e1b2392e013df6a6bdd1f22c1bb2bae9bca457c8b937e43a0e10e3618758""}",,"Matched semantic profile: monolithic RSA-4096 passport integrity, Self registry authorization, DG1 validity, and asserted minimum-age proof. Legacy row metadata normalized for the V1 replacement CSV. Legacy row metadata normalized for the V1 replacement CSV. Legacy row metadata normalized for the V1 replacement CSV.",,,target/v1-benchmarks/semantic-parity/passport-p1/mac-chrome/circom-snarkjs.json
semantic-parity-v1-20260731,passport_p1__mac_chrome__circom_groth16__measured__3,2026-07-31T00:00:00Z,macbook_m4,MacBook Pro (Apple M4 Max),macOS 26.5.2 (25F84),arm64,browser_wasm,Google Chrome 151.0.7922.72 (headless),passport,passport_p1,legacy-unpinned,circom_groth16,circom,snarkjs-groth16-browser-wasm,circom-witness-wasm,measured,3,ok,,,45043.7,,45043.7,6142.953125,722,508332927,508332927,508332927,978536,legacy-unpinned,legacy-unpinned,"{""snarkjs"":""0.7.6""}","{""target/v1-benchmarks/semantic-parity/passport-p1/browser/fixtures/passport_p1.wasm"":""322efbab8702ab37e3367e171326e0cb28dd336027898c08c1429c4b91e33f5f"",""target/v1-benchmarks/semantic-parity/passport-p1/browser/fixtures/passport_p1_final.zkey"":""75de3f63996cd69f63de091029aace20c90f4dbbcaf47603af015e74884f721c"",""target/v1-benchmarks/semantic-parity/passport-p1/browser/fixtures/passport_p1.input.json"":""8c90e1b2392e013df6a6bdd1f22c1bb2bae9bca457c8b937e43a0e10e3618758""}",,"Matched semantic profile: monolithic RSA-4096 passport integrity, Self registry authorization, DG1 validity, and asserted minimum-age proof. Legacy row metadata normalized for the V1 replacement CSV. Legacy row metadata normalized for the V1 replacement CSV. Legacy row metadata normalized for the V1 replacement CSV.",,,target/v1-benchmarks/semantic-parity/passport-p1/mac-chrome/circom-snarkjs.json
semantic-parity-v1-20260731,passport_p1__mac_chrome__circom_groth16__measured__4,2026-07-31T00:00:00Z,macbook_m4,MacBook Pro (Apple M4 Max),macOS 26.5.2 (25F84),arm64,browser_wasm,Google Chrome 151.0.7922.72 (headless),passport,passport_p1,legacy-unpinned,circom_groth16,circom,snarkjs-groth16-browser-wasm,circom-witness-wasm,measured,4,ok,,,47447.5,,47447.5,6142.953125,723,508332927,508332927,508332927,978536,legacy-unpinned,legacy-unpinned,"{""snarkjs"":""0.7.6""}","{""target/v1-benchmarks/semantic-parity/passport-p1/browser/fixtures/passport_p1.wasm"":""322efbab8702ab37e3367e171326e0cb28dd336027898c08c1429c4b91e33f5f"",""target/v1-benchmarks/semantic-parity/passport-p1/browser/fixtures/passport_p1_final.zkey"":""75de3f63996cd69f63de091029aace20c90f4dbbcaf47603af015e74884f721c"",""target/v1-benchmarks/semantic-parity/passport-p1/browser/fixtures/passport_p1.input.json"":""8c90e1b2392e013df6a6bdd1f22c1bb2bae9bca457c8b937e43a0e10e3618758""}",,"Matched semantic profile: monolithic RSA-4096 passport integrity, Self registry authorization, DG1 validity, and asserted minimum-age proof. Legacy row metadata normalized for the V1 replacement CSV. Legacy row metadata normalized for the V1 replacement CSV. Legacy row metadata normalized for the V1 replacement CSV.",,,target/v1-benchmarks/semantic-parity/passport-p1/mac-chrome/circom-snarkjs.json
semantic-parity-v1-20260731,passport_p1__mac_chrome__circom_groth16__measured__5,2026-07-31T00:00:00Z,macbook_m4,MacBook Pro (Apple M4 Max),macOS 26.5.2 (25F84),arm64,browser_wasm,Google Chrome 151.0.7922.72 (headless),passport,passport_p1,legacy-unpinned,circom_groth16,circom,snarkjs-groth16-browser-wasm,circom-witness-wasm,measured,5,ok,,,46109.2,,46109.2,6142.953125,722,508332927,508332927,508332927,978536,legacy-unpinned,legacy-unpinned,"{""snarkjs"":""0.7.6""}","{""target/v1-benchmarks/semantic-parity/passport-p1/browser/fixtures/passport_p1.wasm"":""322efbab8702ab37e3367e171326e0cb28dd336027898c08c1429c4b91e33f5f"",""target/v1-benchmarks/semantic-parity/passport-p1/browser/fixtures/passport_p1_final.zkey"":""75de3f63996cd69f63de091029aace20c90f4dbbcaf47603af015e74884f721c"",""target/v1-benchmarks/semantic-parity/passport-p1/browser/fixtures/passport_p1.input.json"":""8c90e1b2392e013df6a6bdd1f22c1bb2bae9bca457c8b937e43a0e10e3618758""}",,"Matched semantic profile: monolithic RSA-4096 passport integrity, Self registry authorization, DG1 validity, and asserted minimum-age proof. Legacy row metadata normalized for the V1 replacement CSV. Legacy row metadata normalized for the V1 replacement CSV. Legacy row metadata normalized for the V1 replacement CSV.",,,target/v1-benchmarks/semantic-parity/passport-p1/mac-chrome/circom-snarkjs.json
semantic-parity-v1-20260731,passport_p1__mac_chrome__circom_groth16__warmup__0,2026-07-31T00:00:00Z,macbook_m4,MacBook Pro (Apple M4 Max),macOS 26.5.2 (25F84),arm64,browser_wasm,Google Chrome 151.0.7922.72 (headless),passport,passport_p1,legacy-unpinned,circom_groth16,circom,snarkjs-groth16-browser-wasm,circom-witness-wasm,warmup,0,ok,,,40845.7,,40845.7,6142.953125,723,508332927,508332927,508332927,978536,legacy-unpinned,legacy-unpinned,"{""snarkjs"":""0.7.6""}","{""target/v1-benchmarks/semantic-parity/passport-p1/browser/fixtures/passport_p1.wasm"":""322efbab8702ab37e3367e171326e0cb28dd336027898c08c1429c4b91e33f5f"",""target/v1-benchmarks/semantic-parity/passport-p1/browser/fixtures/passport_p1_final.zkey"":""75de3f63996cd69f63de091029aace20c90f4dbbcaf47603af015e74884f721c"",""target/v1-benchmarks/semantic-parity/passport-p1/browser/fixtures/passport_p1.input.json"":""8c90e1b2392e013df6a6bdd1f22c1bb2bae9bca457c8b937e43a0e10e3618758""}",,"Matched semantic profile: monolithic RSA-4096 passport integrity, Self registry authorization, DG1 validity, and asserted minimum-age proof. Legacy row metadata normalized for the V1 replacement CSV. Legacy row metadata normalized for the V1 replacement CSV. Legacy row metadata normalized for the V1 replacement CSV.",,,target/v1-benchmarks/semantic-parity/passport-p1/mac-chrome/circom-snarkjs.json
semantic-parity-v1-20260731,passport_p1__mac_chrome__noir_barretenberg__measured__1,2026-07-31T00:00:00Z,macbook_m4,MacBook Pro (Apple M4 Max),macOS 26.5.2 (25F84),arm64,browser_wasm,Google Chrome 151.0.7922.72 (headless),passport,passport_p1,legacy-unpinned,noir_barretenberg,noir,barretenberg-ultrahonk-wasm-single-thread,@noir-lang/noir_js,measured,1,ok,,,13671.465,,13671.465,1148.296875,16000,74595035,74595035,74595035,,legacy-unpinned,legacy-unpinned,"{""@aztec/bb.js"":""4.2.0-aztecnr-rc.2"",""@noir-lang/noir_js"":""1.0.0-beta.19""}","{""benchmarks/v1/noir/passport_p1/web/dist/assets/passport_p1/circuit.json"":""357150b3344a5ae6cbc8cd2304840f29142b9dbab21bbf842e083380aefe9a34"",""benchmarks/v1/noir/passport_p1/web/dist/assets/passport_p1/inputs.json"":""243399e581fced3044b80b34ee45a7e07a64002f02fce811cc9a4d8d3196896a"",""https://crs.aztec-cdn.foundation/g1.dat bytes=0-67108927"":""0f238856e55722f15a4d64ef0de12b4260e218245590bd3a6c900aee188de8e5"",""https://crs.aztec-cdn.foundation/g2.dat"":""01797bfc4de5a96f0e516a9ea4537d18786dc30cb991aca4274c95822b69c32f"",""https://crs.aztec-cdn.foundation/grumpkin_g1.dat bytes=0-4194367"":""8df01ac0f564db0b52857d37b363b8f8042cd1d886f8d8fd2677375a6290e870""}",,"Matched semantic profile: monolithic RSA-4096 passport integrity, Self registry authorization, DG1 validity, and asserted minimum-age proof. Legacy row metadata normalized for the V1 replacement CSV. Legacy row metadata normalized for the V1 replacement CSV. Legacy row metadata normalized for the V1 replacement CSV.",,,target/v1-benchmarks/semantic-parity/passport-p1/mac-chrome/noir-barretenberg.json
semantic-parity-v1-20260731,passport_p1__mac_chrome__noir_barretenberg__measured__2,2026-07-31T00:00:00Z,macbook_m4,MacBook Pro (Apple M4 Max),macOS 26.5.2 (25F84),arm64,browser_wasm,Google Chrome 151.0.7922.72 (headless),passport,passport_p1,legacy-unpinned,noir_barretenberg,noir,barretenberg-ultrahonk-wasm-single-thread,@noir-lang/noir_js,measured,2,ok,,,14249.18,,14249.18,1148.296875,16000,74595035,74595035,74595035,,legacy-unpinned,legacy-unpinned,"{""@aztec/bb.js"":""4.2.0-aztecnr-rc.2"",""@noir-lang/noir_js"":""1.0.0-beta.19""}","{""benchmarks/v1/noir/passport_p1/web/dist/assets/passport_p1/circuit.json"":""357150b3344a5ae6cbc8cd2304840f29142b9dbab21bbf842e083380aefe9a34"",""benchmarks/v1/noir/passport_p1/web/dist/assets/passport_p1/inputs.json"":""243399e581fced3044b80b34ee45a7e07a64002f02fce811cc9a4d8d3196896a"",""https://crs.aztec-cdn.foundation/g1.dat bytes=0-67108927"":""0f238856e55722f15a4d64ef0de12b4260e218245590bd3a6c900aee188de8e5"",""https://crs.aztec-cdn.foundation/g2.dat"":""01797bfc4de5a96f0e516a9ea4537d18786dc30cb991aca4274c95822b69c32f"",""https://crs.aztec-cdn.foundation/grumpkin_g1.dat bytes=0-4194367"":""8df01ac0f564db0b52857d37b363b8f8042cd1d886f8d8fd2677375a6290e870""}",,"Matched semantic profile: monolithic RSA-4096 passport integrity, Self registry authorization, DG1 validity, and asserted minimum-age proof. Legacy row metadata normalized for the V1 replacement CSV. Legacy row metadata normalized for the V1 replacement CSV. Legacy row metadata normalized for the V1 replacement CSV.",,,target/v1-benchmarks/semantic-parity/passport-p1/mac-chrome/noir-barretenberg.json
semantic-parity-v1-20260731,passport_p1__mac_chrome__noir_barretenberg__measured__3,2026-07-31T00:00:00Z,macbook_m4,MacBook Pro (Apple M4 Max),macOS 26.5.2 (25F84),arm64,browser_wasm,Google Chrome 151.0.7922.72 (headless),passport,passport_p1,legacy-unpinned,noir_barretenberg,noir,barretenberg-ultrahonk-wasm-single-thread,@noir-lang/noir_js,measured,3,ok,,,14965.49,,14965.49,1148.296875,16000,74595035,74595035,74595035,,legacy-unpinned,legacy-unpinned,"{""@aztec/bb.js"":""4.2.0-aztecnr-rc.2"",""@noir-lang/noir_js"":""1.0.0-beta.19""}","{""benchmarks/v1/noir/passport_p1/web/dist/assets/passport_p1/circuit.json"":""357150b3344a5ae6cbc8cd2304840f29142b9dbab21bbf842e083380aefe9a34"",""benchmarks/v1/noir/passport_p1/web/dist/assets/passport_p1/inputs.json"":""243399e581fced3044b80b34ee45a7e07a64002f02fce811cc9a4d8d3196896a"",""https://crs.aztec-cdn.foundation/g1.dat bytes=0-67108927"":""0f238856e55722f15a4d64ef0de12b4260e218245590bd3a6c900aee188de8e5"",""https://crs.aztec-cdn.foundation/g2.dat"":""01797bfc4de5a96f0e516a9ea4537d18786dc30cb991aca4274c95822b69c32f"",""https://crs.aztec-cdn.foundation/grumpkin_g1.dat bytes=0-4194367"":""8df01ac0f564db0b52857d37b363b8f8042cd1d886f8d8fd2677375a6290e870""}",,"Matched semantic profile: monolithic RSA-4096 passport integrity, Self registry authorization, DG1 validity, and asserted minimum-age proof. Legacy row metadata normalized for the V1 replacement CSV. Legacy row metadata normalized for the V1 replacement CSV. Legacy row metadata normalized for the V1 replacement CSV.",,,target/v1-benchmarks/semantic-parity/passport-p1/mac-chrome/noir-barretenberg.json
semantic-parity-v1-20260731,passport_p1__mac_chrome__noir_barretenberg__measured__4,2026-07-31T00:00:00Z,macbook_m4,MacBook Pro (Apple M4 Max),macOS 26.5.2 (25F84),arm64,browser_wasm,Google Chrome 151.0.7922.72 (headless),passport,passport_p1,legacy-unpinned,noir_barretenberg,noir,barretenberg-ultrahonk-wasm-single-thread,@noir-lang/noir_js,measured,4,ok,,,15248.12,,15248.12,1148.296875,16000,74595035,74595035,74595035,,legacy-unpinned,legacy-unpinned,"{""@aztec/bb.js"":""4.2.0-aztecnr-rc.2"",""@noir-lang/noir_js"":""1.0.0-beta.19""}","{""benchmarks/v1/noir/passport_p1/web/dist/assets/passport_p1/circuit.json"":""357150b3344a5ae6cbc8cd2304840f29142b9dbab21bbf842e083380aefe9a34"",""benchmarks/v1/noir/passport_p1/web/dist/assets/passport_p1/inputs.json"":""243399e581fced3044b80b34ee45a7e07a64002f02fce811cc9a4d8d3196896a"",""https://crs.aztec-cdn.foundation/g1.dat bytes=0-67108927"":""0f238856e55722f15a4d64ef0de12b4260e218245590bd3a6c900aee188de8e5"",""https://crs.aztec-cdn.foundation/g2.dat"":""01797bfc4de5a96f0e516a9ea4537d18786dc30cb991aca4274c95822b69c32f"",""https://crs.aztec-cdn.foundation/grumpkin_g1.dat bytes=0-4194367"":""8df01ac0f564db0b52857d37b363b8f8042cd1d886f8d8fd2677375a6290e870""}",,"Matched semantic profile: monolithic RSA-4096 passport integrity, Self registry authorization, DG1 validity, and asserted minimum-age proof. Legacy row metadata normalized for the V1 replacement CSV. Legacy row metadata normalized for the V1 replacement CSV. Legacy row metadata normalized for the V1 replacement CSV.",,,target/v1-benchmarks/semantic-parity/passport-p1/mac-chrome/noir-barretenberg.json
semantic-parity-v1-20260731,passport_p1__mac_chrome__noir_barretenberg__measured__5,2026-07-31T00:00:00Z,macbook_m4,MacBook Pro (Apple M4 Max),macOS 26.5.2 (25F84),arm64,browser_wasm,Google Chrome 151.0.7922.72 (headless),passport,passport_p1,legacy-unpinned,noir_barretenberg,noir,barretenberg-ultrahonk-wasm-single-thread,@noir-lang/noir_js,measured,5,ok,,,17122.75,,17122.75,1148.296875,16000,74595035,74595035,74595035,,legacy-unpinned,legacy-unpinned,"{""@aztec/bb.js"":""4.2.0-aztecnr-rc.2"",""@noir-lang/noir_js"":""1.0.0-beta.19""}","{""benchmarks/v1/noir/passport_p1/web/dist/assets/passport_p1/circuit.json"":""357150b3344a5ae6cbc8cd2304840f29142b9dbab21bbf842e083380aefe9a34"",""benchmarks/v1/noir/passport_p1/web/dist/assets/passport_p1/inputs.json"":""243399e581fced3044b80b34ee45a7e07a64002f02fce811cc9a4d8d3196896a"",""https://crs.aztec-cdn.foundation/g1.dat bytes=0-67108927"":""0f238856e55722f15a4d64ef0de12b4260e218245590bd3a6c900aee188de8e5"",""https://crs.aztec-cdn.foundation/g2.dat"":""01797bfc4de5a96f0e516a9ea4537d18786dc30cb991aca4274c95822b69c32f"",""https://crs.aztec-cdn.foundation/grumpkin_g1.dat bytes=0-4194367"":""8df01ac0f564db0b52857d37b363b8f8042cd1d886f8d8fd2677375a6290e870""}",,"Matched semantic profile: monolithic RSA-4096 passport integrity, Self registry authorization, DG1 validity, and asserted minimum-age proof. Legacy row metadata normalized for the V1 replacement CSV. Legacy row metadata normalized for the V1 replacement CSV. Legacy row metadata normalized for the V1 replacement CSV.",,,target/v1-benchmarks/semantic-parity/passport-p1/mac-chrome/noir-barretenberg.json
semantic-parity-v1-20260731,passport_p1__mac_chrome__noir_barretenberg__warmup__0,2026-07-31T00:00:00Z,macbook_m4,MacBook Pro (Apple M4 Max),macOS 26.5.2 (25F84),arm64,browser_wasm,Google Chrome 151.0.7922.72 (headless),passport,passport_p1,legacy-unpinned,noir_barretenberg,noir,barretenberg-ultrahonk-wasm-single-thread,@noir-lang/noir_js,warmup,0,ok,,,13682.905,,13682.905,1148.296875,16000,74595035,74595035,74595035,,legacy-unpinned,legacy-unpinned,"{""@aztec/bb.js"":""4.2.0-aztecnr-rc.2"",""@noir-lang/noir_js"":""1.0.0-beta.19""}","{""benchmarks/v1/noir/passport_p1/web/dist/assets/passport_p1/circuit.json"":""357150b3344a5ae6cbc8cd2304840f29142b9dbab21bbf842e083380aefe9a34"",""benchmarks/v1/noir/passport_p1/web/dist/assets/passport_p1/inputs.json"":""243399e581fced3044b80b34ee45a7e07a64002f02fce811cc9a4d8d3196896a"",""https://crs.aztec-cdn.foundation/g1.dat bytes=0-67108927"":""0f238856e55722f15a4d64ef0de12b4260e218245590bd3a6c900aee188de8e5"",""https://crs.aztec-cdn.foundation/g2.dat"":""01797bfc4de5a96f0e516a9ea4537d18786dc30cb991aca4274c95822b69c32f"",""https://crs.aztec-cdn.foundation/grumpkin_g1.dat bytes=0-4194367"":""8df01ac0f564db0b52857d37b363b8f8042cd1d886f8d8fd2677375a6290e870""}",,"Matched semantic profile: monolithic RSA-4096 passport integrity, Self registry authorization, DG1 validity, and asserted minimum-age proof. Legacy row metadata normalized for the V1 replacement CSV. Legacy row metadata normalized for the V1 replacement CSV. Legacy row metadata normalized for the V1 replacement CSV.",,,target/v1-benchmarks/semantic-parity/passport-p1/mac-chrome/noir-barretenberg.json
semantic-parity-v1-20260731,passport_p1__mac_chrome__provekit_v1__sample-1,2026-07-31T00:00:00Z,macbook_m4,MacBook Pro M4 Max,macOS 26.5.2 (25F84),arm64,browser_wasm,Google Chrome 151.0.7922.72 (headless),passport,passport_p1,9b2a6f37c67691eab4b0cec6c35e35c520e93285,provekit_v1,noir,provekit-v1-branch-9b2a6f3-wasm-single,noir-v1.0.0-beta.11,measured,1,ok,,,10221.615000009537,,11270.340000033379,998.125,963449,2313739,2313739,2313739,,provekit-v1-core-9b2a6f3-noir-beta.11,9b2a6f37c67691eab4b0cec6c35e35c520e93285,"{""provekit_core"":""9b2a6f37c67691eab4b0cec6c35e35c520e93285"",""noir"":""1.0.0-beta.11"",""mobench"":""0.1.48"",""campaign_harness"":""7de99e9e001d06797c9770684afea20f096d1ac3""}","{""evidence"":""46a2b3655f41a5b94e8565e39baa16adece1d904106db4436837d2ebf9239ecd"",""payload"":{""passport_p1.pkp"":""7c99f9724f25229324ae3ec24d37a61e112cc32c411f8580c64ae1ed9a33eea7"",""passport_p1.inputs.json"":""6570f80c3e5464ab1840385b2b8ebc875128688bdb77e12057751be278f5a450""}}",,"Closest available semantic counterpart; Noir and Circom statements remain non-equivalent where noted by the campaign. ProveKit V1 measurements use the pinned core WASM/C-ABI build, not @worldcoin/provekit npm artifacts. Browser proof_size_bytes is V1 WASM proof-byte serialization; native proof_size_bytes is serialized postcard NoirProof (.np) bytes.",,,evidence/provekit-v1/mac/passport.json
semantic-parity-v1-20260731,passport_p1__mac_chrome__provekit_v1__sample-2,2026-07-31T00:00:00Z,macbook_m4,MacBook Pro M4 Max,macOS 26.5.2 (25F84),arm64,browser_wasm,Google Chrome 151.0.7922.72 (headless),passport,passport_p1,9b2a6f37c67691eab4b0cec6c35e35c520e93285,provekit_v1,noir,provekit-v1-branch-9b2a6f3-wasm-single,noir-v1.0.0-beta.11,measured,2,ok,,,10208.43499994278,,11263.384999990463,998.125,964645,2313739,2313739,2313739,,provekit-v1-core-9b2a6f3-noir-beta.11,9b2a6f37c67691eab4b0cec6c35e35c520e93285,"{""provekit_core"":""9b2a6f37c67691eab4b0cec6c35e35c520e93285"",""noir"":""1.0.0-beta.11"",""mobench"":""0.1.48"",""campaign_harness"":""7de99e9e001d06797c9770684afea20f096d1ac3""}","{""evidence"":""46a2b3655f41a5b94e8565e39baa16adece1d904106db4436837d2ebf9239ecd"",""payload"":{""passport_p1.pkp"":""7c99f9724f25229324ae3ec24d37a61e112cc32c411f8580c64ae1ed9a33eea7"",""passport_p1.inputs.json"":""6570f80c3e5464ab1840385b2b8ebc875128688bdb77e12057751be278f5a450""}}",,"Closest available semantic counterpart; Noir and Circom statements remain non-equivalent where noted by the campaign. ProveKit V1 measurements use the pinned core WASM/C-ABI build, not @worldcoin/provekit npm artifacts. Browser proof_size_bytes is V1 WASM proof-byte serialization; native proof_size_bytes is serialized postcard NoirProof (.np) bytes.",,,evidence/provekit-v1/mac/passport.json
semantic-parity-v1-20260731,passport_p1__mac_chrome__provekit_v1__sample-3,2026-07-31T00:00:00Z,macbook_m4,MacBook Pro M4 Max,macOS 26.5.2 (25F84),arm64,browser_wasm,Google Chrome 151.0.7922.72 (headless),passport,passport_p1,9b2a6f37c67691eab4b0cec6c35e35c520e93285,provekit_v1,noir,provekit-v1-branch-9b2a6f3-wasm-single,noir-v1.0.0-beta.11,measured,3,ok,,,10271.65499997139,,11340.044999957085,998.125,961573,2313739,2313739,2313739,,provekit-v1-core-9b2a6f3-noir-beta.11,9b2a6f37c67691eab4b0cec6c35e35c520e93285,"{""provekit_core"":""9b2a6f37c67691eab4b0cec6c35e35c520e93285"",""noir"":""1.0.0-beta.11"",""mobench"":""0.1.48"",""campaign_harness"":""7de99e9e001d06797c9770684afea20f096d1ac3""}","{""evidence"":""46a2b3655f41a5b94e8565e39baa16adece1d904106db4436837d2ebf9239ecd"",""payload"":{""passport_p1.pkp"":""7c99f9724f25229324ae3ec24d37a61e112cc32c411f8580c64ae1ed9a33eea7"",""passport_p1.inputs.json"":""6570f80c3e5464ab1840385b2b8ebc875128688bdb77e12057751be278f5a450""}}",,"Closest available semantic counterpart; Noir and Circom statements remain non-equivalent where noted by the campaign. ProveKit V1 measurements use the pinned core WASM/C-ABI build, not @worldcoin/provekit npm artifacts. Browser proof_size_bytes is V1 WASM proof-byte serialization; native proof_size_bytes is serialized postcard NoirProof (.np) bytes.",,,evidence/provekit-v1/mac/passport.json
semantic-parity-v1-20260731,passport_p1__mac_chrome__provekit_v1__sample-4,2026-07-31T00:00:00Z,macbook_m4,MacBook Pro M4 Max,macOS 26.5.2 (25F84),arm64,browser_wasm,Google Chrome 151.0.7922.72 (headless),passport,passport_p1,9b2a6f37c67691eab4b0cec6c35e35c520e93285,provekit_v1,noir,provekit-v1-branch-9b2a6f3-wasm-single,noir-v1.0.0-beta.11,measured,4,ok,,,10216.27999997139,,11268.545000076294,998.125,964305,2313739,2313739,2313739,,provekit-v1-core-9b2a6f3-noir-beta.11,9b2a6f37c67691eab4b0cec6c35e35c520e93285,"{""provekit_core"":""9b2a6f37c67691eab4b0cec6c35e35c520e93285"",""noir"":""1.0.0-beta.11"",""mobench"":""0.1.48"",""campaign_harness"":""7de99e9e001d06797c9770684afea20f096d1ac3""}","{""evidence"":""46a2b3655f41a5b94e8565e39baa16adece1d904106db4436837d2ebf9239ecd"",""payload"":{""passport_p1.pkp"":""7c99f9724f25229324ae3ec24d37a61e112cc32c411f8580c64ae1ed9a33eea7"",""passport_p1.inputs.json"":""6570f80c3e5464ab1840385b2b8ebc875128688bdb77e12057751be278f5a450""}}",,"Closest available semantic counterpart; Noir and Circom statements remain non-equivalent where noted by the campaign. ProveKit V1 measurements use the pinned core WASM/C-ABI build, not @worldcoin/provekit npm artifacts. Browser proof_size_bytes is V1 WASM proof-byte serialization; native proof_size_bytes is serialized postcard NoirProof (.np) bytes.",,,evidence/provekit-v1/mac/passport.json
semantic-parity-v1-20260731,passport_p1__mac_chrome__provekit_v1__sample-5,2026-07-31T00:00:00Z,macbook_m4,MacBook Pro M4 Max,macOS 26.5.2 (25F84),arm64,browser_wasm,Google Chrome 151.0.7922.72 (headless),passport,passport_p1,9b2a6f37c67691eab4b0cec6c35e35c520e93285,provekit_v1,noir,provekit-v1-branch-9b2a6f3-wasm-single,noir-v1.0.0-beta.11,measured,5,ok,,,10182.409999966621,,11233.944999933243,998.125,961829,2313739,2313739,2313739,,provekit-v1-core-9b2a6f3-noir-beta.11,9b2a6f37c67691eab4b0cec6c35e35c520e93285,"{""provekit_core"":""9b2a6f37c67691eab4b0cec6c35e35c520e93285"",""noir"":""1.0.0-beta.11"",""mobench"":""0.1.48"",""campaign_harness"":""7de99e9e001d06797c9770684afea20f096d1ac3""}","{""evidence"":""46a2b3655f41a5b94e8565e39baa16adece1d904106db4436837d2ebf9239ecd"",""payload"":{""passport_p1.pkp"":""7c99f9724f25229324ae3ec24d37a61e112cc32c411f8580c64ae1ed9a33eea7"",""passport_p1.inputs.json"":""6570f80c3e5464ab1840385b2b8ebc875128688bdb77e12057751be278f5a450""}}",,"Closest available semantic counterpart; Noir and Circom statements remain non-equivalent where noted by the campaign. ProveKit V1 measurements use the pinned core WASM/C-ABI build, not @worldcoin/provekit npm artifacts. Browser proof_size_bytes is V1 WASM proof-byte serialization; native proof_size_bytes is serialized postcard NoirProof (.np) bytes.",,,evidence/provekit-v1/mac/passport.json
semantic-parity-v1-20260731,passport_p1__mac_chrome__provekit_v1__warmup,2026-07-31T00:00:00Z,macbook_m4,MacBook Pro M4 Max,macOS 26.5.2 (25F84),arm64,browser_wasm,Google Chrome 151.0.7922.72 (headless),passport,passport_p1,9b2a6f37c67691eab4b0cec6c35e35c520e93285,provekit_v1,noir,provekit-v1-branch-9b2a6f3-wasm-single,noir-v1.0.0-beta.11,warmup,0,ok,,,,,,,,2313739,2313739,2313739,,provekit-v1-core-9b2a6f3-noir-beta.11,9b2a6f37c67691eab4b0cec6c35e35c520e93285,"{""provekit_core"":""9b2a6f37c67691eab4b0cec6c35e35c520e93285"",""noir"":""1.0.0-beta.11"",""mobench"":""0.1.48"",""campaign_harness"":""7de99e9e001d06797c9770684afea20f096d1ac3""}","{""evidence"":""46a2b3655f41a5b94e8565e39baa16adece1d904106db4436837d2ebf9239ecd"",""payload"":{""passport_p1.pkp"":""7c99f9724f25229324ae3ec24d37a61e112cc32c411f8580c64ae1ed9a33eea7"",""passport_p1.inputs.json"":""6570f80c3e5464ab1840385b2b8ebc875128688bdb77e12057751be278f5a450""}}",,"Closest available semantic counterpart; Noir and Circom statements remain non-equivalent where noted by the campaign. ProveKit V1 measurements use the pinned core WASM/C-ABI build, not @worldcoin/provekit npm artifacts. Browser proof_size_bytes is V1 WASM proof-byte serialization; native proof_size_bytes is serialized postcard NoirProof (.np) bytes.",,,evidence/provekit-v1/mac/passport.json
semantic-parity-v1-20260731,webauthn_closest_analogue__mac_chrome__circom_groth16__measured__1,2026-07-31T00:00:00Z,macbook_m4,MacBook Pro M4 Max,macOS 26.5.2 (25F84),arm64,browser_wasm,Google Chrome 151.0.7922.72 headless,webauthn,webauthn_closest_analogue,0fb5b4aa1398281c2fd3dbe14db147e05b61f201,circom_groth16,circom,snarkjs_0.7.6_browser_wasm_single_thread,snarkjs-wtns-calculate-wasm,measured,1,ok,,,194531.6,,194531.6,11064.78125,724,1753618376,1753618376,1753618376,2812892,legacy-unpinned,13044531f0f38e02ed19fcbd9b26202b8ba5a962,"{""circom"":""2.2.2"",""snarkjs"":""0.7.6""}","{""wasm_sha256"":""b24b95ec8d9eca43e6d14d0f0d1a9d426ce2dded1855b13a765d6ceb281e2088"",""zkey_sha256"":""a5828d55680b65b55a1bb5be0a26f151342e37551537a71d257fe07d9677e94b"",""input_sha256"":""b635e9511a747bb0bea0278d423e3e859b24d386368186c72a8e46e4e0644657""}",,"Closest analogue, not semantically equivalent: Noir binds challenge, client-data type, origin, RP-ID hash, UP/UV flags, and public key; privacy-ethereum/webauthn-circom omits several of those bindings. Historical note verbatim: Closest available counterpart only; proof statements and implementation details are not equivalent. Payload correction from raw evidence: 20,470,384-byte WASM + 1,733,145,772-byte zkey + 2,220-byte input = 1,753,618,376 bytes. Legacy row metadata normalized for the V1 replacement CSV. Legacy row metadata normalized for the V1 replacement CSV. Legacy row metadata normalized for the V1 replacement CSV.",,,/Users/dcbuilder/Code/world/.worktrees/provekit-v1-cross-device-campaign/target/v1-benchmarks/reproduction/mac-chrome-proof-metrics/raw/circom-webauthn.json
semantic-parity-v1-20260731,webauthn_closest_analogue__mac_chrome__circom_groth16__measured__2,2026-07-31T00:00:00Z,macbook_m4,MacBook Pro M4 Max,macOS 26.5.2 (25F84),arm64,browser_wasm,Google Chrome 151.0.7922.72 headless,webauthn,webauthn_closest_analogue,0fb5b4aa1398281c2fd3dbe14db147e05b61f201,circom_groth16,circom,snarkjs_0.7.6_browser_wasm_single_thread,snarkjs-wtns-calculate-wasm,measured,2,ok,,,219079.6,,219079.6,11064.78125,725,1753618376,1753618376,1753618376,2812892,legacy-unpinned,13044531f0f38e02ed19fcbd9b26202b8ba5a962,"{""circom"":""2.2.2"",""snarkjs"":""0.7.6""}","{""wasm_sha256"":""b24b95ec8d9eca43e6d14d0f0d1a9d426ce2dded1855b13a765d6ceb281e2088"",""zkey_sha256"":""a5828d55680b65b55a1bb5be0a26f151342e37551537a71d257fe07d9677e94b"",""input_sha256"":""b635e9511a747bb0bea0278d423e3e859b24d386368186c72a8e46e4e0644657""}",,"Closest analogue, not semantically equivalent: Noir binds challenge, client-data type, origin, RP-ID hash, UP/UV flags, and public key; privacy-ethereum/webauthn-circom omits several of those bindings. Historical note verbatim: Closest available counterpart only; proof statements and implementation details are not equivalent. Payload correction from raw evidence: 20,470,384-byte WASM + 1,733,145,772-byte zkey + 2,220-byte input = 1,753,618,376 bytes. Legacy row metadata normalized for the V1 replacement CSV. Legacy row metadata normalized for the V1 replacement CSV. Legacy row metadata normalized for the V1 replacement CSV.",,,/Users/dcbuilder/Code/world/.worktrees/provekit-v1-cross-device-campaign/target/v1-benchmarks/reproduction/mac-chrome-proof-metrics/raw/circom-webauthn.json
semantic-parity-v1-20260731,webauthn_closest_analogue__mac_chrome__circom_groth16__measured__3,2026-07-31T00:00:00Z,macbook_m4,MacBook Pro M4 Max,macOS 26.5.2 (25F84),arm64,browser_wasm,Google Chrome 151.0.7922.72 headless,webauthn,webauthn_closest_analogue,0fb5b4aa1398281c2fd3dbe14db147e05b61f201,circom_groth16,circom,snarkjs_0.7.6_browser_wasm_single_thread,snarkjs-wtns-calculate-wasm,measured,3,ok,,,201139.9,,201139.9,11064.78125,722,1753618376,1753618376,1753618376,2812892,legacy-unpinned,13044531f0f38e02ed19fcbd9b26202b8ba5a962,"{""circom"":""2.2.2"",""snarkjs"":""0.7.6""}","{""wasm_sha256"":""b24b95ec8d9eca43e6d14d0f0d1a9d426ce2dded1855b13a765d6ceb281e2088"",""zkey_sha256"":""a5828d55680b65b55a1bb5be0a26f151342e37551537a71d257fe07d9677e94b"",""input_sha256"":""b635e9511a747bb0bea0278d423e3e859b24d386368186c72a8e46e4e0644657""}",,"Closest analogue, not semantically equivalent: Noir binds challenge, client-data type, origin, RP-ID hash, UP/UV flags, and public key; privacy-ethereum/webauthn-circom omits several of those bindings. Historical note verbatim: Closest available counterpart only; proof statements and implementation details are not equivalent. Payload correction from raw evidence: 20,470,384-byte WASM + 1,733,145,772-byte zkey + 2,220-byte input = 1,753,618,376 bytes. Legacy row metadata normalized for the V1 replacement CSV. Legacy row metadata normalized for the V1 replacement CSV. Legacy row metadata normalized for the V1 replacement CSV.",,,/Users/dcbuilder/Code/world/.worktrees/provekit-v1-cross-device-campaign/target/v1-benchmarks/reproduction/mac-chrome-proof-metrics/raw/circom-webauthn.json
semantic-parity-v1-20260731,webauthn_closest_analogue__mac_chrome__circom_groth16__measured__4,2026-07-31T00:00:00Z,macbook_m4,MacBook Pro M4 Max,macOS 26.5.2 (25F84),arm64,browser_wasm,Google Chrome 151.0.7922.72 headless,webauthn,webauthn_closest_analogue,0fb5b4aa1398281c2fd3dbe14db147e05b61f201,circom_groth16,circom,snarkjs_0.7.6_browser_wasm_single_thread,snarkjs-wtns-calculate-wasm,measured,4,ok,,,270838,,270838,11064.78125,725,1753618376,1753618376,1753618376,2812892,legacy-unpinned,13044531f0f38e02ed19fcbd9b26202b8ba5a962,"{""circom"":""2.2.2"",""snarkjs"":""0.7.6""}","{""wasm_sha256"":""b24b95ec8d9eca43e6d14d0f0d1a9d426ce2dded1855b13a765d6ceb281e2088"",""zkey_sha256"":""a5828d55680b65b55a1bb5be0a26f151342e37551537a71d257fe07d9677e94b"",""input_sha256"":""b635e9511a747bb0bea0278d423e3e859b24d386368186c72a8e46e4e0644657""}",,"Closest analogue, not semantically equivalent: Noir binds challenge, client-data type, origin, RP-ID hash, UP/UV flags, and public key; privacy-ethereum/webauthn-circom omits several of those bindings. Historical note verbatim: Closest available counterpart only; proof statements and implementation details are not equivalent. Payload correction from raw evidence: 20,470,384-byte WASM + 1,733,145,772-byte zkey + 2,220-byte input = 1,753,618,376 bytes. Legacy row metadata normalized for the V1 replacement CSV. Legacy row metadata normalized for the V1 replacement CSV. Legacy row metadata normalized for the V1 replacement CSV.",,,/Users/dcbuilder/Code/world/.worktrees/provekit-v1-cross-device-campaign/target/v1-benchmarks/reproduction/mac-chrome-proof-metrics/raw/circom-webauthn.json
semantic-parity-v1-20260731,webauthn_closest_analogue__mac_chrome__circom_groth16__measured__5,2026-07-31T00:00:00Z,macbook_m4,MacBook Pro M4 Max,macOS 26.5.2 (25F84),arm64,browser_wasm,Google Chrome 151.0.7922.72 headless,webauthn,webauthn_closest_analogue,0fb5b4aa1398281c2fd3dbe14db147e05b61f201,circom_groth16,circom,snarkjs_0.7.6_browser_wasm_single_thread,snarkjs-wtns-calculate-wasm,measured,5,ok,,,222479.7,,222479.7,11064.78125,720,1753618376,1753618376,1753618376,2812892,legacy-unpinned,13044531f0f38e02ed19fcbd9b26202b8ba5a962,"{""circom"":""2.2.2"",""snarkjs"":""0.7.6""}","{""wasm_sha256"":""b24b95ec8d9eca43e6d14d0f0d1a9d426ce2dded1855b13a765d6ceb281e2088"",""zkey_sha256"":""a5828d55680b65b55a1bb5be0a26f151342e37551537a71d257fe07d9677e94b"",""input_sha256"":""b635e9511a747bb0bea0278d423e3e859b24d386368186c72a8e46e4e0644657""}",,"Closest analogue, not semantically equivalent: Noir binds challenge, client-data type, origin, RP-ID hash, UP/UV flags, and public key; privacy-ethereum/webauthn-circom omits several of those bindings. Historical note verbatim: Closest available counterpart only; proof statements and implementation details are not equivalent. Payload correction from raw evidence: 20,470,384-byte WASM + 1,733,145,772-byte zkey + 2,220-byte input = 1,753,618,376 bytes. Legacy row metadata normalized for the V1 replacement CSV. Legacy row metadata normalized for the V1 replacement CSV. Legacy row metadata normalized for the V1 replacement CSV.",,,/Users/dcbuilder/Code/world/.worktrees/provekit-v1-cross-device-campaign/target/v1-benchmarks/reproduction/mac-chrome-proof-metrics/raw/circom-webauthn.json
semantic-parity-v1-20260731,webauthn_closest_analogue__mac_chrome__circom_groth16__warmup__0,2026-07-31T00:00:00Z,macbook_m4,MacBook Pro M4 Max,macOS 26.5.2 (25F84),arm64,browser_wasm,Google Chrome 151.0.7922.72 headless,webauthn,webauthn_closest_analogue,0fb5b4aa1398281c2fd3dbe14db147e05b61f201,circom_groth16,circom,snarkjs_0.7.6_browser_wasm_single_thread,snarkjs-wtns-calculate-wasm,warmup,0,ok,,,221252.3,,221252.3,11064.78125,721,1753618376,1753618376,1753618376,2812892,legacy-unpinned,13044531f0f38e02ed19fcbd9b26202b8ba5a962,"{""circom"":""2.2.2"",""snarkjs"":""0.7.6""}","{""wasm_sha256"":""b24b95ec8d9eca43e6d14d0f0d1a9d426ce2dded1855b13a765d6ceb281e2088"",""zkey_sha256"":""a5828d55680b65b55a1bb5be0a26f151342e37551537a71d257fe07d9677e94b"",""input_sha256"":""b635e9511a747bb0bea0278d423e3e859b24d386368186c72a8e46e4e0644657""}",,"Closest analogue, not semantically equivalent: Noir binds challenge, client-data type, origin, RP-ID hash, UP/UV flags, and public key; privacy-ethereum/webauthn-circom omits several of those bindings. Historical note verbatim: Closest available counterpart only; proof statements and implementation details are not equivalent. Payload correction from raw evidence: 20,470,384-byte WASM + 1,733,145,772-byte zkey + 2,220-byte input = 1,753,618,376 bytes. Legacy row metadata normalized for the V1 replacement CSV. Legacy row metadata normalized for the V1 replacement CSV. Legacy row metadata normalized for the V1 replacement CSV.",,,/Users/dcbuilder/Code/world/.worktrees/provekit-v1-cross-device-campaign/target/v1-benchmarks/reproduction/mac-chrome-proof-metrics/raw/circom-webauthn.json
semantic-parity-v1-20260731,webauthn_closest_analogue__mac_chrome__noir_barretenberg__measured__1,2026-07-31T00:00:00Z,macbook_m4,MacBook Pro M4 Max,macOS 26.5.2 (25F84),arm64,browser_wasm,Google Chrome 151.0.7922.72 headless,webauthn,webauthn_closest_analogue,85aeeef539961cae5a63de794997b507a5975717,noir_barretenberg,noir,barretenberg-ultrahonk-wasm-single-thread,,measured,1,ok,,,14677.335,,14677.335,1060.0625,16000,74003114,74003114,74003114,,legacy-unpinned,13044531f0f38e02ed19fcbd9b26202b8ba5a962,"{""@aztec/bb.js"":""4.2.0-aztecnr-rc.2"",""@noir-lang/noir_js"":""1.0.0-beta.19""}","{""circuit_sha256"":""a03bfbef1b8b0ddb446d760307402d139bc0f8d8d499344297b2466dc0e6d6ec"",""witness_sha256"":""4b62089fd9867fc490a0c88be3983cf75e823c5527b501511e301e5caef03484"",""source_artifact_sha256"":""b6d8dc8a9f3527c478e336310035bec73d6da7f74e87d8e05d46312f43f597ab""}",,"Closest analogue, not semantically equivalent: Noir binds challenge, client-data type, origin, RP-ID hash, UP/UV flags, and public key; privacy-ethereum/webauthn-circom omits several of those bindings. Historical note verbatim: Closest available counterpart only; proof statements and implementation details are not equivalent. Payload correction from raw evidence: 2,691,859-byte circuit + 7,831-byte input + 71,303,424-byte consumed CRS = 74,003,114 bytes. Legacy row metadata normalized for the V1 replacement CSV. Legacy row metadata normalized for the V1 replacement CSV. Legacy row metadata normalized for the V1 replacement CSV.",,,/Users/dcbuilder/Code/world/.worktrees/provekit-v1-cross-device-campaign/target/v1-benchmarks/reproduction/mac-chrome-proof-metrics/raw/barretenberg-webauthn.json
semantic-parity-v1-20260731,webauthn_closest_analogue__mac_chrome__noir_barretenberg__measured__2,2026-07-31T00:00:00Z,macbook_m4,MacBook Pro M4 Max,macOS 26.5.2 (25F84),arm64,browser_wasm,Google Chrome 151.0.7922.72 headless,webauthn,webauthn_closest_analogue,85aeeef539961cae5a63de794997b507a5975717,noir_barretenberg,noir,barretenberg-ultrahonk-wasm-single-thread,,measured,2,ok,,,16153.085,,16153.085,1060.0625,16000,74003114,74003114,74003114,,legacy-unpinned,13044531f0f38e02ed19fcbd9b26202b8ba5a962,"{""@aztec/bb.js"":""4.2.0-aztecnr-rc.2"",""@noir-lang/noir_js"":""1.0.0-beta.19""}","{""circuit_sha256"":""a03bfbef1b8b0ddb446d760307402d139bc0f8d8d499344297b2466dc0e6d6ec"",""witness_sha256"":""4b62089fd9867fc490a0c88be3983cf75e823c5527b501511e301e5caef03484"",""source_artifact_sha256"":""b6d8dc8a9f3527c478e336310035bec73d6da7f74e87d8e05d46312f43f597ab""}",,"Closest analogue, not semantically equivalent: Noir binds challenge, client-data type, origin, RP-ID hash, UP/UV flags, and public key; privacy-ethereum/webauthn-circom omits several of those bindings. Historical note verbatim: Closest available counterpart only; proof statements and implementation details are not equivalent. Payload correction from raw evidence: 2,691,859-byte circuit + 7,831-byte input + 71,303,424-byte consumed CRS = 74,003,114 bytes. Legacy row metadata normalized for the V1 replacement CSV. Legacy row metadata normalized for the V1 replacement CSV. Legacy row metadata normalized for the V1 replacement CSV.",,,/Users/dcbuilder/Code/world/.worktrees/provekit-v1-cross-device-campaign/target/v1-benchmarks/reproduction/mac-chrome-proof-metrics/raw/barretenberg-webauthn.json
semantic-parity-v1-20260731,webauthn_closest_analogue__mac_chrome__noir_barretenberg__measured__3,2026-07-31T00:00:00Z,macbook_m4,MacBook Pro M4 Max,macOS 26.5.2 (25F84),arm64,browser_wasm,Google Chrome 151.0.7922.72 headless,webauthn,webauthn_closest_analogue,85aeeef539961cae5a63de794997b507a5975717,noir_barretenberg,noir,barretenberg-ultrahonk-wasm-single-thread,,measured,3,ok,,,14740.61,,14740.61,1060.0625,16000,74003114,74003114,74003114,,legacy-unpinned,13044531f0f38e02ed19fcbd9b26202b8ba5a962,"{""@aztec/bb.js"":""4.2.0-aztecnr-rc.2"",""@noir-lang/noir_js"":""1.0.0-beta.19""}","{""circuit_sha256"":""a03bfbef1b8b0ddb446d760307402d139bc0f8d8d499344297b2466dc0e6d6ec"",""witness_sha256"":""4b62089fd9867fc490a0c88be3983cf75e823c5527b501511e301e5caef03484"",""source_artifact_sha256"":""b6d8dc8a9f3527c478e336310035bec73d6da7f74e87d8e05d46312f43f597ab""}",,"Closest analogue, not semantically equivalent: Noir binds challenge, client-data type, origin, RP-ID hash, UP/UV flags, and public key; privacy-ethereum/webauthn-circom omits several of those bindings. Historical note verbatim: Closest available counterpart only; proof statements and implementation details are not equivalent. Payload correction from raw evidence: 2,691,859-byte circuit + 7,831-byte input + 71,303,424-byte consumed CRS = 74,003,114 bytes. Legacy row metadata normalized for the V1 replacement CSV. Legacy row metadata normalized for the V1 replacement CSV. Legacy row metadata normalized for the V1 replacement CSV.",,,/Users/dcbuilder/Code/world/.worktrees/provekit-v1-cross-device-campaign/target/v1-benchmarks/reproduction/mac-chrome-proof-metrics/raw/barretenberg-webauthn.json
semantic-parity-v1-20260731,webauthn_closest_analogue__mac_chrome__noir_barretenberg__measured__4,2026-07-31T00:00:00Z,macbook_m4,MacBook Pro M4 Max,macOS 26.5.2 (25F84),arm64,browser_wasm,Google Chrome 151.0.7922.72 headless,webauthn,webauthn_closest_analogue,85aeeef539961cae5a63de794997b507a5975717,noir_barretenberg,noir,barretenberg-ultrahonk-wasm-single-thread,,measured,4,ok,,,13333.53,,13333.53,1060.0625,16000,74003114,74003114,74003114,,legacy-unpinned,13044531f0f38e02ed19fcbd9b26202b8ba5a962,"{""@aztec/bb.js"":""4.2.0-aztecnr-rc.2"",""@noir-lang/noir_js"":""1.0.0-beta.19""}","{""circuit_sha256"":""a03bfbef1b8b0ddb446d760307402d139bc0f8d8d499344297b2466dc0e6d6ec"",""witness_sha256"":""4b62089fd9867fc490a0c88be3983cf75e823c5527b501511e301e5caef03484"",""source_artifact_sha256"":""b6d8dc8a9f3527c478e336310035bec73d6da7f74e87d8e05d46312f43f597ab""}",,"Closest analogue, not semantically equivalent: Noir binds challenge, client-data type, origin, RP-ID hash, UP/UV flags, and public key; privacy-ethereum/webauthn-circom omits several of those bindings. Historical note verbatim: Closest available counterpart only; proof statements and implementation details are not equivalent. Payload correction from raw evidence: 2,691,859-byte circuit + 7,831-byte input + 71,303,424-byte consumed CRS = 74,003,114 bytes. Legacy row metadata normalized for the V1 replacement CSV. Legacy row metadata normalized for the V1 replacement CSV. Legacy row metadata normalized for the V1 replacement CSV.",,,/Users/dcbuilder/Code/world/.worktrees/provekit-v1-cross-device-campaign/target/v1-benchmarks/reproduction/mac-chrome-proof-metrics/raw/barretenberg-webauthn.json
semantic-parity-v1-20260731,webauthn_closest_analogue__mac_chrome__noir_barretenberg__measured__5,2026-07-31T00:00:00Z,macbook_m4,MacBook Pro M4 Max,macOS 26.5.2 (25F84),arm64,browser_wasm,Google Chrome 151.0.7922.72 headless,webauthn,webauthn_closest_analogue,85aeeef539961cae5a63de794997b507a5975717,noir_barretenberg,noir,barretenberg-ultrahonk-wasm-single-thread,,measured,5,ok,,,16982.47,,16982.47,1060.0625,16000,74003114,74003114,74003114,,legacy-unpinned,13044531f0f38e02ed19fcbd9b26202b8ba5a962,"{""@aztec/bb.js"":""4.2.0-aztecnr-rc.2"",""@noir-lang/noir_js"":""1.0.0-beta.19""}","{""circuit_sha256"":""a03bfbef1b8b0ddb446d760307402d139bc0f8d8d499344297b2466dc0e6d6ec"",""witness_sha256"":""4b62089fd9867fc490a0c88be3983cf75e823c5527b501511e301e5caef03484"",""source_artifact_sha256"":""b6d8dc8a9f3527c478e336310035bec73d6da7f74e87d8e05d46312f43f597ab""}",,"Closest analogue, not semantically equivalent: Noir binds challenge, client-data type, origin, RP-ID hash, UP/UV flags, and public key; privacy-ethereum/webauthn-circom omits several of those bindings. Historical note verbatim: Closest available counterpart only; proof statements and implementation details are not equivalent. Payload correction from raw evidence: 2,691,859-byte circuit + 7,831-byte input + 71,303,424-byte consumed CRS = 74,003,114 bytes. Legacy row metadata normalized for the V1 replacement CSV. Legacy row metadata normalized for the V1 replacement CSV. Legacy row metadata normalized for the V1 replacement CSV.",,,/Users/dcbuilder/Code/world/.worktrees/provekit-v1-cross-device-campaign/target/v1-benchmarks/reproduction/mac-chrome-proof-metrics/raw/barretenberg-webauthn.json
semantic-parity-v1-20260731,webauthn_closest_analogue__mac_chrome__noir_barretenberg__warmup__0,2026-07-31T00:00:00Z,macbook_m4,MacBook Pro M4 Max,macOS 26.5.2 (25F84),arm64,browser_wasm,Google Chrome 151.0.7922.72 headless,webauthn,webauthn_closest_analogue,85aeeef539961cae5a63de794997b507a5975717,noir_barretenberg,noir,barretenberg-ultrahonk-wasm-single-thread,,warmup,0,ok,,,13841.28,,13841.28,1060.0625,16000,74003114,74003114,74003114,,legacy-unpinned,13044531f0f38e02ed19fcbd9b26202b8ba5a962,"{""@aztec/bb.js"":""4.2.0-aztecnr-rc.2"",""@noir-lang/noir_js"":""1.0.0-beta.19""}","{""circuit_sha256"":""a03bfbef1b8b0ddb446d760307402d139bc0f8d8d499344297b2466dc0e6d6ec"",""witness_sha256"":""4b62089fd9867fc490a0c88be3983cf75e823c5527b501511e301e5caef03484"",""source_artifact_sha256"":""b6d8dc8a9f3527c478e336310035bec73d6da7f74e87d8e05d46312f43f597ab""}",,"Closest analogue, not semantically equivalent: Noir binds challenge, client-data type, origin, RP-ID hash, UP/UV flags, and public key; privacy-ethereum/webauthn-circom omits several of those bindings. Historical note verbatim: Closest available counterpart only; proof statements and implementation details are not equivalent. Payload correction from raw evidence: 2,691,859-byte circuit + 7,831-byte input + 71,303,424-byte consumed CRS = 74,003,114 bytes. Legacy row metadata normalized for the V1 replacement CSV. Legacy row metadata normalized for the V1 replacement CSV. Legacy row metadata normalized for the V1 replacement CSV.",,,/Users/dcbuilder/Code/world/.worktrees/provekit-v1-cross-device-campaign/target/v1-benchmarks/reproduction/mac-chrome-proof-metrics/raw/barretenberg-webauthn.json
semantic-parity-v1-20260731,webauthn_closest_analogue__mac_chrome__provekit_v1__sample-1,2026-07-31T00:00:00Z,macbook_m4,MacBook Pro M4 Max,macOS 26.5.2 (25F84),arm64,browser_wasm,Google Chrome 151.0.7922.72 (headless),webauthn,webauthn_closest_analogue,85aeeef539961cae5a63de794997b507a5975717,provekit_v1,noir,provekit-v1-branch-9b2a6f3-wasm-single,noir-v1.0.0-beta.11,measured,1,ok,,,10961.985000014305,,12176.84500002861,994.953125,971344,2286515,2286515,2286515,,provekit-v1-core-9b2a6f3-noir-beta.11,9b2a6f37c67691eab4b0cec6c35e35c520e93285,"{""provekit_core"":""9b2a6f37c67691eab4b0cec6c35e35c520e93285"",""noir"":""1.0.0-beta.11"",""mobench"":""0.1.48"",""campaign_harness"":""7de99e9e001d06797c9770684afea20f096d1ac3""}","{""evidence"":""183f9f4b0176c1e03f1c63c8f800e01159aef9b6c1a7b8db60b03ae8d6f97dc2"",""payload"":{""webauthn_assertion.pkp"":""0e43f923ae67fd12f4841bb4be28349ee371c029d6355c5cce467996da63ee7f"",""webauthn_assertion.inputs.json"":""aa8d7f8b27ae2f5deeb49c9eddf1fdd0789aa3bcc212d83619beabe1b8d362dc""}}",,"Closest available semantic counterpart; Noir and Circom statements remain non-equivalent where noted by the campaign. ProveKit V1 measurements use the pinned core WASM/C-ABI build, not @worldcoin/provekit npm artifacts. Browser proof_size_bytes is V1 WASM proof-byte serialization; native proof_size_bytes is serialized postcard NoirProof (.np) bytes.",,,evidence/provekit-v1/mac/webauthn.json
semantic-parity-v1-20260731,webauthn_closest_analogue__mac_chrome__provekit_v1__sample-2,2026-07-31T00:00:00Z,macbook_m4,MacBook Pro M4 Max,macOS 26.5.2 (25F84),arm64,browser_wasm,Google Chrome 151.0.7922.72 (headless),webauthn,webauthn_closest_analogue,85aeeef539961cae5a63de794997b507a5975717,provekit_v1,noir,provekit-v1-branch-9b2a6f3-wasm-single,noir-v1.0.0-beta.11,measured,2,ok,,,11004.424999952316,,12212.65499997139,994.953125,969380,2286515,2286515,2286515,,provekit-v1-core-9b2a6f3-noir-beta.11,9b2a6f37c67691eab4b0cec6c35e35c520e93285,"{""provekit_core"":""9b2a6f37c67691eab4b0cec6c35e35c520e93285"",""noir"":""1.0.0-beta.11"",""mobench"":""0.1.48"",""campaign_harness"":""7de99e9e001d06797c9770684afea20f096d1ac3""}","{""evidence"":""183f9f4b0176c1e03f1c63c8f800e01159aef9b6c1a7b8db60b03ae8d6f97dc2"",""payload"":{""webauthn_assertion.pkp"":""0e43f923ae67fd12f4841bb4be28349ee371c029d6355c5cce467996da63ee7f"",""webauthn_assertion.inputs.json"":""aa8d7f8b27ae2f5deeb49c9eddf1fdd0789aa3bcc212d83619beabe1b8d362dc""}}",,"Closest available semantic counterpart; Noir and Circom statements remain non-equivalent where noted by the campaign. ProveKit V1 measurements use the pinned core WASM/C-ABI build, not @worldcoin/provekit npm artifacts. Browser proof_size_bytes is V1 WASM proof-byte serialization; native proof_size_bytes is serialized postcard NoirProof (.np) bytes.",,,evidence/provekit-v1/mac/webauthn.json
semantic-parity-v1-20260731,webauthn_closest_analogue__mac_chrome__provekit_v1__sample-3,2026-07-31T00:00:00Z,macbook_m4,MacBook Pro M4 Max,macOS 26.5.2 (25F84),arm64,browser_wasm,Google Chrome 151.0.7922.72 (headless),webauthn,webauthn_closest_analogue,85aeeef539961cae5a63de794997b507a5975717,provekit_v1,noir,provekit-v1-branch-9b2a6f3-wasm-single,noir-v1.0.0-beta.11,measured,3,ok,,,11021.429999947548,,12247.805000066757,994.953125,972536,2286515,2286515,2286515,,provekit-v1-core-9b2a6f3-noir-beta.11,9b2a6f37c67691eab4b0cec6c35e35c520e93285,"{""provekit_core"":""9b2a6f37c67691eab4b0cec6c35e35c520e93285"",""noir"":""1.0.0-beta.11"",""mobench"":""0.1.48"",""campaign_harness"":""7de99e9e001d06797c9770684afea20f096d1ac3""}","{""evidence"":""183f9f4b0176c1e03f1c63c8f800e01159aef9b6c1a7b8db60b03ae8d6f97dc2"",""payload"":{""webauthn_assertion.pkp"":""0e43f923ae67fd12f4841bb4be28349ee371c029d6355c5cce467996da63ee7f"",""webauthn_assertion.inputs.json"":""aa8d7f8b27ae2f5deeb49c9eddf1fdd0789aa3bcc212d83619beabe1b8d362dc""}}",,"Closest available semantic counterpart; Noir and Circom statements remain non-equivalent where noted by the campaign. ProveKit V1 measurements use the pinned core WASM/C-ABI build, not @worldcoin/provekit npm artifacts. Browser proof_size_bytes is V1 WASM proof-byte serialization; native proof_size_bytes is serialized postcard NoirProof (.np) bytes.",,,evidence/provekit-v1/mac/webauthn.json
semantic-parity-v1-20260731,webauthn_closest_analogue__mac_chrome__provekit_v1__sample-4,2026-07-31T00:00:00Z,macbook_m4,MacBook Pro M4 Max,macOS 26.5.2 (25F84),arm64,browser_wasm,Google Chrome 151.0.7922.72 (headless),webauthn,webauthn_closest_analogue,85aeeef539961cae5a63de794997b507a5975717,provekit_v1,noir,provekit-v1-branch-9b2a6f3-wasm-single,noir-v1.0.0-beta.11,measured,4,ok,,,10999.860000014305,,11981.304999947548,994.953125,972624,2286515,2286515,2286515,,provekit-v1-core-9b2a6f3-noir-beta.11,9b2a6f37c67691eab4b0cec6c35e35c520e93285,"{""provekit_core"":""9b2a6f37c67691eab4b0cec6c35e35c520e93285"",""noir"":""1.0.0-beta.11"",""mobench"":""0.1.48"",""campaign_harness"":""7de99e9e001d06797c9770684afea20f096d1ac3""}","{""evidence"":""183f9f4b0176c1e03f1c63c8f800e01159aef9b6c1a7b8db60b03ae8d6f97dc2"",""payload"":{""webauthn_assertion.pkp"":""0e43f923ae67fd12f4841bb4be28349ee371c029d6355c5cce467996da63ee7f"",""webauthn_assertion.inputs.json"":""aa8d7f8b27ae2f5deeb49c9eddf1fdd0789aa3bcc212d83619beabe1b8d362dc""}}",,"Closest available semantic counterpart; Noir and Circom statements remain non-equivalent where noted by the campaign. ProveKit V1 measurements use the pinned core WASM/C-ABI build, not @worldcoin/provekit npm artifacts. Browser proof_size_bytes is V1 WASM proof-byte serialization; native proof_size_bytes is serialized postcard NoirProof (.np) bytes.",,,evidence/provekit-v1/mac/webauthn.json
semantic-parity-v1-20260731,webauthn_closest_analogue__mac_chrome__provekit_v1__sample-5,2026-07-31T00:00:00Z,macbook_m4,MacBook Pro M4 Max,macOS 26.5.2 (25F84),arm64,browser_wasm,Google Chrome 151.0.7922.72 (headless),webauthn,webauthn_closest_analogue,85aeeef539961cae5a63de794997b507a5975717,provekit_v1,noir,provekit-v1-branch-9b2a6f3-wasm-single,noir-v1.0.0-beta.11,measured,5,ok,,,11013.475000023842,,12236.465000033379,994.953125,972708,2286515,2286515,2286515,,provekit-v1-core-9b2a6f3-noir-beta.11,9b2a6f37c67691eab4b0cec6c35e35c520e93285,"{""provekit_core"":""9b2a6f37c67691eab4b0cec6c35e35c520e93285"",""noir"":""1.0.0-beta.11"",""mobench"":""0.1.48"",""campaign_harness"":""7de99e9e001d06797c9770684afea20f096d1ac3""}","{""evidence"":""183f9f4b0176c1e03f1c63c8f800e01159aef9b6c1a7b8db60b03ae8d6f97dc2"",""payload"":{""webauthn_assertion.pkp"":""0e43f923ae67fd12f4841bb4be28349ee371c029d6355c5cce467996da63ee7f"",""webauthn_assertion.inputs.json"":""aa8d7f8b27ae2f5deeb49c9eddf1fdd0789aa3bcc212d83619beabe1b8d362dc""}}",,"Closest available semantic counterpart; Noir and Circom statements remain non-equivalent where noted by the campaign. ProveKit V1 measurements use the pinned core WASM/C-ABI build, not @worldcoin/provekit npm artifacts. Browser proof_size_bytes is V1 WASM proof-byte serialization; native proof_size_bytes is serialized postcard NoirProof (.np) bytes.",,,evidence/provekit-v1/mac/webauthn.json
semantic-parity-v1-20260731,webauthn_closest_analogue__mac_chrome__provekit_v1__warmup,2026-07-31T00:00:00Z,macbook_m4,MacBook Pro M4 Max,macOS 26.5.2 (25F84),arm64,browser_wasm,Google Chrome 151.0.7922.72 (headless),webauthn,webauthn_closest_analogue,85aeeef539961cae5a63de794997b507a5975717,provekit_v1,noir,provekit-v1-branch-9b2a6f3-wasm-single,noir-v1.0.0-beta.11,warmup,0,ok,,,,,,,,2286515,2286515,2286515,,provekit-v1-core-9b2a6f3-noir-beta.11,9b2a6f37c67691eab4b0cec6c35e35c520e93285,"{""provekit_core"":""9b2a6f37c67691eab4b0cec6c35e35c520e93285"",""noir"":""1.0.0-beta.11"",""mobench"":""0.1.48"",""campaign_harness"":""7de99e9e001d06797c9770684afea20f096d1ac3""}","{""evidence"":""183f9f4b0176c1e03f1c63c8f800e01159aef9b6c1a7b8db60b03ae8d6f97dc2"",""payload"":{""webauthn_assertion.pkp"":""0e43f923ae67fd12f4841bb4be28349ee371c029d6355c5cce467996da63ee7f"",""webauthn_assertion.inputs.json"":""aa8d7f8b27ae2f5deeb49c9eddf1fdd0789aa3bcc212d83619beabe1b8d362dc""}}",,"Closest available semantic counterpart; Noir and Circom statements remain non-equivalent where noted by the campaign. ProveKit V1 measurements use the pinned core WASM/C-ABI build, not @worldcoin/provekit npm artifacts. Browser proof_size_bytes is V1 WASM proof-byte serialization; native proof_size_bytes is serialized postcard NoirProof (.np) bytes.",,,evidence/provekit-v1/mac/webauthn.json
semantic-parity-v1-20260731,oprf_o2__motorola_e15__circom_groth16__measured__1,2026-07-31T00:00:00Z,motorola_e15,moto_e15,Android 14 (API 34),armeabi-v7a,android_native,,oprf,oprf_o2,85aeeef539961cae5a63de794997b507a5975717,circom_groth16,circom,Mopro rust-rapidsnark Groth16 armv7 patch,frozen SnarkJS WTNS,measured,1,ok,,,12069.135693,,12069.135693,139.171875,1779,40639660,40639660,40639660,,legacy-unpinned,legacy-unpinned,"{""rust_rapidsnark"":""0.1.4"",""mopro"":""0.3.7"",""mobench"":""0.1.48""}","{""apk"":""6e9927d9a83bc3433d1de4a20153a76637e6cb576d36864144c0279461204245"",""zkey"":""5c13f036144b3e9767edb51dc28034d3dc8d72d6ca4d66fad2c9655f5b4653dc"",""witness"":""b5c2bf1c167f8fe77cf13bf96db143c21aa19f27f6b7cc9317b255c43d32f568""}",e15-oprf-o2-circom-arkworks-20260731,"Matched semantic profile: World ID Protocol nullifier statement and frozen witness, including the identical public nullifier. Legacy row metadata normalized for the V1 replacement CSV. Legacy row metadata normalized for the V1 replacement CSV. Legacy row metadata normalized for the V1 replacement CSV.",,,/Users/dcbuilder/Code/world/.worktrees/provekit-v1-cross-device-campaign/target/v1-benchmarks/semantic-parity/e15/oprf-o2/circom-rapidsnark-1x5/normalized.json
semantic-parity-v1-20260731,oprf_o2__motorola_e15__circom_groth16__measured__2,2026-07-31T00:00:00Z,motorola_e15,moto_e15,Android 14 (API 34),armeabi-v7a,android_native,,oprf,oprf_o2,85aeeef539961cae5a63de794997b507a5975717,circom_groth16,circom,Mopro rust-rapidsnark Groth16 armv7 patch,frozen SnarkJS WTNS,measured,2,ok,,,11801.705924,,11801.705924,139.171875,1783,40639660,40639660,40639660,,legacy-unpinned,legacy-unpinned,"{""rust_rapidsnark"":""0.1.4"",""mopro"":""0.3.7"",""mobench"":""0.1.48""}","{""apk"":""6e9927d9a83bc3433d1de4a20153a76637e6cb576d36864144c0279461204245"",""zkey"":""5c13f036144b3e9767edb51dc28034d3dc8d72d6ca4d66fad2c9655f5b4653dc"",""witness"":""b5c2bf1c167f8fe77cf13bf96db143c21aa19f27f6b7cc9317b255c43d32f568""}",e15-oprf-o2-circom-arkworks-20260731,"Matched semantic profile: World ID Protocol nullifier statement and frozen witness, including the identical public nullifier. Legacy row metadata normalized for the V1 replacement CSV. Legacy row metadata normalized for the V1 replacement CSV. Legacy row metadata normalized for the V1 replacement CSV.",,,/Users/dcbuilder/Code/world/.worktrees/provekit-v1-cross-device-campaign/target/v1-benchmarks/semantic-parity/e15/oprf-o2/circom-rapidsnark-1x5/normalized.json
semantic-parity-v1-20260731,oprf_o2__motorola_e15__circom_groth16__measured__3,2026-07-31T00:00:00Z,motorola_e15,moto_e15,Android 14 (API 34),armeabi-v7a,android_native,,oprf,oprf_o2,85aeeef539961cae5a63de794997b507a5975717,circom_groth16,circom,Mopro rust-rapidsnark Groth16 armv7 patch,frozen SnarkJS WTNS,measured,3,ok,,,11807.866155,,11807.866155,139.171875,1780,40639660,40639660,40639660,,legacy-unpinned,legacy-unpinned,"{""rust_rapidsnark"":""0.1.4"",""mopro"":""0.3.7"",""mobench"":""0.1.48""}","{""apk"":""6e9927d9a83bc3433d1de4a20153a76637e6cb576d36864144c0279461204245"",""zkey"":""5c13f036144b3e9767edb51dc28034d3dc8d72d6ca4d66fad2c9655f5b4653dc"",""witness"":""b5c2bf1c167f8fe77cf13bf96db143c21aa19f27f6b7cc9317b255c43d32f568""}",e15-oprf-o2-circom-arkworks-20260731,"Matched semantic profile: World ID Protocol nullifier statement and frozen witness, including the identical public nullifier. Legacy row metadata normalized for the V1 replacement CSV. Legacy row metadata normalized for the V1 replacement CSV. Legacy row metadata normalized for the V1 replacement CSV.",,,/Users/dcbuilder/Code/world/.worktrees/provekit-v1-cross-device-campaign/target/v1-benchmarks/semantic-parity/e15/oprf-o2/circom-rapidsnark-1x5/normalized.json
semantic-parity-v1-20260731,oprf_o2__motorola_e15__circom_groth16__measured__4,2026-07-31T00:00:00Z,motorola_e15,moto_e15,Android 14 (API 34),armeabi-v7a,android_native,,oprf,oprf_o2,85aeeef539961cae5a63de794997b507a5975717,circom_groth16,circom,Mopro rust-rapidsnark Groth16 armv7 patch,frozen SnarkJS WTNS,measured,4,ok,,,11780.513231,,11780.513231,139.171875,1782,40639660,40639660,40639660,,legacy-unpinned,legacy-unpinned,"{""rust_rapidsnark"":""0.1.4"",""mopro"":""0.3.7"",""mobench"":""0.1.48""}","{""apk"":""6e9927d9a83bc3433d1de4a20153a76637e6cb576d36864144c0279461204245"",""zkey"":""5c13f036144b3e9767edb51dc28034d3dc8d72d6ca4d66fad2c9655f5b4653dc"",""witness"":""b5c2bf1c167f8fe77cf13bf96db143c21aa19f27f6b7cc9317b255c43d32f568""}",e15-oprf-o2-circom-arkworks-20260731,"Matched semantic profile: World ID Protocol nullifier statement and frozen witness, including the identical public nullifier. Legacy row metadata normalized for the V1 replacement CSV. Legacy row metadata normalized for the V1 replacement CSV. Legacy row metadata normalized for the V1 replacement CSV.",,,/Users/dcbuilder/Code/world/.worktrees/provekit-v1-cross-device-campaign/target/v1-benchmarks/semantic-parity/e15/oprf-o2/circom-rapidsnark-1x5/normalized.json
semantic-parity-v1-20260731,oprf_o2__motorola_e15__circom_groth16__measured__5,2026-07-31T00:00:00Z,motorola_e15,moto_e15,Android 14 (API 34),armeabi-v7a,android_native,,oprf,oprf_o2,85aeeef539961cae5a63de794997b507a5975717,circom_groth16,circom,Mopro rust-rapidsnark Groth16 armv7 patch,frozen SnarkJS WTNS,measured,5,ok,,,11801.808078,,11801.808078,139.171875,1787,40639660,40639660,40639660,,legacy-unpinned,legacy-unpinned,"{""rust_rapidsnark"":""0.1.4"",""mopro"":""0.3.7"",""mobench"":""0.1.48""}","{""apk"":""6e9927d9a83bc3433d1de4a20153a76637e6cb576d36864144c0279461204245"",""zkey"":""5c13f036144b3e9767edb51dc28034d3dc8d72d6ca4d66fad2c9655f5b4653dc"",""witness"":""b5c2bf1c167f8fe77cf13bf96db143c21aa19f27f6b7cc9317b255c43d32f568""}",e15-oprf-o2-circom-arkworks-20260731,"Matched semantic profile: World ID Protocol nullifier statement and frozen witness, including the identical public nullifier. Legacy row metadata normalized for the V1 replacement CSV. Legacy row metadata normalized for the V1 replacement CSV. Legacy row metadata normalized for the V1 replacement CSV.",,,/Users/dcbuilder/Code/world/.worktrees/provekit-v1-cross-device-campaign/target/v1-benchmarks/semantic-parity/e15/oprf-o2/circom-rapidsnark-1x5/normalized.json
semantic-parity-v1-20260731,oprf_o2__motorola_e15__circom_groth16__warmup__0,2026-07-31T00:00:00Z,motorola_e15,moto_e15,Android 14 (API 34),armeabi-v7a,android_native,,oprf,oprf_o2,85aeeef539961cae5a63de794997b507a5975717,circom_groth16,circom,Mopro rust-rapidsnark Groth16 armv7 patch,frozen SnarkJS WTNS,warmup,0,ok,,,11687.240847,,11687.240847,139.171875,1787,40639660,40639660,40639660,,legacy-unpinned,legacy-unpinned,"{""rust_rapidsnark"":""0.1.4"",""mopro"":""0.3.7"",""mobench"":""0.1.48""}","{""apk"":""6e9927d9a83bc3433d1de4a20153a76637e6cb576d36864144c0279461204245"",""zkey"":""5c13f036144b3e9767edb51dc28034d3dc8d72d6ca4d66fad2c9655f5b4653dc"",""witness"":""b5c2bf1c167f8fe77cf13bf96db143c21aa19f27f6b7cc9317b255c43d32f568""}",e15-oprf-o2-circom-arkworks-20260731,"Matched semantic profile: World ID Protocol nullifier statement and frozen witness, including the identical public nullifier. Legacy row metadata normalized for the V1 replacement CSV. Legacy row metadata normalized for the V1 replacement CSV. Legacy row metadata normalized for the V1 replacement CSV.",,,/Users/dcbuilder/Code/world/.worktrees/provekit-v1-cross-device-campaign/target/v1-benchmarks/semantic-parity/e15/oprf-o2/circom-rapidsnark-1x5/normalized.json
semantic-parity-v1-20260731,oprf_o2__motorola_e15__noir_barretenberg__measured__1,2026-07-31T00:00:00Z,motorola_e15,moto_e15,Android 14 (API 34),armeabi-v7a,android_native,,oprf,oprf_o2,85aeeef539961cae5a63de794997b507a5975717,noir_barretenberg,noir,barretenberg-rs 4.2.0-aztecnr-rc.2 with armv7 static library patch,frozen Noir beta.19 WitnessStack,measured,1,ok,,,68194.674081,,68194.674081,341.79296875,16548,12983421,12983421,12983421,,legacy-unpinned,legacy-unpinned,"{""noir"":""1.0.0-beta.19"",""barretenberg_rs"":""4.2.0-aztecnr-rc.2"",""mobench"":""0.1.48""}","{""apk"":""dd2005c7ecf7afa8659baa43abc2492fb5cabd5e3131dfe96a84184678443be3"",""circuit"":""cc49b173395c6c0cea047285cbb69d5caf75903b9df65862c021d48c2a1683ad"",""witness"":""b676121b68b961ae41ea05abac0155ea8dc48587592c75bffa49a91a64c4523a""}",e15-oprf-o2-noir-barretenberg-20260731,"Matched semantic profile: World ID Protocol nullifier statement and frozen witness, including the identical public nullifier. Legacy row metadata normalized for the V1 replacement CSV. Legacy row metadata normalized for the V1 replacement CSV. Legacy row metadata normalized for the V1 replacement CSV.",,,/Users/dcbuilder/Code/world/.worktrees/provekit-v1-cross-device-campaign/target/v1-benchmarks/semantic-parity/e15/oprf-o2/noir-barretenberg/normalized.json
semantic-parity-v1-20260731,oprf_o2__motorola_e15__noir_barretenberg__measured__2,2026-07-31T00:00:00Z,motorola_e15,moto_e15,Android 14 (API 34),armeabi-v7a,android_native,,oprf,oprf_o2,85aeeef539961cae5a63de794997b507a5975717,noir_barretenberg,noir,barretenberg-rs 4.2.0-aztecnr-rc.2 with armv7 static library patch,frozen Noir beta.19 WitnessStack,measured,2,ok,,,68296.910466,,68296.910466,341.79296875,16548,12983421,12983421,12983421,,legacy-unpinned,legacy-unpinned,"{""noir"":""1.0.0-beta.19"",""barretenberg_rs"":""4.2.0-aztecnr-rc.2"",""mobench"":""0.1.48""}","{""apk"":""dd2005c7ecf7afa8659baa43abc2492fb5cabd5e3131dfe96a84184678443be3"",""circuit"":""cc49b173395c6c0cea047285cbb69d5caf75903b9df65862c021d48c2a1683ad"",""witness"":""b676121b68b961ae41ea05abac0155ea8dc48587592c75bffa49a91a64c4523a""}",e15-oprf-o2-noir-barretenberg-20260731,"Matched semantic profile: World ID Protocol nullifier statement and frozen witness, including the identical public nullifier. Legacy row metadata normalized for the V1 replacement CSV. Legacy row metadata normalized for the V1 replacement CSV. Legacy row metadata normalized for the V1 replacement CSV.",,,/Users/dcbuilder/Code/world/.worktrees/provekit-v1-cross-device-campaign/target/v1-benchmarks/semantic-parity/e15/oprf-o2/noir-barretenberg/normalized.json
semantic-parity-v1-20260731,oprf_o2__motorola_e15__noir_barretenberg__measured__3,2026-07-31T00:00:00Z,motorola_e15,moto_e15,Android 14 (API 34),armeabi-v7a,android_native,,oprf,oprf_o2,85aeeef539961cae5a63de794997b507a5975717,noir_barretenberg,noir,barretenberg-rs 4.2.0-aztecnr-rc.2 with armv7 static library patch,frozen Noir beta.19 WitnessStack,measured,3,ok,,,68166.184004,,68166.184004,341.79296875,16548,12983421,12983421,12983421,,legacy-unpinned,legacy-unpinned,"{""noir"":""1.0.0-beta.19"",""barretenberg_rs"":""4.2.0-aztecnr-rc.2"",""mobench"":""0.1.48""}","{""apk"":""dd2005c7ecf7afa8659baa43abc2492fb5cabd5e3131dfe96a84184678443be3"",""circuit"":""cc49b173395c6c0cea047285cbb69d5caf75903b9df65862c021d48c2a1683ad"",""witness"":""b676121b68b961ae41ea05abac0155ea8dc48587592c75bffa49a91a64c4523a""}",e15-oprf-o2-noir-barretenberg-20260731,"Matched semantic profile: World ID Protocol nullifier statement and frozen witness, including the identical public nullifier. Legacy row metadata normalized for the V1 replacement CSV. Legacy row metadata normalized for the V1 replacement CSV. Legacy row metadata normalized for the V1 replacement CSV.",,,/Users/dcbuilder/Code/world/.worktrees/provekit-v1-cross-device-campaign/target/v1-benchmarks/semantic-parity/e15/oprf-o2/noir-barretenberg/normalized.json
semantic-parity-v1-20260731,oprf_o2__motorola_e15__noir_barretenberg__measured__4,2026-07-31T00:00:00Z,motorola_e15,moto_e15,Android 14 (API 34),armeabi-v7a,android_native,,oprf,oprf_o2,85aeeef539961cae5a63de794997b507a5975717,noir_barretenberg,noir,barretenberg-rs 4.2.0-aztecnr-rc.2 with armv7 static library patch,frozen Noir beta.19 WitnessStack,measured,4,ok,,,68149.271388,,68149.271388,341.79296875,16548,12983421,12983421,12983421,,legacy-unpinned,legacy-unpinned,"{""noir"":""1.0.0-beta.19"",""barretenberg_rs"":""4.2.0-aztecnr-rc.2"",""mobench"":""0.1.48""}","{""apk"":""dd2005c7ecf7afa8659baa43abc2492fb5cabd5e3131dfe96a84184678443be3"",""circuit"":""cc49b173395c6c0cea047285cbb69d5caf75903b9df65862c021d48c2a1683ad"",""witness"":""b676121b68b961ae41ea05abac0155ea8dc48587592c75bffa49a91a64c4523a""}",e15-oprf-o2-noir-barretenberg-20260731,"Matched semantic profile: World ID Protocol nullifier statement and frozen witness, including the identical public nullifier. Legacy row metadata normalized for the V1 replacement CSV. Legacy row metadata normalized for the V1 replacement CSV. Legacy row metadata normalized for the V1 replacement CSV.",,,/Users/dcbuilder/Code/world/.worktrees/provekit-v1-cross-device-campaign/target/v1-benchmarks/semantic-parity/e15/oprf-o2/noir-barretenberg/normalized.json
semantic-parity-v1-20260731,oprf_o2__motorola_e15__noir_barretenberg__measured__5,2026-07-31T00:00:00Z,motorola_e15,moto_e15,Android 14 (API 34),armeabi-v7a,android_native,,oprf,oprf_o2,85aeeef539961cae5a63de794997b507a5975717,noir_barretenberg,noir,barretenberg-rs 4.2.0-aztecnr-rc.2 with armv7 static library patch,frozen Noir beta.19 WitnessStack,measured,5,ok,,,68230.10185,,68230.10185,341.79296875,16548,12983421,12983421,12983421,,legacy-unpinned,legacy-unpinned,"{""noir"":""1.0.0-beta.19"",""barretenberg_rs"":""4.2.0-aztecnr-rc.2"",""mobench"":""0.1.48""}","{""apk"":""dd2005c7ecf7afa8659baa43abc2492fb5cabd5e3131dfe96a84184678443be3"",""circuit"":""cc49b173395c6c0cea047285cbb69d5caf75903b9df65862c021d48c2a1683ad"",""witness"":""b676121b68b961ae41ea05abac0155ea8dc48587592c75bffa49a91a64c4523a""}",e15-oprf-o2-noir-barretenberg-20260731,"Matched semantic profile: World ID Protocol nullifier statement and frozen witness, including the identical public nullifier. Legacy row metadata normalized for the V1 replacement CSV. Legacy row metadata normalized for the V1 replacement CSV. Legacy row metadata normalized for the V1 replacement CSV.",,,/Users/dcbuilder/Code/world/.worktrees/provekit-v1-cross-device-campaign/target/v1-benchmarks/semantic-parity/e15/oprf-o2/noir-barretenberg/normalized.json
semantic-parity-v1-20260731,oprf_o2__motorola_e15__noir_barretenberg__warmup__0,2026-07-31T00:00:00Z,motorola_e15,moto_e15,Android 14 (API 34),armeabi-v7a,android_native,,oprf,oprf_o2,85aeeef539961cae5a63de794997b507a5975717,noir_barretenberg,noir,barretenberg-rs 4.2.0-aztecnr-rc.2 with armv7 static library patch,frozen Noir beta.19 WitnessStack,warmup,0,ok,,,68217.393158,,68217.393158,341.79296875,16548,12983421,12983421,12983421,,legacy-unpinned,legacy-unpinned,"{""noir"":""1.0.0-beta.19"",""barretenberg_rs"":""4.2.0-aztecnr-rc.2"",""mobench"":""0.1.48""}","{""apk"":""dd2005c7ecf7afa8659baa43abc2492fb5cabd5e3131dfe96a84184678443be3"",""circuit"":""cc49b173395c6c0cea047285cbb69d5caf75903b9df65862c021d48c2a1683ad"",""witness"":""b676121b68b961ae41ea05abac0155ea8dc48587592c75bffa49a91a64c4523a""}",e15-oprf-o2-noir-barretenberg-20260731,"Matched semantic profile: World ID Protocol nullifier statement and frozen witness, including the identical public nullifier. Legacy row metadata normalized for the V1 replacement CSV. Legacy row metadata normalized for the V1 replacement CSV. Legacy row metadata normalized for the V1 replacement CSV.",,,/Users/dcbuilder/Code/world/.worktrees/provekit-v1-cross-device-campaign/target/v1-benchmarks/semantic-parity/e15/oprf-o2/noir-barretenberg/normalized.json
semantic-parity-v1-20260731,oprf_o2__motorola_e15__provekit_v1__sample-1,2026-07-31T00:00:00Z,motorola_e15,moto e15,Android 14,armeabi-v7a,android_native,,oprf,oprf_o2,fd37726215b59d3d4823ea7b1967b1da3525ed9d,provekit_v1,noir,provekit-v1-whir-native,noir-v1.0.0-beta.11,measured,1,ok,,,12543.679693,,12557.585617,177.3359375,630215,1644193,1644193,1644193,,provekit-v1-core-9b2a6f3-noir-beta.11,9b2a6f37c67691eab4b0cec6c35e35c520e93285,"{""provekit_core"":""9b2a6f37c67691eab4b0cec6c35e35c520e93285"",""noir"":""1.0.0-beta.11"",""mobench"":""0.1.48"",""campaign_harness"":""7de99e9e001d06797c9770684afea20f096d1ac3""}","{""evidence"":""bcd52f8091121664d3538bfec853d421b49be1d0dd80e069c1a5f520780948d0"",""payload"":{""oprf.pkp+frozen-input"":""0a87a592e96b6e116b36f69e6fd8d2a0a5952e27f9c872c8d18d73642b4ec64c"",""oprf.Prover.toml"":""afd85db335ebdcd794dac895b1889cb40cae3d17ff52cb050b4204fb4c6d0797""}}",,"Closest available semantic counterpart; Noir and Circom statements remain non-equivalent where noted by the campaign. ProveKit V1 measurements use the pinned core WASM/C-ABI build, not @worldcoin/provekit npm artifacts. Browser proof_size_bytes is V1 WASM proof-byte serialization; native proof_size_bytes is serialized postcard NoirProof (.np) bytes.",,,evidence/provekit-v1/e15/oprf.json
semantic-parity-v1-20260731,oprf_o2__motorola_e15__provekit_v1__sample-2,2026-07-31T00:00:00Z,motorola_e15,moto e15,Android 14,armeabi-v7a,android_native,,oprf,oprf_o2,fd37726215b59d3d4823ea7b1967b1da3525ed9d,provekit_v1,noir,provekit-v1-whir-native,noir-v1.0.0-beta.11,measured,2,ok,,,12597.403693,,12603.97777,178.11328125,633812,1644193,1644193,1644193,,provekit-v1-core-9b2a6f3-noir-beta.11,9b2a6f37c67691eab4b0cec6c35e35c520e93285,"{""provekit_core"":""9b2a6f37c67691eab4b0cec6c35e35c520e93285"",""noir"":""1.0.0-beta.11"",""mobench"":""0.1.48"",""campaign_harness"":""7de99e9e001d06797c9770684afea20f096d1ac3""}","{""evidence"":""bcd52f8091121664d3538bfec853d421b49be1d0dd80e069c1a5f520780948d0"",""payload"":{""oprf.pkp+frozen-input"":""0a87a592e96b6e116b36f69e6fd8d2a0a5952e27f9c872c8d18d73642b4ec64c"",""oprf.Prover.toml"":""afd85db335ebdcd794dac895b1889cb40cae3d17ff52cb050b4204fb4c6d0797""}}",,"Closest available semantic counterpart; Noir and Circom statements remain non-equivalent where noted by the campaign. ProveKit V1 measurements use the pinned core WASM/C-ABI build, not @worldcoin/provekit npm artifacts. Browser proof_size_bytes is V1 WASM proof-byte serialization; native proof_size_bytes is serialized postcard NoirProof (.np) bytes.",,,evidence/provekit-v1/e15/oprf.json
semantic-parity-v1-20260731,oprf_o2__motorola_e15__provekit_v1__sample-3,2026-07-31T00:00:00Z,motorola_e15,moto e15,Android 14,armeabi-v7a,android_native,,oprf,oprf_o2,fd37726215b59d3d4823ea7b1967b1da3525ed9d,provekit_v1,noir,provekit-v1-whir-native,noir-v1.0.0-beta.11,measured,3,ok,,,12544.003385,,12555.643924,179.6328125,625574,1644193,1644193,1644193,,provekit-v1-core-9b2a6f3-noir-beta.11,9b2a6f37c67691eab4b0cec6c35e35c520e93285,"{""provekit_core"":""9b2a6f37c67691eab4b0cec6c35e35c520e93285"",""noir"":""1.0.0-beta.11"",""mobench"":""0.1.48"",""campaign_harness"":""7de99e9e001d06797c9770684afea20f096d1ac3""}","{""evidence"":""bcd52f8091121664d3538bfec853d421b49be1d0dd80e069c1a5f520780948d0"",""payload"":{""oprf.pkp+frozen-input"":""0a87a592e96b6e116b36f69e6fd8d2a0a5952e27f9c872c8d18d73642b4ec64c"",""oprf.Prover.toml"":""afd85db335ebdcd794dac895b1889cb40cae3d17ff52cb050b4204fb4c6d0797""}}",,"Closest available semantic counterpart; Noir and Circom statements remain non-equivalent where noted by the campaign. ProveKit V1 measurements use the pinned core WASM/C-ABI build, not @worldcoin/provekit npm artifacts. Browser proof_size_bytes is V1 WASM proof-byte serialization; native proof_size_bytes is serialized postcard NoirProof (.np) bytes.",,,evidence/provekit-v1/e15/oprf.json
semantic-parity-v1-20260731,oprf_o2__motorola_e15__provekit_v1__sample-4,2026-07-31T00:00:00Z,motorola_e15,moto e15,Android 14,armeabi-v7a,android_native,,oprf,oprf_o2,fd37726215b59d3d4823ea7b1967b1da3525ed9d,provekit_v1,noir,provekit-v1-whir-native,noir-v1.0.0-beta.11,measured,4,ok,,,12564.926462,,12571.77477,177.9140625,634804,1644193,1644193,1644193,,provekit-v1-core-9b2a6f3-noir-beta.11,9b2a6f37c67691eab4b0cec6c35e35c520e93285,"{""provekit_core"":""9b2a6f37c67691eab4b0cec6c35e35c520e93285"",""noir"":""1.0.0-beta.11"",""mobench"":""0.1.48"",""campaign_harness"":""7de99e9e001d06797c9770684afea20f096d1ac3""}","{""evidence"":""bcd52f8091121664d3538bfec853d421b49be1d0dd80e069c1a5f520780948d0"",""payload"":{""oprf.pkp+frozen-input"":""0a87a592e96b6e116b36f69e6fd8d2a0a5952e27f9c872c8d18d73642b4ec64c"",""oprf.Prover.toml"":""afd85db335ebdcd794dac895b1889cb40cae3d17ff52cb050b4204fb4c6d0797""}}",,"Closest available semantic counterpart; Noir and Circom statements remain non-equivalent where noted by the campaign. ProveKit V1 measurements use the pinned core WASM/C-ABI build, not @worldcoin/provekit npm artifacts. Browser proof_size_bytes is V1 WASM proof-byte serialization; native proof_size_bytes is serialized postcard NoirProof (.np) bytes.",,,evidence/provekit-v1/e15/oprf.json
semantic-parity-v1-20260731,oprf_o2__motorola_e15__provekit_v1__sample-5,2026-07-31T00:00:00Z,motorola_e15,moto e15,Android 14,armeabi-v7a,android_native,,oprf,oprf_o2,fd37726215b59d3d4823ea7b1967b1da3525ed9d,provekit_v1,noir,provekit-v1-whir-native,noir-v1.0.0-beta.11,measured,5,ok,,,12589.059693,,12596.926232,178.7890625,632628,1644193,1644193,1644193,,provekit-v1-core-9b2a6f3-noir-beta.11,9b2a6f37c67691eab4b0cec6c35e35c520e93285,"{""provekit_core"":""9b2a6f37c67691eab4b0cec6c35e35c520e93285"",""noir"":""1.0.0-beta.11"",""mobench"":""0.1.48"",""campaign_harness"":""7de99e9e001d06797c9770684afea20f096d1ac3""}","{""evidence"":""bcd52f8091121664d3538bfec853d421b49be1d0dd80e069c1a5f520780948d0"",""payload"":{""oprf.pkp+frozen-input"":""0a87a592e96b6e116b36f69e6fd8d2a0a5952e27f9c872c8d18d73642b4ec64c"",""oprf.Prover.toml"":""afd85db335ebdcd794dac895b1889cb40cae3d17ff52cb050b4204fb4c6d0797""}}",,"Closest available semantic counterpart; Noir and Circom statements remain non-equivalent where noted by the campaign. ProveKit V1 measurements use the pinned core WASM/C-ABI build, not @worldcoin/provekit npm artifacts. Browser proof_size_bytes is V1 WASM proof-byte serialization; native proof_size_bytes is serialized postcard NoirProof (.np) bytes.",,,evidence/provekit-v1/e15/oprf.json
semantic-parity-v1-20260731,oprf_o2__motorola_e15__provekit_v1__warmup,2026-07-31T00:00:00Z,motorola_e15,moto e15,Android 14,armeabi-v7a,android_native,,oprf,oprf_o2,fd37726215b59d3d4823ea7b1967b1da3525ed9d,provekit_v1,noir,provekit-v1-whir-native,noir-v1.0.0-beta.11,warmup,0,ok,,,,,,,,1644193,1644193,1644193,,provekit-v1-core-9b2a6f3-noir-beta.11,9b2a6f37c67691eab4b0cec6c35e35c520e93285,"{""provekit_core"":""9b2a6f37c67691eab4b0cec6c35e35c520e93285"",""noir"":""1.0.0-beta.11"",""mobench"":""0.1.48"",""campaign_harness"":""7de99e9e001d06797c9770684afea20f096d1ac3""}","{""evidence"":""bcd52f8091121664d3538bfec853d421b49be1d0dd80e069c1a5f520780948d0"",""payload"":{""oprf.pkp+frozen-input"":""0a87a592e96b6e116b36f69e6fd8d2a0a5952e27f9c872c8d18d73642b4ec64c"",""oprf.Prover.toml"":""afd85db335ebdcd794dac895b1889cb40cae3d17ff52cb050b4204fb4c6d0797""}}",,"Closest available semantic counterpart; Noir and Circom statements remain non-equivalent where noted by the campaign. ProveKit V1 measurements use the pinned core WASM/C-ABI build, not @worldcoin/provekit npm artifacts. Browser proof_size_bytes is V1 WASM proof-byte serialization; native proof_size_bytes is serialized postcard NoirProof (.np) bytes.",,,evidence/provekit-v1/e15/oprf.json
semantic-parity-v1-20260731,passport_p1__motorola_e15__circom_groth16__measured__1,2026-07-31T00:00:00Z,motorola_e15,moto_e15,Android 14 (API 34),armeabi-v7a,android_native,,passport,passport_p1,15b167e3543a9dff1dbb16fcf71a45fe4625cf9e,circom_groth16,circom,Mopro rust-rapidsnark Groth16 armv7 patch,frozen SnarkJS WTNS,measured,1,ok,,,54364.144926,,54364.144926,649.9453125,1035,529101612,529101612,529101612,978536,legacy-unpinned,7de99e9e001d06797c9770684afea20f096d1ac3,"{""rust_rapidsnark"":""0.1.4"",""mopro"":""0.3.7"",""mobench"":""0.1.48""}","{""apk"":""609c94c6423d0a8854819084304a0b5f19f110beb9c4841b0800d8d9aa98a8ac"",""zkey"":""75de3f63996cd69f63de091029aace20c90f4dbbcaf47603af015e74884f721c"",""witness"":""0754ae5733f6e3a4bf4baaf87b732cb57d5e633e671517f14ab05d19602cf3cd""}",e15-passport-p1-circom-rapidsnark-attempt-2-20260731,"Matched semantic profile: monolithic RSA-4096 passport integrity, Self registry authorization, DG1 validity, and asserted minimum-age proof. Legacy row metadata normalized for the V1 replacement CSV. Legacy row metadata normalized for the V1 replacement CSV. Legacy row metadata normalized for the V1 replacement CSV.",,,/Users/dcbuilder/Code/world/.worktrees/provekit-v1-cross-device-campaign/target/v1-benchmarks/semantic-parity/e15/passport-p1/circom-rapidsnark-attempt-2/normalized.json
semantic-parity-v1-20260731,passport_p1__motorola_e15__circom_groth16__measured__2,2026-07-31T00:00:00Z,motorola_e15,moto_e15,Android 14 (API 34),armeabi-v7a,android_native,,passport,passport_p1,15b167e3543a9dff1dbb16fcf71a45fe4625cf9e,circom_groth16,circom,Mopro rust-rapidsnark Groth16 armv7 patch,frozen SnarkJS WTNS,measured,2,ok,,,53063.890772,,53063.890772,649.9453125,1042,529101612,529101612,529101612,978536,legacy-unpinned,7de99e9e001d06797c9770684afea20f096d1ac3,"{""rust_rapidsnark"":""0.1.4"",""mopro"":""0.3.7"",""mobench"":""0.1.48""}","{""apk"":""609c94c6423d0a8854819084304a0b5f19f110beb9c4841b0800d8d9aa98a8ac"",""zkey"":""75de3f63996cd69f63de091029aace20c90f4dbbcaf47603af015e74884f721c"",""witness"":""0754ae5733f6e3a4bf4baaf87b732cb57d5e633e671517f14ab05d19602cf3cd""}",e15-passport-p1-circom-rapidsnark-attempt-2-20260731,"Matched semantic profile: monolithic RSA-4096 passport integrity, Self registry authorization, DG1 validity, and asserted minimum-age proof. Legacy row metadata normalized for the V1 replacement CSV. Legacy row metadata normalized for the V1 replacement CSV. Legacy row metadata normalized for the V1 replacement CSV.",,,/Users/dcbuilder/Code/world/.worktrees/provekit-v1-cross-device-campaign/target/v1-benchmarks/semantic-parity/e15/passport-p1/circom-rapidsnark-attempt-2/normalized.json
semantic-parity-v1-20260731,passport_p1__motorola_e15__circom_groth16__measured__3,2026-07-31T00:00:00Z,motorola_e15,moto_e15,Android 14 (API 34),armeabi-v7a,android_native,,passport,passport_p1,15b167e3543a9dff1dbb16fcf71a45fe4625cf9e,circom_groth16,circom,Mopro rust-rapidsnark Groth16 armv7 patch,frozen SnarkJS WTNS,measured,3,ok,,,52415.240926,,52415.240926,649.9453125,1031,529101612,529101612,529101612,978536,legacy-unpinned,7de99e9e001d06797c9770684afea20f096d1ac3,"{""rust_rapidsnark"":""0.1.4"",""mopro"":""0.3.7"",""mobench"":""0.1.48""}","{""apk"":""609c94c6423d0a8854819084304a0b5f19f110beb9c4841b0800d8d9aa98a8ac"",""zkey"":""75de3f63996cd69f63de091029aace20c90f4dbbcaf47603af015e74884f721c"",""witness"":""0754ae5733f6e3a4bf4baaf87b732cb57d5e633e671517f14ab05d19602cf3cd""}",e15-passport-p1-circom-rapidsnark-attempt-2-20260731,"Matched semantic profile: monolithic RSA-4096 passport integrity, Self registry authorization, DG1 validity, and asserted minimum-age proof. Legacy row metadata normalized for the V1 replacement CSV. Legacy row metadata normalized for the V1 replacement CSV. Legacy row metadata normalized for the V1 replacement CSV.",,,/Users/dcbuilder/Code/world/.worktrees/provekit-v1-cross-device-campaign/target/v1-benchmarks/semantic-parity/e15/passport-p1/circom-rapidsnark-attempt-2/normalized.json
semantic-parity-v1-20260731,passport_p1__motorola_e15__circom_groth16__measured__4,2026-07-31T00:00:00Z,motorola_e15,moto_e15,Android 14 (API 34),armeabi-v7a,android_native,,passport,passport_p1,15b167e3543a9dff1dbb16fcf71a45fe4625cf9e,circom_groth16,circom,Mopro rust-rapidsnark Groth16 armv7 patch,frozen SnarkJS WTNS,measured,4,ok,,,52052.795388,,52052.795388,649.9453125,1045,529101612,529101612,529101612,978536,legacy-unpinned,7de99e9e001d06797c9770684afea20f096d1ac3,"{""rust_rapidsnark"":""0.1.4"",""mopro"":""0.3.7"",""mobench"":""0.1.48""}","{""apk"":""609c94c6423d0a8854819084304a0b5f19f110beb9c4841b0800d8d9aa98a8ac"",""zkey"":""75de3f63996cd69f63de091029aace20c90f4dbbcaf47603af015e74884f721c"",""witness"":""0754ae5733f6e3a4bf4baaf87b732cb57d5e633e671517f14ab05d19602cf3cd""}",e15-passport-p1-circom-rapidsnark-attempt-2-20260731,"Matched semantic profile: monolithic RSA-4096 passport integrity, Self registry authorization, DG1 validity, and asserted minimum-age proof. Legacy row metadata normalized for the V1 replacement CSV. Legacy row metadata normalized for the V1 replacement CSV. Legacy row metadata normalized for the V1 replacement CSV.",,,/Users/dcbuilder/Code/world/.worktrees/provekit-v1-cross-device-campaign/target/v1-benchmarks/semantic-parity/e15/passport-p1/circom-rapidsnark-attempt-2/normalized.json
semantic-parity-v1-20260731,passport_p1__motorola_e15__circom_groth16__measured__5,2026-07-31T00:00:00Z,motorola_e15,moto_e15,Android 14 (API 34),armeabi-v7a,android_native,,passport,passport_p1,15b167e3543a9dff1dbb16fcf71a45fe4625cf9e,circom_groth16,circom,Mopro rust-rapidsnark Groth16 armv7 patch,frozen SnarkJS WTNS,measured,5,ok,,,53365.323388,,53365.323388,649.9453125,1035,529101612,529101612,529101612,978536,legacy-unpinned,7de99e9e001d06797c9770684afea20f096d1ac3,"{""rust_rapidsnark"":""0.1.4"",""mopro"":""0.3.7"",""mobench"":""0.1.48""}","{""apk"":""609c94c6423d0a8854819084304a0b5f19f110beb9c4841b0800d8d9aa98a8ac"",""zkey"":""75de3f63996cd69f63de091029aace20c90f4dbbcaf47603af015e74884f721c"",""witness"":""0754ae5733f6e3a4bf4baaf87b732cb57d5e633e671517f14ab05d19602cf3cd""}",e15-passport-p1-circom-rapidsnark-attempt-2-20260731,"Matched semantic profile: monolithic RSA-4096 passport integrity, Self registry authorization, DG1 validity, and asserted minimum-age proof. Legacy row metadata normalized for the V1 replacement CSV. Legacy row metadata normalized for the V1 replacement CSV. Legacy row metadata normalized for the V1 replacement CSV.",,,/Users/dcbuilder/Code/world/.worktrees/provekit-v1-cross-device-campaign/target/v1-benchmarks/semantic-parity/e15/passport-p1/circom-rapidsnark-attempt-2/normalized.json
semantic-parity-v1-20260731,passport_p1__motorola_e15__circom_groth16__warmup__0,2026-07-31T00:00:00Z,motorola_e15,moto_e15,Android 14 (API 34),armeabi-v7a,android_native,,passport,passport_p1,15b167e3543a9dff1dbb16fcf71a45fe4625cf9e,circom_groth16,circom,Mopro rust-rapidsnark Groth16 armv7 patch,frozen SnarkJS WTNS,warmup,0,ok,,,54632.631157,,54632.631157,649.9453125,1041,529101612,529101612,529101612,978536,legacy-unpinned,7de99e9e001d06797c9770684afea20f096d1ac3,"{""rust_rapidsnark"":""0.1.4"",""mopro"":""0.3.7"",""mobench"":""0.1.48""}","{""apk"":""609c94c6423d0a8854819084304a0b5f19f110beb9c4841b0800d8d9aa98a8ac"",""zkey"":""75de3f63996cd69f63de091029aace20c90f4dbbcaf47603af015e74884f721c"",""witness"":""0754ae5733f6e3a4bf4baaf87b732cb57d5e633e671517f14ab05d19602cf3cd""}",e15-passport-p1-circom-rapidsnark-attempt-2-20260731,"Matched semantic profile: monolithic RSA-4096 passport integrity, Self registry authorization, DG1 validity, and asserted minimum-age proof. Legacy row metadata normalized for the V1 replacement CSV. Legacy row metadata normalized for the V1 replacement CSV. Legacy row metadata normalized for the V1 replacement CSV.",,,/Users/dcbuilder/Code/world/.worktrees/provekit-v1-cross-device-campaign/target/v1-benchmarks/semantic-parity/e15/passport-p1/circom-rapidsnark-attempt-2/normalized.json
semantic-parity-v1-20260731,passport_p1__motorola_e15__noir_barretenberg__measured__1,2026-07-31T00:00:00Z,motorola_e15,moto_e15,Android 14 (API 34),armeabi-v7a,android_native,,passport,passport_p1,15b167e3543a9dff1dbb16fcf71a45fe4625cf9e,noir_barretenberg,noir,barretenberg-rs 4.2.0-aztecnr-rc.2 with armv7 static library patch,frozen Noir beta.19 WitnessStack,measured,1,ok,,,115303.10616,,115303.10616,463.2265625,16324,20480588,20480588,20480588,,legacy-unpinned,7de99e9e001d06797c9770684afea20f096d1ac3,"{""noir"":""1.0.0-beta.19"",""barretenberg_rs"":""4.2.0-aztecnr-rc.2"",""mobench"":""0.1.48""}","{""apk"":""21ce0772f1e2f5a61b618eda6204c9a0099de959488a1f5c32a0d924a27f3577"",""circuit"":""357150b3344a5ae6cbc8cd2304840f29142b9dbab21bbf842e083380aefe9a34"",""witness"":""bd5aaf605f382058693bbb6828d117f79da9c028f8438c0281d1eb944526c726""}",e15-passport-p1-noir-barretenberg-20260731,"Matched semantic profile: monolithic RSA-4096 passport integrity, Self registry authorization, DG1 validity, and asserted minimum-age proof. Legacy row metadata normalized for the V1 replacement CSV. Legacy row metadata normalized for the V1 replacement CSV. Legacy row metadata normalized for the V1 replacement CSV.",,,/Users/dcbuilder/Code/world/.worktrees/provekit-v1-cross-device-campaign/target/v1-benchmarks/semantic-parity/e15/passport-p1/noir-barretenberg/normalized.json
semantic-parity-v1-20260731,passport_p1__motorola_e15__noir_barretenberg__measured__2,2026-07-31T00:00:00Z,motorola_e15,moto_e15,Android 14 (API 34),armeabi-v7a,android_native,,passport,passport_p1,15b167e3543a9dff1dbb16fcf71a45fe4625cf9e,noir_barretenberg,noir,barretenberg-rs 4.2.0-aztecnr-rc.2 with armv7 static library patch,frozen Noir beta.19 WitnessStack,measured,2,ok,,,115272.083776,,115272.083776,463.2265625,16324,20480588,20480588,20480588,,legacy-unpinned,7de99e9e001d06797c9770684afea20f096d1ac3,"{""noir"":""1.0.0-beta.19"",""barretenberg_rs"":""4.2.0-aztecnr-rc.2"",""mobench"":""0.1.48""}","{""apk"":""21ce0772f1e2f5a61b618eda6204c9a0099de959488a1f5c32a0d924a27f3577"",""circuit"":""357150b3344a5ae6cbc8cd2304840f29142b9dbab21bbf842e083380aefe9a34"",""witness"":""bd5aaf605f382058693bbb6828d117f79da9c028f8438c0281d1eb944526c726""}",e15-passport-p1-noir-barretenberg-20260731,"Matched semantic profile: monolithic RSA-4096 passport integrity, Self registry authorization, DG1 validity, and asserted minimum-age proof. Legacy row metadata normalized for the V1 replacement CSV. Legacy row metadata normalized for the V1 replacement CSV. Legacy row metadata normalized for the V1 replacement CSV.",,,/Users/dcbuilder/Code/world/.worktrees/provekit-v1-cross-device-campaign/target/v1-benchmarks/semantic-parity/e15/passport-p1/noir-barretenberg/normalized.json
semantic-parity-v1-20260731,passport_p1__motorola_e15__noir_barretenberg__measured__3,2026-07-31T00:00:00Z,motorola_e15,moto_e15,Android 14 (API 34),armeabi-v7a,android_native,,passport,passport_p1,15b167e3543a9dff1dbb16fcf71a45fe4625cf9e,noir_barretenberg,noir,barretenberg-rs 4.2.0-aztecnr-rc.2 with armv7 static library patch,frozen Noir beta.19 WitnessStack,measured,3,ok,,,115415.368622,,115415.368622,463.2265625,16324,20480588,20480588,20480588,,legacy-unpinned,7de99e9e001d06797c9770684afea20f096d1ac3,"{""noir"":""1.0.0-beta.19"",""barretenberg_rs"":""4.2.0-aztecnr-rc.2"",""mobench"":""0.1.48""}","{""apk"":""21ce0772f1e2f5a61b618eda6204c9a0099de959488a1f5c32a0d924a27f3577"",""circuit"":""357150b3344a5ae6cbc8cd2304840f29142b9dbab21bbf842e083380aefe9a34"",""witness"":""bd5aaf605f382058693bbb6828d117f79da9c028f8438c0281d1eb944526c726""}",e15-passport-p1-noir-barretenberg-20260731,"Matched semantic profile: monolithic RSA-4096 passport integrity, Self registry authorization, DG1 validity, and asserted minimum-age proof. Legacy row metadata normalized for the V1 replacement CSV. Legacy row metadata normalized for the V1 replacement CSV. Legacy row metadata normalized for the V1 replacement CSV.",,,/Users/dcbuilder/Code/world/.worktrees/provekit-v1-cross-device-campaign/target/v1-benchmarks/semantic-parity/e15/passport-p1/noir-barretenberg/normalized.json
semantic-parity-v1-20260731,passport_p1__motorola_e15__noir_barretenberg__measured__4,2026-07-31T00:00:00Z,motorola_e15,moto_e15,Android 14 (API 34),armeabi-v7a,android_native,,passport,passport_p1,15b167e3543a9dff1dbb16fcf71a45fe4625cf9e,noir_barretenberg,noir,barretenberg-rs 4.2.0-aztecnr-rc.2 with armv7 static library patch,frozen Noir beta.19 WitnessStack,measured,4,ok,,,115377.750161,,115377.750161,463.2265625,16324,20480588,20480588,20480588,,legacy-unpinned,7de99e9e001d06797c9770684afea20f096d1ac3,"{""noir"":""1.0.0-beta.19"",""barretenberg_rs"":""4.2.0-aztecnr-rc.2"",""mobench"":""0.1.48""}","{""apk"":""21ce0772f1e2f5a61b618eda6204c9a0099de959488a1f5c32a0d924a27f3577"",""circuit"":""357150b3344a5ae6cbc8cd2304840f29142b9dbab21bbf842e083380aefe9a34"",""witness"":""bd5aaf605f382058693bbb6828d117f79da9c028f8438c0281d1eb944526c726""}",e15-passport-p1-noir-barretenberg-20260731,"Matched semantic profile: monolithic RSA-4096 passport integrity, Self registry authorization, DG1 validity, and asserted minimum-age proof. Legacy row metadata normalized for the V1 replacement CSV. Legacy row metadata normalized for the V1 replacement CSV. Legacy row metadata normalized for the V1 replacement CSV.",,,/Users/dcbuilder/Code/world/.worktrees/provekit-v1-cross-device-campaign/target/v1-benchmarks/semantic-parity/e15/passport-p1/noir-barretenberg/normalized.json
semantic-parity-v1-20260731,passport_p1__motorola_e15__noir_barretenberg__measured__5,2026-07-31T00:00:00Z,motorola_e15,moto_e15,Android 14 (API 34),armeabi-v7a,android_native,,passport,passport_p1,15b167e3543a9dff1dbb16fcf71a45fe4625cf9e,noir_barretenberg,noir,barretenberg-rs 4.2.0-aztecnr-rc.2 with armv7 static library patch,frozen Noir beta.19 WitnessStack,measured,5,ok,,,115282.65816,,115282.65816,463.2265625,16324,20480588,20480588,20480588,,legacy-unpinned,7de99e9e001d06797c9770684afea20f096d1ac3,"{""noir"":""1.0.0-beta.19"",""barretenberg_rs"":""4.2.0-aztecnr-rc.2"",""mobench"":""0.1.48""}","{""apk"":""21ce0772f1e2f5a61b618eda6204c9a0099de959488a1f5c32a0d924a27f3577"",""circuit"":""357150b3344a5ae6cbc8cd2304840f29142b9dbab21bbf842e083380aefe9a34"",""witness"":""bd5aaf605f382058693bbb6828d117f79da9c028f8438c0281d1eb944526c726""}",e15-passport-p1-noir-barretenberg-20260731,"Matched semantic profile: monolithic RSA-4096 passport integrity, Self registry authorization, DG1 validity, and asserted minimum-age proof. Legacy row metadata normalized for the V1 replacement CSV. Legacy row metadata normalized for the V1 replacement CSV. Legacy row metadata normalized for the V1 replacement CSV.",,,/Users/dcbuilder/Code/world/.worktrees/provekit-v1-cross-device-campaign/target/v1-benchmarks/semantic-parity/e15/passport-p1/noir-barretenberg/normalized.json
semantic-parity-v1-20260731,passport_p1__motorola_e15__noir_barretenberg__warmup__0,2026-07-31T00:00:00Z,motorola_e15,moto_e15,Android 14 (API 34),armeabi-v7a,android_native,,passport,passport_p1,15b167e3543a9dff1dbb16fcf71a45fe4625cf9e,noir_barretenberg,noir,barretenberg-rs 4.2.0-aztecnr-rc.2 with armv7 static library patch,frozen Noir beta.19 WitnessStack,warmup,0,ok,,,115028.658083,,115028.658083,463.2265625,16324,20480588,20480588,20480588,,legacy-unpinned,7de99e9e001d06797c9770684afea20f096d1ac3,"{""noir"":""1.0.0-beta.19"",""barretenberg_rs"":""4.2.0-aztecnr-rc.2"",""mobench"":""0.1.48""}","{""apk"":""21ce0772f1e2f5a61b618eda6204c9a0099de959488a1f5c32a0d924a27f3577"",""circuit"":""357150b3344a5ae6cbc8cd2304840f29142b9dbab21bbf842e083380aefe9a34"",""witness"":""bd5aaf605f382058693bbb6828d117f79da9c028f8438c0281d1eb944526c726""}",e15-passport-p1-noir-barretenberg-20260731,"Matched semantic profile: monolithic RSA-4096 passport integrity, Self registry authorization, DG1 validity, and asserted minimum-age proof. Legacy row metadata normalized for the V1 replacement CSV. Legacy row metadata normalized for the V1 replacement CSV. Legacy row metadata normalized for the V1 replacement CSV.",,,/Users/dcbuilder/Code/world/.worktrees/provekit-v1-cross-device-campaign/target/v1-benchmarks/semantic-parity/e15/passport-p1/noir-barretenberg/normalized.json
semantic-parity-v1-20260731,passport_p1__motorola_e15__provekit_v1__sample-1,2026-07-31T00:00:00Z,motorola_e15,moto e15,Android 14,armeabi-v7a,android_native,,passport,passport_p1,9b2a6f37c67691eab4b0cec6c35e35c520e93285,provekit_v1,noir,provekit-v1-whir-native,noir-v1.0.0-beta.11,measured,1,ok,,,71595.260005,,74067.280543,474.59375,715014,2546527,2546527,2546527,,provekit-v1-core-9b2a6f3-noir-beta.11,9b2a6f37c67691eab4b0cec6c35e35c520e93285,"{""provekit_core"":""9b2a6f37c67691eab4b0cec6c35e35c520e93285"",""noir"":""1.0.0-beta.11"",""mobench"":""0.1.48"",""campaign_harness"":""7de99e9e001d06797c9770684afea20f096d1ac3""}","{""evidence"":""42024ba37ff2f339864b6b6390a11ee5a54f2dc9d2a5758ac3775f94699ea484"",""payload"":{""complete_age_check.pkp+frozen-input"":""01c5ac40b916e3efe5b42f947d90f9076300f24c69af78844aff5867a8007526"",""complete_age_check.Prover.toml"":""dd1ff84f238d5d92b8c7de56b4dc6df9c2309e53f7394d4ac35055b3195f7aa1""}}",,"Closest available semantic counterpart; Noir and Circom statements remain non-equivalent where noted by the campaign. ProveKit V1 measurements use the pinned core WASM/C-ABI build, not @worldcoin/provekit npm artifacts. Browser proof_size_bytes is V1 WASM proof-byte serialization; native proof_size_bytes is serialized postcard NoirProof (.np) bytes.",,,evidence/provekit-v1/e15/passport.json
semantic-parity-v1-20260731,passport_p1__motorola_e15__provekit_v1__sample-2,2026-07-31T00:00:00Z,motorola_e15,moto e15,Android 14,armeabi-v7a,android_native,,passport,passport_p1,9b2a6f37c67691eab4b0cec6c35e35c520e93285,provekit_v1,noir,provekit-v1-whir-native,noir-v1.0.0-beta.11,measured,2,ok,,,71563.777927,,74024.937543,474.09765625,716879,2546527,2546527,2546527,,provekit-v1-core-9b2a6f3-noir-beta.11,9b2a6f37c67691eab4b0cec6c35e35c520e93285,"{""provekit_core"":""9b2a6f37c67691eab4b0cec6c35e35c520e93285"",""noir"":""1.0.0-beta.11"",""mobench"":""0.1.48"",""campaign_harness"":""7de99e9e001d06797c9770684afea20f096d1ac3""}","{""evidence"":""42024ba37ff2f339864b6b6390a11ee5a54f2dc9d2a5758ac3775f94699ea484"",""payload"":{""complete_age_check.pkp+frozen-input"":""01c5ac40b916e3efe5b42f947d90f9076300f24c69af78844aff5867a8007526"",""complete_age_check.Prover.toml"":""dd1ff84f238d5d92b8c7de56b4dc6df9c2309e53f7394d4ac35055b3195f7aa1""}}",,"Closest available semantic counterpart; Noir and Circom statements remain non-equivalent where noted by the campaign. ProveKit V1 measurements use the pinned core WASM/C-ABI build, not @worldcoin/provekit npm artifacts. Browser proof_size_bytes is V1 WASM proof-byte serialization; native proof_size_bytes is serialized postcard NoirProof (.np) bytes.",,,evidence/provekit-v1/e15/passport.json
semantic-parity-v1-20260731,passport_p1__motorola_e15__provekit_v1__sample-3,2026-07-31T00:00:00Z,motorola_e15,moto e15,Android 14,armeabi-v7a,android_native,,passport,passport_p1,9b2a6f37c67691eab4b0cec6c35e35c520e93285,provekit_v1,noir,provekit-v1-whir-native,noir-v1.0.0-beta.11,measured,3,ok,,,71543.562389,,74012.293543,475.03515625,715470,2546527,2546527,2546527,,provekit-v1-core-9b2a6f3-noir-beta.11,9b2a6f37c67691eab4b0cec6c35e35c520e93285,"{""provekit_core"":""9b2a6f37c67691eab4b0cec6c35e35c520e93285"",""noir"":""1.0.0-beta.11"",""mobench"":""0.1.48"",""campaign_harness"":""7de99e9e001d06797c9770684afea20f096d1ac3""}","{""evidence"":""42024ba37ff2f339864b6b6390a11ee5a54f2dc9d2a5758ac3775f94699ea484"",""payload"":{""complete_age_check.pkp+frozen-input"":""01c5ac40b916e3efe5b42f947d90f9076300f24c69af78844aff5867a8007526"",""complete_age_check.Prover.toml"":""dd1ff84f238d5d92b8c7de56b4dc6df9c2309e53f7394d4ac35055b3195f7aa1""}}",,"Closest available semantic counterpart; Noir and Circom statements remain non-equivalent where noted by the campaign. ProveKit V1 measurements use the pinned core WASM/C-ABI build, not @worldcoin/provekit npm artifacts. Browser proof_size_bytes is V1 WASM proof-byte serialization; native proof_size_bytes is serialized postcard NoirProof (.np) bytes.",,,evidence/provekit-v1/e15/passport.json
semantic-parity-v1-20260731,passport_p1__motorola_e15__provekit_v1__sample-4,2026-07-31T00:00:00Z,motorola_e15,moto e15,Android 14,armeabi-v7a,android_native,,passport,passport_p1,9b2a6f37c67691eab4b0cec6c35e35c520e93285,provekit_v1,noir,provekit-v1-whir-native,noir-v1.0.0-beta.11,measured,4,ok,,,71627.108927,,74086.977466,474.00390625,714255,2546527,2546527,2546527,,provekit-v1-core-9b2a6f3-noir-beta.11,9b2a6f37c67691eab4b0cec6c35e35c520e93285,"{""provekit_core"":""9b2a6f37c67691eab4b0cec6c35e35c520e93285"",""noir"":""1.0.0-beta.11"",""mobench"":""0.1.48"",""campaign_harness"":""7de99e9e001d06797c9770684afea20f096d1ac3""}","{""evidence"":""42024ba37ff2f339864b6b6390a11ee5a54f2dc9d2a5758ac3775f94699ea484"",""payload"":{""complete_age_check.pkp+frozen-input"":""01c5ac40b916e3efe5b42f947d90f9076300f24c69af78844aff5867a8007526"",""complete_age_check.Prover.toml"":""dd1ff84f238d5d92b8c7de56b4dc6df9c2309e53f7394d4ac35055b3195f7aa1""}}",,"Closest available semantic counterpart; Noir and Circom statements remain non-equivalent where noted by the campaign. ProveKit V1 measurements use the pinned core WASM/C-ABI build, not @worldcoin/provekit npm artifacts. Browser proof_size_bytes is V1 WASM proof-byte serialization; native proof_size_bytes is serialized postcard NoirProof (.np) bytes.",,,evidence/provekit-v1/e15/passport.json
semantic-parity-v1-20260731,passport_p1__motorola_e15__provekit_v1__sample-5,2026-07-31T00:00:00Z,motorola_e15,moto e15,Android 14,armeabi-v7a,android_native,,passport,passport_p1,9b2a6f37c67691eab4b0cec6c35e35c520e93285,provekit_v1,noir,provekit-v1-whir-native,noir-v1.0.0-beta.11,measured,5,ok,,,71639.365235,,74090.311081,473.01953125,714761,2546527,2546527,2546527,,provekit-v1-core-9b2a6f3-noir-beta.11,9b2a6f37c67691eab4b0cec6c35e35c520e93285,"{""provekit_core"":""9b2a6f37c67691eab4b0cec6c35e35c520e93285"",""noir"":""1.0.0-beta.11"",""mobench"":""0.1.48"",""campaign_harness"":""7de99e9e001d06797c9770684afea20f096d1ac3""}","{""evidence"":""42024ba37ff2f339864b6b6390a11ee5a54f2dc9d2a5758ac3775f94699ea484"",""payload"":{""complete_age_check.pkp+frozen-input"":""01c5ac40b916e3efe5b42f947d90f9076300f24c69af78844aff5867a8007526"",""complete_age_check.Prover.toml"":""dd1ff84f238d5d92b8c7de56b4dc6df9c2309e53f7394d4ac35055b3195f7aa1""}}",,"Closest available semantic counterpart; Noir and Circom statements remain non-equivalent where noted by the campaign. ProveKit V1 measurements use the pinned core WASM/C-ABI build, not @worldcoin/provekit npm artifacts. Browser proof_size_bytes is V1 WASM proof-byte serialization; native proof_size_bytes is serialized postcard NoirProof (.np) bytes.",,,evidence/provekit-v1/e15/passport.json
semantic-parity-v1-20260731,passport_p1__motorola_e15__provekit_v1__warmup,2026-07-31T00:00:00Z,motorola_e15,moto e15,Android 14,armeabi-v7a,android_native,,passport,passport_p1,9b2a6f37c67691eab4b0cec6c35e35c520e93285,provekit_v1,noir,provekit-v1-whir-native,noir-v1.0.0-beta.11,warmup,0,ok,,,,,,,,2546527,2546527,2546527,,provekit-v1-core-9b2a6f3-noir-beta.11,9b2a6f37c67691eab4b0cec6c35e35c520e93285,"{""provekit_core"":""9b2a6f37c67691eab4b0cec6c35e35c520e93285"",""noir"":""1.0.0-beta.11"",""mobench"":""0.1.48"",""campaign_harness"":""7de99e9e001d06797c9770684afea20f096d1ac3""}","{""evidence"":""42024ba37ff2f339864b6b6390a11ee5a54f2dc9d2a5758ac3775f94699ea484"",""payload"":{""complete_age_check.pkp+frozen-input"":""01c5ac40b916e3efe5b42f947d90f9076300f24c69af78844aff5867a8007526"",""complete_age_check.Prover.toml"":""dd1ff84f238d5d92b8c7de56b4dc6df9c2309e53f7394d4ac35055b3195f7aa1""}}",,"Closest available semantic counterpart; Noir and Circom statements remain non-equivalent where noted by the campaign. ProveKit V1 measurements use the pinned core WASM/C-ABI build, not @worldcoin/provekit npm artifacts. Browser proof_size_bytes is V1 WASM proof-byte serialization; native proof_size_bytes is serialized postcard NoirProof (.np) bytes.",,,evidence/provekit-v1/e15/passport.json
semantic-parity-v1-20260731,webauthn_closest_analogue__motorola_e15__circom_groth16__measured__1,2026-07-31T00:00:00Z,motorola_e15,moto e15,Android 14,armeabi-v7a,android_native,,webauthn,webauthn_closest_analogue,0fb5b4aa1398281c2fd3dbe14db147e05b61f201,circom_groth16,circom,rapidsnark-groth16-native-armv7,frozen-wtns-witnesscalc-adapter-0.1.7,measured,1,ok,,,850346.968128,,850346.968128,810.6796875,1130,1842364184,1842364184,1842364184,,legacy-unpinned,13044531f0f38e02ed19fcbd9b26202b8ba5a962,"{""mopro"":""0.3.7"",""rust_rapidsnark"":""0.1.4"",""witnesscalc_adapter"":""0.1.7"",""backend"":""rapidsnark""}","{""apk"":""a586d78fc42a77cc0d85602ea679967b188f81bc460a4c5db006cac23c6d49df"",""zkey"":""a5828d55680b65b55a1bb5be0a26f151342e37551537a71d257fe07d9677e94b"",""witness"":""294c8091d87c2dbec8bc8997d0e892b65e81d5f95a14320081dcaefea1a5e0d8"",""verification_key"":""4c83de54945e7987e3072d496d363e2256e767905f99106f84da66330ed42802""}",,"Closest analogue, not semantically equivalent: Noir binds challenge, client-data type, origin, RP-ID hash, UP/UV flags, and public key; privacy-ethereum/webauthn-circom omits several of those bindings. Historical note verbatim: Closest available counterpart only; proof statements and implementation details are not equivalent. Payload correction from raw evidence: 1,733,145,772-byte zkey + 109,218,412-byte frozen witness library = 1,842,364,184 bytes. Legacy row metadata normalized for the V1 replacement CSV. Legacy row metadata normalized for the V1 replacement CSV. Legacy row metadata normalized for the V1 replacement CSV.",,,/Users/dcbuilder/Code/world/.worktrees/provekit-v1-cross-device-campaign/target/v1-benchmarks/reproduction/e15-circom-webauthn-rapidsnark-1x5
semantic-parity-v1-20260731,webauthn_closest_analogue__motorola_e15__circom_groth16__measured__2,2026-07-31T00:00:00Z,motorola_e15,moto e15,Android 14,armeabi-v7a,android_native,,webauthn,webauthn_closest_analogue,0fb5b4aa1398281c2fd3dbe14db147e05b61f201,circom_groth16,circom,rapidsnark-groth16-native-armv7,frozen-wtns-witnesscalc-adapter-0.1.7,measured,2,ok,,,862780.278129,,862780.278129,787.08203125,1127,1842364184,1842364184,1842364184,,legacy-unpinned,13044531f0f38e02ed19fcbd9b26202b8ba5a962,"{""mopro"":""0.3.7"",""rust_rapidsnark"":""0.1.4"",""witnesscalc_adapter"":""0.1.7"",""backend"":""rapidsnark""}","{""apk"":""a586d78fc42a77cc0d85602ea679967b188f81bc460a4c5db006cac23c6d49df"",""zkey"":""a5828d55680b65b55a1bb5be0a26f151342e37551537a71d257fe07d9677e94b"",""witness"":""294c8091d87c2dbec8bc8997d0e892b65e81d5f95a14320081dcaefea1a5e0d8"",""verification_key"":""4c83de54945e7987e3072d496d363e2256e767905f99106f84da66330ed42802""}",,"Closest analogue, not semantically equivalent: Noir binds challenge, client-data type, origin, RP-ID hash, UP/UV flags, and public key; privacy-ethereum/webauthn-circom omits several of those bindings. Historical note verbatim: Closest available counterpart only; proof statements and implementation details are not equivalent. Payload correction from raw evidence: 1,733,145,772-byte zkey + 109,218,412-byte frozen witness library = 1,842,364,184 bytes. Legacy row metadata normalized for the V1 replacement CSV. Legacy row metadata normalized for the V1 replacement CSV. Legacy row metadata normalized for the V1 replacement CSV.",,,/Users/dcbuilder/Code/world/.worktrees/provekit-v1-cross-device-campaign/target/v1-benchmarks/reproduction/e15-circom-webauthn-rapidsnark-1x5
semantic-parity-v1-20260731,webauthn_closest_analogue__motorola_e15__circom_groth16__measured__3,2026-07-31T00:00:00Z,motorola_e15,moto e15,Android 14,armeabi-v7a,android_native,,webauthn,webauthn_closest_analogue,0fb5b4aa1398281c2fd3dbe14db147e05b61f201,circom_groth16,circom,rapidsnark-groth16-native-armv7,frozen-wtns-witnesscalc-adapter-0.1.7,measured,3,ok,,,855096.265358,,855096.265358,708.84765625,1127,1842364184,1842364184,1842364184,,legacy-unpinned,13044531f0f38e02ed19fcbd9b26202b8ba5a962,"{""mopro"":""0.3.7"",""rust_rapidsnark"":""0.1.4"",""witnesscalc_adapter"":""0.1.7"",""backend"":""rapidsnark""}","{""apk"":""a586d78fc42a77cc0d85602ea679967b188f81bc460a4c5db006cac23c6d49df"",""zkey"":""a5828d55680b65b55a1bb5be0a26f151342e37551537a71d257fe07d9677e94b"",""witness"":""294c8091d87c2dbec8bc8997d0e892b65e81d5f95a14320081dcaefea1a5e0d8"",""verification_key"":""4c83de54945e7987e3072d496d363e2256e767905f99106f84da66330ed42802""}",,"Closest analogue, not semantically equivalent: Noir binds challenge, client-data type, origin, RP-ID hash, UP/UV flags, and public key; privacy-ethereum/webauthn-circom omits several of those bindings. Historical note verbatim: Closest available counterpart only; proof statements and implementation details are not equivalent. Payload correction from raw evidence: 1,733,145,772-byte zkey + 109,218,412-byte frozen witness library = 1,842,364,184 bytes. Legacy row metadata normalized for the V1 replacement CSV. Legacy row metadata normalized for the V1 replacement CSV. Legacy row metadata normalized for the V1 replacement CSV.",,,/Users/dcbuilder/Code/world/.worktrees/provekit-v1-cross-device-campaign/target/v1-benchmarks/reproduction/e15-circom-webauthn-rapidsnark-1x5
semantic-parity-v1-20260731,webauthn_closest_analogue__motorola_e15__circom_groth16__measured__4,2026-07-31T00:00:00Z,motorola_e15,moto e15,Android 14,armeabi-v7a,android_native,,webauthn,webauthn_closest_analogue,0fb5b4aa1398281c2fd3dbe14db147e05b61f201,circom_groth16,circom,rapidsnark-groth16-native-armv7,frozen-wtns-witnesscalc-adapter-0.1.7,measured,4,ok,,,854925.975512,,854925.975512,767.01953125,1127,1842364184,1842364184,1842364184,,legacy-unpinned,13044531f0f38e02ed19fcbd9b26202b8ba5a962,"{""mopro"":""0.3.7"",""rust_rapidsnark"":""0.1.4"",""witnesscalc_adapter"":""0.1.7"",""backend"":""rapidsnark""}","{""apk"":""a586d78fc42a77cc0d85602ea679967b188f81bc460a4c5db006cac23c6d49df"",""zkey"":""a5828d55680b65b55a1bb5be0a26f151342e37551537a71d257fe07d9677e94b"",""witness"":""294c8091d87c2dbec8bc8997d0e892b65e81d5f95a14320081dcaefea1a5e0d8"",""verification_key"":""4c83de54945e7987e3072d496d363e2256e767905f99106f84da66330ed42802""}",,"Closest analogue, not semantically equivalent: Noir binds challenge, client-data type, origin, RP-ID hash, UP/UV flags, and public key; privacy-ethereum/webauthn-circom omits several of those bindings. Historical note verbatim: Closest available counterpart only; proof statements and implementation details are not equivalent. Payload correction from raw evidence: 1,733,145,772-byte zkey + 109,218,412-byte frozen witness library = 1,842,364,184 bytes. Legacy row metadata normalized for the V1 replacement CSV. Legacy row metadata normalized for the V1 replacement CSV. Legacy row metadata normalized for the V1 replacement CSV.",,,/Users/dcbuilder/Code/world/.worktrees/provekit-v1-cross-device-campaign/target/v1-benchmarks/reproduction/e15-circom-webauthn-rapidsnark-1x5
semantic-parity-v1-20260731,webauthn_closest_analogue__motorola_e15__circom_groth16__measured__5,2026-07-31T00:00:00Z,motorola_e15,moto e15,Android 14,armeabi-v7a,android_native,,webauthn,webauthn_closest_analogue,0fb5b4aa1398281c2fd3dbe14db147e05b61f201,circom_groth16,circom,rapidsnark-groth16-native-armv7,frozen-wtns-witnesscalc-adapter-0.1.7,measured,5,ok,,,859999.803436,,859999.803436,802.69921875,1131,1842364184,1842364184,1842364184,,legacy-unpinned,13044531f0f38e02ed19fcbd9b26202b8ba5a962,"{""mopro"":""0.3.7"",""rust_rapidsnark"":""0.1.4"",""witnesscalc_adapter"":""0.1.7"",""backend"":""rapidsnark""}","{""apk"":""a586d78fc42a77cc0d85602ea679967b188f81bc460a4c5db006cac23c6d49df"",""zkey"":""a5828d55680b65b55a1bb5be0a26f151342e37551537a71d257fe07d9677e94b"",""witness"":""294c8091d87c2dbec8bc8997d0e892b65e81d5f95a14320081dcaefea1a5e0d8"",""verification_key"":""4c83de54945e7987e3072d496d363e2256e767905f99106f84da66330ed42802""}",,"Closest analogue, not semantically equivalent: Noir binds challenge, client-data type, origin, RP-ID hash, UP/UV flags, and public key; privacy-ethereum/webauthn-circom omits several of those bindings. Historical note verbatim: Closest available counterpart only; proof statements and implementation details are not equivalent. Payload correction from raw evidence: 1,733,145,772-byte zkey + 109,218,412-byte frozen witness library = 1,842,364,184 bytes. Legacy row metadata normalized for the V1 replacement CSV. Legacy row metadata normalized for the V1 replacement CSV. Legacy row metadata normalized for the V1 replacement CSV.",,,/Users/dcbuilder/Code/world/.worktrees/provekit-v1-cross-device-campaign/target/v1-benchmarks/reproduction/e15-circom-webauthn-rapidsnark-1x5
semantic-parity-v1-20260731,webauthn_closest_analogue__motorola_e15__circom_groth16__warmup__0,2026-07-31T00:00:00Z,motorola_e15,moto e15,Android 14,armeabi-v7a,android_native,,webauthn,webauthn_closest_analogue,0fb5b4aa1398281c2fd3dbe14db147e05b61f201,circom_groth16,circom,rapidsnark-groth16-native-armv7,frozen-wtns-witnesscalc-adapter-0.1.7,warmup,0,ok,,,,,,,,1842364184,1842364184,1842364184,,legacy-unpinned,13044531f0f38e02ed19fcbd9b26202b8ba5a962,"{""mopro"":""0.3.7"",""rust_rapidsnark"":""0.1.4"",""witnesscalc_adapter"":""0.1.7"",""backend"":""rapidsnark""}","{""apk"":""a586d78fc42a77cc0d85602ea679967b188f81bc460a4c5db006cac23c6d49df"",""zkey"":""a5828d55680b65b55a1bb5be0a26f151342e37551537a71d257fe07d9677e94b"",""witness"":""294c8091d87c2dbec8bc8997d0e892b65e81d5f95a14320081dcaefea1a5e0d8"",""verification_key"":""4c83de54945e7987e3072d496d363e2256e767905f99106f84da66330ed42802""}",,"Closest analogue, not semantically equivalent: Noir binds challenge, client-data type, origin, RP-ID hash, UP/UV flags, and public key; privacy-ethereum/webauthn-circom omits several of those bindings. Historical note verbatim: Closest available counterpart only; proof statements and implementation details are not equivalent. Payload correction from raw evidence: 1,733,145,772-byte zkey + 109,218,412-byte frozen witness library = 1,842,364,184 bytes. Legacy row metadata normalized for the V1 replacement CSV. Legacy row metadata normalized for the V1 replacement CSV. Legacy row metadata normalized for the V1 replacement CSV.",,,/Users/dcbuilder/Code/world/.worktrees/provekit-v1-cross-device-campaign/target/v1-benchmarks/reproduction/e15-circom-webauthn-rapidsnark-1x5
semantic-parity-v1-20260731,webauthn_closest_analogue__motorola_e15__noir_barretenberg__measured__1,2026-07-31T00:00:00Z,motorola_e15,moto e15,Android 14,armeabi-v7a,android_native,,webauthn,webauthn_closest_analogue,85aeeef539961cae5a63de794997b507a5975717,noir_barretenberg,noir,barretenberg-ultrahonk-native-armv7-file-srs-exact-domain,frozen-noir-witness-stack-beta.19,measured,1,ok,,,107501.417621,,107501.417621,483.88671875,21092,271478529,271478529,271478529,,legacy-unpinned,13044531f0f38e02ed19fcbd9b26202b8ba5a962,"{""mopro"":""0.3.7"",""noir"":""1.0.0-beta.19"",""barretenberg_rs"":""4.2.0-aztecnr-rc.2"",""srs_loading"":""direct-file-exact-verification-key-domain""}","{""apk"":""5c5fd9d9139a8c523f91b9f6b658fff0f10f271acc738b93cc578f0f7d9e653a"",""circuit"":""a03bfbef1b8b0ddb446d760307402d139bc0f8d8d499344297b2466dc0e6d6ec"",""witness"":""4b62089fd9867fc490a0c88be3983cf75e823c5527b501511e301e5caef03484"",""consumed_srs"":""8f5cd75519c2e995fa47aa7ecd7b213b9ae13824bc4b0f15025a63acd8c139eb""}",,"Closest analogue, not semantically equivalent: Noir binds challenge, client-data type, origin, RP-ID hash, UP/UV flags, and public key; privacy-ethereum/webauthn-circom omits several of those bindings. Historical note verbatim: Closest available counterpart only; proof statements and implementation details are not equivalent. Payload correction from native structured evidence: 2,691,859-byte circuit + 351,150-byte frozen witness + 268,435,520-byte SRS = 271,478,529 bytes. Legacy row metadata normalized for the V1 replacement CSV. Legacy row metadata normalized for the V1 replacement CSV. Legacy row metadata normalized for the V1 replacement CSV.",,,/Users/dcbuilder/Code/world/.worktrees/provekit-v1-cross-device-campaign/target/v1-benchmarks/reproduction/e15-noir-webauthn-barretenberg-armv7-exact-domain-1x5
semantic-parity-v1-20260731,webauthn_closest_analogue__motorola_e15__noir_barretenberg__measured__2,2026-07-31T00:00:00Z,motorola_e15,moto e15,Android 14,armeabi-v7a,android_native,,webauthn,webauthn_closest_analogue,85aeeef539961cae5a63de794997b507a5975717,noir_barretenberg,noir,barretenberg-ultrahonk-native-armv7-file-srs-exact-domain,frozen-noir-witness-stack-beta.19,measured,2,ok,,,107456.724698,,107456.724698,483.25,21092,271478529,271478529,271478529,,legacy-unpinned,13044531f0f38e02ed19fcbd9b26202b8ba5a962,"{""mopro"":""0.3.7"",""noir"":""1.0.0-beta.19"",""barretenberg_rs"":""4.2.0-aztecnr-rc.2"",""srs_loading"":""direct-file-exact-verification-key-domain""}","{""apk"":""5c5fd9d9139a8c523f91b9f6b658fff0f10f271acc738b93cc578f0f7d9e653a"",""circuit"":""a03bfbef1b8b0ddb446d760307402d139bc0f8d8d499344297b2466dc0e6d6ec"",""witness"":""4b62089fd9867fc490a0c88be3983cf75e823c5527b501511e301e5caef03484"",""consumed_srs"":""8f5cd75519c2e995fa47aa7ecd7b213b9ae13824bc4b0f15025a63acd8c139eb""}",,"Closest analogue, not semantically equivalent: Noir binds challenge, client-data type, origin, RP-ID hash, UP/UV flags, and public key; privacy-ethereum/webauthn-circom omits several of those bindings. Historical note verbatim: Closest available counterpart only; proof statements and implementation details are not equivalent. Payload correction from native structured evidence: 2,691,859-byte circuit + 351,150-byte frozen witness + 268,435,520-byte SRS = 271,478,529 bytes. Legacy row metadata normalized for the V1 replacement CSV. Legacy row metadata normalized for the V1 replacement CSV. Legacy row metadata normalized for the V1 replacement CSV.",,,/Users/dcbuilder/Code/world/.worktrees/provekit-v1-cross-device-campaign/target/v1-benchmarks/reproduction/e15-noir-webauthn-barretenberg-armv7-exact-domain-1x5
semantic-parity-v1-20260731,webauthn_closest_analogue__motorola_e15__noir_barretenberg__measured__3,2026-07-31T00:00:00Z,motorola_e15,moto e15,Android 14,armeabi-v7a,android_native,,webauthn,webauthn_closest_analogue,85aeeef539961cae5a63de794997b507a5975717,noir_barretenberg,noir,barretenberg-ultrahonk-native-armv7-file-srs-exact-domain,frozen-noir-witness-stack-beta.19,measured,3,ok,,,107258.951083,,107258.951083,480.703125,21092,271478529,271478529,271478529,,legacy-unpinned,13044531f0f38e02ed19fcbd9b26202b8ba5a962,"{""mopro"":""0.3.7"",""noir"":""1.0.0-beta.19"",""barretenberg_rs"":""4.2.0-aztecnr-rc.2"",""srs_loading"":""direct-file-exact-verification-key-domain""}","{""apk"":""5c5fd9d9139a8c523f91b9f6b658fff0f10f271acc738b93cc578f0f7d9e653a"",""circuit"":""a03bfbef1b8b0ddb446d760307402d139bc0f8d8d499344297b2466dc0e6d6ec"",""witness"":""4b62089fd9867fc490a0c88be3983cf75e823c5527b501511e301e5caef03484"",""consumed_srs"":""8f5cd75519c2e995fa47aa7ecd7b213b9ae13824bc4b0f15025a63acd8c139eb""}",,"Closest analogue, not semantically equivalent: Noir binds challenge, client-data type, origin, RP-ID hash, UP/UV flags, and public key; privacy-ethereum/webauthn-circom omits several of those bindings. Historical note verbatim: Closest available counterpart only; proof statements and implementation details are not equivalent. Payload correction from native structured evidence: 2,691,859-byte circuit + 351,150-byte frozen witness + 268,435,520-byte SRS = 271,478,529 bytes. Legacy row metadata normalized for the V1 replacement CSV. Legacy row metadata normalized for the V1 replacement CSV. Legacy row metadata normalized for the V1 replacement CSV.",,,/Users/dcbuilder/Code/world/.worktrees/provekit-v1-cross-device-campaign/target/v1-benchmarks/reproduction/e15-noir-webauthn-barretenberg-armv7-exact-domain-1x5
semantic-parity-v1-20260731,webauthn_closest_analogue__motorola_e15__noir_barretenberg__measured__4,2026-07-31T00:00:00Z,motorola_e15,moto e15,Android 14,armeabi-v7a,android_native,,webauthn,webauthn_closest_analogue,85aeeef539961cae5a63de794997b507a5975717,noir_barretenberg,noir,barretenberg-ultrahonk-native-armv7-file-srs-exact-domain,frozen-noir-witness-stack-beta.19,measured,4,ok,,,107847.259314,,107847.259314,483.6875,21092,271478529,271478529,271478529,,legacy-unpinned,13044531f0f38e02ed19fcbd9b26202b8ba5a962,"{""mopro"":""0.3.7"",""noir"":""1.0.0-beta.19"",""barretenberg_rs"":""4.2.0-aztecnr-rc.2"",""srs_loading"":""direct-file-exact-verification-key-domain""}","{""apk"":""5c5fd9d9139a8c523f91b9f6b658fff0f10f271acc738b93cc578f0f7d9e653a"",""circuit"":""a03bfbef1b8b0ddb446d760307402d139bc0f8d8d499344297b2466dc0e6d6ec"",""witness"":""4b62089fd9867fc490a0c88be3983cf75e823c5527b501511e301e5caef03484"",""consumed_srs"":""8f5cd75519c2e995fa47aa7ecd7b213b9ae13824bc4b0f15025a63acd8c139eb""}",,"Closest analogue, not semantically equivalent: Noir binds challenge, client-data type, origin, RP-ID hash, UP/UV flags, and public key; privacy-ethereum/webauthn-circom omits several of those bindings. Historical note verbatim: Closest available counterpart only; proof statements and implementation details are not equivalent. Payload correction from native structured evidence: 2,691,859-byte circuit + 351,150-byte frozen witness + 268,435,520-byte SRS = 271,478,529 bytes. Legacy row metadata normalized for the V1 replacement CSV. Legacy row metadata normalized for the V1 replacement CSV. Legacy row metadata normalized for the V1 replacement CSV.",,,/Users/dcbuilder/Code/world/.worktrees/provekit-v1-cross-device-campaign/target/v1-benchmarks/reproduction/e15-noir-webauthn-barretenberg-armv7-exact-domain-1x5
semantic-parity-v1-20260731,webauthn_closest_analogue__motorola_e15__noir_barretenberg__measured__5,2026-07-31T00:00:00Z,motorola_e15,moto e15,Android 14,armeabi-v7a,android_native,,webauthn,webauthn_closest_analogue,85aeeef539961cae5a63de794997b507a5975717,noir_barretenberg,noir,barretenberg-ultrahonk-native-armv7-file-srs-exact-domain,frozen-noir-witness-stack-beta.19,measured,5,ok,,,107241.40493,,107241.40493,485.36328125,21092,271478529,271478529,271478529,,legacy-unpinned,13044531f0f38e02ed19fcbd9b26202b8ba5a962,"{""mopro"":""0.3.7"",""noir"":""1.0.0-beta.19"",""barretenberg_rs"":""4.2.0-aztecnr-rc.2"",""srs_loading"":""direct-file-exact-verification-key-domain""}","{""apk"":""5c5fd9d9139a8c523f91b9f6b658fff0f10f271acc738b93cc578f0f7d9e653a"",""circuit"":""a03bfbef1b8b0ddb446d760307402d139bc0f8d8d499344297b2466dc0e6d6ec"",""witness"":""4b62089fd9867fc490a0c88be3983cf75e823c5527b501511e301e5caef03484"",""consumed_srs"":""8f5cd75519c2e995fa47aa7ecd7b213b9ae13824bc4b0f15025a63acd8c139eb""}",,"Closest analogue, not semantically equivalent: Noir binds challenge, client-data type, origin, RP-ID hash, UP/UV flags, and public key; privacy-ethereum/webauthn-circom omits several of those bindings. Historical note verbatim: Closest available counterpart only; proof statements and implementation details are not equivalent. Payload correction from native structured evidence: 2,691,859-byte circuit + 351,150-byte frozen witness + 268,435,520-byte SRS = 271,478,529 bytes. Legacy row metadata normalized for the V1 replacement CSV. Legacy row metadata normalized for the V1 replacement CSV. Legacy row metadata normalized for the V1 replacement CSV.",,,/Users/dcbuilder/Code/world/.worktrees/provekit-v1-cross-device-campaign/target/v1-benchmarks/reproduction/e15-noir-webauthn-barretenberg-armv7-exact-domain-1x5
semantic-parity-v1-20260731,webauthn_closest_analogue__motorola_e15__noir_barretenberg__warmup__0,2026-07-31T00:00:00Z,motorola_e15,moto e15,Android 14,armeabi-v7a,android_native,,webauthn,webauthn_closest_analogue,85aeeef539961cae5a63de794997b507a5975717,noir_barretenberg,noir,barretenberg-ultrahonk-native-armv7-file-srs-exact-domain,frozen-noir-witness-stack-beta.19,warmup,0,ok,,,,,,,,271478529,271478529,271478529,,legacy-unpinned,13044531f0f38e02ed19fcbd9b26202b8ba5a962,"{""mopro"":""0.3.7"",""noir"":""1.0.0-beta.19"",""barretenberg_rs"":""4.2.0-aztecnr-rc.2"",""srs_loading"":""direct-file-exact-verification-key-domain""}","{""apk"":""5c5fd9d9139a8c523f91b9f6b658fff0f10f271acc738b93cc578f0f7d9e653a"",""circuit"":""a03bfbef1b8b0ddb446d760307402d139bc0f8d8d499344297b2466dc0e6d6ec"",""witness"":""4b62089fd9867fc490a0c88be3983cf75e823c5527b501511e301e5caef03484"",""consumed_srs"":""8f5cd75519c2e995fa47aa7ecd7b213b9ae13824bc4b0f15025a63acd8c139eb""}",,"Closest analogue, not semantically equivalent: Noir binds challenge, client-data type, origin, RP-ID hash, UP/UV flags, and public key; privacy-ethereum/webauthn-circom omits several of those bindings. Historical note verbatim: Closest available counterpart only; proof statements and implementation details are not equivalent. Payload correction from native structured evidence: 2,691,859-byte circuit + 351,150-byte frozen witness + 268,435,520-byte SRS = 271,478,529 bytes. Legacy row metadata normalized for the V1 replacement CSV. Legacy row metadata normalized for the V1 replacement CSV. Legacy row metadata normalized for the V1 replacement CSV.",,,/Users/dcbuilder/Code/world/.worktrees/provekit-v1-cross-device-campaign/target/v1-benchmarks/reproduction/e15-noir-webauthn-barretenberg-armv7-exact-domain-1x5
semantic-parity-v1-20260731,webauthn_closest_analogue__motorola_e15__provekit_v1__sample-1,2026-07-31T00:00:00Z,motorola_e15,moto e15,Android 14,armeabi-v7a,android_native,,webauthn,webauthn_closest_analogue,85aeeef539961cae5a63de794997b507a5975717,provekit_v1,noir,provekit-v1-whir-native,noir-v1.0.0-beta.11,measured,1,ok,,,27859.356617,,27871.475309,498.57421875,716688,2377056,2377056,2377056,,provekit-v1-core-9b2a6f3-noir-beta.11,9b2a6f37c67691eab4b0cec6c35e35c520e93285,"{""provekit_core"":""9b2a6f37c67691eab4b0cec6c35e35c520e93285"",""noir"":""1.0.0-beta.11"",""mobench"":""0.1.48"",""campaign_harness"":""7de99e9e001d06797c9770684afea20f096d1ac3""}","{""evidence"":""c09f8e98f64646e38e241caf41a95f7d5052d1082242fb80b138585bb901446f"",""payload"":{""webauthn_assertion.pkp+frozen-input"":""f2db98b9d9b5ff2ccd4d9cbe5bd50327bc037685299936aff6d55ba0fa1071f1"",""webauthn_assertion.Prover.toml"":""aa0fd0a7718f5db6a70f55585014e1afa598f9cd8b5af3ccf6e087dd8a7fccfd""}}",,"Closest available semantic counterpart; Noir and Circom statements remain non-equivalent where noted by the campaign. ProveKit V1 measurements use the pinned core WASM/C-ABI build, not @worldcoin/provekit npm artifacts. Browser proof_size_bytes is V1 WASM proof-byte serialization; native proof_size_bytes is serialized postcard NoirProof (.np) bytes.",,,evidence/provekit-v1/e15/webauthn.json
semantic-parity-v1-20260731,webauthn_closest_analogue__motorola_e15__provekit_v1__sample-2,2026-07-31T00:00:00Z,motorola_e15,moto e15,Android 14,armeabi-v7a,android_native,,webauthn,webauthn_closest_analogue,85aeeef539961cae5a63de794997b507a5975717,provekit_v1,noir,provekit-v1-whir-native,noir-v1.0.0-beta.11,measured,2,ok,,,27747.26654,,27760.853848,498.4375,716454,2377056,2377056,2377056,,provekit-v1-core-9b2a6f3-noir-beta.11,9b2a6f37c67691eab4b0cec6c35e35c520e93285,"{""provekit_core"":""9b2a6f37c67691eab4b0cec6c35e35c520e93285"",""noir"":""1.0.0-beta.11"",""mobench"":""0.1.48"",""campaign_harness"":""7de99e9e001d06797c9770684afea20f096d1ac3""}","{""evidence"":""c09f8e98f64646e38e241caf41a95f7d5052d1082242fb80b138585bb901446f"",""payload"":{""webauthn_assertion.pkp+frozen-input"":""f2db98b9d9b5ff2ccd4d9cbe5bd50327bc037685299936aff6d55ba0fa1071f1"",""webauthn_assertion.Prover.toml"":""aa0fd0a7718f5db6a70f55585014e1afa598f9cd8b5af3ccf6e087dd8a7fccfd""}}",,"Closest available semantic counterpart; Noir and Circom statements remain non-equivalent where noted by the campaign. ProveKit V1 measurements use the pinned core WASM/C-ABI build, not @worldcoin/provekit npm artifacts. Browser proof_size_bytes is V1 WASM proof-byte serialization; native proof_size_bytes is serialized postcard NoirProof (.np) bytes.",,,evidence/provekit-v1/e15/webauthn.json
semantic-parity-v1-20260731,webauthn_closest_analogue__motorola_e15__provekit_v1__sample-3,2026-07-31T00:00:00Z,motorola_e15,moto e15,Android 14,armeabi-v7a,android_native,,webauthn,webauthn_closest_analogue,85aeeef539961cae5a63de794997b507a5975717,provekit_v1,noir,provekit-v1-whir-native,noir-v1.0.0-beta.11,measured,3,ok,,,27839.157617,,27852.851079,497.75,717130,2377056,2377056,2377056,,provekit-v1-core-9b2a6f3-noir-beta.11,9b2a6f37c67691eab4b0cec6c35e35c520e93285,"{""provekit_core"":""9b2a6f37c67691eab4b0cec6c35e35c520e93285"",""noir"":""1.0.0-beta.11"",""mobench"":""0.1.48"",""campaign_harness"":""7de99e9e001d06797c9770684afea20f096d1ac3""}","{""evidence"":""c09f8e98f64646e38e241caf41a95f7d5052d1082242fb80b138585bb901446f"",""payload"":{""webauthn_assertion.pkp+frozen-input"":""f2db98b9d9b5ff2ccd4d9cbe5bd50327bc037685299936aff6d55ba0fa1071f1"",""webauthn_assertion.Prover.toml"":""aa0fd0a7718f5db6a70f55585014e1afa598f9cd8b5af3ccf6e087dd8a7fccfd""}}",,"Closest available semantic counterpart; Noir and Circom statements remain non-equivalent where noted by the campaign. ProveKit V1 measurements use the pinned core WASM/C-ABI build, not @worldcoin/provekit npm artifacts. Browser proof_size_bytes is V1 WASM proof-byte serialization; native proof_size_bytes is serialized postcard NoirProof (.np) bytes.",,,evidence/provekit-v1/e15/webauthn.json
semantic-parity-v1-20260731,webauthn_closest_analogue__motorola_e15__provekit_v1__sample-4,2026-07-31T00:00:00Z,motorola_e15,moto e15,Android 14,armeabi-v7a,android_native,,webauthn,webauthn_closest_analogue,85aeeef539961cae5a63de794997b507a5975717,provekit_v1,noir,provekit-v1-whir-native,noir-v1.0.0-beta.11,measured,4,ok,,,27794.375079,,27808.839079,499.16015625,715934,2377056,2377056,2377056,,provekit-v1-core-9b2a6f3-noir-beta.11,9b2a6f37c67691eab4b0cec6c35e35c520e93285,"{""provekit_core"":""9b2a6f37c67691eab4b0cec6c35e35c520e93285"",""noir"":""1.0.0-beta.11"",""mobench"":""0.1.48"",""campaign_harness"":""7de99e9e001d06797c9770684afea20f096d1ac3""}","{""evidence"":""c09f8e98f64646e38e241caf41a95f7d5052d1082242fb80b138585bb901446f"",""payload"":{""webauthn_assertion.pkp+frozen-input"":""f2db98b9d9b5ff2ccd4d9cbe5bd50327bc037685299936aff6d55ba0fa1071f1"",""webauthn_assertion.Prover.toml"":""aa0fd0a7718f5db6a70f55585014e1afa598f9cd8b5af3ccf6e087dd8a7fccfd""}}",,"Closest available semantic counterpart; Noir and Circom statements remain non-equivalent where noted by the campaign. ProveKit V1 measurements use the pinned core WASM/C-ABI build, not @worldcoin/provekit npm artifacts. Browser proof_size_bytes is V1 WASM proof-byte serialization; native proof_size_bytes is serialized postcard NoirProof (.np) bytes.",,,evidence/provekit-v1/e15/webauthn.json
semantic-parity-v1-20260731,webauthn_closest_analogue__motorola_e15__provekit_v1__sample-5,2026-07-31T00:00:00Z,motorola_e15,moto e15,Android 14,armeabi-v7a,android_native,,webauthn,webauthn_closest_analogue,85aeeef539961cae5a63de794997b507a5975717,provekit_v1,noir,provekit-v1-whir-native,noir-v1.0.0-beta.11,measured,5,ok,,,27931.619694,,27945.088233,492.015625,716186,2377056,2377056,2377056,,provekit-v1-core-9b2a6f3-noir-beta.11,9b2a6f37c67691eab4b0cec6c35e35c520e93285,"{""provekit_core"":""9b2a6f37c67691eab4b0cec6c35e35c520e93285"",""noir"":""1.0.0-beta.11"",""mobench"":""0.1.48"",""campaign_harness"":""7de99e9e001d06797c9770684afea20f096d1ac3""}","{""evidence"":""c09f8e98f64646e38e241caf41a95f7d5052d1082242fb80b138585bb901446f"",""payload"":{""webauthn_assertion.pkp+frozen-input"":""f2db98b9d9b5ff2ccd4d9cbe5bd50327bc037685299936aff6d55ba0fa1071f1"",""webauthn_assertion.Prover.toml"":""aa0fd0a7718f5db6a70f55585014e1afa598f9cd8b5af3ccf6e087dd8a7fccfd""}}",,"Closest available semantic counterpart; Noir and Circom statements remain non-equivalent where noted by the campaign. ProveKit V1 measurements use the pinned core WASM/C-ABI build, not @worldcoin/provekit npm artifacts. Browser proof_size_bytes is V1 WASM proof-byte serialization; native proof_size_bytes is serialized postcard NoirProof (.np) bytes.",,,evidence/provekit-v1/e15/webauthn.json
semantic-parity-v1-20260731,webauthn_closest_analogue__motorola_e15__provekit_v1__warmup,2026-07-31T00:00:00Z,motorola_e15,moto e15,Android 14,armeabi-v7a,android_native,,webauthn,webauthn_closest_analogue,85aeeef539961cae5a63de794997b507a5975717,provekit_v1,noir,provekit-v1-whir-native,noir-v1.0.0-beta.11,warmup,0,ok,,,,,,,,2377056,2377056,2377056,,provekit-v1-core-9b2a6f3-noir-beta.11,9b2a6f37c67691eab4b0cec6c35e35c520e93285,"{""provekit_core"":""9b2a6f37c67691eab4b0cec6c35e35c520e93285"",""noir"":""1.0.0-beta.11"",""mobench"":""0.1.48"",""campaign_harness"":""7de99e9e001d06797c9770684afea20f096d1ac3""}","{""evidence"":""c09f8e98f64646e38e241caf41a95f7d5052d1082242fb80b138585bb901446f"",""payload"":{""webauthn_assertion.pkp+frozen-input"":""f2db98b9d9b5ff2ccd4d9cbe5bd50327bc037685299936aff6d55ba0fa1071f1"",""webauthn_assertion.Prover.toml"":""aa0fd0a7718f5db6a70f55585014e1afa598f9cd8b5af3ccf6e087dd8a7fccfd""}}",,"Closest available semantic counterpart; Noir and Circom statements remain non-equivalent where noted by the campaign. ProveKit V1 measurements use the pinned core WASM/C-ABI build, not @worldcoin/provekit npm artifacts. Browser proof_size_bytes is V1 WASM proof-byte serialization; native proof_size_bytes is serialized postcard NoirProof (.np) bytes.",,,evidence/provekit-v1/e15/webauthn.json
