campaign_id,attempt_id,recorded_at_utc,hardware,device_model,os_version,abi,runtime,browser,circuit,circuit_variant,circuit_commit,prover,frontend,prover_backend,witness_backend,sample_kind,sample_index,status,initialization_time_ms,witness_time_ms,prover_time_ms,verify_time_ms,total_time_ms,peak_memory_mib,proof_size_bytes,circuit_size_bytes,artifact_size_bytes,bundle_size_bytes,constraint_count,artifact_version,source_commit,package_versions,artifact_hashes,session_id,non_equivalence_note,failure_code,failure_detail,evidence_path
provekit-v1-cross-device-20260730,iphone-se-2022-circom_groth16-world_id_protocol_nullifier-sample-1,2026-07-30T16:24:00.515Z,iphone_se_2022,iPhone SE 2022,iOS 15.4,arm64,ios_native,,oprf,world_id_protocol_nullifier,85aeeef539961cae5a63de794997b507a5975717,circom_groth16,circom,rapidsnark-groth16-native,frozen-wtns-witnesscalc-adapter-0.1.7,measured,1,ok,,,592.884041,,592.887208,102.796875,1603,40639660,40639660,40639660,,groth16-rust-rapidsnark-0.1.4,13044531f0f38e02ed19fcbd9b26202b8ba5a962,"{""mopro"":""0.3.7"",""rust_rapidsnark"":""0.1.4"",""witnesscalc_adapter"":""0.1.7""}",{},87d92b1468554aa396ecf5fd1d8a106a4112efdf,Closest available counterpart only; proof statements and implementation details are not equivalent. Circuit/proving payload size is an asset-size estimate: zkey plus frozen WTNS; IPA and app package sizes are excluded.,,,/Users/dcbuilder/Code/world/.worktrees/provekit-v1-cross-device-campaign/target/v1-benchmarks/reproduction/provekit-v1-cross-device-20260730/native-ios/summary.json
provekit-v1-cross-device-20260730,iphone-se-2022-circom_groth16-world_id_protocol_nullifier-sample-2,2026-07-30T16:24:00.515Z,iphone_se_2022,iPhone SE 2022,iOS 15.4,arm64,ios_native,,oprf,world_id_protocol_nullifier,85aeeef539961cae5a63de794997b507a5975717,circom_groth16,circom,rapidsnark-groth16-native,frozen-wtns-witnesscalc-adapter-0.1.7,measured,2,ok,,,584.771291,,584.775625,103.703125,1604,40639660,40639660,40639660,,groth16-rust-rapidsnark-0.1.4,13044531f0f38e02ed19fcbd9b26202b8ba5a962,"{""mopro"":""0.3.7"",""rust_rapidsnark"":""0.1.4"",""witnesscalc_adapter"":""0.1.7""}",{},87d92b1468554aa396ecf5fd1d8a106a4112efdf,Closest available counterpart only; proof statements and implementation details are not equivalent. Circuit/proving payload size is an asset-size estimate: zkey plus frozen WTNS; IPA and app package sizes are excluded.,,,/Users/dcbuilder/Code/world/.worktrees/provekit-v1-cross-device-campaign/target/v1-benchmarks/reproduction/provekit-v1-cross-device-20260730/native-ios/summary.json
provekit-v1-cross-device-20260730,iphone-se-2022-circom_groth16-world_id_protocol_nullifier-sample-3,2026-07-30T16:24:00.515Z,iphone_se_2022,iPhone SE 2022,iOS 15.4,arm64,ios_native,,oprf,world_id_protocol_nullifier,85aeeef539961cae5a63de794997b507a5975717,circom_groth16,circom,rapidsnark-groth16-native,frozen-wtns-witnesscalc-adapter-0.1.7,measured,3,ok,,,586.583208,,586.586083,103.703125,1603,40639660,40639660,40639660,,groth16-rust-rapidsnark-0.1.4,13044531f0f38e02ed19fcbd9b26202b8ba5a962,"{""mopro"":""0.3.7"",""rust_rapidsnark"":""0.1.4"",""witnesscalc_adapter"":""0.1.7""}",{},87d92b1468554aa396ecf5fd1d8a106a4112efdf,Closest available counterpart only; proof statements and implementation details are not equivalent. Circuit/proving payload size is an asset-size estimate: zkey plus frozen WTNS; IPA and app package sizes are excluded.,,,/Users/dcbuilder/Code/world/.worktrees/provekit-v1-cross-device-campaign/target/v1-benchmarks/reproduction/provekit-v1-cross-device-20260730/native-ios/summary.json
provekit-v1-cross-device-20260730,iphone-se-2022-circom_groth16-world_id_protocol_nullifier-sample-4,2026-07-30T16:24:00.515Z,iphone_se_2022,iPhone SE 2022,iOS 15.4,arm64,ios_native,,oprf,world_id_protocol_nullifier,85aeeef539961cae5a63de794997b507a5975717,circom_groth16,circom,rapidsnark-groth16-native,frozen-wtns-witnesscalc-adapter-0.1.7,measured,4,ok,,,600.201459,,600.206166,103.75,1604,40639660,40639660,40639660,,groth16-rust-rapidsnark-0.1.4,13044531f0f38e02ed19fcbd9b26202b8ba5a962,"{""mopro"":""0.3.7"",""rust_rapidsnark"":""0.1.4"",""witnesscalc_adapter"":""0.1.7""}",{},87d92b1468554aa396ecf5fd1d8a106a4112efdf,Closest available counterpart only; proof statements and implementation details are not equivalent. Circuit/proving payload size is an asset-size estimate: zkey plus frozen WTNS; IPA and app package sizes are excluded.,,,/Users/dcbuilder/Code/world/.worktrees/provekit-v1-cross-device-campaign/target/v1-benchmarks/reproduction/provekit-v1-cross-device-20260730/native-ios/summary.json
provekit-v1-cross-device-20260730,iphone-se-2022-circom_groth16-world_id_protocol_nullifier-sample-5,2026-07-30T16:24:00.515Z,iphone_se_2022,iPhone SE 2022,iOS 15.4,arm64,ios_native,,oprf,world_id_protocol_nullifier,85aeeef539961cae5a63de794997b507a5975717,circom_groth16,circom,rapidsnark-groth16-native,frozen-wtns-witnesscalc-adapter-0.1.7,measured,5,ok,,,601.713083,,601.716833,103.765625,1602,40639660,40639660,40639660,,groth16-rust-rapidsnark-0.1.4,13044531f0f38e02ed19fcbd9b26202b8ba5a962,"{""mopro"":""0.3.7"",""rust_rapidsnark"":""0.1.4"",""witnesscalc_adapter"":""0.1.7""}",{},87d92b1468554aa396ecf5fd1d8a106a4112efdf,Closest available counterpart only; proof statements and implementation details are not equivalent. Circuit/proving payload size is an asset-size estimate: zkey plus frozen WTNS; IPA and app package sizes are excluded.,,,/Users/dcbuilder/Code/world/.worktrees/provekit-v1-cross-device-campaign/target/v1-benchmarks/reproduction/provekit-v1-cross-device-20260730/native-ios/summary.json
provekit-v1-cross-device-20260730,iphone-se-2022-circom_groth16-world_id_protocol_nullifier-warmup,2026-07-30T16:24:00.515Z,iphone_se_2022,iPhone SE 2022,iOS 15.4,arm64,ios_native,,oprf,world_id_protocol_nullifier,85aeeef539961cae5a63de794997b507a5975717,circom_groth16,circom,rapidsnark-groth16-native,frozen-wtns-witnesscalc-adapter-0.1.7,warmup,0,ok,,,,,,,,40639660,40639660,40639660,,groth16-rust-rapidsnark-0.1.4,13044531f0f38e02ed19fcbd9b26202b8ba5a962,"{""mopro"":""0.3.7"",""rust_rapidsnark"":""0.1.4"",""witnesscalc_adapter"":""0.1.7""}",{},87d92b1468554aa396ecf5fd1d8a106a4112efdf,Closest available counterpart only; proof statements and implementation details are not equivalent. Circuit/proving payload size is an asset-size estimate: zkey plus frozen WTNS; IPA and app package sizes are excluded.,,,/Users/dcbuilder/Code/world/.worktrees/provekit-v1-cross-device-campaign/target/v1-benchmarks/reproduction/provekit-v1-cross-device-20260730/native-ios/summary.json
provekit-v1-cross-device-20260730,iphone-se-2022-circom_groth16-world_id_protocol_query-sample-1,2026-07-30T16:24:00.515Z,iphone_se_2022,iPhone SE 2022,iOS 15.4,arm64,ios_native,,oprf,world_id_protocol_query,85aeeef539961cae5a63de794997b507a5975717,circom_groth16,circom,rapidsnark-groth16-native,frozen-wtns-witnesscalc-adapter-0.1.7,measured,1,ok,,,306.735583,,306.738959,70.953125,1178,18543164,18543164,18543164,,groth16-rust-rapidsnark-0.1.4,13044531f0f38e02ed19fcbd9b26202b8ba5a962,"{""mopro"":""0.3.7"",""rust_rapidsnark"":""0.1.4"",""witnesscalc_adapter"":""0.1.7""}",{},3dab9c6773337d817e38e7183a3dc5fd80155d91,Closest available counterpart only; proof statements and implementation details are not equivalent. Circuit/proving payload size is an asset-size estimate: zkey plus frozen WTNS; IPA and app package sizes are excluded.,,,/Users/dcbuilder/Code/world/.worktrees/provekit-v1-cross-device-campaign/target/v1-benchmarks/reproduction/provekit-v1-cross-device-20260730/native-ios/summary.json
provekit-v1-cross-device-20260730,iphone-se-2022-circom_groth16-world_id_protocol_query-sample-2,2026-07-30T16:24:00.515Z,iphone_se_2022,iPhone SE 2022,iOS 15.4,arm64,ios_native,,oprf,world_id_protocol_query,85aeeef539961cae5a63de794997b507a5975717,circom_groth16,circom,rapidsnark-groth16-native,frozen-wtns-witnesscalc-adapter-0.1.7,measured,2,ok,,,301.802125,,301.804917,70.953125,1182,18543164,18543164,18543164,,groth16-rust-rapidsnark-0.1.4,13044531f0f38e02ed19fcbd9b26202b8ba5a962,"{""mopro"":""0.3.7"",""rust_rapidsnark"":""0.1.4"",""witnesscalc_adapter"":""0.1.7""}",{},3dab9c6773337d817e38e7183a3dc5fd80155d91,Closest available counterpart only; proof statements and implementation details are not equivalent. Circuit/proving payload size is an asset-size estimate: zkey plus frozen WTNS; IPA and app package sizes are excluded.,,,/Users/dcbuilder/Code/world/.worktrees/provekit-v1-cross-device-campaign/target/v1-benchmarks/reproduction/provekit-v1-cross-device-20260730/native-ios/summary.json
provekit-v1-cross-device-20260730,iphone-se-2022-circom_groth16-world_id_protocol_query-sample-3,2026-07-30T16:24:00.515Z,iphone_se_2022,iPhone SE 2022,iOS 15.4,arm64,ios_native,,oprf,world_id_protocol_query,85aeeef539961cae5a63de794997b507a5975717,circom_groth16,circom,rapidsnark-groth16-native,frozen-wtns-witnesscalc-adapter-0.1.7,measured,3,ok,,,292.535333,,292.537083,70.953125,1183,18543164,18543164,18543164,,groth16-rust-rapidsnark-0.1.4,13044531f0f38e02ed19fcbd9b26202b8ba5a962,"{""mopro"":""0.3.7"",""rust_rapidsnark"":""0.1.4"",""witnesscalc_adapter"":""0.1.7""}",{},3dab9c6773337d817e38e7183a3dc5fd80155d91,Closest available counterpart only; proof statements and implementation details are not equivalent. Circuit/proving payload size is an asset-size estimate: zkey plus frozen WTNS; IPA and app package sizes are excluded.,,,/Users/dcbuilder/Code/world/.worktrees/provekit-v1-cross-device-campaign/target/v1-benchmarks/reproduction/provekit-v1-cross-device-20260730/native-ios/summary.json
provekit-v1-cross-device-20260730,iphone-se-2022-circom_groth16-world_id_protocol_query-sample-4,2026-07-30T16:24:00.515Z,iphone_se_2022,iPhone SE 2022,iOS 15.4,arm64,ios_native,,oprf,world_id_protocol_query,85aeeef539961cae5a63de794997b507a5975717,circom_groth16,circom,rapidsnark-groth16-native,frozen-wtns-witnesscalc-adapter-0.1.7,measured,4,ok,,,294.811042,,294.815125,70.953125,1183,18543164,18543164,18543164,,groth16-rust-rapidsnark-0.1.4,13044531f0f38e02ed19fcbd9b26202b8ba5a962,"{""mopro"":""0.3.7"",""rust_rapidsnark"":""0.1.4"",""witnesscalc_adapter"":""0.1.7""}",{},3dab9c6773337d817e38e7183a3dc5fd80155d91,Closest available counterpart only; proof statements and implementation details are not equivalent. Circuit/proving payload size is an asset-size estimate: zkey plus frozen WTNS; IPA and app package sizes are excluded.,,,/Users/dcbuilder/Code/world/.worktrees/provekit-v1-cross-device-campaign/target/v1-benchmarks/reproduction/provekit-v1-cross-device-20260730/native-ios/summary.json
provekit-v1-cross-device-20260730,iphone-se-2022-circom_groth16-world_id_protocol_query-sample-5,2026-07-30T16:24:00.515Z,iphone_se_2022,iPhone SE 2022,iOS 15.4,arm64,ios_native,,oprf,world_id_protocol_query,85aeeef539961cae5a63de794997b507a5975717,circom_groth16,circom,rapidsnark-groth16-native,frozen-wtns-witnesscalc-adapter-0.1.7,measured,5,ok,,,311.012208,,311.015084,71.984375,1184,18543164,18543164,18543164,,groth16-rust-rapidsnark-0.1.4,13044531f0f38e02ed19fcbd9b26202b8ba5a962,"{""mopro"":""0.3.7"",""rust_rapidsnark"":""0.1.4"",""witnesscalc_adapter"":""0.1.7""}",{},3dab9c6773337d817e38e7183a3dc5fd80155d91,Closest available counterpart only; proof statements and implementation details are not equivalent. Circuit/proving payload size is an asset-size estimate: zkey plus frozen WTNS; IPA and app package sizes are excluded.,,,/Users/dcbuilder/Code/world/.worktrees/provekit-v1-cross-device-campaign/target/v1-benchmarks/reproduction/provekit-v1-cross-device-20260730/native-ios/summary.json
provekit-v1-cross-device-20260730,iphone-se-2022-circom_groth16-world_id_protocol_query-warmup,2026-07-30T16:24:00.515Z,iphone_se_2022,iPhone SE 2022,iOS 15.4,arm64,ios_native,,oprf,world_id_protocol_query,85aeeef539961cae5a63de794997b507a5975717,circom_groth16,circom,rapidsnark-groth16-native,frozen-wtns-witnesscalc-adapter-0.1.7,warmup,0,ok,,,,,,,,18543164,18543164,18543164,,groth16-rust-rapidsnark-0.1.4,13044531f0f38e02ed19fcbd9b26202b8ba5a962,"{""mopro"":""0.3.7"",""rust_rapidsnark"":""0.1.4"",""witnesscalc_adapter"":""0.1.7""}",{},3dab9c6773337d817e38e7183a3dc5fd80155d91,Closest available counterpart only; proof statements and implementation details are not equivalent. Circuit/proving payload size is an asset-size estimate: zkey plus frozen WTNS; IPA and app package sizes are excluded.,,,/Users/dcbuilder/Code/world/.worktrees/provekit-v1-cross-device-campaign/target/v1-benchmarks/reproduction/provekit-v1-cross-device-20260730/native-ios/summary.json
provekit-v1-cross-device-20260730,iphone-se-2022-noir_barretenberg-oprf_taceo-sample-1,2026-07-30T16:24:00.515Z,iphone_se_2022,iPhone SE 2022,iOS 15.4,arm64,ios_native,,oprf,oprf_taceo,808f3c795b57963dd58ef282ccd61022ef39c285,noir_barretenberg,noir,barretenberg-ultrahonk-native,,measured,1,ok,,,1440.765334,,1440.769125,256.453125,16196,1243671,270743076,270743076,,noir-v1.0.0-beta.19-barretenberg-rs-4.2.0-aztecnr-rc.2,13044531f0f38e02ed19fcbd9b26202b8ba5a962,"{""mopro"":""0.3.7"",""noir"":""1.0.0-beta.19"",""barretenberg_rs"":""4.2.0-aztecnr-rc.2""}",{},0456be33e41372e05bcb7ddbd9b83bac0074c74f,Closest available counterpart only; proof statements and implementation details are not equivalent.,,,/Users/dcbuilder/Code/world/.worktrees/provekit-v1-cross-device-campaign/target/v1-benchmarks/reproduction/provekit-v1-cross-device-20260730/native-ios/summary.json
provekit-v1-cross-device-20260730,iphone-se-2022-noir_barretenberg-oprf_taceo-sample-2,2026-07-30T16:24:00.515Z,iphone_se_2022,iPhone SE 2022,iOS 15.4,arm64,ios_native,,oprf,oprf_taceo,808f3c795b57963dd58ef282ccd61022ef39c285,noir_barretenberg,noir,barretenberg-ultrahonk-native,,measured,2,ok,,,1363.179375,,1363.181417,256.4375,16196,1243671,270743076,270743076,,noir-v1.0.0-beta.19-barretenberg-rs-4.2.0-aztecnr-rc.2,13044531f0f38e02ed19fcbd9b26202b8ba5a962,"{""mopro"":""0.3.7"",""noir"":""1.0.0-beta.19"",""barretenberg_rs"":""4.2.0-aztecnr-rc.2""}",{},0456be33e41372e05bcb7ddbd9b83bac0074c74f,Closest available counterpart only; proof statements and implementation details are not equivalent.,,,/Users/dcbuilder/Code/world/.worktrees/provekit-v1-cross-device-campaign/target/v1-benchmarks/reproduction/provekit-v1-cross-device-20260730/native-ios/summary.json
provekit-v1-cross-device-20260730,iphone-se-2022-noir_barretenberg-oprf_taceo-sample-3,2026-07-30T16:24:00.515Z,iphone_se_2022,iPhone SE 2022,iOS 15.4,arm64,ios_native,,oprf,oprf_taceo,808f3c795b57963dd58ef282ccd61022ef39c285,noir_barretenberg,noir,barretenberg-ultrahonk-native,,measured,3,ok,,,1422.379458,,1422.381292,256.453125,16196,1243671,270743076,270743076,,noir-v1.0.0-beta.19-barretenberg-rs-4.2.0-aztecnr-rc.2,13044531f0f38e02ed19fcbd9b26202b8ba5a962,"{""mopro"":""0.3.7"",""noir"":""1.0.0-beta.19"",""barretenberg_rs"":""4.2.0-aztecnr-rc.2""}",{},0456be33e41372e05bcb7ddbd9b83bac0074c74f,Closest available counterpart only; proof statements and implementation details are not equivalent.,,,/Users/dcbuilder/Code/world/.worktrees/provekit-v1-cross-device-campaign/target/v1-benchmarks/reproduction/provekit-v1-cross-device-20260730/native-ios/summary.json
provekit-v1-cross-device-20260730,iphone-se-2022-noir_barretenberg-oprf_taceo-sample-4,2026-07-30T16:24:00.515Z,iphone_se_2022,iPhone SE 2022,iOS 15.4,arm64,ios_native,,oprf,oprf_taceo,808f3c795b57963dd58ef282ccd61022ef39c285,noir_barretenberg,noir,barretenberg-ultrahonk-native,,measured,4,ok,,,1414.61725,,1414.619625,256.875,16196,1243671,270743076,270743076,,noir-v1.0.0-beta.19-barretenberg-rs-4.2.0-aztecnr-rc.2,13044531f0f38e02ed19fcbd9b26202b8ba5a962,"{""mopro"":""0.3.7"",""noir"":""1.0.0-beta.19"",""barretenberg_rs"":""4.2.0-aztecnr-rc.2""}",{},0456be33e41372e05bcb7ddbd9b83bac0074c74f,Closest available counterpart only; proof statements and implementation details are not equivalent.,,,/Users/dcbuilder/Code/world/.worktrees/provekit-v1-cross-device-campaign/target/v1-benchmarks/reproduction/provekit-v1-cross-device-20260730/native-ios/summary.json
provekit-v1-cross-device-20260730,iphone-se-2022-noir_barretenberg-oprf_taceo-sample-5,2026-07-30T16:24:00.515Z,iphone_se_2022,iPhone SE 2022,iOS 15.4,arm64,ios_native,,oprf,oprf_taceo,808f3c795b57963dd58ef282ccd61022ef39c285,noir_barretenberg,noir,barretenberg-ultrahonk-native,,measured,5,ok,,,1442.068917,,1442.072333,256.484375,16196,1243671,270743076,270743076,,noir-v1.0.0-beta.19-barretenberg-rs-4.2.0-aztecnr-rc.2,13044531f0f38e02ed19fcbd9b26202b8ba5a962,"{""mopro"":""0.3.7"",""noir"":""1.0.0-beta.19"",""barretenberg_rs"":""4.2.0-aztecnr-rc.2""}",{},0456be33e41372e05bcb7ddbd9b83bac0074c74f,Closest available counterpart only; proof statements and implementation details are not equivalent.,,,/Users/dcbuilder/Code/world/.worktrees/provekit-v1-cross-device-campaign/target/v1-benchmarks/reproduction/provekit-v1-cross-device-20260730/native-ios/summary.json
provekit-v1-cross-device-20260730,iphone-se-2022-noir_barretenberg-oprf_taceo-warmup,2026-07-30T16:24:00.515Z,iphone_se_2022,iPhone SE 2022,iOS 15.4,arm64,ios_native,,oprf,oprf_taceo,808f3c795b57963dd58ef282ccd61022ef39c285,noir_barretenberg,noir,barretenberg-ultrahonk-native,,warmup,0,ok,,,,,,,,1243671,270743076,270743076,,noir-v1.0.0-beta.19-barretenberg-rs-4.2.0-aztecnr-rc.2,13044531f0f38e02ed19fcbd9b26202b8ba5a962,"{""mopro"":""0.3.7"",""noir"":""1.0.0-beta.19"",""barretenberg_rs"":""4.2.0-aztecnr-rc.2""}",{},0456be33e41372e05bcb7ddbd9b83bac0074c74f,Closest available counterpart only; proof statements and implementation details are not equivalent.,,,/Users/dcbuilder/Code/world/.worktrees/provekit-v1-cross-device-campaign/target/v1-benchmarks/reproduction/provekit-v1-cross-device-20260730/native-ios/summary.json
provekit-v1-cross-device-20260730,iphone-se-2022-provekit_v1-oprf_taceo-sample-1,2026-07-30T16:24:00.515Z,iphone_se_2022,iPhone SE 2022,iOS 15.4,arm64,ios_native,,oprf,oprf_taceo,fd37726215b59d3d4823ea7b1967b1da3525ed9d,provekit_v1,noir,provekit-v1-whir-native,,measured,1,ok,,,1140.326041,,1140.67675,153.703125,632398,1619516,1623638,1623638,,provekit-v1-native,13044531f0f38e02ed19fcbd9b26202b8ba5a962,"{""provekit"":""v1""}",{},fbdbb2d03f08558293dd058b272a359b6c501d7e,Closest available counterpart only; proof statements and implementation details are not equivalent.,,,/Users/dcbuilder/Code/world/.worktrees/provekit-v1-cross-device-campaign/target/v1-benchmarks/reproduction/provekit-v1-cross-device-20260730/native-ios/summary.json
provekit-v1-cross-device-20260730,iphone-se-2022-provekit_v1-oprf_taceo-sample-2,2026-07-30T16:24:00.515Z,iphone_se_2022,iPhone SE 2022,iOS 15.4,arm64,ios_native,,oprf,oprf_taceo,fd37726215b59d3d4823ea7b1967b1da3525ed9d,provekit_v1,noir,provekit-v1-whir-native,,measured,2,ok,,,1094.505625,,1095.151416,155.09375,632051,1619516,1623638,1623638,,provekit-v1-native,13044531f0f38e02ed19fcbd9b26202b8ba5a962,"{""provekit"":""v1""}",{},fbdbb2d03f08558293dd058b272a359b6c501d7e,Closest available counterpart only; proof statements and implementation details are not equivalent.,,,/Users/dcbuilder/Code/world/.worktrees/provekit-v1-cross-device-campaign/target/v1-benchmarks/reproduction/provekit-v1-cross-device-20260730/native-ios/summary.json
provekit-v1-cross-device-20260730,iphone-se-2022-provekit_v1-oprf_taceo-sample-3,2026-07-30T16:24:00.515Z,iphone_se_2022,iPhone SE 2022,iOS 15.4,arm64,ios_native,,oprf,oprf_taceo,fd37726215b59d3d4823ea7b1967b1da3525ed9d,provekit_v1,noir,provekit-v1-whir-native,,measured,3,ok,,,1110.2435,,1110.831667,152.796875,631790,1619516,1623638,1623638,,provekit-v1-native,13044531f0f38e02ed19fcbd9b26202b8ba5a962,"{""provekit"":""v1""}",{},fbdbb2d03f08558293dd058b272a359b6c501d7e,Closest available counterpart only; proof statements and implementation details are not equivalent.,,,/Users/dcbuilder/Code/world/.worktrees/provekit-v1-cross-device-campaign/target/v1-benchmarks/reproduction/provekit-v1-cross-device-20260730/native-ios/summary.json
provekit-v1-cross-device-20260730,iphone-se-2022-provekit_v1-oprf_taceo-sample-4,2026-07-30T16:24:00.515Z,iphone_se_2022,iPhone SE 2022,iOS 15.4,arm64,ios_native,,oprf,oprf_taceo,fd37726215b59d3d4823ea7b1967b1da3525ed9d,provekit_v1,noir,provekit-v1-whir-native,,measured,4,ok,,,1104.7755,,1105.15775,154.6875,636558,1619516,1623638,1623638,,provekit-v1-native,13044531f0f38e02ed19fcbd9b26202b8ba5a962,"{""provekit"":""v1""}",{},fbdbb2d03f08558293dd058b272a359b6c501d7e,Closest available counterpart only; proof statements and implementation details are not equivalent.,,,/Users/dcbuilder/Code/world/.worktrees/provekit-v1-cross-device-campaign/target/v1-benchmarks/reproduction/provekit-v1-cross-device-20260730/native-ios/summary.json
provekit-v1-cross-device-20260730,iphone-se-2022-provekit_v1-oprf_taceo-sample-5,2026-07-30T16:24:00.515Z,iphone_se_2022,iPhone SE 2022,iOS 15.4,arm64,ios_native,,oprf,oprf_taceo,fd37726215b59d3d4823ea7b1967b1da3525ed9d,provekit_v1,noir,provekit-v1-whir-native,,measured,5,ok,,,1124.437375,,1124.8425,156.046875,634702,1619516,1623638,1623638,,provekit-v1-native,13044531f0f38e02ed19fcbd9b26202b8ba5a962,"{""provekit"":""v1""}",{},fbdbb2d03f08558293dd058b272a359b6c501d7e,Closest available counterpart only; proof statements and implementation details are not equivalent.,,,/Users/dcbuilder/Code/world/.worktrees/provekit-v1-cross-device-campaign/target/v1-benchmarks/reproduction/provekit-v1-cross-device-20260730/native-ios/summary.json
provekit-v1-cross-device-20260730,iphone-se-2022-provekit_v1-oprf_taceo-warmup,2026-07-30T16:24:00.515Z,iphone_se_2022,iPhone SE 2022,iOS 15.4,arm64,ios_native,,oprf,oprf_taceo,fd37726215b59d3d4823ea7b1967b1da3525ed9d,provekit_v1,noir,provekit-v1-whir-native,,warmup,0,ok,,,,,,,,1619516,1623638,1623638,,provekit-v1-native,13044531f0f38e02ed19fcbd9b26202b8ba5a962,"{""provekit"":""v1""}",{},fbdbb2d03f08558293dd058b272a359b6c501d7e,Closest available counterpart only; proof statements and implementation details are not equivalent.,,,/Users/dcbuilder/Code/world/.worktrees/provekit-v1-cross-device-campaign/target/v1-benchmarks/reproduction/provekit-v1-cross-device-20260730/native-ios/summary.json
provekit-v1-cross-device-20260730,iphone-se-2022-circom_groth16-self_register_rsa_4096-sample-1,2026-07-30T16:24:00.515Z,iphone_se_2022,iPhone SE 2022,iOS 15.4,arm64,ios_native,,passport,self_register_rsa_4096,15b167e3543a9dff1dbb16fcf71a45fe4625cf9e,circom_groth16,circom,rapidsnark-groth16-native,frozen-wtns-witnesscalc-adapter-0.1.7,measured,1,ok,,,2977.333584,,2977.337167,712.234375,972,530077148,530077148,530077148,,groth16-rust-rapidsnark-0.1.4,13044531f0f38e02ed19fcbd9b26202b8ba5a962,"{""mopro"":""0.3.7"",""rust_rapidsnark"":""0.1.4"",""witnesscalc_adapter"":""0.1.7""}",{},7387fe448004d419fb66ff781edb4e1def4dfbe3,Closest available counterpart only; proof statements and implementation details are not equivalent. Circuit/proving payload size is an asset-size estimate: zkey plus frozen WTNS; IPA and app package sizes are excluded.,,,/Users/dcbuilder/Code/world/.worktrees/provekit-v1-cross-device-campaign/target/v1-benchmarks/reproduction/provekit-v1-cross-device-20260730/native-ios/summary.json
provekit-v1-cross-device-20260730,iphone-se-2022-circom_groth16-self_register_rsa_4096-sample-2,2026-07-30T16:24:00.515Z,iphone_se_2022,iPhone SE 2022,iOS 15.4,arm64,ios_native,,passport,self_register_rsa_4096,15b167e3543a9dff1dbb16fcf71a45fe4625cf9e,circom_groth16,circom,rapidsnark-groth16-native,frozen-wtns-witnesscalc-adapter-0.1.7,measured,2,ok,,,2932.633375,,2932.636708,712.15625,973,530077148,530077148,530077148,,groth16-rust-rapidsnark-0.1.4,13044531f0f38e02ed19fcbd9b26202b8ba5a962,"{""mopro"":""0.3.7"",""rust_rapidsnark"":""0.1.4"",""witnesscalc_adapter"":""0.1.7""}",{},7387fe448004d419fb66ff781edb4e1def4dfbe3,Closest available counterpart only; proof statements and implementation details are not equivalent. Circuit/proving payload size is an asset-size estimate: zkey plus frozen WTNS; IPA and app package sizes are excluded.,,,/Users/dcbuilder/Code/world/.worktrees/provekit-v1-cross-device-campaign/target/v1-benchmarks/reproduction/provekit-v1-cross-device-20260730/native-ios/summary.json
provekit-v1-cross-device-20260730,iphone-se-2022-circom_groth16-self_register_rsa_4096-sample-3,2026-07-30T16:24:00.515Z,iphone_se_2022,iPhone SE 2022,iOS 15.4,arm64,ios_native,,passport,self_register_rsa_4096,15b167e3543a9dff1dbb16fcf71a45fe4625cf9e,circom_groth16,circom,rapidsnark-groth16-native,frozen-wtns-witnesscalc-adapter-0.1.7,measured,3,ok,,,2972.240583,,2972.244042,712.15625,974,530077148,530077148,530077148,,groth16-rust-rapidsnark-0.1.4,13044531f0f38e02ed19fcbd9b26202b8ba5a962,"{""mopro"":""0.3.7"",""rust_rapidsnark"":""0.1.4"",""witnesscalc_adapter"":""0.1.7""}",{},7387fe448004d419fb66ff781edb4e1def4dfbe3,Closest available counterpart only; proof statements and implementation details are not equivalent. Circuit/proving payload size is an asset-size estimate: zkey plus frozen WTNS; IPA and app package sizes are excluded.,,,/Users/dcbuilder/Code/world/.worktrees/provekit-v1-cross-device-campaign/target/v1-benchmarks/reproduction/provekit-v1-cross-device-20260730/native-ios/summary.json
provekit-v1-cross-device-20260730,iphone-se-2022-circom_groth16-self_register_rsa_4096-sample-4,2026-07-30T16:24:00.515Z,iphone_se_2022,iPhone SE 2022,iOS 15.4,arm64,ios_native,,passport,self_register_rsa_4096,15b167e3543a9dff1dbb16fcf71a45fe4625cf9e,circom_groth16,circom,rapidsnark-groth16-native,frozen-wtns-witnesscalc-adapter-0.1.7,measured,4,ok,,,3022.747583,,3022.751417,712.15625,974,530077148,530077148,530077148,,groth16-rust-rapidsnark-0.1.4,13044531f0f38e02ed19fcbd9b26202b8ba5a962,"{""mopro"":""0.3.7"",""rust_rapidsnark"":""0.1.4"",""witnesscalc_adapter"":""0.1.7""}",{},7387fe448004d419fb66ff781edb4e1def4dfbe3,Closest available counterpart only; proof statements and implementation details are not equivalent. Circuit/proving payload size is an asset-size estimate: zkey plus frozen WTNS; IPA and app package sizes are excluded.,,,/Users/dcbuilder/Code/world/.worktrees/provekit-v1-cross-device-campaign/target/v1-benchmarks/reproduction/provekit-v1-cross-device-20260730/native-ios/summary.json
provekit-v1-cross-device-20260730,iphone-se-2022-circom_groth16-self_register_rsa_4096-sample-5,2026-07-30T16:24:00.515Z,iphone_se_2022,iPhone SE 2022,iOS 15.4,arm64,ios_native,,passport,self_register_rsa_4096,15b167e3543a9dff1dbb16fcf71a45fe4625cf9e,circom_groth16,circom,rapidsnark-groth16-native,frozen-wtns-witnesscalc-adapter-0.1.7,measured,5,ok,,,3181.378833,,3181.382541,712.15625,974,530077148,530077148,530077148,,groth16-rust-rapidsnark-0.1.4,13044531f0f38e02ed19fcbd9b26202b8ba5a962,"{""mopro"":""0.3.7"",""rust_rapidsnark"":""0.1.4"",""witnesscalc_adapter"":""0.1.7""}",{},7387fe448004d419fb66ff781edb4e1def4dfbe3,Closest available counterpart only; proof statements and implementation details are not equivalent. Circuit/proving payload size is an asset-size estimate: zkey plus frozen WTNS; IPA and app package sizes are excluded.,,,/Users/dcbuilder/Code/world/.worktrees/provekit-v1-cross-device-campaign/target/v1-benchmarks/reproduction/provekit-v1-cross-device-20260730/native-ios/summary.json
provekit-v1-cross-device-20260730,iphone-se-2022-circom_groth16-self_register_rsa_4096-warmup,2026-07-30T16:24:00.515Z,iphone_se_2022,iPhone SE 2022,iOS 15.4,arm64,ios_native,,passport,self_register_rsa_4096,15b167e3543a9dff1dbb16fcf71a45fe4625cf9e,circom_groth16,circom,rapidsnark-groth16-native,frozen-wtns-witnesscalc-adapter-0.1.7,warmup,0,ok,,,,,,,,530077148,530077148,530077148,,groth16-rust-rapidsnark-0.1.4,13044531f0f38e02ed19fcbd9b26202b8ba5a962,"{""mopro"":""0.3.7"",""rust_rapidsnark"":""0.1.4"",""witnesscalc_adapter"":""0.1.7""}",{},7387fe448004d419fb66ff781edb4e1def4dfbe3,Closest available counterpart only; proof statements and implementation details are not equivalent. Circuit/proving payload size is an asset-size estimate: zkey plus frozen WTNS; IPA and app package sizes are excluded.,,,/Users/dcbuilder/Code/world/.worktrees/provekit-v1-cross-device-campaign/target/v1-benchmarks/reproduction/provekit-v1-cross-device-20260730/native-ios/summary.json
provekit-v1-cross-device-20260730,iphone-se-2022-circom_groth16-self_vc_and_disclose-sample-1,2026-07-30T16:24:00.515Z,iphone_se_2022,iPhone SE 2022,iOS 15.4,arm64,ios_native,,passport,self_vc_and_disclose,15b167e3543a9dff1dbb16fcf71a45fe4625cf9e,circom_groth16,circom,rapidsnark-groth16-native,frozen-wtns-witnesscalc-adapter-0.1.7,measured,1,ok,,,1110.521916,,1110.52575,174.75,1529,74380364,74380364,74380364,,groth16-rust-rapidsnark-0.1.4,13044531f0f38e02ed19fcbd9b26202b8ba5a962,"{""mopro"":""0.3.7"",""rust_rapidsnark"":""0.1.4"",""witnesscalc_adapter"":""0.1.7""}",{},2ebb43b231b4bef5cd21a5648ab45506f436b040,Closest available counterpart only; proof statements and implementation details are not equivalent. Circuit/proving payload size is an asset-size estimate: zkey plus frozen WTNS; IPA and app package sizes are excluded.,,,/Users/dcbuilder/Code/world/.worktrees/provekit-v1-cross-device-campaign/target/v1-benchmarks/reproduction/provekit-v1-cross-device-20260730/native-ios/summary.json
provekit-v1-cross-device-20260730,iphone-se-2022-circom_groth16-self_vc_and_disclose-sample-2,2026-07-30T16:24:00.515Z,iphone_se_2022,iPhone SE 2022,iOS 15.4,arm64,ios_native,,passport,self_vc_and_disclose,15b167e3543a9dff1dbb16fcf71a45fe4625cf9e,circom_groth16,circom,rapidsnark-groth16-native,frozen-wtns-witnesscalc-adapter-0.1.7,measured,2,ok,,,1126.54775,,1126.552292,174.78125,1528,74380364,74380364,74380364,,groth16-rust-rapidsnark-0.1.4,13044531f0f38e02ed19fcbd9b26202b8ba5a962,"{""mopro"":""0.3.7"",""rust_rapidsnark"":""0.1.4"",""witnesscalc_adapter"":""0.1.7""}",{},2ebb43b231b4bef5cd21a5648ab45506f436b040,Closest available counterpart only; proof statements and implementation details are not equivalent. Circuit/proving payload size is an asset-size estimate: zkey plus frozen WTNS; IPA and app package sizes are excluded.,,,/Users/dcbuilder/Code/world/.worktrees/provekit-v1-cross-device-campaign/target/v1-benchmarks/reproduction/provekit-v1-cross-device-20260730/native-ios/summary.json
provekit-v1-cross-device-20260730,iphone-se-2022-circom_groth16-self_vc_and_disclose-sample-3,2026-07-30T16:24:00.515Z,iphone_se_2022,iPhone SE 2022,iOS 15.4,arm64,ios_native,,passport,self_vc_and_disclose,15b167e3543a9dff1dbb16fcf71a45fe4625cf9e,circom_groth16,circom,rapidsnark-groth16-native,frozen-wtns-witnesscalc-adapter-0.1.7,measured,3,ok,,,1162.030292,,1162.033334,174.78125,1531,74380364,74380364,74380364,,groth16-rust-rapidsnark-0.1.4,13044531f0f38e02ed19fcbd9b26202b8ba5a962,"{""mopro"":""0.3.7"",""rust_rapidsnark"":""0.1.4"",""witnesscalc_adapter"":""0.1.7""}",{},2ebb43b231b4bef5cd21a5648ab45506f436b040,Closest available counterpart only; proof statements and implementation details are not equivalent. Circuit/proving payload size is an asset-size estimate: zkey plus frozen WTNS; IPA and app package sizes are excluded.,,,/Users/dcbuilder/Code/world/.worktrees/provekit-v1-cross-device-campaign/target/v1-benchmarks/reproduction/provekit-v1-cross-device-20260730/native-ios/summary.json
provekit-v1-cross-device-20260730,iphone-se-2022-circom_groth16-self_vc_and_disclose-sample-4,2026-07-30T16:24:00.515Z,iphone_se_2022,iPhone SE 2022,iOS 15.4,arm64,ios_native,,passport,self_vc_and_disclose,15b167e3543a9dff1dbb16fcf71a45fe4625cf9e,circom_groth16,circom,rapidsnark-groth16-native,frozen-wtns-witnesscalc-adapter-0.1.7,measured,4,ok,,,1140.435208,,1140.438542,174.828125,1531,74380364,74380364,74380364,,groth16-rust-rapidsnark-0.1.4,13044531f0f38e02ed19fcbd9b26202b8ba5a962,"{""mopro"":""0.3.7"",""rust_rapidsnark"":""0.1.4"",""witnesscalc_adapter"":""0.1.7""}",{},2ebb43b231b4bef5cd21a5648ab45506f436b040,Closest available counterpart only; proof statements and implementation details are not equivalent. Circuit/proving payload size is an asset-size estimate: zkey plus frozen WTNS; IPA and app package sizes are excluded.,,,/Users/dcbuilder/Code/world/.worktrees/provekit-v1-cross-device-campaign/target/v1-benchmarks/reproduction/provekit-v1-cross-device-20260730/native-ios/summary.json
provekit-v1-cross-device-20260730,iphone-se-2022-circom_groth16-self_vc_and_disclose-sample-5,2026-07-30T16:24:00.515Z,iphone_se_2022,iPhone SE 2022,iOS 15.4,arm64,ios_native,,passport,self_vc_and_disclose,15b167e3543a9dff1dbb16fcf71a45fe4625cf9e,circom_groth16,circom,rapidsnark-groth16-native,frozen-wtns-witnesscalc-adapter-0.1.7,measured,5,ok,,,1164.259334,,1164.262833,174.734375,1529,74380364,74380364,74380364,,groth16-rust-rapidsnark-0.1.4,13044531f0f38e02ed19fcbd9b26202b8ba5a962,"{""mopro"":""0.3.7"",""rust_rapidsnark"":""0.1.4"",""witnesscalc_adapter"":""0.1.7""}",{},2ebb43b231b4bef5cd21a5648ab45506f436b040,Closest available counterpart only; proof statements and implementation details are not equivalent. Circuit/proving payload size is an asset-size estimate: zkey plus frozen WTNS; IPA and app package sizes are excluded.,,,/Users/dcbuilder/Code/world/.worktrees/provekit-v1-cross-device-campaign/target/v1-benchmarks/reproduction/provekit-v1-cross-device-20260730/native-ios/summary.json
provekit-v1-cross-device-20260730,iphone-se-2022-circom_groth16-self_vc_and_disclose-warmup,2026-07-30T16:24:00.515Z,iphone_se_2022,iPhone SE 2022,iOS 15.4,arm64,ios_native,,passport,self_vc_and_disclose,15b167e3543a9dff1dbb16fcf71a45fe4625cf9e,circom_groth16,circom,rapidsnark-groth16-native,frozen-wtns-witnesscalc-adapter-0.1.7,warmup,0,ok,,,,,,,,74380364,74380364,74380364,,groth16-rust-rapidsnark-0.1.4,13044531f0f38e02ed19fcbd9b26202b8ba5a962,"{""mopro"":""0.3.7"",""rust_rapidsnark"":""0.1.4"",""witnesscalc_adapter"":""0.1.7""}",{},2ebb43b231b4bef5cd21a5648ab45506f436b040,Closest available counterpart only; proof statements and implementation details are not equivalent. Circuit/proving payload size is an asset-size estimate: zkey plus frozen WTNS; IPA and app package sizes are excluded.,,,/Users/dcbuilder/Code/world/.worktrees/provekit-v1-cross-device-campaign/target/v1-benchmarks/reproduction/provekit-v1-cross-device-20260730/native-ios/summary.json
provekit-v1-cross-device-20260730,iphone-se-2022-noir_barretenberg-passport_complete_age_check-sample-1,2026-07-30T16:24:00.515Z,iphone_se_2022,iPhone SE 2022,iOS 15.4,arm64,ios_native,,passport,passport_complete_age_check,13044531f0f38e02ed19fcbd9b26202b8ba5a962,noir_barretenberg,noir,barretenberg-ultrahonk-native,,measured,1,ok,,,10435.982542,,10435.995459,1049.140625,16100,2030462,270752058,270752058,,noir-v1.0.0-beta.19-barretenberg-rs-4.2.0-aztecnr-rc.2,13044531f0f38e02ed19fcbd9b26202b8ba5a962,"{""mopro"":""0.3.7"",""noir"":""1.0.0-beta.19"",""barretenberg_rs"":""4.2.0-aztecnr-rc.2""}",{},0ac2a44caad82500b6175c727837036e7c9f781e,Closest available counterpart only; proof statements and implementation details are not equivalent.,,,/Users/dcbuilder/Code/world/.worktrees/provekit-v1-cross-device-campaign/target/v1-benchmarks/reproduction/provekit-v1-cross-device-20260730/native-ios/summary.json
provekit-v1-cross-device-20260730,iphone-se-2022-noir_barretenberg-passport_complete_age_check-sample-2,2026-07-30T16:24:00.515Z,iphone_se_2022,iPhone SE 2022,iOS 15.4,arm64,ios_native,,passport,passport_complete_age_check,13044531f0f38e02ed19fcbd9b26202b8ba5a962,noir_barretenberg,noir,barretenberg-ultrahonk-native,,measured,2,ok,,,7471.022291,,7471.027833,1077.625,16100,2030462,270752058,270752058,,noir-v1.0.0-beta.19-barretenberg-rs-4.2.0-aztecnr-rc.2,13044531f0f38e02ed19fcbd9b26202b8ba5a962,"{""mopro"":""0.3.7"",""noir"":""1.0.0-beta.19"",""barretenberg_rs"":""4.2.0-aztecnr-rc.2""}",{},0ac2a44caad82500b6175c727837036e7c9f781e,Closest available counterpart only; proof statements and implementation details are not equivalent.,,,/Users/dcbuilder/Code/world/.worktrees/provekit-v1-cross-device-campaign/target/v1-benchmarks/reproduction/provekit-v1-cross-device-20260730/native-ios/summary.json
provekit-v1-cross-device-20260730,iphone-se-2022-noir_barretenberg-passport_complete_age_check-sample-3,2026-07-30T16:24:00.515Z,iphone_se_2022,iPhone SE 2022,iOS 15.4,arm64,ios_native,,passport,passport_complete_age_check,13044531f0f38e02ed19fcbd9b26202b8ba5a962,noir_barretenberg,noir,barretenberg-ultrahonk-native,,measured,3,ok,,,6949.408083,,6949.410958,1079.921875,16100,2030462,270752058,270752058,,noir-v1.0.0-beta.19-barretenberg-rs-4.2.0-aztecnr-rc.2,13044531f0f38e02ed19fcbd9b26202b8ba5a962,"{""mopro"":""0.3.7"",""noir"":""1.0.0-beta.19"",""barretenberg_rs"":""4.2.0-aztecnr-rc.2""}",{},0ac2a44caad82500b6175c727837036e7c9f781e,Closest available counterpart only; proof statements and implementation details are not equivalent.,,,/Users/dcbuilder/Code/world/.worktrees/provekit-v1-cross-device-campaign/target/v1-benchmarks/reproduction/provekit-v1-cross-device-20260730/native-ios/summary.json
provekit-v1-cross-device-20260730,iphone-se-2022-noir_barretenberg-passport_complete_age_check-sample-4,2026-07-30T16:24:00.515Z,iphone_se_2022,iPhone SE 2022,iOS 15.4,arm64,ios_native,,passport,passport_complete_age_check,13044531f0f38e02ed19fcbd9b26202b8ba5a962,noir_barretenberg,noir,barretenberg-ultrahonk-native,,measured,4,ok,,,7507.038375,,7507.043125,1081.640625,16100,2030462,270752058,270752058,,noir-v1.0.0-beta.19-barretenberg-rs-4.2.0-aztecnr-rc.2,13044531f0f38e02ed19fcbd9b26202b8ba5a962,"{""mopro"":""0.3.7"",""noir"":""1.0.0-beta.19"",""barretenberg_rs"":""4.2.0-aztecnr-rc.2""}",{},0ac2a44caad82500b6175c727837036e7c9f781e,Closest available counterpart only; proof statements and implementation details are not equivalent.,,,/Users/dcbuilder/Code/world/.worktrees/provekit-v1-cross-device-campaign/target/v1-benchmarks/reproduction/provekit-v1-cross-device-20260730/native-ios/summary.json
provekit-v1-cross-device-20260730,iphone-se-2022-noir_barretenberg-passport_complete_age_check-sample-5,2026-07-30T16:24:00.515Z,iphone_se_2022,iPhone SE 2022,iOS 15.4,arm64,ios_native,,passport,passport_complete_age_check,13044531f0f38e02ed19fcbd9b26202b8ba5a962,noir_barretenberg,noir,barretenberg-ultrahonk-native,,measured,5,ok,,,7498.057208,,7498.059666,1081.75,16100,2030462,270752058,270752058,,noir-v1.0.0-beta.19-barretenberg-rs-4.2.0-aztecnr-rc.2,13044531f0f38e02ed19fcbd9b26202b8ba5a962,"{""mopro"":""0.3.7"",""noir"":""1.0.0-beta.19"",""barretenberg_rs"":""4.2.0-aztecnr-rc.2""}",{},0ac2a44caad82500b6175c727837036e7c9f781e,Closest available counterpart only; proof statements and implementation details are not equivalent.,,,/Users/dcbuilder/Code/world/.worktrees/provekit-v1-cross-device-campaign/target/v1-benchmarks/reproduction/provekit-v1-cross-device-20260730/native-ios/summary.json
provekit-v1-cross-device-20260730,iphone-se-2022-noir_barretenberg-passport_complete_age_check-warmup,2026-07-30T16:24:00.515Z,iphone_se_2022,iPhone SE 2022,iOS 15.4,arm64,ios_native,,passport,passport_complete_age_check,13044531f0f38e02ed19fcbd9b26202b8ba5a962,noir_barretenberg,noir,barretenberg-ultrahonk-native,,warmup,0,ok,,,,,,,,2030462,270752058,270752058,,noir-v1.0.0-beta.19-barretenberg-rs-4.2.0-aztecnr-rc.2,13044531f0f38e02ed19fcbd9b26202b8ba5a962,"{""mopro"":""0.3.7"",""noir"":""1.0.0-beta.19"",""barretenberg_rs"":""4.2.0-aztecnr-rc.2""}",{},0ac2a44caad82500b6175c727837036e7c9f781e,Closest available counterpart only; proof statements and implementation details are not equivalent.,,,/Users/dcbuilder/Code/world/.worktrees/provekit-v1-cross-device-campaign/target/v1-benchmarks/reproduction/provekit-v1-cross-device-20260730/native-ios/summary.json
provekit-v1-cross-device-20260730,iphone-se-2022-provekit_v1-passport_complete_age_check-sample-1,2026-07-30T16:24:00.515Z,iphone_se_2022,iPhone SE 2022,iOS 15.4,arm64,ios_native,,passport,passport_complete_age_check,13044531f0f38e02ed19fcbd9b26202b8ba5a962,provekit_v1,noir,provekit-v1-whir-native,,measured,1,ok,,,5827.066542,,5828.390375,1035.6875,740391,4026340,4298197,4298197,,provekit-v1-native,13044531f0f38e02ed19fcbd9b26202b8ba5a962,"{""provekit"":""v1""}",{},0cee957fb10aad41b1a97137f8075ccf30707f7d,Closest available counterpart only; proof statements and implementation details are not equivalent.,,,/Users/dcbuilder/Code/world/.worktrees/provekit-v1-cross-device-campaign/target/v1-benchmarks/reproduction/provekit-v1-cross-device-20260730/native-ios/summary.json
provekit-v1-cross-device-20260730,iphone-se-2022-provekit_v1-passport_complete_age_check-sample-2,2026-07-30T16:24:00.515Z,iphone_se_2022,iPhone SE 2022,iOS 15.4,arm64,ios_native,,passport,passport_complete_age_check,13044531f0f38e02ed19fcbd9b26202b8ba5a962,provekit_v1,noir,provekit-v1-whir-native,,measured,2,ok,,,6256.487,,6257.9595,1066.09375,735939,4026340,4298197,4298197,,provekit-v1-native,13044531f0f38e02ed19fcbd9b26202b8ba5a962,"{""provekit"":""v1""}",{},0cee957fb10aad41b1a97137f8075ccf30707f7d,Closest available counterpart only; proof statements and implementation details are not equivalent.,,,/Users/dcbuilder/Code/world/.worktrees/provekit-v1-cross-device-campaign/target/v1-benchmarks/reproduction/provekit-v1-cross-device-20260730/native-ios/summary.json
provekit-v1-cross-device-20260730,iphone-se-2022-provekit_v1-passport_complete_age_check-sample-3,2026-07-30T16:24:00.515Z,iphone_se_2022,iPhone SE 2022,iOS 15.4,arm64,ios_native,,passport,passport_complete_age_check,13044531f0f38e02ed19fcbd9b26202b8ba5a962,provekit_v1,noir,provekit-v1-whir-native,,measured,3,ok,,,6252.148625,,6253.613625,1062.078125,738236,4026340,4298197,4298197,,provekit-v1-native,13044531f0f38e02ed19fcbd9b26202b8ba5a962,"{""provekit"":""v1""}",{},0cee957fb10aad41b1a97137f8075ccf30707f7d,Closest available counterpart only; proof statements and implementation details are not equivalent.,,,/Users/dcbuilder/Code/world/.worktrees/provekit-v1-cross-device-campaign/target/v1-benchmarks/reproduction/provekit-v1-cross-device-20260730/native-ios/summary.json
provekit-v1-cross-device-20260730,iphone-se-2022-provekit_v1-passport_complete_age_check-sample-4,2026-07-30T16:24:00.515Z,iphone_se_2022,iPhone SE 2022,iOS 15.4,arm64,ios_native,,passport,passport_complete_age_check,13044531f0f38e02ed19fcbd9b26202b8ba5a962,provekit_v1,noir,provekit-v1-whir-native,,measured,4,ok,,,6362.035125,,6363.506875,1078.5625,738487,4026340,4298197,4298197,,provekit-v1-native,13044531f0f38e02ed19fcbd9b26202b8ba5a962,"{""provekit"":""v1""}",{},0cee957fb10aad41b1a97137f8075ccf30707f7d,Closest available counterpart only; proof statements and implementation details are not equivalent.,,,/Users/dcbuilder/Code/world/.worktrees/provekit-v1-cross-device-campaign/target/v1-benchmarks/reproduction/provekit-v1-cross-device-20260730/native-ios/summary.json
provekit-v1-cross-device-20260730,iphone-se-2022-provekit_v1-passport_complete_age_check-sample-5,2026-07-30T16:24:00.515Z,iphone_se_2022,iPhone SE 2022,iOS 15.4,arm64,ios_native,,passport,passport_complete_age_check,13044531f0f38e02ed19fcbd9b26202b8ba5a962,provekit_v1,noir,provekit-v1-whir-native,,measured,5,ok,,,6206.167167,,6207.815917,1081.25,738641,4026340,4298197,4298197,,provekit-v1-native,13044531f0f38e02ed19fcbd9b26202b8ba5a962,"{""provekit"":""v1""}",{},0cee957fb10aad41b1a97137f8075ccf30707f7d,Closest available counterpart only; proof statements and implementation details are not equivalent.,,,/Users/dcbuilder/Code/world/.worktrees/provekit-v1-cross-device-campaign/target/v1-benchmarks/reproduction/provekit-v1-cross-device-20260730/native-ios/summary.json
provekit-v1-cross-device-20260730,iphone-se-2022-provekit_v1-passport_complete_age_check-warmup,2026-07-30T16:24:00.515Z,iphone_se_2022,iPhone SE 2022,iOS 15.4,arm64,ios_native,,passport,passport_complete_age_check,13044531f0f38e02ed19fcbd9b26202b8ba5a962,provekit_v1,noir,provekit-v1-whir-native,,warmup,0,ok,,,,,,,,4026340,4298197,4298197,,provekit-v1-native,13044531f0f38e02ed19fcbd9b26202b8ba5a962,"{""provekit"":""v1""}",{},0cee957fb10aad41b1a97137f8075ccf30707f7d,Closest available counterpart only; proof statements and implementation details are not equivalent.,,,/Users/dcbuilder/Code/world/.worktrees/provekit-v1-cross-device-campaign/target/v1-benchmarks/reproduction/provekit-v1-cross-device-20260730/native-ios/summary.json
provekit-v1-cross-device-20260730,iphone-se-2022-circom_groth16-privacy_ethereum_webauthn-sample-1,2026-07-30T16:24:00.515Z,iphone_se_2022,iPhone SE 2022,iOS 15.4,arm64,ios_native,,webauthn,privacy_ethereum_webauthn,0fb5b4aa1398281c2fd3dbe14db147e05b61f201,circom_groth16,circom,rapidsnark-groth16-native-single-thread,frozen-wtns-witnesscalc-adapter-0.1.7,measured,1,ok,,,36998.1695,,36998.182209,845.3125,1002,1842364184,1842364184,1842364184,,groth16-rust-rapidsnark-0.1.4,13044531f0f38e02ed19fcbd9b26202b8ba5a962,"{""mopro"":""0.3.7"",""rust_rapidsnark"":""0.1.4"",""witnesscalc_adapter"":""0.1.7"",""rapidsnark_threads"":1}",{},9fe5b442db9319cae7010b9e89c95610685e4a6e,Closest available counterpart only; proof statements and implementation details are not equivalent. Circuit/proving payload size is an asset-size estimate: zkey plus frozen WTNS; IPA and app package sizes are excluded.,,,/Users/dcbuilder/Code/world/.worktrees/provekit-v1-cross-device-campaign/target/v1-benchmarks/reproduction/provekit-v1-cross-device-20260730/native-ios/summary.json
provekit-v1-cross-device-20260730,iphone-se-2022-circom_groth16-privacy_ethereum_webauthn-sample-2,2026-07-30T16:24:00.515Z,iphone_se_2022,iPhone SE 2022,iOS 15.4,arm64,ios_native,,webauthn,privacy_ethereum_webauthn,0fb5b4aa1398281c2fd3dbe14db147e05b61f201,circom_groth16,circom,rapidsnark-groth16-native-single-thread,frozen-wtns-witnesscalc-adapter-0.1.7,measured,2,ok,,,39245.250417,,39245.254625,845,1006,1842364184,1842364184,1842364184,,groth16-rust-rapidsnark-0.1.4,13044531f0f38e02ed19fcbd9b26202b8ba5a962,"{""mopro"":""0.3.7"",""rust_rapidsnark"":""0.1.4"",""witnesscalc_adapter"":""0.1.7"",""rapidsnark_threads"":1}",{},9fe5b442db9319cae7010b9e89c95610685e4a6e,Closest available counterpart only; proof statements and implementation details are not equivalent. Circuit/proving payload size is an asset-size estimate: zkey plus frozen WTNS; IPA and app package sizes are excluded.,,,/Users/dcbuilder/Code/world/.worktrees/provekit-v1-cross-device-campaign/target/v1-benchmarks/reproduction/provekit-v1-cross-device-20260730/native-ios/summary.json
provekit-v1-cross-device-20260730,iphone-se-2022-circom_groth16-privacy_ethereum_webauthn-sample-3,2026-07-30T16:24:00.515Z,iphone_se_2022,iPhone SE 2022,iOS 15.4,arm64,ios_native,,webauthn,privacy_ethereum_webauthn,0fb5b4aa1398281c2fd3dbe14db147e05b61f201,circom_groth16,circom,rapidsnark-groth16-native-single-thread,frozen-wtns-witnesscalc-adapter-0.1.7,measured,3,ok,,,38393.932667,,38393.945125,844.40625,1001,1842364184,1842364184,1842364184,,groth16-rust-rapidsnark-0.1.4,13044531f0f38e02ed19fcbd9b26202b8ba5a962,"{""mopro"":""0.3.7"",""rust_rapidsnark"":""0.1.4"",""witnesscalc_adapter"":""0.1.7"",""rapidsnark_threads"":1}",{},9fe5b442db9319cae7010b9e89c95610685e4a6e,Closest available counterpart only; proof statements and implementation details are not equivalent. Circuit/proving payload size is an asset-size estimate: zkey plus frozen WTNS; IPA and app package sizes are excluded.,,,/Users/dcbuilder/Code/world/.worktrees/provekit-v1-cross-device-campaign/target/v1-benchmarks/reproduction/provekit-v1-cross-device-20260730/native-ios/summary.json
provekit-v1-cross-device-20260730,iphone-se-2022-circom_groth16-privacy_ethereum_webauthn-sample-4,2026-07-30T16:24:00.515Z,iphone_se_2022,iPhone SE 2022,iOS 15.4,arm64,ios_native,,webauthn,privacy_ethereum_webauthn,0fb5b4aa1398281c2fd3dbe14db147e05b61f201,circom_groth16,circom,rapidsnark-groth16-native-single-thread,frozen-wtns-witnesscalc-adapter-0.1.7,measured,4,ok,,,38679.03925,,38679.051959,844.8125,1000,1842364184,1842364184,1842364184,,groth16-rust-rapidsnark-0.1.4,13044531f0f38e02ed19fcbd9b26202b8ba5a962,"{""mopro"":""0.3.7"",""rust_rapidsnark"":""0.1.4"",""witnesscalc_adapter"":""0.1.7"",""rapidsnark_threads"":1}",{},9fe5b442db9319cae7010b9e89c95610685e4a6e,Closest available counterpart only; proof statements and implementation details are not equivalent. Circuit/proving payload size is an asset-size estimate: zkey plus frozen WTNS; IPA and app package sizes are excluded.,,,/Users/dcbuilder/Code/world/.worktrees/provekit-v1-cross-device-campaign/target/v1-benchmarks/reproduction/provekit-v1-cross-device-20260730/native-ios/summary.json
provekit-v1-cross-device-20260730,iphone-se-2022-circom_groth16-privacy_ethereum_webauthn-sample-5,2026-07-30T16:24:00.515Z,iphone_se_2022,iPhone SE 2022,iOS 15.4,arm64,ios_native,,webauthn,privacy_ethereum_webauthn,0fb5b4aa1398281c2fd3dbe14db147e05b61f201,circom_groth16,circom,rapidsnark-groth16-native-single-thread,frozen-wtns-witnesscalc-adapter-0.1.7,measured,5,ok,,,38943.579333,,38943.588417,848.21875,1002,1842364184,1842364184,1842364184,,groth16-rust-rapidsnark-0.1.4,13044531f0f38e02ed19fcbd9b26202b8ba5a962,"{""mopro"":""0.3.7"",""rust_rapidsnark"":""0.1.4"",""witnesscalc_adapter"":""0.1.7"",""rapidsnark_threads"":1}",{},9fe5b442db9319cae7010b9e89c95610685e4a6e,Closest available counterpart only; proof statements and implementation details are not equivalent. Circuit/proving payload size is an asset-size estimate: zkey plus frozen WTNS; IPA and app package sizes are excluded.,,,/Users/dcbuilder/Code/world/.worktrees/provekit-v1-cross-device-campaign/target/v1-benchmarks/reproduction/provekit-v1-cross-device-20260730/native-ios/summary.json
provekit-v1-cross-device-20260730,iphone-se-2022-circom_groth16-privacy_ethereum_webauthn-warmup,2026-07-30T16:24:00.515Z,iphone_se_2022,iPhone SE 2022,iOS 15.4,arm64,ios_native,,webauthn,privacy_ethereum_webauthn,0fb5b4aa1398281c2fd3dbe14db147e05b61f201,circom_groth16,circom,rapidsnark-groth16-native-single-thread,frozen-wtns-witnesscalc-adapter-0.1.7,warmup,0,ok,,,,,,,,1842364184,1842364184,1842364184,,groth16-rust-rapidsnark-0.1.4,13044531f0f38e02ed19fcbd9b26202b8ba5a962,"{""mopro"":""0.3.7"",""rust_rapidsnark"":""0.1.4"",""witnesscalc_adapter"":""0.1.7"",""rapidsnark_threads"":1}",{},9fe5b442db9319cae7010b9e89c95610685e4a6e,Closest available counterpart only; proof statements and implementation details are not equivalent. Circuit/proving payload size is an asset-size estimate: zkey plus frozen WTNS; IPA and app package sizes are excluded.,,,/Users/dcbuilder/Code/world/.worktrees/provekit-v1-cross-device-campaign/target/v1-benchmarks/reproduction/provekit-v1-cross-device-20260730/native-ios/summary.json
provekit-v1-cross-device-20260730,iphone-se-2022-noir_barretenberg-webauthn_assertion-sample-1,2026-07-30T16:24:00.515Z,iphone_se_2022,iPhone SE 2022,iOS 15.4,arm64,ios_native,,webauthn,webauthn_assertion,85aeeef539961cae5a63de794997b507a5975717,noir_barretenberg,noir,barretenberg-ultrahonk-native,,measured,1,ok,,,4044.97525,,4044.980875,667.375,21092,2691859,271478529,271478529,,noir-v1.0.0-beta.19-barretenberg-rs-4.2.0-aztecnr-rc.2,13044531f0f38e02ed19fcbd9b26202b8ba5a962,"{""mopro"":""0.3.7"",""noir"":""1.0.0-beta.19"",""barretenberg_rs"":""4.2.0-aztecnr-rc.2""}",{},66e15d58d1543b741abe8dac268908c80d49bc76,Closest available counterpart only; proof statements and implementation details are not equivalent.,,,/Users/dcbuilder/Code/world/.worktrees/provekit-v1-cross-device-campaign/target/v1-benchmarks/reproduction/provekit-v1-cross-device-20260730/native-ios/summary.json
provekit-v1-cross-device-20260730,iphone-se-2022-noir_barretenberg-webauthn_assertion-sample-2,2026-07-30T16:24:00.515Z,iphone_se_2022,iPhone SE 2022,iOS 15.4,arm64,ios_native,,webauthn,webauthn_assertion,85aeeef539961cae5a63de794997b507a5975717,noir_barretenberg,noir,barretenberg-ultrahonk-native,,measured,2,ok,,,4019.74825,,4019.753625,667.34375,21092,2691859,271478529,271478529,,noir-v1.0.0-beta.19-barretenberg-rs-4.2.0-aztecnr-rc.2,13044531f0f38e02ed19fcbd9b26202b8ba5a962,"{""mopro"":""0.3.7"",""noir"":""1.0.0-beta.19"",""barretenberg_rs"":""4.2.0-aztecnr-rc.2""}",{},66e15d58d1543b741abe8dac268908c80d49bc76,Closest available counterpart only; proof statements and implementation details are not equivalent.,,,/Users/dcbuilder/Code/world/.worktrees/provekit-v1-cross-device-campaign/target/v1-benchmarks/reproduction/provekit-v1-cross-device-20260730/native-ios/summary.json
provekit-v1-cross-device-20260730,iphone-se-2022-noir_barretenberg-webauthn_assertion-sample-3,2026-07-30T16:24:00.515Z,iphone_se_2022,iPhone SE 2022,iOS 15.4,arm64,ios_native,,webauthn,webauthn_assertion,85aeeef539961cae5a63de794997b507a5975717,noir_barretenberg,noir,barretenberg-ultrahonk-native,,measured,3,ok,,,4102.73925,,4102.742667,675.375,21092,2691859,271478529,271478529,,noir-v1.0.0-beta.19-barretenberg-rs-4.2.0-aztecnr-rc.2,13044531f0f38e02ed19fcbd9b26202b8ba5a962,"{""mopro"":""0.3.7"",""noir"":""1.0.0-beta.19"",""barretenberg_rs"":""4.2.0-aztecnr-rc.2""}",{},66e15d58d1543b741abe8dac268908c80d49bc76,Closest available counterpart only; proof statements and implementation details are not equivalent.,,,/Users/dcbuilder/Code/world/.worktrees/provekit-v1-cross-device-campaign/target/v1-benchmarks/reproduction/provekit-v1-cross-device-20260730/native-ios/summary.json
provekit-v1-cross-device-20260730,iphone-se-2022-noir_barretenberg-webauthn_assertion-sample-4,2026-07-30T16:24:00.515Z,iphone_se_2022,iPhone SE 2022,iOS 15.4,arm64,ios_native,,webauthn,webauthn_assertion,85aeeef539961cae5a63de794997b507a5975717,noir_barretenberg,noir,barretenberg-ultrahonk-native,,measured,4,ok,,,4060.3015,,4060.31975,675.375,21092,2691859,271478529,271478529,,noir-v1.0.0-beta.19-barretenberg-rs-4.2.0-aztecnr-rc.2,13044531f0f38e02ed19fcbd9b26202b8ba5a962,"{""mopro"":""0.3.7"",""noir"":""1.0.0-beta.19"",""barretenberg_rs"":""4.2.0-aztecnr-rc.2""}",{},66e15d58d1543b741abe8dac268908c80d49bc76,Closest available counterpart only; proof statements and implementation details are not equivalent.,,,/Users/dcbuilder/Code/world/.worktrees/provekit-v1-cross-device-campaign/target/v1-benchmarks/reproduction/provekit-v1-cross-device-20260730/native-ios/summary.json
provekit-v1-cross-device-20260730,iphone-se-2022-noir_barretenberg-webauthn_assertion-sample-5,2026-07-30T16:24:00.515Z,iphone_se_2022,iPhone SE 2022,iOS 15.4,arm64,ios_native,,webauthn,webauthn_assertion,85aeeef539961cae5a63de794997b507a5975717,noir_barretenberg,noir,barretenberg-ultrahonk-native,,measured,5,ok,,,4099.76075,,4099.766,675.375,21092,2691859,271478529,271478529,,noir-v1.0.0-beta.19-barretenberg-rs-4.2.0-aztecnr-rc.2,13044531f0f38e02ed19fcbd9b26202b8ba5a962,"{""mopro"":""0.3.7"",""noir"":""1.0.0-beta.19"",""barretenberg_rs"":""4.2.0-aztecnr-rc.2""}",{},66e15d58d1543b741abe8dac268908c80d49bc76,Closest available counterpart only; proof statements and implementation details are not equivalent.,,,/Users/dcbuilder/Code/world/.worktrees/provekit-v1-cross-device-campaign/target/v1-benchmarks/reproduction/provekit-v1-cross-device-20260730/native-ios/summary.json
provekit-v1-cross-device-20260730,iphone-se-2022-noir_barretenberg-webauthn_assertion-warmup,2026-07-30T16:24:00.515Z,iphone_se_2022,iPhone SE 2022,iOS 15.4,arm64,ios_native,,webauthn,webauthn_assertion,85aeeef539961cae5a63de794997b507a5975717,noir_barretenberg,noir,barretenberg-ultrahonk-native,,warmup,0,ok,,,,,,,,2691859,271478529,271478529,,noir-v1.0.0-beta.19-barretenberg-rs-4.2.0-aztecnr-rc.2,13044531f0f38e02ed19fcbd9b26202b8ba5a962,"{""mopro"":""0.3.7"",""noir"":""1.0.0-beta.19"",""barretenberg_rs"":""4.2.0-aztecnr-rc.2""}",{},66e15d58d1543b741abe8dac268908c80d49bc76,Closest available counterpart only; proof statements and implementation details are not equivalent.,,,/Users/dcbuilder/Code/world/.worktrees/provekit-v1-cross-device-campaign/target/v1-benchmarks/reproduction/provekit-v1-cross-device-20260730/native-ios/summary.json
provekit-v1-cross-device-20260730,iphone-se-2022-provekit_v1-webauthn_assertion-sample-1,2026-07-30T16:24:00.515Z,iphone_se_2022,iPhone SE 2022,iOS 15.4,arm64,ios_native,,webauthn,webauthn_assertion,85aeeef539961cae5a63de794997b507a5975717,provekit_v1,noir,provekit-v1-whir-native,,measured,1,ok,,,2744.448,,2745.328208,561.5,714002,2327248,2376468,2376468,,provekit-v1-native,13044531f0f38e02ed19fcbd9b26202b8ba5a962,"{""provekit"":""v1""}",{},fc11d978ae10d3c4766298eb0be0348c979831c4,Closest available counterpart only; proof statements and implementation details are not equivalent.,,,/Users/dcbuilder/Code/world/.worktrees/provekit-v1-cross-device-campaign/target/v1-benchmarks/reproduction/provekit-v1-cross-device-20260730/native-ios/summary.json
provekit-v1-cross-device-20260730,iphone-se-2022-provekit_v1-webauthn_assertion-sample-2,2026-07-30T16:24:00.515Z,iphone_se_2022,iPhone SE 2022,iOS 15.4,arm64,ios_native,,webauthn,webauthn_assertion,85aeeef539961cae5a63de794997b507a5975717,provekit_v1,noir,provekit-v1-whir-native,,measured,2,ok,,,2794.075083,,2794.925916,575.375,714909,2327248,2376468,2376468,,provekit-v1-native,13044531f0f38e02ed19fcbd9b26202b8ba5a962,"{""provekit"":""v1""}",{},fc11d978ae10d3c4766298eb0be0348c979831c4,Closest available counterpart only; proof statements and implementation details are not equivalent.,,,/Users/dcbuilder/Code/world/.worktrees/provekit-v1-cross-device-campaign/target/v1-benchmarks/reproduction/provekit-v1-cross-device-20260730/native-ios/summary.json
provekit-v1-cross-device-20260730,iphone-se-2022-provekit_v1-webauthn_assertion-sample-3,2026-07-30T16:24:00.515Z,iphone_se_2022,iPhone SE 2022,iOS 15.4,arm64,ios_native,,webauthn,webauthn_assertion,85aeeef539961cae5a63de794997b507a5975717,provekit_v1,noir,provekit-v1-whir-native,,measured,3,ok,,,2821.319334,,2822.188709,587.484375,716960,2327248,2376468,2376468,,provekit-v1-native,13044531f0f38e02ed19fcbd9b26202b8ba5a962,"{""provekit"":""v1""}",{},fc11d978ae10d3c4766298eb0be0348c979831c4,Closest available counterpart only; proof statements and implementation details are not equivalent.,,,/Users/dcbuilder/Code/world/.worktrees/provekit-v1-cross-device-campaign/target/v1-benchmarks/reproduction/provekit-v1-cross-device-20260730/native-ios/summary.json
provekit-v1-cross-device-20260730,iphone-se-2022-provekit_v1-webauthn_assertion-sample-4,2026-07-30T16:24:00.515Z,iphone_se_2022,iPhone SE 2022,iOS 15.4,arm64,ios_native,,webauthn,webauthn_assertion,85aeeef539961cae5a63de794997b507a5975717,provekit_v1,noir,provekit-v1-whir-native,,measured,4,ok,,,3179.574625,,3180.6465,601.546875,714819,2327248,2376468,2376468,,provekit-v1-native,13044531f0f38e02ed19fcbd9b26202b8ba5a962,"{""provekit"":""v1""}",{},fc11d978ae10d3c4766298eb0be0348c979831c4,Closest available counterpart only; proof statements and implementation details are not equivalent.,,,/Users/dcbuilder/Code/world/.worktrees/provekit-v1-cross-device-campaign/target/v1-benchmarks/reproduction/provekit-v1-cross-device-20260730/native-ios/summary.json
provekit-v1-cross-device-20260730,iphone-se-2022-provekit_v1-webauthn_assertion-sample-5,2026-07-30T16:24:00.515Z,iphone_se_2022,iPhone SE 2022,iOS 15.4,arm64,ios_native,,webauthn,webauthn_assertion,85aeeef539961cae5a63de794997b507a5975717,provekit_v1,noir,provekit-v1-whir-native,,measured,5,ok,,,3282.888375,,3284.043667,606.90625,718839,2327248,2376468,2376468,,provekit-v1-native,13044531f0f38e02ed19fcbd9b26202b8ba5a962,"{""provekit"":""v1""}",{},fc11d978ae10d3c4766298eb0be0348c979831c4,Closest available counterpart only; proof statements and implementation details are not equivalent.,,,/Users/dcbuilder/Code/world/.worktrees/provekit-v1-cross-device-campaign/target/v1-benchmarks/reproduction/provekit-v1-cross-device-20260730/native-ios/summary.json
provekit-v1-cross-device-20260730,iphone-se-2022-provekit_v1-webauthn_assertion-warmup,2026-07-30T16:24:00.515Z,iphone_se_2022,iPhone SE 2022,iOS 15.4,arm64,ios_native,,webauthn,webauthn_assertion,85aeeef539961cae5a63de794997b507a5975717,provekit_v1,noir,provekit-v1-whir-native,,warmup,0,ok,,,,,,,,2327248,2376468,2376468,,provekit-v1-native,13044531f0f38e02ed19fcbd9b26202b8ba5a962,"{""provekit"":""v1""}",{},fc11d978ae10d3c4766298eb0be0348c979831c4,Closest available counterpart only; proof statements and implementation details are not equivalent.,,,/Users/dcbuilder/Code/world/.worktrees/provekit-v1-cross-device-campaign/target/v1-benchmarks/reproduction/provekit-v1-cross-device-20260730/native-ios/summary.json
provekit-v1-cross-device-20260730,mac-chrome-circom-world_id_protocol_nullifier-sample-1,2026-07-30T12:11:53.390Z,macbook_m4,MacBook Pro M4 Max,macOS 26.5.2 (25F84),arm64,browser_wasm,Google Chrome 151.0.7922.72 headless,oprf,world_id_protocol_nullifier,85aeeef539961cae5a63de794997b507a5975717,circom_groth16,circom,snarkjs_0.7.6_browser_wasm,snarkjs-wtns-calculate-wasm,measured,1,ok,,180.7,2036.1,9.6,2231.8,3031.75,723,918505,39203507,39203507,53677,circom-2.2.2-snarkjs-zkey,13044531f0f38e02ed19fcbd9b26202b8ba5a962,"{""circom"":""2.2.2"",""snarkjs"":""0.7.6""}","{""wasm_sha256"":""f13e21ad5a14462a7ccd9d30c845d551e1eac3cc0346676aa674c792bb91e909"",""zkey_sha256"":""5c13f036144b3e9767edb51dc28034d3dc8d72d6ca4d66fad2c9655f5b4653dc"",""input_sha256"":""662a0242fd4a36ad71d565a51d5ecc4e70b764fd884d41902911e30a85764d40""}",,Closest available counterpart only; proof statements and implementation details are not equivalent.,,,/Users/dcbuilder/Code/world/.worktrees/provekit-v1-cross-device-campaign/target/v1-benchmarks/reproduction/mac-chrome-proof-metrics/raw/circom-oprf.json
provekit-v1-cross-device-20260730,mac-chrome-circom-world_id_protocol_nullifier-sample-2,2026-07-30T12:11:53.390Z,macbook_m4,MacBook Pro M4 Max,macOS 26.5.2 (25F84),arm64,browser_wasm,Google Chrome 151.0.7922.72 headless,oprf,world_id_protocol_nullifier,85aeeef539961cae5a63de794997b507a5975717,circom_groth16,circom,snarkjs_0.7.6_browser_wasm,snarkjs-wtns-calculate-wasm,measured,2,ok,,189,1932.9,8.4,2135.2,3031.75,725,918505,39203507,39203507,53677,circom-2.2.2-snarkjs-zkey,13044531f0f38e02ed19fcbd9b26202b8ba5a962,"{""circom"":""2.2.2"",""snarkjs"":""0.7.6""}","{""wasm_sha256"":""f13e21ad5a14462a7ccd9d30c845d551e1eac3cc0346676aa674c792bb91e909"",""zkey_sha256"":""5c13f036144b3e9767edb51dc28034d3dc8d72d6ca4d66fad2c9655f5b4653dc"",""input_sha256"":""662a0242fd4a36ad71d565a51d5ecc4e70b764fd884d41902911e30a85764d40""}",,Closest available counterpart only; proof statements and implementation details are not equivalent.,,,/Users/dcbuilder/Code/world/.worktrees/provekit-v1-cross-device-campaign/target/v1-benchmarks/reproduction/mac-chrome-proof-metrics/raw/circom-oprf.json
provekit-v1-cross-device-20260730,mac-chrome-circom-world_id_protocol_nullifier-sample-3,2026-07-30T12:11:53.390Z,macbook_m4,MacBook Pro M4 Max,macOS 26.5.2 (25F84),arm64,browser_wasm,Google Chrome 151.0.7922.72 headless,oprf,world_id_protocol_nullifier,85aeeef539961cae5a63de794997b507a5975717,circom_groth16,circom,snarkjs_0.7.6_browser_wasm,snarkjs-wtns-calculate-wasm,measured,3,ok,,173.5,1810.2,7.9,1995.7,3031.75,724,918505,39203507,39203507,53677,circom-2.2.2-snarkjs-zkey,13044531f0f38e02ed19fcbd9b26202b8ba5a962,"{""circom"":""2.2.2"",""snarkjs"":""0.7.6""}","{""wasm_sha256"":""f13e21ad5a14462a7ccd9d30c845d551e1eac3cc0346676aa674c792bb91e909"",""zkey_sha256"":""5c13f036144b3e9767edb51dc28034d3dc8d72d6ca4d66fad2c9655f5b4653dc"",""input_sha256"":""662a0242fd4a36ad71d565a51d5ecc4e70b764fd884d41902911e30a85764d40""}",,Closest available counterpart only; proof statements and implementation details are not equivalent.,,,/Users/dcbuilder/Code/world/.worktrees/provekit-v1-cross-device-campaign/target/v1-benchmarks/reproduction/mac-chrome-proof-metrics/raw/circom-oprf.json
provekit-v1-cross-device-20260730,mac-chrome-circom-world_id_protocol_nullifier-sample-4,2026-07-30T12:11:53.390Z,macbook_m4,MacBook Pro M4 Max,macOS 26.5.2 (25F84),arm64,browser_wasm,Google Chrome 151.0.7922.72 headless,oprf,world_id_protocol_nullifier,85aeeef539961cae5a63de794997b507a5975717,circom_groth16,circom,snarkjs_0.7.6_browser_wasm,snarkjs-wtns-calculate-wasm,measured,4,ok,,168.7,1836.8,7.3,2017.1,3031.75,722,918505,39203507,39203507,53677,circom-2.2.2-snarkjs-zkey,13044531f0f38e02ed19fcbd9b26202b8ba5a962,"{""circom"":""2.2.2"",""snarkjs"":""0.7.6""}","{""wasm_sha256"":""f13e21ad5a14462a7ccd9d30c845d551e1eac3cc0346676aa674c792bb91e909"",""zkey_sha256"":""5c13f036144b3e9767edb51dc28034d3dc8d72d6ca4d66fad2c9655f5b4653dc"",""input_sha256"":""662a0242fd4a36ad71d565a51d5ecc4e70b764fd884d41902911e30a85764d40""}",,Closest available counterpart only; proof statements and implementation details are not equivalent.,,,/Users/dcbuilder/Code/world/.worktrees/provekit-v1-cross-device-campaign/target/v1-benchmarks/reproduction/mac-chrome-proof-metrics/raw/circom-oprf.json
provekit-v1-cross-device-20260730,mac-chrome-circom-world_id_protocol_nullifier-sample-5,2026-07-30T12:11:53.390Z,macbook_m4,MacBook Pro M4 Max,macOS 26.5.2 (25F84),arm64,browser_wasm,Google Chrome 151.0.7922.72 headless,oprf,world_id_protocol_nullifier,85aeeef539961cae5a63de794997b507a5975717,circom_groth16,circom,snarkjs_0.7.6_browser_wasm,snarkjs-wtns-calculate-wasm,measured,5,ok,,158.5,1820.1,7.7,1990.7,3031.75,722,918505,39203507,39203507,53677,circom-2.2.2-snarkjs-zkey,13044531f0f38e02ed19fcbd9b26202b8ba5a962,"{""circom"":""2.2.2"",""snarkjs"":""0.7.6""}","{""wasm_sha256"":""f13e21ad5a14462a7ccd9d30c845d551e1eac3cc0346676aa674c792bb91e909"",""zkey_sha256"":""5c13f036144b3e9767edb51dc28034d3dc8d72d6ca4d66fad2c9655f5b4653dc"",""input_sha256"":""662a0242fd4a36ad71d565a51d5ecc4e70b764fd884d41902911e30a85764d40""}",,Closest available counterpart only; proof statements and implementation details are not equivalent.,,,/Users/dcbuilder/Code/world/.worktrees/provekit-v1-cross-device-campaign/target/v1-benchmarks/reproduction/mac-chrome-proof-metrics/raw/circom-oprf.json
provekit-v1-cross-device-20260730,mac-chrome-circom-world_id_protocol_nullifier-warmup,2026-07-30T12:11:53.390Z,macbook_m4,MacBook Pro M4 Max,macOS 26.5.2 (25F84),arm64,browser_wasm,Google Chrome 151.0.7922.72 headless,oprf,world_id_protocol_nullifier,85aeeef539961cae5a63de794997b507a5975717,circom_groth16,circom,snarkjs_0.7.6_browser_wasm,snarkjs-wtns-calculate-wasm,warmup,0,ok,,188.4,2091.7,8.9,2293.5,3031.75,724,918505,39203507,39203507,53677,circom-2.2.2-snarkjs-zkey,13044531f0f38e02ed19fcbd9b26202b8ba5a962,"{""circom"":""2.2.2"",""snarkjs"":""0.7.6""}","{""wasm_sha256"":""f13e21ad5a14462a7ccd9d30c845d551e1eac3cc0346676aa674c792bb91e909"",""zkey_sha256"":""5c13f036144b3e9767edb51dc28034d3dc8d72d6ca4d66fad2c9655f5b4653dc"",""input_sha256"":""662a0242fd4a36ad71d565a51d5ecc4e70b764fd884d41902911e30a85764d40""}",,Closest available counterpart only; proof statements and implementation details are not equivalent.,,,/Users/dcbuilder/Code/world/.worktrees/provekit-v1-cross-device-campaign/target/v1-benchmarks/reproduction/mac-chrome-proof-metrics/raw/circom-oprf.json
provekit-v1-cross-device-20260730,mac-chrome-circom-world_id_protocol_query-sample-1,2026-07-30T12:11:53.390Z,macbook_m4,MacBook Pro M4 Max,macOS 26.5.2 (25F84),arm64,browser_wasm,Google Chrome 151.0.7922.72 headless,oprf,world_id_protocol_query,85aeeef539961cae5a63de794997b507a5975717,circom_groth16,circom,snarkjs_0.7.6_browser_wasm,snarkjs-wtns-calculate-wasm,measured,1,ok,,72.4,1171.3,8.6,1256.4,3031.75,723,738804,18192574,18192574,20966,circom-2.2.2-snarkjs-zkey,13044531f0f38e02ed19fcbd9b26202b8ba5a962,"{""circom"":""2.2.2"",""snarkjs"":""0.7.6""}","{""wasm_sha256"":""24fbb8a2f0516407b07bafa08f58f47cf08ac3398278bcaf9d0151223c55d0a5"",""zkey_sha256"":""1fe8c40ce1de0f6a0dc636472db845bed20fc6f5d9ae8a03c6de53ad80db9bfe"",""input_sha256"":""eb823c2b9b24f8aa4ce9927161770916e4377a68657ced5cc32f916a5c7874bc""}",,Closest available counterpart only; proof statements and implementation details are not equivalent.,,,/Users/dcbuilder/Code/world/.worktrees/provekit-v1-cross-device-campaign/target/v1-benchmarks/reproduction/mac-chrome-proof-metrics/raw/circom-oprf.json
provekit-v1-cross-device-20260730,mac-chrome-circom-world_id_protocol_query-sample-2,2026-07-30T12:11:53.390Z,macbook_m4,MacBook Pro M4 Max,macOS 26.5.2 (25F84),arm64,browser_wasm,Google Chrome 151.0.7922.72 headless,oprf,world_id_protocol_query,85aeeef539961cae5a63de794997b507a5975717,circom_groth16,circom,snarkjs_0.7.6_browser_wasm,snarkjs-wtns-calculate-wasm,measured,2,ok,,72.9,1097.8,7.7,1183.3,3031.75,723,738804,18192574,18192574,20966,circom-2.2.2-snarkjs-zkey,13044531f0f38e02ed19fcbd9b26202b8ba5a962,"{""circom"":""2.2.2"",""snarkjs"":""0.7.6""}","{""wasm_sha256"":""24fbb8a2f0516407b07bafa08f58f47cf08ac3398278bcaf9d0151223c55d0a5"",""zkey_sha256"":""1fe8c40ce1de0f6a0dc636472db845bed20fc6f5d9ae8a03c6de53ad80db9bfe"",""input_sha256"":""eb823c2b9b24f8aa4ce9927161770916e4377a68657ced5cc32f916a5c7874bc""}",,Closest available counterpart only; proof statements and implementation details are not equivalent.,,,/Users/dcbuilder/Code/world/.worktrees/provekit-v1-cross-device-campaign/target/v1-benchmarks/reproduction/mac-chrome-proof-metrics/raw/circom-oprf.json
provekit-v1-cross-device-20260730,mac-chrome-circom-world_id_protocol_query-sample-3,2026-07-30T12:11:53.390Z,macbook_m4,MacBook Pro M4 Max,macOS 26.5.2 (25F84),arm64,browser_wasm,Google Chrome 151.0.7922.72 headless,oprf,world_id_protocol_query,85aeeef539961cae5a63de794997b507a5975717,circom_groth16,circom,snarkjs_0.7.6_browser_wasm,snarkjs-wtns-calculate-wasm,measured,3,ok,,65.4,992.4,7.5,1069.6,3031.75,722,738804,18192574,18192574,20966,circom-2.2.2-snarkjs-zkey,13044531f0f38e02ed19fcbd9b26202b8ba5a962,"{""circom"":""2.2.2"",""snarkjs"":""0.7.6""}","{""wasm_sha256"":""24fbb8a2f0516407b07bafa08f58f47cf08ac3398278bcaf9d0151223c55d0a5"",""zkey_sha256"":""1fe8c40ce1de0f6a0dc636472db845bed20fc6f5d9ae8a03c6de53ad80db9bfe"",""input_sha256"":""eb823c2b9b24f8aa4ce9927161770916e4377a68657ced5cc32f916a5c7874bc""}",,Closest available counterpart only; proof statements and implementation details are not equivalent.,,,/Users/dcbuilder/Code/world/.worktrees/provekit-v1-cross-device-campaign/target/v1-benchmarks/reproduction/mac-chrome-proof-metrics/raw/circom-oprf.json
provekit-v1-cross-device-20260730,mac-chrome-circom-world_id_protocol_query-sample-4,2026-07-30T12:11:53.390Z,macbook_m4,MacBook Pro M4 Max,macOS 26.5.2 (25F84),arm64,browser_wasm,Google Chrome 151.0.7922.72 headless,oprf,world_id_protocol_query,85aeeef539961cae5a63de794997b507a5975717,circom_groth16,circom,snarkjs_0.7.6_browser_wasm,snarkjs-wtns-calculate-wasm,measured,4,ok,,66.3,935.2,8.7,1014.2,3031.75,721,738804,18192574,18192574,20966,circom-2.2.2-snarkjs-zkey,13044531f0f38e02ed19fcbd9b26202b8ba5a962,"{""circom"":""2.2.2"",""snarkjs"":""0.7.6""}","{""wasm_sha256"":""24fbb8a2f0516407b07bafa08f58f47cf08ac3398278bcaf9d0151223c55d0a5"",""zkey_sha256"":""1fe8c40ce1de0f6a0dc636472db845bed20fc6f5d9ae8a03c6de53ad80db9bfe"",""input_sha256"":""eb823c2b9b24f8aa4ce9927161770916e4377a68657ced5cc32f916a5c7874bc""}",,Closest available counterpart only; proof statements and implementation details are not equivalent.,,,/Users/dcbuilder/Code/world/.worktrees/provekit-v1-cross-device-campaign/target/v1-benchmarks/reproduction/mac-chrome-proof-metrics/raw/circom-oprf.json
provekit-v1-cross-device-20260730,mac-chrome-circom-world_id_protocol_query-sample-5,2026-07-30T12:11:53.390Z,macbook_m4,MacBook Pro M4 Max,macOS 26.5.2 (25F84),arm64,browser_wasm,Google Chrome 151.0.7922.72 headless,oprf,world_id_protocol_query,85aeeef539961cae5a63de794997b507a5975717,circom_groth16,circom,snarkjs_0.7.6_browser_wasm,snarkjs-wtns-calculate-wasm,measured,5,ok,,66.7,1065.9,9.7,1146.1,3031.75,727,738804,18192574,18192574,20966,circom-2.2.2-snarkjs-zkey,13044531f0f38e02ed19fcbd9b26202b8ba5a962,"{""circom"":""2.2.2"",""snarkjs"":""0.7.6""}","{""wasm_sha256"":""24fbb8a2f0516407b07bafa08f58f47cf08ac3398278bcaf9d0151223c55d0a5"",""zkey_sha256"":""1fe8c40ce1de0f6a0dc636472db845bed20fc6f5d9ae8a03c6de53ad80db9bfe"",""input_sha256"":""eb823c2b9b24f8aa4ce9927161770916e4377a68657ced5cc32f916a5c7874bc""}",,Closest available counterpart only; proof statements and implementation details are not equivalent.,,,/Users/dcbuilder/Code/world/.worktrees/provekit-v1-cross-device-campaign/target/v1-benchmarks/reproduction/mac-chrome-proof-metrics/raw/circom-oprf.json
provekit-v1-cross-device-20260730,mac-chrome-circom-world_id_protocol_query-warmup,2026-07-30T12:11:53.390Z,macbook_m4,MacBook Pro M4 Max,macOS 26.5.2 (25F84),arm64,browser_wasm,Google Chrome 151.0.7922.72 headless,oprf,world_id_protocol_query,85aeeef539961cae5a63de794997b507a5975717,circom_groth16,circom,snarkjs_0.7.6_browser_wasm,snarkjs-wtns-calculate-wasm,warmup,0,ok,,51.8,918.8,10.5,985.7,3031.75,722,738804,18192574,18192574,20966,circom-2.2.2-snarkjs-zkey,13044531f0f38e02ed19fcbd9b26202b8ba5a962,"{""circom"":""2.2.2"",""snarkjs"":""0.7.6""}","{""wasm_sha256"":""24fbb8a2f0516407b07bafa08f58f47cf08ac3398278bcaf9d0151223c55d0a5"",""zkey_sha256"":""1fe8c40ce1de0f6a0dc636472db845bed20fc6f5d9ae8a03c6de53ad80db9bfe"",""input_sha256"":""eb823c2b9b24f8aa4ce9927161770916e4377a68657ced5cc32f916a5c7874bc""}",,Closest available counterpart only; proof statements and implementation details are not equivalent.,,,/Users/dcbuilder/Code/world/.worktrees/provekit-v1-cross-device-campaign/target/v1-benchmarks/reproduction/mac-chrome-proof-metrics/raw/circom-oprf.json
provekit-v1-cross-device-20260730,mac-chrome-noir-oprf_taceo-sample-1,2026-07-30T11:53:23.000Z,macbook_m4,MacBook Pro M4 Max,macOS 26.5.2 (25F84),arm64,browser_wasm,Google Chrome 151.0.7922.72 headless,oprf,oprf_taceo,808f3c795b57963dd58ef282ccd61022ef39c285,noir_barretenberg,noir,barretenberg-ultrahonk-wasm-single-thread,,measured,1,ok,,,5101.44,,5101.44,906.234375,16000,1243671,73610980,73610980,,noir-v1.0.0-beta.19-acir,13044531f0f38e02ed19fcbd9b26202b8ba5a962,"{""@aztec/bb.js"":""4.2.0-aztecnr-rc.2"",""@noir-lang/noir_js"":""1.0.0-beta.19""}","{""circuit_sha256"":""d5443c2c0a97e748ef53143b8ed72c3def2b7e02b78a73a6566946309a218525"",""witness_sha256"":""da3792d254434e5859fb3ab6dd2c84701a4bcf9573e7d5ebc40856540d355f13"",""source_artifact_sha256"":""2b868c6487ff092271b8797131d779e5ed182af9ccd1c6353384a2e1c789d345""}",,Closest available counterpart only; proof statements and implementation details are not equivalent.,,,/Users/dcbuilder/Code/world/.worktrees/provekit-v1-cross-device-campaign/target/v1-benchmarks/reproduction/mac-chrome-proof-metrics/raw/barretenberg-oprf.json
provekit-v1-cross-device-20260730,mac-chrome-noir-oprf_taceo-sample-2,2026-07-30T11:53:23.000Z,macbook_m4,MacBook Pro M4 Max,macOS 26.5.2 (25F84),arm64,browser_wasm,Google Chrome 151.0.7922.72 headless,oprf,oprf_taceo,808f3c795b57963dd58ef282ccd61022ef39c285,noir_barretenberg,noir,barretenberg-ultrahonk-wasm-single-thread,,measured,2,ok,,,5452.175,,5452.175,906.234375,16000,1243671,73610980,73610980,,noir-v1.0.0-beta.19-acir,13044531f0f38e02ed19fcbd9b26202b8ba5a962,"{""@aztec/bb.js"":""4.2.0-aztecnr-rc.2"",""@noir-lang/noir_js"":""1.0.0-beta.19""}","{""circuit_sha256"":""d5443c2c0a97e748ef53143b8ed72c3def2b7e02b78a73a6566946309a218525"",""witness_sha256"":""da3792d254434e5859fb3ab6dd2c84701a4bcf9573e7d5ebc40856540d355f13"",""source_artifact_sha256"":""2b868c6487ff092271b8797131d779e5ed182af9ccd1c6353384a2e1c789d345""}",,Closest available counterpart only; proof statements and implementation details are not equivalent.,,,/Users/dcbuilder/Code/world/.worktrees/provekit-v1-cross-device-campaign/target/v1-benchmarks/reproduction/mac-chrome-proof-metrics/raw/barretenberg-oprf.json
provekit-v1-cross-device-20260730,mac-chrome-noir-oprf_taceo-sample-3,2026-07-30T11:53:23.000Z,macbook_m4,MacBook Pro M4 Max,macOS 26.5.2 (25F84),arm64,browser_wasm,Google Chrome 151.0.7922.72 headless,oprf,oprf_taceo,808f3c795b57963dd58ef282ccd61022ef39c285,noir_barretenberg,noir,barretenberg-ultrahonk-wasm-single-thread,,measured,3,ok,,,5099.595,,5099.595,906.234375,16000,1243671,73610980,73610980,,noir-v1.0.0-beta.19-acir,13044531f0f38e02ed19fcbd9b26202b8ba5a962,"{""@aztec/bb.js"":""4.2.0-aztecnr-rc.2"",""@noir-lang/noir_js"":""1.0.0-beta.19""}","{""circuit_sha256"":""d5443c2c0a97e748ef53143b8ed72c3def2b7e02b78a73a6566946309a218525"",""witness_sha256"":""da3792d254434e5859fb3ab6dd2c84701a4bcf9573e7d5ebc40856540d355f13"",""source_artifact_sha256"":""2b868c6487ff092271b8797131d779e5ed182af9ccd1c6353384a2e1c789d345""}",,Closest available counterpart only; proof statements and implementation details are not equivalent.,,,/Users/dcbuilder/Code/world/.worktrees/provekit-v1-cross-device-campaign/target/v1-benchmarks/reproduction/mac-chrome-proof-metrics/raw/barretenberg-oprf.json
provekit-v1-cross-device-20260730,mac-chrome-noir-oprf_taceo-sample-4,2026-07-30T11:53:23.000Z,macbook_m4,MacBook Pro M4 Max,macOS 26.5.2 (25F84),arm64,browser_wasm,Google Chrome 151.0.7922.72 headless,oprf,oprf_taceo,808f3c795b57963dd58ef282ccd61022ef39c285,noir_barretenberg,noir,barretenberg-ultrahonk-wasm-single-thread,,measured,4,ok,,,5436.865,,5436.865,906.234375,16000,1243671,73610980,73610980,,noir-v1.0.0-beta.19-acir,13044531f0f38e02ed19fcbd9b26202b8ba5a962,"{""@aztec/bb.js"":""4.2.0-aztecnr-rc.2"",""@noir-lang/noir_js"":""1.0.0-beta.19""}","{""circuit_sha256"":""d5443c2c0a97e748ef53143b8ed72c3def2b7e02b78a73a6566946309a218525"",""witness_sha256"":""da3792d254434e5859fb3ab6dd2c84701a4bcf9573e7d5ebc40856540d355f13"",""source_artifact_sha256"":""2b868c6487ff092271b8797131d779e5ed182af9ccd1c6353384a2e1c789d345""}",,Closest available counterpart only; proof statements and implementation details are not equivalent.,,,/Users/dcbuilder/Code/world/.worktrees/provekit-v1-cross-device-campaign/target/v1-benchmarks/reproduction/mac-chrome-proof-metrics/raw/barretenberg-oprf.json
provekit-v1-cross-device-20260730,mac-chrome-noir-oprf_taceo-sample-5,2026-07-30T11:53:23.000Z,macbook_m4,MacBook Pro M4 Max,macOS 26.5.2 (25F84),arm64,browser_wasm,Google Chrome 151.0.7922.72 headless,oprf,oprf_taceo,808f3c795b57963dd58ef282ccd61022ef39c285,noir_barretenberg,noir,barretenberg-ultrahonk-wasm-single-thread,,measured,5,ok,,,4618.515,,4618.515,906.234375,16000,1243671,73610980,73610980,,noir-v1.0.0-beta.19-acir,13044531f0f38e02ed19fcbd9b26202b8ba5a962,"{""@aztec/bb.js"":""4.2.0-aztecnr-rc.2"",""@noir-lang/noir_js"":""1.0.0-beta.19""}","{""circuit_sha256"":""d5443c2c0a97e748ef53143b8ed72c3def2b7e02b78a73a6566946309a218525"",""witness_sha256"":""da3792d254434e5859fb3ab6dd2c84701a4bcf9573e7d5ebc40856540d355f13"",""source_artifact_sha256"":""2b868c6487ff092271b8797131d779e5ed182af9ccd1c6353384a2e1c789d345""}",,Closest available counterpart only; proof statements and implementation details are not equivalent.,,,/Users/dcbuilder/Code/world/.worktrees/provekit-v1-cross-device-campaign/target/v1-benchmarks/reproduction/mac-chrome-proof-metrics/raw/barretenberg-oprf.json
provekit-v1-cross-device-20260730,mac-chrome-noir-oprf_taceo-warmup,2026-07-30T11:53:23.000Z,macbook_m4,MacBook Pro M4 Max,macOS 26.5.2 (25F84),arm64,browser_wasm,Google Chrome 151.0.7922.72 headless,oprf,oprf_taceo,808f3c795b57963dd58ef282ccd61022ef39c285,noir_barretenberg,noir,barretenberg-ultrahonk-wasm-single-thread,,warmup,0,ok,,,4218.99,,4218.99,906.234375,16000,1243671,73610980,73610980,,noir-v1.0.0-beta.19-acir,13044531f0f38e02ed19fcbd9b26202b8ba5a962,"{""@aztec/bb.js"":""4.2.0-aztecnr-rc.2"",""@noir-lang/noir_js"":""1.0.0-beta.19""}","{""circuit_sha256"":""d5443c2c0a97e748ef53143b8ed72c3def2b7e02b78a73a6566946309a218525"",""witness_sha256"":""da3792d254434e5859fb3ab6dd2c84701a4bcf9573e7d5ebc40856540d355f13"",""source_artifact_sha256"":""2b868c6487ff092271b8797131d779e5ed182af9ccd1c6353384a2e1c789d345""}",,Closest available counterpart only; proof statements and implementation details are not equivalent.,,,/Users/dcbuilder/Code/world/.worktrees/provekit-v1-cross-device-campaign/target/v1-benchmarks/reproduction/mac-chrome-proof-metrics/raw/barretenberg-oprf.json
provekit-v1-cross-device-20260730,mac-chrome-provekit-oprf_taceo-sample-1,2026-07-30T11:41:41.286Z,macbook_m4,MacBook Pro M4 Max,macOS 26.5.2 (25F84),arm64,browser_wasm,Google Chrome 151.0.7922.72 headless,oprf,oprf_taceo,fd37726215b59d3d4823ea7b1967b1da3525ed9d,provekit_v1,noir,provekit-v1-whir-wasm-single-thread,@noir-lang/noir_js,measured,1,ok,37.80500000715256,,2571.160000026226,78.56999999284744,3119.335000038147,537.765625,409685,1439997,1440804,1440804,42124,pkp-2.0-pkv-2.1-noir-v1.0.0-beta.20,13044531f0f38e02ed19fcbd9b26202b8ba5a962,"{""@worldcoin/provekit"":""0.1.0"",""@noir-lang/noir_js"":""1.0.0-beta.20""}","{""prover_sha256"":""1fa4f2b74e405653d77e635864f91650656b112eba30655e06dc1127dd0f7566"",""inputs_sha256"":""3bb7a7ab32da798341c1d7c5152d4d91bf2ddad4416673c78f6993f07f750259""}",,Closest available counterpart only; proof statements and implementation details are not equivalent.,,,/Users/dcbuilder/Code/world/.worktrees/provekit-v1-cross-device-campaign/target/v1-benchmarks/reproduction/mac-chrome-proof-metrics/raw/provekit-oprf.json
provekit-v1-cross-device-20260730,mac-chrome-provekit-oprf_taceo-sample-2,2026-07-30T11:41:41.286Z,macbook_m4,MacBook Pro M4 Max,macOS 26.5.2 (25F84),arm64,browser_wasm,Google Chrome 151.0.7922.72 headless,oprf,oprf_taceo,fd37726215b59d3d4823ea7b1967b1da3525ed9d,provekit_v1,noir,provekit-v1-whir-wasm-single-thread,@noir-lang/noir_js,measured,2,ok,37.80500000715256,,1755.1949999928474,74.96499997377396,2135.714999973774,537.765625,409217,1439997,1440804,1440804,42124,pkp-2.0-pkv-2.1-noir-v1.0.0-beta.20,13044531f0f38e02ed19fcbd9b26202b8ba5a962,"{""@worldcoin/provekit"":""0.1.0"",""@noir-lang/noir_js"":""1.0.0-beta.20""}","{""prover_sha256"":""1fa4f2b74e405653d77e635864f91650656b112eba30655e06dc1127dd0f7566"",""inputs_sha256"":""3bb7a7ab32da798341c1d7c5152d4d91bf2ddad4416673c78f6993f07f750259""}",,Closest available counterpart only; proof statements and implementation details are not equivalent.,,,/Users/dcbuilder/Code/world/.worktrees/provekit-v1-cross-device-campaign/target/v1-benchmarks/reproduction/mac-chrome-proof-metrics/raw/provekit-oprf.json
provekit-v1-cross-device-20260730,mac-chrome-provekit-oprf_taceo-sample-3,2026-07-30T11:41:41.286Z,macbook_m4,MacBook Pro M4 Max,macOS 26.5.2 (25F84),arm64,browser_wasm,Google Chrome 151.0.7922.72 headless,oprf,oprf_taceo,fd37726215b59d3d4823ea7b1967b1da3525ed9d,provekit_v1,noir,provekit-v1-whir-wasm-single-thread,@noir-lang/noir_js,measured,3,ok,37.80500000715256,,1938.7999999523163,77.83499997854233,2397.889999985695,537.765625,411093,1439997,1440804,1440804,42124,pkp-2.0-pkv-2.1-noir-v1.0.0-beta.20,13044531f0f38e02ed19fcbd9b26202b8ba5a962,"{""@worldcoin/provekit"":""0.1.0"",""@noir-lang/noir_js"":""1.0.0-beta.20""}","{""prover_sha256"":""1fa4f2b74e405653d77e635864f91650656b112eba30655e06dc1127dd0f7566"",""inputs_sha256"":""3bb7a7ab32da798341c1d7c5152d4d91bf2ddad4416673c78f6993f07f750259""}",,Closest available counterpart only; proof statements and implementation details are not equivalent.,,,/Users/dcbuilder/Code/world/.worktrees/provekit-v1-cross-device-campaign/target/v1-benchmarks/reproduction/mac-chrome-proof-metrics/raw/provekit-oprf.json
provekit-v1-cross-device-20260730,mac-chrome-provekit-oprf_taceo-sample-4,2026-07-30T11:41:41.286Z,macbook_m4,MacBook Pro M4 Max,macOS 26.5.2 (25F84),arm64,browser_wasm,Google Chrome 151.0.7922.72 headless,oprf,oprf_taceo,fd37726215b59d3d4823ea7b1967b1da3525ed9d,provekit_v1,noir,provekit-v1-whir-wasm-single-thread,@noir-lang/noir_js,measured,4,ok,37.80500000715256,,1972.5600000023842,86.125,2494.389999985695,537.765625,411181,1439997,1440804,1440804,42124,pkp-2.0-pkv-2.1-noir-v1.0.0-beta.20,13044531f0f38e02ed19fcbd9b26202b8ba5a962,"{""@worldcoin/provekit"":""0.1.0"",""@noir-lang/noir_js"":""1.0.0-beta.20""}","{""prover_sha256"":""1fa4f2b74e405653d77e635864f91650656b112eba30655e06dc1127dd0f7566"",""inputs_sha256"":""3bb7a7ab32da798341c1d7c5152d4d91bf2ddad4416673c78f6993f07f750259""}",,Closest available counterpart only; proof statements and implementation details are not equivalent.,,,/Users/dcbuilder/Code/world/.worktrees/provekit-v1-cross-device-campaign/target/v1-benchmarks/reproduction/mac-chrome-proof-metrics/raw/provekit-oprf.json
provekit-v1-cross-device-20260730,mac-chrome-provekit-oprf_taceo-sample-5,2026-07-30T11:41:41.286Z,macbook_m4,MacBook Pro M4 Max,macOS 26.5.2 (25F84),arm64,browser_wasm,Google Chrome 151.0.7922.72 headless,oprf,oprf_taceo,fd37726215b59d3d4823ea7b1967b1da3525ed9d,provekit_v1,noir,provekit-v1-whir-wasm-single-thread,@noir-lang/noir_js,measured,5,ok,37.80500000715256,,2242.660000026226,108.17500001192093,2785.770000040531,537.765625,409813,1439997,1440804,1440804,42124,pkp-2.0-pkv-2.1-noir-v1.0.0-beta.20,13044531f0f38e02ed19fcbd9b26202b8ba5a962,"{""@worldcoin/provekit"":""0.1.0"",""@noir-lang/noir_js"":""1.0.0-beta.20""}","{""prover_sha256"":""1fa4f2b74e405653d77e635864f91650656b112eba30655e06dc1127dd0f7566"",""inputs_sha256"":""3bb7a7ab32da798341c1d7c5152d4d91bf2ddad4416673c78f6993f07f750259""}",,Closest available counterpart only; proof statements and implementation details are not equivalent.,,,/Users/dcbuilder/Code/world/.worktrees/provekit-v1-cross-device-campaign/target/v1-benchmarks/reproduction/mac-chrome-proof-metrics/raw/provekit-oprf.json
provekit-v1-cross-device-20260730,mac-chrome-provekit-oprf_taceo-warmup,2026-07-30T11:41:41.286Z,macbook_m4,MacBook Pro M4 Max,macOS 26.5.2 (25F84),arm64,browser_wasm,Google Chrome 151.0.7922.72 headless,oprf,oprf_taceo,fd37726215b59d3d4823ea7b1967b1da3525ed9d,provekit_v1,noir,provekit-v1-whir-wasm-single-thread,@noir-lang/noir_js,warmup,0,ok,37.80500000715256,,2604.6200000047684,111.88499999046326,3116.6099999547005,537.765625,409773,1439997,1440804,1440804,42124,pkp-2.0-pkv-2.1-noir-v1.0.0-beta.20,13044531f0f38e02ed19fcbd9b26202b8ba5a962,"{""@worldcoin/provekit"":""0.1.0"",""@noir-lang/noir_js"":""1.0.0-beta.20""}","{""prover_sha256"":""1fa4f2b74e405653d77e635864f91650656b112eba30655e06dc1127dd0f7566"",""inputs_sha256"":""3bb7a7ab32da798341c1d7c5152d4d91bf2ddad4416673c78f6993f07f750259""}",,Closest available counterpart only; proof statements and implementation details are not equivalent.,,,/Users/dcbuilder/Code/world/.worktrees/provekit-v1-cross-device-campaign/target/v1-benchmarks/reproduction/mac-chrome-proof-metrics/raw/provekit-oprf.json
provekit-v1-cross-device-20260730,mac-chrome-circom-self_passport_disclosure-sample-1,2026-07-30T12:11:08.004Z,macbook_m4,MacBook Pro M4 Max,macOS 26.5.2 (25F84),arm64,browser_wasm,Google Chrome 151.0.7922.72 headless,passport,self_passport_disclosure,15b167e3543a9dff1dbb16fcf71a45fe4625cf9e,circom_groth16,circom,snarkjs_0.7.6_browser_wasm,snarkjs-wtns-calculate-wasm,measured,1,ok,,250.7,3775.1,7.4,4035.5,15978.53125,720,8614580,78341122,78341122,,circom-2.2.2-snarkjs-zkey,13044531f0f38e02ed19fcbd9b26202b8ba5a962,"{""circom"":""2.2.2"",""snarkjs"":""0.7.6""}","{""wasm_sha256"":""cb300197503318ab2635499d4b44f46f932e311930faabf6be960d6d81110f13"",""zkey_sha256"":""4ef28839cb7d9081cd0d747abd5a443d1a9962432c8469076d3c49107b59c964"",""input_sha256"":""f88d57881fdf0569ab5896a7bbbb96c6fb463962bafa58c20f11b1b44061a011""}",,Closest available counterpart only; proof statements and implementation details are not equivalent.,,,/Users/dcbuilder/Code/world/.worktrees/provekit-v1-cross-device-campaign/target/v1-benchmarks/reproduction/mac-chrome-proof-metrics/raw/circom-passport.json
provekit-v1-cross-device-20260730,mac-chrome-circom-self_passport_disclosure-sample-2,2026-07-30T12:11:08.004Z,macbook_m4,MacBook Pro M4 Max,macOS 26.5.2 (25F84),arm64,browser_wasm,Google Chrome 151.0.7922.72 headless,passport,self_passport_disclosure,15b167e3543a9dff1dbb16fcf71a45fe4625cf9e,circom_groth16,circom,snarkjs_0.7.6_browser_wasm,snarkjs-wtns-calculate-wasm,measured,2,ok,,284.9,3804,6.5,4097.9,15978.53125,726,8614580,78341122,78341122,,circom-2.2.2-snarkjs-zkey,13044531f0f38e02ed19fcbd9b26202b8ba5a962,"{""circom"":""2.2.2"",""snarkjs"":""0.7.6""}","{""wasm_sha256"":""cb300197503318ab2635499d4b44f46f932e311930faabf6be960d6d81110f13"",""zkey_sha256"":""4ef28839cb7d9081cd0d747abd5a443d1a9962432c8469076d3c49107b59c964"",""input_sha256"":""f88d57881fdf0569ab5896a7bbbb96c6fb463962bafa58c20f11b1b44061a011""}",,Closest available counterpart only; proof statements and implementation details are not equivalent.,,,/Users/dcbuilder/Code/world/.worktrees/provekit-v1-cross-device-campaign/target/v1-benchmarks/reproduction/mac-chrome-proof-metrics/raw/circom-passport.json
provekit-v1-cross-device-20260730,mac-chrome-circom-self_passport_disclosure-sample-3,2026-07-30T12:11:08.004Z,macbook_m4,MacBook Pro M4 Max,macOS 26.5.2 (25F84),arm64,browser_wasm,Google Chrome 151.0.7922.72 headless,passport,self_passport_disclosure,15b167e3543a9dff1dbb16fcf71a45fe4625cf9e,circom_groth16,circom,snarkjs_0.7.6_browser_wasm,snarkjs-wtns-calculate-wasm,measured,3,ok,,273.8,3716.8,6.4,3999.5,15978.53125,721,8614580,78341122,78341122,,circom-2.2.2-snarkjs-zkey,13044531f0f38e02ed19fcbd9b26202b8ba5a962,"{""circom"":""2.2.2"",""snarkjs"":""0.7.6""}","{""wasm_sha256"":""cb300197503318ab2635499d4b44f46f932e311930faabf6be960d6d81110f13"",""zkey_sha256"":""4ef28839cb7d9081cd0d747abd5a443d1a9962432c8469076d3c49107b59c964"",""input_sha256"":""f88d57881fdf0569ab5896a7bbbb96c6fb463962bafa58c20f11b1b44061a011""}",,Closest available counterpart only; proof statements and implementation details are not equivalent.,,,/Users/dcbuilder/Code/world/.worktrees/provekit-v1-cross-device-campaign/target/v1-benchmarks/reproduction/mac-chrome-proof-metrics/raw/circom-passport.json
provekit-v1-cross-device-20260730,mac-chrome-circom-self_passport_disclosure-sample-4,2026-07-30T12:11:08.004Z,macbook_m4,MacBook Pro M4 Max,macOS 26.5.2 (25F84),arm64,browser_wasm,Google Chrome 151.0.7922.72 headless,passport,self_passport_disclosure,15b167e3543a9dff1dbb16fcf71a45fe4625cf9e,circom_groth16,circom,snarkjs_0.7.6_browser_wasm,snarkjs-wtns-calculate-wasm,measured,4,ok,,264.5,3977.4,7.2,4251.8,15978.53125,725,8614580,78341122,78341122,,circom-2.2.2-snarkjs-zkey,13044531f0f38e02ed19fcbd9b26202b8ba5a962,"{""circom"":""2.2.2"",""snarkjs"":""0.7.6""}","{""wasm_sha256"":""cb300197503318ab2635499d4b44f46f932e311930faabf6be960d6d81110f13"",""zkey_sha256"":""4ef28839cb7d9081cd0d747abd5a443d1a9962432c8469076d3c49107b59c964"",""input_sha256"":""f88d57881fdf0569ab5896a7bbbb96c6fb463962bafa58c20f11b1b44061a011""}",,Closest available counterpart only; proof statements and implementation details are not equivalent.,,,/Users/dcbuilder/Code/world/.worktrees/provekit-v1-cross-device-campaign/target/v1-benchmarks/reproduction/mac-chrome-proof-metrics/raw/circom-passport.json
provekit-v1-cross-device-20260730,mac-chrome-circom-self_passport_disclosure-sample-5,2026-07-30T12:11:08.004Z,macbook_m4,MacBook Pro M4 Max,macOS 26.5.2 (25F84),arm64,browser_wasm,Google Chrome 151.0.7922.72 headless,passport,self_passport_disclosure,15b167e3543a9dff1dbb16fcf71a45fe4625cf9e,circom_groth16,circom,snarkjs_0.7.6_browser_wasm,snarkjs-wtns-calculate-wasm,measured,5,ok,,286.4,3869.2,6.3,4164.2,15978.53125,722,8614580,78341122,78341122,,circom-2.2.2-snarkjs-zkey,13044531f0f38e02ed19fcbd9b26202b8ba5a962,"{""circom"":""2.2.2"",""snarkjs"":""0.7.6""}","{""wasm_sha256"":""cb300197503318ab2635499d4b44f46f932e311930faabf6be960d6d81110f13"",""zkey_sha256"":""4ef28839cb7d9081cd0d747abd5a443d1a9962432c8469076d3c49107b59c964"",""input_sha256"":""f88d57881fdf0569ab5896a7bbbb96c6fb463962bafa58c20f11b1b44061a011""}",,Closest available counterpart only; proof statements and implementation details are not equivalent.,,,/Users/dcbuilder/Code/world/.worktrees/provekit-v1-cross-device-campaign/target/v1-benchmarks/reproduction/mac-chrome-proof-metrics/raw/circom-passport.json
provekit-v1-cross-device-20260730,mac-chrome-circom-self_passport_disclosure-warmup,2026-07-30T12:11:08.004Z,macbook_m4,MacBook Pro M4 Max,macOS 26.5.2 (25F84),arm64,browser_wasm,Google Chrome 151.0.7922.72 headless,passport,self_passport_disclosure,15b167e3543a9dff1dbb16fcf71a45fe4625cf9e,circom_groth16,circom,snarkjs_0.7.6_browser_wasm,snarkjs-wtns-calculate-wasm,warmup,0,ok,,268.3,3317.9,6,3602.4,15978.53125,723,8614580,78341122,78341122,,circom-2.2.2-snarkjs-zkey,13044531f0f38e02ed19fcbd9b26202b8ba5a962,"{""circom"":""2.2.2"",""snarkjs"":""0.7.6""}","{""wasm_sha256"":""cb300197503318ab2635499d4b44f46f932e311930faabf6be960d6d81110f13"",""zkey_sha256"":""4ef28839cb7d9081cd0d747abd5a443d1a9962432c8469076d3c49107b59c964"",""input_sha256"":""f88d57881fdf0569ab5896a7bbbb96c6fb463962bafa58c20f11b1b44061a011""}",,Closest available counterpart only; proof statements and implementation details are not equivalent.,,,/Users/dcbuilder/Code/world/.worktrees/provekit-v1-cross-device-campaign/target/v1-benchmarks/reproduction/mac-chrome-proof-metrics/raw/circom-passport.json
provekit-v1-cross-device-20260730,mac-chrome-circom-self_passport_registration-sample-1,2026-07-30T12:11:08.004Z,macbook_m4,MacBook Pro M4 Max,macOS 26.5.2 (25F84),arm64,browser_wasm,Google Chrome 151.0.7922.72 headless,passport,self_passport_registration,15b167e3543a9dff1dbb16fcf71a45fe4625cf9e,circom_groth16,circom,snarkjs_0.7.6_browser_wasm,snarkjs-wtns-calculate-wasm,measured,1,ok,,6180.8,14944.8,11.5,21144.2,15978.53125,726,10868992,510011120,510011120,,circom-2.2.2-snarkjs-zkey,13044531f0f38e02ed19fcbd9b26202b8ba5a962,"{""circom"":""2.2.2"",""snarkjs"":""0.7.6""}","{""wasm_sha256"":""b59b4c36d213a68cff17049353c7c000bd0fb929ce614ae5ff44e12281a19a14"",""zkey_sha256"":""761a903ee3218cd0f986b7c8b9c46aac4cd5c2107e7cd0c2daf3b80f9c336d31"",""input_sha256"":""2d9ccff0b1a94c500d722cea20fbeb68ff9c6c48f21391b7f5b441752dfa5030""}",,Closest available counterpart only; proof statements and implementation details are not equivalent.,,,/Users/dcbuilder/Code/world/.worktrees/provekit-v1-cross-device-campaign/target/v1-benchmarks/reproduction/mac-chrome-proof-metrics/raw/circom-passport.json
provekit-v1-cross-device-20260730,mac-chrome-circom-self_passport_registration-sample-2,2026-07-30T12:11:08.004Z,macbook_m4,MacBook Pro M4 Max,macOS 26.5.2 (25F84),arm64,browser_wasm,Google Chrome 151.0.7922.72 headless,passport,self_passport_registration,15b167e3543a9dff1dbb16fcf71a45fe4625cf9e,circom_groth16,circom,snarkjs_0.7.6_browser_wasm,snarkjs-wtns-calculate-wasm,measured,2,ok,,5914.3,14646.5,7.8,20572.5,15978.53125,723,10868992,510011120,510011120,,circom-2.2.2-snarkjs-zkey,13044531f0f38e02ed19fcbd9b26202b8ba5a962,"{""circom"":""2.2.2"",""snarkjs"":""0.7.6""}","{""wasm_sha256"":""b59b4c36d213a68cff17049353c7c000bd0fb929ce614ae5ff44e12281a19a14"",""zkey_sha256"":""761a903ee3218cd0f986b7c8b9c46aac4cd5c2107e7cd0c2daf3b80f9c336d31"",""input_sha256"":""2d9ccff0b1a94c500d722cea20fbeb68ff9c6c48f21391b7f5b441752dfa5030""}",,Closest available counterpart only; proof statements and implementation details are not equivalent.,,,/Users/dcbuilder/Code/world/.worktrees/provekit-v1-cross-device-campaign/target/v1-benchmarks/reproduction/mac-chrome-proof-metrics/raw/circom-passport.json
provekit-v1-cross-device-20260730,mac-chrome-circom-self_passport_registration-sample-3,2026-07-30T12:11:08.004Z,macbook_m4,MacBook Pro M4 Max,macOS 26.5.2 (25F84),arm64,browser_wasm,Google Chrome 151.0.7922.72 headless,passport,self_passport_registration,15b167e3543a9dff1dbb16fcf71a45fe4625cf9e,circom_groth16,circom,snarkjs_0.7.6_browser_wasm,snarkjs-wtns-calculate-wasm,measured,3,ok,,4822.2,14504.7,8.5,19339.5,15978.53125,722,10868992,510011120,510011120,,circom-2.2.2-snarkjs-zkey,13044531f0f38e02ed19fcbd9b26202b8ba5a962,"{""circom"":""2.2.2"",""snarkjs"":""0.7.6""}","{""wasm_sha256"":""b59b4c36d213a68cff17049353c7c000bd0fb929ce614ae5ff44e12281a19a14"",""zkey_sha256"":""761a903ee3218cd0f986b7c8b9c46aac4cd5c2107e7cd0c2daf3b80f9c336d31"",""input_sha256"":""2d9ccff0b1a94c500d722cea20fbeb68ff9c6c48f21391b7f5b441752dfa5030""}",,Closest available counterpart only; proof statements and implementation details are not equivalent.,,,/Users/dcbuilder/Code/world/.worktrees/provekit-v1-cross-device-campaign/target/v1-benchmarks/reproduction/mac-chrome-proof-metrics/raw/circom-passport.json
provekit-v1-cross-device-20260730,mac-chrome-circom-self_passport_registration-sample-4,2026-07-30T12:11:08.004Z,macbook_m4,MacBook Pro M4 Max,macOS 26.5.2 (25F84),arm64,browser_wasm,Google Chrome 151.0.7922.72 headless,passport,self_passport_registration,15b167e3543a9dff1dbb16fcf71a45fe4625cf9e,circom_groth16,circom,snarkjs_0.7.6_browser_wasm,snarkjs-wtns-calculate-wasm,measured,4,ok,,5897.8,14412.7,9.4,20323.1,15978.53125,722,10868992,510011120,510011120,,circom-2.2.2-snarkjs-zkey,13044531f0f38e02ed19fcbd9b26202b8ba5a962,"{""circom"":""2.2.2"",""snarkjs"":""0.7.6""}","{""wasm_sha256"":""b59b4c36d213a68cff17049353c7c000bd0fb929ce614ae5ff44e12281a19a14"",""zkey_sha256"":""761a903ee3218cd0f986b7c8b9c46aac4cd5c2107e7cd0c2daf3b80f9c336d31"",""input_sha256"":""2d9ccff0b1a94c500d722cea20fbeb68ff9c6c48f21391b7f5b441752dfa5030""}",,Closest available counterpart only; proof statements and implementation details are not equivalent.,,,/Users/dcbuilder/Code/world/.worktrees/provekit-v1-cross-device-campaign/target/v1-benchmarks/reproduction/mac-chrome-proof-metrics/raw/circom-passport.json
provekit-v1-cross-device-20260730,mac-chrome-circom-self_passport_registration-sample-5,2026-07-30T12:11:08.004Z,macbook_m4,MacBook Pro M4 Max,macOS 26.5.2 (25F84),arm64,browser_wasm,Google Chrome 151.0.7922.72 headless,passport,self_passport_registration,15b167e3543a9dff1dbb16fcf71a45fe4625cf9e,circom_groth16,circom,snarkjs_0.7.6_browser_wasm,snarkjs-wtns-calculate-wasm,measured,5,ok,,4517.3,13520.3,7,18048,15978.53125,719,10868992,510011120,510011120,,circom-2.2.2-snarkjs-zkey,13044531f0f38e02ed19fcbd9b26202b8ba5a962,"{""circom"":""2.2.2"",""snarkjs"":""0.7.6""}","{""wasm_sha256"":""b59b4c36d213a68cff17049353c7c000bd0fb929ce614ae5ff44e12281a19a14"",""zkey_sha256"":""761a903ee3218cd0f986b7c8b9c46aac4cd5c2107e7cd0c2daf3b80f9c336d31"",""input_sha256"":""2d9ccff0b1a94c500d722cea20fbeb68ff9c6c48f21391b7f5b441752dfa5030""}",,Closest available counterpart only; proof statements and implementation details are not equivalent.,,,/Users/dcbuilder/Code/world/.worktrees/provekit-v1-cross-device-campaign/target/v1-benchmarks/reproduction/mac-chrome-proof-metrics/raw/circom-passport.json
provekit-v1-cross-device-20260730,mac-chrome-circom-self_passport_registration-warmup,2026-07-30T12:11:08.004Z,macbook_m4,MacBook Pro M4 Max,macOS 26.5.2 (25F84),arm64,browser_wasm,Google Chrome 151.0.7922.72 headless,passport,self_passport_registration,15b167e3543a9dff1dbb16fcf71a45fe4625cf9e,circom_groth16,circom,snarkjs_0.7.6_browser_wasm,snarkjs-wtns-calculate-wasm,warmup,0,ok,,5656.3,16103.5,12.7,21777.3,15978.53125,722,10868992,510011120,510011120,,circom-2.2.2-snarkjs-zkey,13044531f0f38e02ed19fcbd9b26202b8ba5a962,"{""circom"":""2.2.2"",""snarkjs"":""0.7.6""}","{""wasm_sha256"":""b59b4c36d213a68cff17049353c7c000bd0fb929ce614ae5ff44e12281a19a14"",""zkey_sha256"":""761a903ee3218cd0f986b7c8b9c46aac4cd5c2107e7cd0c2daf3b80f9c336d31"",""input_sha256"":""2d9ccff0b1a94c500d722cea20fbeb68ff9c6c48f21391b7f5b441752dfa5030""}",,Closest available counterpart only; proof statements and implementation details are not equivalent.,,,/Users/dcbuilder/Code/world/.worktrees/provekit-v1-cross-device-campaign/target/v1-benchmarks/reproduction/mac-chrome-proof-metrics/raw/circom-passport.json
provekit-v1-cross-device-20260730,mac-chrome-noir-passport_complete_age_check-sample-1,2026-07-30T11:56:33.348Z,macbook_m4,MacBook Pro M4 Max,macOS 26.5.2 (25F84),arm64,browser_wasm,Google Chrome 151.0.7922.72 headless,passport,passport_complete_age_check,13044531f0f38e02ed19fcbd9b26202b8ba5a962,noir_barretenberg,noir,barretenberg-ultrahonk-wasm-single-thread,,measured,1,ok,,,24599.765,,24599.765,1448.96875,16000,2030462,73619962,73619962,,noir-v1.0.0-beta.19-acir,13044531f0f38e02ed19fcbd9b26202b8ba5a962,"{""@aztec/bb.js"":""4.2.0-aztecnr-rc.2"",""@noir-lang/noir_js"":""1.0.0-beta.19""}","{""circuit_sha256"":""f881063fce7ab895dc1db13f5b0ef9bfba14a892e04450c722137b07e6ef78f8"",""witness_sha256"":""77e51e03be9499b4da0afbfd88049cb006d19794dd222966eff8005d3bbbf012"",""source_artifact_sha256"":""f881063fce7ab895dc1db13f5b0ef9bfba14a892e04450c722137b07e6ef78f8""}",,Closest available counterpart only; proof statements and implementation details are not equivalent.,,,/Users/dcbuilder/Code/world/.worktrees/provekit-v1-cross-device-campaign/target/v1-benchmarks/reproduction/mac-chrome-proof-metrics/raw/barretenberg-passport.json
provekit-v1-cross-device-20260730,mac-chrome-noir-passport_complete_age_check-sample-2,2026-07-30T11:56:33.348Z,macbook_m4,MacBook Pro M4 Max,macOS 26.5.2 (25F84),arm64,browser_wasm,Google Chrome 151.0.7922.72 headless,passport,passport_complete_age_check,13044531f0f38e02ed19fcbd9b26202b8ba5a962,noir_barretenberg,noir,barretenberg-ultrahonk-wasm-single-thread,,measured,2,ok,,,22338.88,,22338.88,1448.96875,16000,2030462,73619962,73619962,,noir-v1.0.0-beta.19-acir,13044531f0f38e02ed19fcbd9b26202b8ba5a962,"{""@aztec/bb.js"":""4.2.0-aztecnr-rc.2"",""@noir-lang/noir_js"":""1.0.0-beta.19""}","{""circuit_sha256"":""f881063fce7ab895dc1db13f5b0ef9bfba14a892e04450c722137b07e6ef78f8"",""witness_sha256"":""77e51e03be9499b4da0afbfd88049cb006d19794dd222966eff8005d3bbbf012"",""source_artifact_sha256"":""f881063fce7ab895dc1db13f5b0ef9bfba14a892e04450c722137b07e6ef78f8""}",,Closest available counterpart only; proof statements and implementation details are not equivalent.,,,/Users/dcbuilder/Code/world/.worktrees/provekit-v1-cross-device-campaign/target/v1-benchmarks/reproduction/mac-chrome-proof-metrics/raw/barretenberg-passport.json
provekit-v1-cross-device-20260730,mac-chrome-noir-passport_complete_age_check-sample-3,2026-07-30T11:56:33.348Z,macbook_m4,MacBook Pro M4 Max,macOS 26.5.2 (25F84),arm64,browser_wasm,Google Chrome 151.0.7922.72 headless,passport,passport_complete_age_check,13044531f0f38e02ed19fcbd9b26202b8ba5a962,noir_barretenberg,noir,barretenberg-ultrahonk-wasm-single-thread,,measured,3,ok,,,26884.32,,26884.32,1448.96875,16000,2030462,73619962,73619962,,noir-v1.0.0-beta.19-acir,13044531f0f38e02ed19fcbd9b26202b8ba5a962,"{""@aztec/bb.js"":""4.2.0-aztecnr-rc.2"",""@noir-lang/noir_js"":""1.0.0-beta.19""}","{""circuit_sha256"":""f881063fce7ab895dc1db13f5b0ef9bfba14a892e04450c722137b07e6ef78f8"",""witness_sha256"":""77e51e03be9499b4da0afbfd88049cb006d19794dd222966eff8005d3bbbf012"",""source_artifact_sha256"":""f881063fce7ab895dc1db13f5b0ef9bfba14a892e04450c722137b07e6ef78f8""}",,Closest available counterpart only; proof statements and implementation details are not equivalent.,,,/Users/dcbuilder/Code/world/.worktrees/provekit-v1-cross-device-campaign/target/v1-benchmarks/reproduction/mac-chrome-proof-metrics/raw/barretenberg-passport.json
provekit-v1-cross-device-20260730,mac-chrome-noir-passport_complete_age_check-sample-4,2026-07-30T11:56:33.348Z,macbook_m4,MacBook Pro M4 Max,macOS 26.5.2 (25F84),arm64,browser_wasm,Google Chrome 151.0.7922.72 headless,passport,passport_complete_age_check,13044531f0f38e02ed19fcbd9b26202b8ba5a962,noir_barretenberg,noir,barretenberg-ultrahonk-wasm-single-thread,,measured,4,ok,,,28745.635,,28745.635,1448.96875,16000,2030462,73619962,73619962,,noir-v1.0.0-beta.19-acir,13044531f0f38e02ed19fcbd9b26202b8ba5a962,"{""@aztec/bb.js"":""4.2.0-aztecnr-rc.2"",""@noir-lang/noir_js"":""1.0.0-beta.19""}","{""circuit_sha256"":""f881063fce7ab895dc1db13f5b0ef9bfba14a892e04450c722137b07e6ef78f8"",""witness_sha256"":""77e51e03be9499b4da0afbfd88049cb006d19794dd222966eff8005d3bbbf012"",""source_artifact_sha256"":""f881063fce7ab895dc1db13f5b0ef9bfba14a892e04450c722137b07e6ef78f8""}",,Closest available counterpart only; proof statements and implementation details are not equivalent.,,,/Users/dcbuilder/Code/world/.worktrees/provekit-v1-cross-device-campaign/target/v1-benchmarks/reproduction/mac-chrome-proof-metrics/raw/barretenberg-passport.json
provekit-v1-cross-device-20260730,mac-chrome-noir-passport_complete_age_check-sample-5,2026-07-30T11:56:33.348Z,macbook_m4,MacBook Pro M4 Max,macOS 26.5.2 (25F84),arm64,browser_wasm,Google Chrome 151.0.7922.72 headless,passport,passport_complete_age_check,13044531f0f38e02ed19fcbd9b26202b8ba5a962,noir_barretenberg,noir,barretenberg-ultrahonk-wasm-single-thread,,measured,5,ok,,,22967.84,,22967.84,1448.96875,16000,2030462,73619962,73619962,,noir-v1.0.0-beta.19-acir,13044531f0f38e02ed19fcbd9b26202b8ba5a962,"{""@aztec/bb.js"":""4.2.0-aztecnr-rc.2"",""@noir-lang/noir_js"":""1.0.0-beta.19""}","{""circuit_sha256"":""f881063fce7ab895dc1db13f5b0ef9bfba14a892e04450c722137b07e6ef78f8"",""witness_sha256"":""77e51e03be9499b4da0afbfd88049cb006d19794dd222966eff8005d3bbbf012"",""source_artifact_sha256"":""f881063fce7ab895dc1db13f5b0ef9bfba14a892e04450c722137b07e6ef78f8""}",,Closest available counterpart only; proof statements and implementation details are not equivalent.,,,/Users/dcbuilder/Code/world/.worktrees/provekit-v1-cross-device-campaign/target/v1-benchmarks/reproduction/mac-chrome-proof-metrics/raw/barretenberg-passport.json
provekit-v1-cross-device-20260730,mac-chrome-noir-passport_complete_age_check-warmup,2026-07-30T11:56:33.348Z,macbook_m4,MacBook Pro M4 Max,macOS 26.5.2 (25F84),arm64,browser_wasm,Google Chrome 151.0.7922.72 headless,passport,passport_complete_age_check,13044531f0f38e02ed19fcbd9b26202b8ba5a962,noir_barretenberg,noir,barretenberg-ultrahonk-wasm-single-thread,,warmup,0,ok,,,20316.85,,20316.85,1448.96875,16000,2030462,73619962,73619962,,noir-v1.0.0-beta.19-acir,13044531f0f38e02ed19fcbd9b26202b8ba5a962,"{""@aztec/bb.js"":""4.2.0-aztecnr-rc.2"",""@noir-lang/noir_js"":""1.0.0-beta.19""}","{""circuit_sha256"":""f881063fce7ab895dc1db13f5b0ef9bfba14a892e04450c722137b07e6ef78f8"",""witness_sha256"":""77e51e03be9499b4da0afbfd88049cb006d19794dd222966eff8005d3bbbf012"",""source_artifact_sha256"":""f881063fce7ab895dc1db13f5b0ef9bfba14a892e04450c722137b07e6ef78f8""}",,Closest available counterpart only; proof statements and implementation details are not equivalent.,,,/Users/dcbuilder/Code/world/.worktrees/provekit-v1-cross-device-campaign/target/v1-benchmarks/reproduction/mac-chrome-proof-metrics/raw/barretenberg-passport.json
provekit-v1-cross-device-20260730,mac-chrome-provekit-passport_complete_age_check-sample-1,2026-07-30T11:35:12.022Z,macbook_m4,MacBook Pro M4 Max,macOS 26.5.2 (25F84),arm64,browser_wasm,Google Chrome 151.0.7922.72 headless,passport,passport_complete_age_check,b0cd13cd7ca4aff71c1da609ddd32ae8113ac1ff,provekit_v1,noir,provekit-v1-whir-wasm-single-thread,@noir-lang/noir_js,measured,1,ok,190.3400000333786,,28857.09000003338,1197.3849999904633,31469.44999998808,1539.125,561932,4999893,5041505,5041505,695117,pkp-2.0-pkv-2.1-noir-v1.0.0-beta.20,13044531f0f38e02ed19fcbd9b26202b8ba5a962,"{""@worldcoin/provekit"":""0.1.0"",""@noir-lang/noir_js"":""1.0.0-beta.20""}","{""prover_sha256"":""6c019043c368c5752227e3ad15c8a989a68ff6e42fff108092af21f50a2fde92"",""inputs_sha256"":""a4a658accc1502ba0591af1041da00d568a6cf7225e815e890e5fb37fba59881""}",,Closest available counterpart only; proof statements and implementation details are not equivalent.,,,/Users/dcbuilder/Code/world/.worktrees/provekit-v1-cross-device-campaign/target/v1-benchmarks/reproduction/mac-chrome-proof-metrics/raw/provekit-passport.json
provekit-v1-cross-device-20260730,mac-chrome-provekit-passport_complete_age_check-sample-2,2026-07-30T11:35:12.022Z,macbook_m4,MacBook Pro M4 Max,macOS 26.5.2 (25F84),arm64,browser_wasm,Google Chrome 151.0.7922.72 headless,passport,passport_complete_age_check,b0cd13cd7ca4aff71c1da609ddd32ae8113ac1ff,provekit_v1,noir,provekit-v1-whir-wasm-single-thread,@noir-lang/noir_js,measured,2,ok,190.3400000333786,,33710.40499997139,927.0649999976158,36366.74000000954,1539.125,562148,4999893,5041505,5041505,695117,pkp-2.0-pkv-2.1-noir-v1.0.0-beta.20,13044531f0f38e02ed19fcbd9b26202b8ba5a962,"{""@worldcoin/provekit"":""0.1.0"",""@noir-lang/noir_js"":""1.0.0-beta.20""}","{""prover_sha256"":""6c019043c368c5752227e3ad15c8a989a68ff6e42fff108092af21f50a2fde92"",""inputs_sha256"":""a4a658accc1502ba0591af1041da00d568a6cf7225e815e890e5fb37fba59881""}",,Closest available counterpart only; proof statements and implementation details are not equivalent.,,,/Users/dcbuilder/Code/world/.worktrees/provekit-v1-cross-device-campaign/target/v1-benchmarks/reproduction/mac-chrome-proof-metrics/raw/provekit-passport.json
provekit-v1-cross-device-20260730,mac-chrome-provekit-passport_complete_age_check-sample-3,2026-07-30T11:35:12.022Z,macbook_m4,MacBook Pro M4 Max,macOS 26.5.2 (25F84),arm64,browser_wasm,Google Chrome 151.0.7922.72 headless,passport,passport_complete_age_check,b0cd13cd7ca4aff71c1da609ddd32ae8113ac1ff,provekit_v1,noir,provekit-v1-whir-wasm-single-thread,@noir-lang/noir_js,measured,3,ok,190.3400000333786,,34155.785000026226,1188.9399999976158,38192.94499999285,1539.125,562744,4999893,5041505,5041505,695117,pkp-2.0-pkv-2.1-noir-v1.0.0-beta.20,13044531f0f38e02ed19fcbd9b26202b8ba5a962,"{""@worldcoin/provekit"":""0.1.0"",""@noir-lang/noir_js"":""1.0.0-beta.20""}","{""prover_sha256"":""6c019043c368c5752227e3ad15c8a989a68ff6e42fff108092af21f50a2fde92"",""inputs_sha256"":""a4a658accc1502ba0591af1041da00d568a6cf7225e815e890e5fb37fba59881""}",,Closest available counterpart only; proof statements and implementation details are not equivalent.,,,/Users/dcbuilder/Code/world/.worktrees/provekit-v1-cross-device-campaign/target/v1-benchmarks/reproduction/mac-chrome-proof-metrics/raw/provekit-passport.json
provekit-v1-cross-device-20260730,mac-chrome-provekit-passport_complete_age_check-sample-4,2026-07-30T11:35:12.022Z,macbook_m4,MacBook Pro M4 Max,macOS 26.5.2 (25F84),arm64,browser_wasm,Google Chrome 151.0.7922.72 headless,passport,passport_complete_age_check,b0cd13cd7ca4aff71c1da609ddd32ae8113ac1ff,provekit_v1,noir,provekit-v1-whir-wasm-single-thread,@noir-lang/noir_js,measured,4,ok,190.3400000333786,,36367.07499998808,1405.9300000071526,40990.34000003338,1539.125,563172,4999893,5041505,5041505,695117,pkp-2.0-pkv-2.1-noir-v1.0.0-beta.20,13044531f0f38e02ed19fcbd9b26202b8ba5a962,"{""@worldcoin/provekit"":""0.1.0"",""@noir-lang/noir_js"":""1.0.0-beta.20""}","{""prover_sha256"":""6c019043c368c5752227e3ad15c8a989a68ff6e42fff108092af21f50a2fde92"",""inputs_sha256"":""a4a658accc1502ba0591af1041da00d568a6cf7225e815e890e5fb37fba59881""}",,Closest available counterpart only; proof statements and implementation details are not equivalent.,,,/Users/dcbuilder/Code/world/.worktrees/provekit-v1-cross-device-campaign/target/v1-benchmarks/reproduction/mac-chrome-proof-metrics/raw/provekit-passport.json
provekit-v1-cross-device-20260730,mac-chrome-provekit-passport_complete_age_check-sample-5,2026-07-30T11:35:12.022Z,macbook_m4,MacBook Pro M4 Max,macOS 26.5.2 (25F84),arm64,browser_wasm,Google Chrome 151.0.7922.72 headless,passport,passport_complete_age_check,b0cd13cd7ca4aff71c1da609ddd32ae8113ac1ff,provekit_v1,noir,provekit-v1-whir-wasm-single-thread,@noir-lang/noir_js,measured,5,ok,190.3400000333786,,33645.15499997139,867.9549999833107,37349.22999995947,1539.125,563212,4999893,5041505,5041505,695117,pkp-2.0-pkv-2.1-noir-v1.0.0-beta.20,13044531f0f38e02ed19fcbd9b26202b8ba5a962,"{""@worldcoin/provekit"":""0.1.0"",""@noir-lang/noir_js"":""1.0.0-beta.20""}","{""prover_sha256"":""6c019043c368c5752227e3ad15c8a989a68ff6e42fff108092af21f50a2fde92"",""inputs_sha256"":""a4a658accc1502ba0591af1041da00d568a6cf7225e815e890e5fb37fba59881""}",,Closest available counterpart only; proof statements and implementation details are not equivalent.,,,/Users/dcbuilder/Code/world/.worktrees/provekit-v1-cross-device-campaign/target/v1-benchmarks/reproduction/mac-chrome-proof-metrics/raw/provekit-passport.json
provekit-v1-cross-device-20260730,mac-chrome-provekit-passport_complete_age_check-warmup,2026-07-30T11:35:12.022Z,macbook_m4,MacBook Pro M4 Max,macOS 26.5.2 (25F84),arm64,browser_wasm,Google Chrome 151.0.7922.72 headless,passport,passport_complete_age_check,b0cd13cd7ca4aff71c1da609ddd32ae8113ac1ff,provekit_v1,noir,provekit-v1-whir-wasm-single-thread,@noir-lang/noir_js,warmup,0,ok,190.3400000333786,,36848.60500001907,870.4350000023842,39849.91500002146,1539.125,562060,4999893,5041505,5041505,695117,pkp-2.0-pkv-2.1-noir-v1.0.0-beta.20,13044531f0f38e02ed19fcbd9b26202b8ba5a962,"{""@worldcoin/provekit"":""0.1.0"",""@noir-lang/noir_js"":""1.0.0-beta.20""}","{""prover_sha256"":""6c019043c368c5752227e3ad15c8a989a68ff6e42fff108092af21f50a2fde92"",""inputs_sha256"":""a4a658accc1502ba0591af1041da00d568a6cf7225e815e890e5fb37fba59881""}",,Closest available counterpart only; proof statements and implementation details are not equivalent.,,,/Users/dcbuilder/Code/world/.worktrees/provekit-v1-cross-device-campaign/target/v1-benchmarks/reproduction/mac-chrome-proof-metrics/raw/provekit-passport.json
provekit-v1-cross-device-20260730,mac-chrome-circom-privacy_ethereum_webauth_circom-sample-1,2026-07-30T12:58:57.845Z,macbook_m4,MacBook Pro M4 Max,macOS 26.5.2 (25F84),arm64,browser_wasm,Google Chrome 151.0.7922.72 headless,webauthn,privacy_ethereum_webauth_circom,0fb5b4aa1398281c2fd3dbe14db147e05b61f201,circom_groth16,circom,snarkjs_0.7.6_browser_wasm_single_thread,snarkjs-wtns-calculate-wasm,measured,1,ok,,85322.8,194531.6,15,279876.1,11064.78125,724,20470384,1753618376,1753618376,2812892,circom-2.2.2-snarkjs-zkey,13044531f0f38e02ed19fcbd9b26202b8ba5a962,"{""circom"":""2.2.2"",""snarkjs"":""0.7.6""}","{""wasm_sha256"":""b24b95ec8d9eca43e6d14d0f0d1a9d426ce2dded1855b13a765d6ceb281e2088"",""zkey_sha256"":""a5828d55680b65b55a1bb5be0a26f151342e37551537a71d257fe07d9677e94b"",""input_sha256"":""b635e9511a747bb0bea0278d423e3e859b24d386368186c72a8e46e4e0644657""}",,Closest available counterpart only; proof statements and implementation details are not equivalent.,,,/Users/dcbuilder/Code/world/.worktrees/provekit-v1-cross-device-campaign/target/v1-benchmarks/reproduction/mac-chrome-proof-metrics/raw/circom-webauthn.json
provekit-v1-cross-device-20260730,mac-chrome-circom-privacy_ethereum_webauth_circom-sample-2,2026-07-30T12:58:57.845Z,macbook_m4,MacBook Pro M4 Max,macOS 26.5.2 (25F84),arm64,browser_wasm,Google Chrome 151.0.7922.72 headless,webauthn,privacy_ethereum_webauth_circom,0fb5b4aa1398281c2fd3dbe14db147e05b61f201,circom_groth16,circom,snarkjs_0.7.6_browser_wasm_single_thread,snarkjs-wtns-calculate-wasm,measured,2,ok,,85185.5,219079.6,14.3,304283.8,11064.78125,725,20470384,1753618376,1753618376,2812892,circom-2.2.2-snarkjs-zkey,13044531f0f38e02ed19fcbd9b26202b8ba5a962,"{""circom"":""2.2.2"",""snarkjs"":""0.7.6""}","{""wasm_sha256"":""b24b95ec8d9eca43e6d14d0f0d1a9d426ce2dded1855b13a765d6ceb281e2088"",""zkey_sha256"":""a5828d55680b65b55a1bb5be0a26f151342e37551537a71d257fe07d9677e94b"",""input_sha256"":""b635e9511a747bb0bea0278d423e3e859b24d386368186c72a8e46e4e0644657""}",,Closest available counterpart only; proof statements and implementation details are not equivalent.,,,/Users/dcbuilder/Code/world/.worktrees/provekit-v1-cross-device-campaign/target/v1-benchmarks/reproduction/mac-chrome-proof-metrics/raw/circom-webauthn.json
provekit-v1-cross-device-20260730,mac-chrome-circom-privacy_ethereum_webauth_circom-sample-3,2026-07-30T12:58:57.845Z,macbook_m4,MacBook Pro M4 Max,macOS 26.5.2 (25F84),arm64,browser_wasm,Google Chrome 151.0.7922.72 headless,webauthn,privacy_ethereum_webauth_circom,0fb5b4aa1398281c2fd3dbe14db147e05b61f201,circom_groth16,circom,snarkjs_0.7.6_browser_wasm_single_thread,snarkjs-wtns-calculate-wasm,measured,3,ok,,84991.7,201139.9,9.6,286145.6,11064.78125,722,20470384,1753618376,1753618376,2812892,circom-2.2.2-snarkjs-zkey,13044531f0f38e02ed19fcbd9b26202b8ba5a962,"{""circom"":""2.2.2"",""snarkjs"":""0.7.6""}","{""wasm_sha256"":""b24b95ec8d9eca43e6d14d0f0d1a9d426ce2dded1855b13a765d6ceb281e2088"",""zkey_sha256"":""a5828d55680b65b55a1bb5be0a26f151342e37551537a71d257fe07d9677e94b"",""input_sha256"":""b635e9511a747bb0bea0278d423e3e859b24d386368186c72a8e46e4e0644657""}",,Closest available counterpart only; proof statements and implementation details are not equivalent.,,,/Users/dcbuilder/Code/world/.worktrees/provekit-v1-cross-device-campaign/target/v1-benchmarks/reproduction/mac-chrome-proof-metrics/raw/circom-webauthn.json
provekit-v1-cross-device-20260730,mac-chrome-circom-privacy_ethereum_webauth_circom-sample-4,2026-07-30T12:58:57.845Z,macbook_m4,MacBook Pro M4 Max,macOS 26.5.2 (25F84),arm64,browser_wasm,Google Chrome 151.0.7922.72 headless,webauthn,privacy_ethereum_webauth_circom,0fb5b4aa1398281c2fd3dbe14db147e05b61f201,circom_groth16,circom,snarkjs_0.7.6_browser_wasm_single_thread,snarkjs-wtns-calculate-wasm,measured,4,ok,,82799.8,270838,17.6,353662.8,11064.78125,725,20470384,1753618376,1753618376,2812892,circom-2.2.2-snarkjs-zkey,13044531f0f38e02ed19fcbd9b26202b8ba5a962,"{""circom"":""2.2.2"",""snarkjs"":""0.7.6""}","{""wasm_sha256"":""b24b95ec8d9eca43e6d14d0f0d1a9d426ce2dded1855b13a765d6ceb281e2088"",""zkey_sha256"":""a5828d55680b65b55a1bb5be0a26f151342e37551537a71d257fe07d9677e94b"",""input_sha256"":""b635e9511a747bb0bea0278d423e3e859b24d386368186c72a8e46e4e0644657""}",,Closest available counterpart only; proof statements and implementation details are not equivalent.,,,/Users/dcbuilder/Code/world/.worktrees/provekit-v1-cross-device-campaign/target/v1-benchmarks/reproduction/mac-chrome-proof-metrics/raw/circom-webauthn.json
provekit-v1-cross-device-20260730,mac-chrome-circom-privacy_ethereum_webauth_circom-sample-5,2026-07-30T12:58:57.845Z,macbook_m4,MacBook Pro M4 Max,macOS 26.5.2 (25F84),arm64,browser_wasm,Google Chrome 151.0.7922.72 headless,webauthn,privacy_ethereum_webauth_circom,0fb5b4aa1398281c2fd3dbe14db147e05b61f201,circom_groth16,circom,snarkjs_0.7.6_browser_wasm_single_thread,snarkjs-wtns-calculate-wasm,measured,5,ok,,109613.8,222479.7,6.8,332103.9,11064.78125,720,20470384,1753618376,1753618376,2812892,circom-2.2.2-snarkjs-zkey,13044531f0f38e02ed19fcbd9b26202b8ba5a962,"{""circom"":""2.2.2"",""snarkjs"":""0.7.6""}","{""wasm_sha256"":""b24b95ec8d9eca43e6d14d0f0d1a9d426ce2dded1855b13a765d6ceb281e2088"",""zkey_sha256"":""a5828d55680b65b55a1bb5be0a26f151342e37551537a71d257fe07d9677e94b"",""input_sha256"":""b635e9511a747bb0bea0278d423e3e859b24d386368186c72a8e46e4e0644657""}",,Closest available counterpart only; proof statements and implementation details are not equivalent.,,,/Users/dcbuilder/Code/world/.worktrees/provekit-v1-cross-device-campaign/target/v1-benchmarks/reproduction/mac-chrome-proof-metrics/raw/circom-webauthn.json
provekit-v1-cross-device-20260730,mac-chrome-circom-privacy_ethereum_webauth_circom-warmup,2026-07-30T12:58:57.845Z,macbook_m4,MacBook Pro M4 Max,macOS 26.5.2 (25F84),arm64,browser_wasm,Google Chrome 151.0.7922.72 headless,webauthn,privacy_ethereum_webauth_circom,0fb5b4aa1398281c2fd3dbe14db147e05b61f201,circom_groth16,circom,snarkjs_0.7.6_browser_wasm_single_thread,snarkjs-wtns-calculate-wasm,warmup,0,ok,,74317.2,221252.3,54.1,295628.2,11064.78125,721,20470384,1753618376,1753618376,2812892,circom-2.2.2-snarkjs-zkey,13044531f0f38e02ed19fcbd9b26202b8ba5a962,"{""circom"":""2.2.2"",""snarkjs"":""0.7.6""}","{""wasm_sha256"":""b24b95ec8d9eca43e6d14d0f0d1a9d426ce2dded1855b13a765d6ceb281e2088"",""zkey_sha256"":""a5828d55680b65b55a1bb5be0a26f151342e37551537a71d257fe07d9677e94b"",""input_sha256"":""b635e9511a747bb0bea0278d423e3e859b24d386368186c72a8e46e4e0644657""}",,Closest available counterpart only; proof statements and implementation details are not equivalent.,,,/Users/dcbuilder/Code/world/.worktrees/provekit-v1-cross-device-campaign/target/v1-benchmarks/reproduction/mac-chrome-proof-metrics/raw/circom-webauthn.json
provekit-v1-cross-device-20260730,mac-chrome-noir-webauthn_assertion-sample-1,2026-07-30T11:52:39.319Z,macbook_m4,MacBook Pro M4 Max,macOS 26.5.2 (25F84),arm64,browser_wasm,Google Chrome 151.0.7922.72 headless,webauthn,webauthn_assertion,85aeeef539961cae5a63de794997b507a5975717,noir_barretenberg,noir,barretenberg-ultrahonk-wasm-single-thread,,measured,1,ok,,,14677.335,,14677.335,1060.0625,16000,2691859,74346433,74346433,,noir-v1.0.0-beta.19-acir,13044531f0f38e02ed19fcbd9b26202b8ba5a962,"{""@aztec/bb.js"":""4.2.0-aztecnr-rc.2"",""@noir-lang/noir_js"":""1.0.0-beta.19""}","{""circuit_sha256"":""a03bfbef1b8b0ddb446d760307402d139bc0f8d8d499344297b2466dc0e6d6ec"",""witness_sha256"":""4b62089fd9867fc490a0c88be3983cf75e823c5527b501511e301e5caef03484"",""source_artifact_sha256"":""b6d8dc8a9f3527c478e336310035bec73d6da7f74e87d8e05d46312f43f597ab""}",,Closest available counterpart only; proof statements and implementation details are not equivalent.,,,/Users/dcbuilder/Code/world/.worktrees/provekit-v1-cross-device-campaign/target/v1-benchmarks/reproduction/mac-chrome-proof-metrics/raw/barretenberg-webauthn.json
provekit-v1-cross-device-20260730,mac-chrome-noir-webauthn_assertion-sample-2,2026-07-30T11:52:39.319Z,macbook_m4,MacBook Pro M4 Max,macOS 26.5.2 (25F84),arm64,browser_wasm,Google Chrome 151.0.7922.72 headless,webauthn,webauthn_assertion,85aeeef539961cae5a63de794997b507a5975717,noir_barretenberg,noir,barretenberg-ultrahonk-wasm-single-thread,,measured,2,ok,,,16153.085,,16153.085,1060.0625,16000,2691859,74346433,74346433,,noir-v1.0.0-beta.19-acir,13044531f0f38e02ed19fcbd9b26202b8ba5a962,"{""@aztec/bb.js"":""4.2.0-aztecnr-rc.2"",""@noir-lang/noir_js"":""1.0.0-beta.19""}","{""circuit_sha256"":""a03bfbef1b8b0ddb446d760307402d139bc0f8d8d499344297b2466dc0e6d6ec"",""witness_sha256"":""4b62089fd9867fc490a0c88be3983cf75e823c5527b501511e301e5caef03484"",""source_artifact_sha256"":""b6d8dc8a9f3527c478e336310035bec73d6da7f74e87d8e05d46312f43f597ab""}",,Closest available counterpart only; proof statements and implementation details are not equivalent.,,,/Users/dcbuilder/Code/world/.worktrees/provekit-v1-cross-device-campaign/target/v1-benchmarks/reproduction/mac-chrome-proof-metrics/raw/barretenberg-webauthn.json
provekit-v1-cross-device-20260730,mac-chrome-noir-webauthn_assertion-sample-3,2026-07-30T11:52:39.319Z,macbook_m4,MacBook Pro M4 Max,macOS 26.5.2 (25F84),arm64,browser_wasm,Google Chrome 151.0.7922.72 headless,webauthn,webauthn_assertion,85aeeef539961cae5a63de794997b507a5975717,noir_barretenberg,noir,barretenberg-ultrahonk-wasm-single-thread,,measured,3,ok,,,14740.61,,14740.61,1060.0625,16000,2691859,74346433,74346433,,noir-v1.0.0-beta.19-acir,13044531f0f38e02ed19fcbd9b26202b8ba5a962,"{""@aztec/bb.js"":""4.2.0-aztecnr-rc.2"",""@noir-lang/noir_js"":""1.0.0-beta.19""}","{""circuit_sha256"":""a03bfbef1b8b0ddb446d760307402d139bc0f8d8d499344297b2466dc0e6d6ec"",""witness_sha256"":""4b62089fd9867fc490a0c88be3983cf75e823c5527b501511e301e5caef03484"",""source_artifact_sha256"":""b6d8dc8a9f3527c478e336310035bec73d6da7f74e87d8e05d46312f43f597ab""}",,Closest available counterpart only; proof statements and implementation details are not equivalent.,,,/Users/dcbuilder/Code/world/.worktrees/provekit-v1-cross-device-campaign/target/v1-benchmarks/reproduction/mac-chrome-proof-metrics/raw/barretenberg-webauthn.json
provekit-v1-cross-device-20260730,mac-chrome-noir-webauthn_assertion-sample-4,2026-07-30T11:52:39.319Z,macbook_m4,MacBook Pro M4 Max,macOS 26.5.2 (25F84),arm64,browser_wasm,Google Chrome 151.0.7922.72 headless,webauthn,webauthn_assertion,85aeeef539961cae5a63de794997b507a5975717,noir_barretenberg,noir,barretenberg-ultrahonk-wasm-single-thread,,measured,4,ok,,,13333.53,,13333.53,1060.0625,16000,2691859,74346433,74346433,,noir-v1.0.0-beta.19-acir,13044531f0f38e02ed19fcbd9b26202b8ba5a962,"{""@aztec/bb.js"":""4.2.0-aztecnr-rc.2"",""@noir-lang/noir_js"":""1.0.0-beta.19""}","{""circuit_sha256"":""a03bfbef1b8b0ddb446d760307402d139bc0f8d8d499344297b2466dc0e6d6ec"",""witness_sha256"":""4b62089fd9867fc490a0c88be3983cf75e823c5527b501511e301e5caef03484"",""source_artifact_sha256"":""b6d8dc8a9f3527c478e336310035bec73d6da7f74e87d8e05d46312f43f597ab""}",,Closest available counterpart only; proof statements and implementation details are not equivalent.,,,/Users/dcbuilder/Code/world/.worktrees/provekit-v1-cross-device-campaign/target/v1-benchmarks/reproduction/mac-chrome-proof-metrics/raw/barretenberg-webauthn.json
provekit-v1-cross-device-20260730,mac-chrome-noir-webauthn_assertion-sample-5,2026-07-30T11:52:39.319Z,macbook_m4,MacBook Pro M4 Max,macOS 26.5.2 (25F84),arm64,browser_wasm,Google Chrome 151.0.7922.72 headless,webauthn,webauthn_assertion,85aeeef539961cae5a63de794997b507a5975717,noir_barretenberg,noir,barretenberg-ultrahonk-wasm-single-thread,,measured,5,ok,,,16982.47,,16982.47,1060.0625,16000,2691859,74346433,74346433,,noir-v1.0.0-beta.19-acir,13044531f0f38e02ed19fcbd9b26202b8ba5a962,"{""@aztec/bb.js"":""4.2.0-aztecnr-rc.2"",""@noir-lang/noir_js"":""1.0.0-beta.19""}","{""circuit_sha256"":""a03bfbef1b8b0ddb446d760307402d139bc0f8d8d499344297b2466dc0e6d6ec"",""witness_sha256"":""4b62089fd9867fc490a0c88be3983cf75e823c5527b501511e301e5caef03484"",""source_artifact_sha256"":""b6d8dc8a9f3527c478e336310035bec73d6da7f74e87d8e05d46312f43f597ab""}",,Closest available counterpart only; proof statements and implementation details are not equivalent.,,,/Users/dcbuilder/Code/world/.worktrees/provekit-v1-cross-device-campaign/target/v1-benchmarks/reproduction/mac-chrome-proof-metrics/raw/barretenberg-webauthn.json
provekit-v1-cross-device-20260730,mac-chrome-noir-webauthn_assertion-warmup,2026-07-30T11:52:39.319Z,macbook_m4,MacBook Pro M4 Max,macOS 26.5.2 (25F84),arm64,browser_wasm,Google Chrome 151.0.7922.72 headless,webauthn,webauthn_assertion,85aeeef539961cae5a63de794997b507a5975717,noir_barretenberg,noir,barretenberg-ultrahonk-wasm-single-thread,,warmup,0,ok,,,13841.28,,13841.28,1060.0625,16000,2691859,74346433,74346433,,noir-v1.0.0-beta.19-acir,13044531f0f38e02ed19fcbd9b26202b8ba5a962,"{""@aztec/bb.js"":""4.2.0-aztecnr-rc.2"",""@noir-lang/noir_js"":""1.0.0-beta.19""}","{""circuit_sha256"":""a03bfbef1b8b0ddb446d760307402d139bc0f8d8d499344297b2466dc0e6d6ec"",""witness_sha256"":""4b62089fd9867fc490a0c88be3983cf75e823c5527b501511e301e5caef03484"",""source_artifact_sha256"":""b6d8dc8a9f3527c478e336310035bec73d6da7f74e87d8e05d46312f43f597ab""}",,Closest available counterpart only; proof statements and implementation details are not equivalent.,,,/Users/dcbuilder/Code/world/.worktrees/provekit-v1-cross-device-campaign/target/v1-benchmarks/reproduction/mac-chrome-proof-metrics/raw/barretenberg-webauthn.json
provekit-v1-cross-device-20260730,mac-chrome-provekit-webauthn_assertion-sample-1,2026-07-30T11:41:21.555Z,macbook_m4,MacBook Pro M4 Max,macOS 26.5.2 (25F84),arm64,browser_wasm,Google Chrome 151.0.7922.72 headless,webauthn,webauthn_assertion,85aeeef539961cae5a63de794997b507a5975717,provekit_v1,noir,provekit-v1-whir-wasm-single-thread,@noir-lang/noir_js,measured,1,ok,94.21999996900558,,19913.209999978542,584.8700000047684,22218.060000002384,962.40625,548024,2384833,2392664,2392664,345540,pkp-2.0-pkv-2.1-noir-v1.0.0-beta.20,13044531f0f38e02ed19fcbd9b26202b8ba5a962,"{""@worldcoin/provekit"":""0.1.0"",""@noir-lang/noir_js"":""1.0.0-beta.20""}","{""prover_sha256"":""716b20dd5675243c3af3f02e5cbb0b60717082d0d84366c162d0723ccd1cb749"",""inputs_sha256"":""aa8d7f8b27ae2f5deeb49c9eddf1fdd0789aa3bcc212d83619beabe1b8d362dc""}",,Closest available counterpart only; proof statements and implementation details are not equivalent.,,,/Users/dcbuilder/Code/world/.worktrees/provekit-v1-cross-device-campaign/target/v1-benchmarks/reproduction/mac-chrome-proof-metrics/raw/provekit-webauthn.json
provekit-v1-cross-device-20260730,mac-chrome-provekit-webauthn_assertion-sample-2,2026-07-30T11:41:21.555Z,macbook_m4,MacBook Pro M4 Max,macOS 26.5.2 (25F84),arm64,browser_wasm,Google Chrome 151.0.7922.72 headless,webauthn,webauthn_assertion,85aeeef539961cae5a63de794997b507a5975717,provekit_v1,noir,provekit-v1-whir-wasm-single-thread,@noir-lang/noir_js,measured,2,ok,94.21999996900558,,22535.989999949932,491.1399999856949,24164.030000030994,962.40625,544012,2384833,2392664,2392664,345540,pkp-2.0-pkv-2.1-noir-v1.0.0-beta.20,13044531f0f38e02ed19fcbd9b26202b8ba5a962,"{""@worldcoin/provekit"":""0.1.0"",""@noir-lang/noir_js"":""1.0.0-beta.20""}","{""prover_sha256"":""716b20dd5675243c3af3f02e5cbb0b60717082d0d84366c162d0723ccd1cb749"",""inputs_sha256"":""aa8d7f8b27ae2f5deeb49c9eddf1fdd0789aa3bcc212d83619beabe1b8d362dc""}",,Closest available counterpart only; proof statements and implementation details are not equivalent.,,,/Users/dcbuilder/Code/world/.worktrees/provekit-v1-cross-device-campaign/target/v1-benchmarks/reproduction/mac-chrome-proof-metrics/raw/provekit-webauthn.json
provekit-v1-cross-device-20260730,mac-chrome-provekit-webauthn_assertion-sample-3,2026-07-30T11:41:21.555Z,macbook_m4,MacBook Pro M4 Max,macOS 26.5.2 (25F84),arm64,browser_wasm,Google Chrome 151.0.7922.72 headless,webauthn,webauthn_assertion,85aeeef539961cae5a63de794997b507a5975717,provekit_v1,noir,provekit-v1-whir-wasm-single-thread,@noir-lang/noir_js,measured,3,ok,94.21999996900558,,20499.09500002861,577.0300000309944,22332.95499998331,962.40625,546272,2384833,2392664,2392664,345540,pkp-2.0-pkv-2.1-noir-v1.0.0-beta.20,13044531f0f38e02ed19fcbd9b26202b8ba5a962,"{""@worldcoin/provekit"":""0.1.0"",""@noir-lang/noir_js"":""1.0.0-beta.20""}","{""prover_sha256"":""716b20dd5675243c3af3f02e5cbb0b60717082d0d84366c162d0723ccd1cb749"",""inputs_sha256"":""aa8d7f8b27ae2f5deeb49c9eddf1fdd0789aa3bcc212d83619beabe1b8d362dc""}",,Closest available counterpart only; proof statements and implementation details are not equivalent.,,,/Users/dcbuilder/Code/world/.worktrees/provekit-v1-cross-device-campaign/target/v1-benchmarks/reproduction/mac-chrome-proof-metrics/raw/provekit-webauthn.json
provekit-v1-cross-device-20260730,mac-chrome-provekit-webauthn_assertion-sample-4,2026-07-30T11:41:21.555Z,macbook_m4,MacBook Pro M4 Max,macOS 26.5.2 (25F84),arm64,browser_wasm,Google Chrome 151.0.7922.72 headless,webauthn,webauthn_assertion,85aeeef539961cae5a63de794997b507a5975717,provekit_v1,noir,provekit-v1-whir-wasm-single-thread,@noir-lang/noir_js,measured,4,ok,94.21999996900558,,22415.830000042915,614.4900000095367,25000.725000023842,962.40625,544952,2384833,2392664,2392664,345540,pkp-2.0-pkv-2.1-noir-v1.0.0-beta.20,13044531f0f38e02ed19fcbd9b26202b8ba5a962,"{""@worldcoin/provekit"":""0.1.0"",""@noir-lang/noir_js"":""1.0.0-beta.20""}","{""prover_sha256"":""716b20dd5675243c3af3f02e5cbb0b60717082d0d84366c162d0723ccd1cb749"",""inputs_sha256"":""aa8d7f8b27ae2f5deeb49c9eddf1fdd0789aa3bcc212d83619beabe1b8d362dc""}",,Closest available counterpart only; proof statements and implementation details are not equivalent.,,,/Users/dcbuilder/Code/world/.worktrees/provekit-v1-cross-device-campaign/target/v1-benchmarks/reproduction/mac-chrome-proof-metrics/raw/provekit-webauthn.json
provekit-v1-cross-device-20260730,mac-chrome-provekit-webauthn_assertion-sample-5,2026-07-30T11:41:21.555Z,macbook_m4,MacBook Pro M4 Max,macOS 26.5.2 (25F84),arm64,browser_wasm,Google Chrome 151.0.7922.72 headless,webauthn,webauthn_assertion,85aeeef539961cae5a63de794997b507a5975717,provekit_v1,noir,provekit-v1-whir-wasm-single-thread,@noir-lang/noir_js,measured,5,ok,94.21999996900558,,27428.59000003338,829.4499999880791,30168.42500001192,962.40625,545504,2384833,2392664,2392664,345540,pkp-2.0-pkv-2.1-noir-v1.0.0-beta.20,13044531f0f38e02ed19fcbd9b26202b8ba5a962,"{""@worldcoin/provekit"":""0.1.0"",""@noir-lang/noir_js"":""1.0.0-beta.20""}","{""prover_sha256"":""716b20dd5675243c3af3f02e5cbb0b60717082d0d84366c162d0723ccd1cb749"",""inputs_sha256"":""aa8d7f8b27ae2f5deeb49c9eddf1fdd0789aa3bcc212d83619beabe1b8d362dc""}",,Closest available counterpart only; proof statements and implementation details are not equivalent.,,,/Users/dcbuilder/Code/world/.worktrees/provekit-v1-cross-device-campaign/target/v1-benchmarks/reproduction/mac-chrome-proof-metrics/raw/provekit-webauthn.json
provekit-v1-cross-device-20260730,mac-chrome-provekit-webauthn_assertion-warmup,2026-07-30T11:41:21.555Z,macbook_m4,MacBook Pro M4 Max,macOS 26.5.2 (25F84),arm64,browser_wasm,Google Chrome 151.0.7922.72 headless,webauthn,webauthn_assertion,85aeeef539961cae5a63de794997b507a5975717,provekit_v1,noir,provekit-v1-whir-wasm-single-thread,@noir-lang/noir_js,warmup,0,ok,94.21999996900558,,22167.105000019073,606.0099999904633,24578.45499998331,962.40625,546144,2384833,2392664,2392664,345540,pkp-2.0-pkv-2.1-noir-v1.0.0-beta.20,13044531f0f38e02ed19fcbd9b26202b8ba5a962,"{""@worldcoin/provekit"":""0.1.0"",""@noir-lang/noir_js"":""1.0.0-beta.20""}","{""prover_sha256"":""716b20dd5675243c3af3f02e5cbb0b60717082d0d84366c162d0723ccd1cb749"",""inputs_sha256"":""aa8d7f8b27ae2f5deeb49c9eddf1fdd0789aa3bcc212d83619beabe1b8d362dc""}",,Closest available counterpart only; proof statements and implementation details are not equivalent.,,,/Users/dcbuilder/Code/world/.worktrees/provekit-v1-cross-device-campaign/target/v1-benchmarks/reproduction/mac-chrome-proof-metrics/raw/provekit-webauthn.json
provekit-v1-cross-device-20260730,motorola-e15-circom_groth16-world_id_protocol_nullifier-sample-1,2026-07-31T08:30:00Z,motorola_e15,moto e15,Android 14,armeabi-v7a,android_native,,oprf,world_id_protocol_nullifier,85aeeef539961cae5a63de794997b507a5975717,circom_groth16,circom,arkworks-groth16-native-armv7,frozen-wtns-rust-witness,measured,1,ok,,,8011.589,,8011.624308,142.05078125,1772,38279392,40639660,40639660,,groth16-circom-prover-0.1.4-arkworks-armv7,13044531f0f38e02ed19fcbd9b26202b8ba5a962,"{""mopro"":""0.3.7"",""circom_prover"":""0.1.4"",""rust_witness"":""0.1"",""backend"":""arkworks""}","{""zkey"":""5c13f036144b3e9767edb51dc28034d3dc8d72d6ca4d66fad2c9655f5b4653dc"",""witness"":""b5c2bf1c167f8fe77cf13bf96db143c21aa19f27f6b7cc9317b255c43d32f568""}",,Closest available counterpart only; proof statements and implementation details are not equivalent.,,,/Users/dcbuilder/Code/world/.worktrees/provekit-v1-cross-device-campaign/target/v1-benchmarks/reproduction/e15-circom-oprf-nullifier-arkworks-1plus5
provekit-v1-cross-device-20260730,motorola-e15-circom_groth16-world_id_protocol_nullifier-sample-2,2026-07-31T08:30:00Z,motorola_e15,moto e15,Android 14,armeabi-v7a,android_native,,oprf,world_id_protocol_nullifier,85aeeef539961cae5a63de794997b507a5975717,circom_groth16,circom,arkworks-groth16-native-armv7,frozen-wtns-rust-witness,measured,2,ok,,,8050.139077,,8050.173155,148.76171875,1778,38279392,40639660,40639660,,groth16-circom-prover-0.1.4-arkworks-armv7,13044531f0f38e02ed19fcbd9b26202b8ba5a962,"{""mopro"":""0.3.7"",""circom_prover"":""0.1.4"",""rust_witness"":""0.1"",""backend"":""arkworks""}","{""zkey"":""5c13f036144b3e9767edb51dc28034d3dc8d72d6ca4d66fad2c9655f5b4653dc"",""witness"":""b5c2bf1c167f8fe77cf13bf96db143c21aa19f27f6b7cc9317b255c43d32f568""}",,Closest available counterpart only; proof statements and implementation details are not equivalent.,,,/Users/dcbuilder/Code/world/.worktrees/provekit-v1-cross-device-campaign/target/v1-benchmarks/reproduction/e15-circom-oprf-nullifier-arkworks-1plus5
provekit-v1-cross-device-20260730,motorola-e15-circom_groth16-world_id_protocol_nullifier-sample-3,2026-07-31T08:30:00Z,motorola_e15,moto e15,Android 14,armeabi-v7a,android_native,,oprf,world_id_protocol_nullifier,85aeeef539961cae5a63de794997b507a5975717,circom_groth16,circom,arkworks-groth16-native-armv7,frozen-wtns-rust-witness,measured,3,ok,,,8234.68277,,8234.722539,154.4140625,1785,38279392,40639660,40639660,,groth16-circom-prover-0.1.4-arkworks-armv7,13044531f0f38e02ed19fcbd9b26202b8ba5a962,"{""mopro"":""0.3.7"",""circom_prover"":""0.1.4"",""rust_witness"":""0.1"",""backend"":""arkworks""}","{""zkey"":""5c13f036144b3e9767edb51dc28034d3dc8d72d6ca4d66fad2c9655f5b4653dc"",""witness"":""b5c2bf1c167f8fe77cf13bf96db143c21aa19f27f6b7cc9317b255c43d32f568""}",,Closest available counterpart only; proof statements and implementation details are not equivalent.,,,/Users/dcbuilder/Code/world/.worktrees/provekit-v1-cross-device-campaign/target/v1-benchmarks/reproduction/e15-circom-oprf-nullifier-arkworks-1plus5
provekit-v1-cross-device-20260730,motorola-e15-circom_groth16-world_id_protocol_nullifier-sample-4,2026-07-31T08:30:00Z,motorola_e15,moto e15,Android 14,armeabi-v7a,android_native,,oprf,world_id_protocol_nullifier,85aeeef539961cae5a63de794997b507a5975717,circom_groth16,circom,arkworks-groth16-native-armv7,frozen-wtns-rust-witness,measured,4,ok,,,8284.441539,,8284.483,150.15625,1773,38279392,40639660,40639660,,groth16-circom-prover-0.1.4-arkworks-armv7,13044531f0f38e02ed19fcbd9b26202b8ba5a962,"{""mopro"":""0.3.7"",""circom_prover"":""0.1.4"",""rust_witness"":""0.1"",""backend"":""arkworks""}","{""zkey"":""5c13f036144b3e9767edb51dc28034d3dc8d72d6ca4d66fad2c9655f5b4653dc"",""witness"":""b5c2bf1c167f8fe77cf13bf96db143c21aa19f27f6b7cc9317b255c43d32f568""}",,Closest available counterpart only; proof statements and implementation details are not equivalent.,,,/Users/dcbuilder/Code/world/.worktrees/provekit-v1-cross-device-campaign/target/v1-benchmarks/reproduction/e15-circom-oprf-nullifier-arkworks-1plus5
provekit-v1-cross-device-20260730,motorola-e15-circom_groth16-world_id_protocol_nullifier-sample-5,2026-07-31T08:30:00Z,motorola_e15,moto e15,Android 14,armeabi-v7a,android_native,,oprf,world_id_protocol_nullifier,85aeeef539961cae5a63de794997b507a5975717,circom_groth16,circom,arkworks-groth16-native-armv7,frozen-wtns-rust-witness,measured,5,ok,,,8262.845847,,8262.886769,153.52734375,1773,38279392,40639660,40639660,,groth16-circom-prover-0.1.4-arkworks-armv7,13044531f0f38e02ed19fcbd9b26202b8ba5a962,"{""mopro"":""0.3.7"",""circom_prover"":""0.1.4"",""rust_witness"":""0.1"",""backend"":""arkworks""}","{""zkey"":""5c13f036144b3e9767edb51dc28034d3dc8d72d6ca4d66fad2c9655f5b4653dc"",""witness"":""b5c2bf1c167f8fe77cf13bf96db143c21aa19f27f6b7cc9317b255c43d32f568""}",,Closest available counterpart only; proof statements and implementation details are not equivalent.,,,/Users/dcbuilder/Code/world/.worktrees/provekit-v1-cross-device-campaign/target/v1-benchmarks/reproduction/e15-circom-oprf-nullifier-arkworks-1plus5
provekit-v1-cross-device-20260730,motorola-e15-circom_groth16-world_id_protocol_nullifier-warmup,2026-07-31T08:30:00Z,motorola_e15,moto e15,Android 14,armeabi-v7a,android_native,,oprf,world_id_protocol_nullifier,85aeeef539961cae5a63de794997b507a5975717,circom_groth16,circom,arkworks-groth16-native-armv7,frozen-wtns-rust-witness,warmup,0,ok,,,,,,,,38279392,40639660,40639660,,groth16-circom-prover-0.1.4-arkworks-armv7,13044531f0f38e02ed19fcbd9b26202b8ba5a962,"{""mopro"":""0.3.7"",""circom_prover"":""0.1.4"",""rust_witness"":""0.1"",""backend"":""arkworks""}","{""zkey"":""5c13f036144b3e9767edb51dc28034d3dc8d72d6ca4d66fad2c9655f5b4653dc"",""witness"":""b5c2bf1c167f8fe77cf13bf96db143c21aa19f27f6b7cc9317b255c43d32f568""}",,Closest available counterpart only; proof statements and implementation details are not equivalent.,,,/Users/dcbuilder/Code/world/.worktrees/provekit-v1-cross-device-campaign/target/v1-benchmarks/reproduction/e15-circom-oprf-nullifier-arkworks-1plus5
provekit-v1-cross-device-20260730,motorola-e15-circom_groth16-world_id_protocol_query-sample-1,2026-07-31T08:30:00Z,motorola_e15,moto e15,Android 14,armeabi-v7a,android_native,,oprf,world_id_protocol_query,85aeeef539961cae5a63de794997b507a5975717,circom_groth16,circom,arkworks-groth16-native-armv7,frozen-wtns-rust-witness,measured,1,ok,,,4305.973846,,4306.001923,118.328125,1331,17450128,18543164,18543164,,groth16-circom-prover-0.1.4-arkworks-armv7,13044531f0f38e02ed19fcbd9b26202b8ba5a962,"{""mopro"":""0.3.7"",""circom_prover"":""0.1.4"",""rust_witness"":""0.1"",""backend"":""arkworks""}","{""zkey"":""1fe8c40ce1de0f6a0dc636472db845bed20fc6f5d9ae8a03c6de53ad80db9bfe"",""witness"":""89844b3d8e0b0a9a58075659b694f2e0f5582a198430da6d8101a48707f7446f""}",,Closest available counterpart only; proof statements and implementation details are not equivalent.,,,/Users/dcbuilder/Code/world/.worktrees/provekit-v1-cross-device-campaign/target/v1-benchmarks/reproduction/e15-circom-oprf-query-arkworks-1plus5
provekit-v1-cross-device-20260730,motorola-e15-circom_groth16-world_id_protocol_query-sample-2,2026-07-31T08:30:00Z,motorola_e15,moto e15,Android 14,armeabi-v7a,android_native,,oprf,world_id_protocol_query,85aeeef539961cae5a63de794997b507a5975717,circom_groth16,circom,arkworks-groth16-native-armv7,frozen-wtns-rust-witness,measured,2,ok,,,4283.635077,,4283.660923,109.9765625,1323,17450128,18543164,18543164,,groth16-circom-prover-0.1.4-arkworks-armv7,13044531f0f38e02ed19fcbd9b26202b8ba5a962,"{""mopro"":""0.3.7"",""circom_prover"":""0.1.4"",""rust_witness"":""0.1"",""backend"":""arkworks""}","{""zkey"":""1fe8c40ce1de0f6a0dc636472db845bed20fc6f5d9ae8a03c6de53ad80db9bfe"",""witness"":""89844b3d8e0b0a9a58075659b694f2e0f5582a198430da6d8101a48707f7446f""}",,Closest available counterpart only; proof statements and implementation details are not equivalent.,,,/Users/dcbuilder/Code/world/.worktrees/provekit-v1-cross-device-campaign/target/v1-benchmarks/reproduction/e15-circom-oprf-query-arkworks-1plus5
provekit-v1-cross-device-20260730,motorola-e15-circom_groth16-world_id_protocol_query-sample-3,2026-07-31T08:30:00Z,motorola_e15,moto e15,Android 14,armeabi-v7a,android_native,,oprf,world_id_protocol_query,85aeeef539961cae5a63de794997b507a5975717,circom_groth16,circom,arkworks-groth16-native-armv7,frozen-wtns-rust-witness,measured,3,ok,,,4380.035924,,4380.066462,112.0859375,1322,17450128,18543164,18543164,,groth16-circom-prover-0.1.4-arkworks-armv7,13044531f0f38e02ed19fcbd9b26202b8ba5a962,"{""mopro"":""0.3.7"",""circom_prover"":""0.1.4"",""rust_witness"":""0.1"",""backend"":""arkworks""}","{""zkey"":""1fe8c40ce1de0f6a0dc636472db845bed20fc6f5d9ae8a03c6de53ad80db9bfe"",""witness"":""89844b3d8e0b0a9a58075659b694f2e0f5582a198430da6d8101a48707f7446f""}",,Closest available counterpart only; proof statements and implementation details are not equivalent.,,,/Users/dcbuilder/Code/world/.worktrees/provekit-v1-cross-device-campaign/target/v1-benchmarks/reproduction/e15-circom-oprf-query-arkworks-1plus5
provekit-v1-cross-device-20260730,motorola-e15-circom_groth16-world_id_protocol_query-sample-4,2026-07-31T08:30:00Z,motorola_e15,moto e15,Android 14,armeabi-v7a,android_native,,oprf,world_id_protocol_query,85aeeef539961cae5a63de794997b507a5975717,circom_groth16,circom,arkworks-groth16-native-armv7,frozen-wtns-rust-witness,measured,4,ok,,,4262.422077,,4262.453538,111.63671875,1325,17450128,18543164,18543164,,groth16-circom-prover-0.1.4-arkworks-armv7,13044531f0f38e02ed19fcbd9b26202b8ba5a962,"{""mopro"":""0.3.7"",""circom_prover"":""0.1.4"",""rust_witness"":""0.1"",""backend"":""arkworks""}","{""zkey"":""1fe8c40ce1de0f6a0dc636472db845bed20fc6f5d9ae8a03c6de53ad80db9bfe"",""witness"":""89844b3d8e0b0a9a58075659b694f2e0f5582a198430da6d8101a48707f7446f""}",,Closest available counterpart only; proof statements and implementation details are not equivalent.,,,/Users/dcbuilder/Code/world/.worktrees/provekit-v1-cross-device-campaign/target/v1-benchmarks/reproduction/e15-circom-oprf-query-arkworks-1plus5
provekit-v1-cross-device-20260730,motorola-e15-circom_groth16-world_id_protocol_query-sample-5,2026-07-31T08:30:00Z,motorola_e15,moto e15,Android 14,armeabi-v7a,android_native,,oprf,world_id_protocol_query,85aeeef539961cae5a63de794997b507a5975717,circom_groth16,circom,arkworks-groth16-native-armv7,frozen-wtns-rust-witness,measured,5,ok,,,4278.446769,,4278.471924,109.44140625,1329,17450128,18543164,18543164,,groth16-circom-prover-0.1.4-arkworks-armv7,13044531f0f38e02ed19fcbd9b26202b8ba5a962,"{""mopro"":""0.3.7"",""circom_prover"":""0.1.4"",""rust_witness"":""0.1"",""backend"":""arkworks""}","{""zkey"":""1fe8c40ce1de0f6a0dc636472db845bed20fc6f5d9ae8a03c6de53ad80db9bfe"",""witness"":""89844b3d8e0b0a9a58075659b694f2e0f5582a198430da6d8101a48707f7446f""}",,Closest available counterpart only; proof statements and implementation details are not equivalent.,,,/Users/dcbuilder/Code/world/.worktrees/provekit-v1-cross-device-campaign/target/v1-benchmarks/reproduction/e15-circom-oprf-query-arkworks-1plus5
provekit-v1-cross-device-20260730,motorola-e15-circom_groth16-world_id_protocol_query-warmup,2026-07-31T08:30:00Z,motorola_e15,moto e15,Android 14,armeabi-v7a,android_native,,oprf,world_id_protocol_query,85aeeef539961cae5a63de794997b507a5975717,circom_groth16,circom,arkworks-groth16-native-armv7,frozen-wtns-rust-witness,warmup,0,ok,,,,,,,,17450128,18543164,18543164,,groth16-circom-prover-0.1.4-arkworks-armv7,13044531f0f38e02ed19fcbd9b26202b8ba5a962,"{""mopro"":""0.3.7"",""circom_prover"":""0.1.4"",""rust_witness"":""0.1"",""backend"":""arkworks""}","{""zkey"":""1fe8c40ce1de0f6a0dc636472db845bed20fc6f5d9ae8a03c6de53ad80db9bfe"",""witness"":""89844b3d8e0b0a9a58075659b694f2e0f5582a198430da6d8101a48707f7446f""}",,Closest available counterpart only; proof statements and implementation details are not equivalent.,,,/Users/dcbuilder/Code/world/.worktrees/provekit-v1-cross-device-campaign/target/v1-benchmarks/reproduction/e15-circom-oprf-query-arkworks-1plus5
provekit-v1-cross-device-20260730,motorola-e15-noir_barretenberg-oprf_taceo-sample-1,2026-07-31T08:30:00Z,motorola_e15,moto e15,Android 14,armeabi-v7a,android_native,,oprf,oprf_taceo,808f3c795b57963dd58ef282ccd61022ef39c285,noir_barretenberg,noir,barretenberg-ultrahonk-native-armv7-file-srs-exact-domain,frozen-noir-witness-stack-beta.19,measured,1,ok,,,37668.657157,,37668.667156,207.63671875,16196,1243671,6501924,6501924,,noir-v1.0.0-beta.19-barretenberg-rs-4.2.0-aztecnr-rc.2-armv7-file-srs,13044531f0f38e02ed19fcbd9b26202b8ba5a962,"{""mopro"":""0.3.7"",""noir"":""1.0.0-beta.19"",""barretenberg_rs"":""4.2.0-aztecnr-rc.2"",""srs_loading"":""direct-file-exact-verification-key-domain""}","{""apk"":""358b8711f4a787bbe1234d72cf48b8cea4271c9466c66090cd0310b2ab0409a8"",""circuit"":""d5443c2c0a97e748ef53143b8ed72c3def2b7e02b78a73a6566946309a218525"",""witness"":""da3792d254434e5859fb3ab6dd2c84701a4bcf9573e7d5ebc40856540d355f13"",""consumed_srs"":""9fd9fad54cfdc61ec309e818fe7bbddad1ca7dde72cc9b1afd126b744f887078""}",,Closest available counterpart only; proof statements and implementation details are not equivalent.,,,/Users/dcbuilder/Code/world/.worktrees/provekit-v1-cross-device-campaign/target/v1-benchmarks/reproduction/e15-noir-oprf-barretenberg-armv7-exact-domain-1x5
provekit-v1-cross-device-20260730,motorola-e15-noir_barretenberg-oprf_taceo-sample-2,2026-07-31T08:30:00Z,motorola_e15,moto e15,Android 14,armeabi-v7a,android_native,,oprf,oprf_taceo,808f3c795b57963dd58ef282ccd61022ef39c285,noir_barretenberg,noir,barretenberg-ultrahonk-native-armv7-file-srs-exact-domain,frozen-noir-witness-stack-beta.19,measured,2,ok,,,37629.680386,,37629.690772,206.34375,16196,1243671,6501924,6501924,,noir-v1.0.0-beta.19-barretenberg-rs-4.2.0-aztecnr-rc.2-armv7-file-srs,13044531f0f38e02ed19fcbd9b26202b8ba5a962,"{""mopro"":""0.3.7"",""noir"":""1.0.0-beta.19"",""barretenberg_rs"":""4.2.0-aztecnr-rc.2"",""srs_loading"":""direct-file-exact-verification-key-domain""}","{""apk"":""358b8711f4a787bbe1234d72cf48b8cea4271c9466c66090cd0310b2ab0409a8"",""circuit"":""d5443c2c0a97e748ef53143b8ed72c3def2b7e02b78a73a6566946309a218525"",""witness"":""da3792d254434e5859fb3ab6dd2c84701a4bcf9573e7d5ebc40856540d355f13"",""consumed_srs"":""9fd9fad54cfdc61ec309e818fe7bbddad1ca7dde72cc9b1afd126b744f887078""}",,Closest available counterpart only; proof statements and implementation details are not equivalent.,,,/Users/dcbuilder/Code/world/.worktrees/provekit-v1-cross-device-campaign/target/v1-benchmarks/reproduction/e15-noir-oprf-barretenberg-armv7-exact-domain-1x5
provekit-v1-cross-device-20260730,motorola-e15-noir_barretenberg-oprf_taceo-sample-3,2026-07-31T08:30:00Z,motorola_e15,moto e15,Android 14,armeabi-v7a,android_native,,oprf,oprf_taceo,808f3c795b57963dd58ef282ccd61022ef39c285,noir_barretenberg,noir,barretenberg-ultrahonk-native-armv7-file-srs-exact-domain,frozen-noir-witness-stack-beta.19,measured,3,ok,,,37603.385925,,37603.39531,204.9609375,16196,1243671,6501924,6501924,,noir-v1.0.0-beta.19-barretenberg-rs-4.2.0-aztecnr-rc.2-armv7-file-srs,13044531f0f38e02ed19fcbd9b26202b8ba5a962,"{""mopro"":""0.3.7"",""noir"":""1.0.0-beta.19"",""barretenberg_rs"":""4.2.0-aztecnr-rc.2"",""srs_loading"":""direct-file-exact-verification-key-domain""}","{""apk"":""358b8711f4a787bbe1234d72cf48b8cea4271c9466c66090cd0310b2ab0409a8"",""circuit"":""d5443c2c0a97e748ef53143b8ed72c3def2b7e02b78a73a6566946309a218525"",""witness"":""da3792d254434e5859fb3ab6dd2c84701a4bcf9573e7d5ebc40856540d355f13"",""consumed_srs"":""9fd9fad54cfdc61ec309e818fe7bbddad1ca7dde72cc9b1afd126b744f887078""}",,Closest available counterpart only; proof statements and implementation details are not equivalent.,,,/Users/dcbuilder/Code/world/.worktrees/provekit-v1-cross-device-campaign/target/v1-benchmarks/reproduction/e15-noir-oprf-barretenberg-armv7-exact-domain-1x5
provekit-v1-cross-device-20260730,motorola-e15-noir_barretenberg-oprf_taceo-sample-4,2026-07-31T08:30:00Z,motorola_e15,moto e15,Android 14,armeabi-v7a,android_native,,oprf,oprf_taceo,808f3c795b57963dd58ef282ccd61022ef39c285,noir_barretenberg,noir,barretenberg-ultrahonk-native-armv7-file-srs-exact-domain,frozen-noir-witness-stack-beta.19,measured,4,ok,,,37659.08031,,37659.094771,205.625,16196,1243671,6501924,6501924,,noir-v1.0.0-beta.19-barretenberg-rs-4.2.0-aztecnr-rc.2-armv7-file-srs,13044531f0f38e02ed19fcbd9b26202b8ba5a962,"{""mopro"":""0.3.7"",""noir"":""1.0.0-beta.19"",""barretenberg_rs"":""4.2.0-aztecnr-rc.2"",""srs_loading"":""direct-file-exact-verification-key-domain""}","{""apk"":""358b8711f4a787bbe1234d72cf48b8cea4271c9466c66090cd0310b2ab0409a8"",""circuit"":""d5443c2c0a97e748ef53143b8ed72c3def2b7e02b78a73a6566946309a218525"",""witness"":""da3792d254434e5859fb3ab6dd2c84701a4bcf9573e7d5ebc40856540d355f13"",""consumed_srs"":""9fd9fad54cfdc61ec309e818fe7bbddad1ca7dde72cc9b1afd126b744f887078""}",,Closest available counterpart only; proof statements and implementation details are not equivalent.,,,/Users/dcbuilder/Code/world/.worktrees/provekit-v1-cross-device-campaign/target/v1-benchmarks/reproduction/e15-noir-oprf-barretenberg-armv7-exact-domain-1x5
provekit-v1-cross-device-20260730,motorola-e15-noir_barretenberg-oprf_taceo-sample-5,2026-07-31T08:30:00Z,motorola_e15,moto e15,Android 14,armeabi-v7a,android_native,,oprf,oprf_taceo,808f3c795b57963dd58ef282ccd61022ef39c285,noir_barretenberg,noir,barretenberg-ultrahonk-native-armv7-file-srs-exact-domain,frozen-noir-witness-stack-beta.19,measured,5,ok,,,37672.131387,,37672.140386,205.01171875,16196,1243671,6501924,6501924,,noir-v1.0.0-beta.19-barretenberg-rs-4.2.0-aztecnr-rc.2-armv7-file-srs,13044531f0f38e02ed19fcbd9b26202b8ba5a962,"{""mopro"":""0.3.7"",""noir"":""1.0.0-beta.19"",""barretenberg_rs"":""4.2.0-aztecnr-rc.2"",""srs_loading"":""direct-file-exact-verification-key-domain""}","{""apk"":""358b8711f4a787bbe1234d72cf48b8cea4271c9466c66090cd0310b2ab0409a8"",""circuit"":""d5443c2c0a97e748ef53143b8ed72c3def2b7e02b78a73a6566946309a218525"",""witness"":""da3792d254434e5859fb3ab6dd2c84701a4bcf9573e7d5ebc40856540d355f13"",""consumed_srs"":""9fd9fad54cfdc61ec309e818fe7bbddad1ca7dde72cc9b1afd126b744f887078""}",,Closest available counterpart only; proof statements and implementation details are not equivalent.,,,/Users/dcbuilder/Code/world/.worktrees/provekit-v1-cross-device-campaign/target/v1-benchmarks/reproduction/e15-noir-oprf-barretenberg-armv7-exact-domain-1x5
provekit-v1-cross-device-20260730,motorola-e15-noir_barretenberg-oprf_taceo-warmup,2026-07-31T08:30:00Z,motorola_e15,moto e15,Android 14,armeabi-v7a,android_native,,oprf,oprf_taceo,808f3c795b57963dd58ef282ccd61022ef39c285,noir_barretenberg,noir,barretenberg-ultrahonk-native-armv7-file-srs-exact-domain,frozen-noir-witness-stack-beta.19,warmup,0,ok,,,,,,,,1243671,6501924,6501924,,noir-v1.0.0-beta.19-barretenberg-rs-4.2.0-aztecnr-rc.2-armv7-file-srs,13044531f0f38e02ed19fcbd9b26202b8ba5a962,"{""mopro"":""0.3.7"",""noir"":""1.0.0-beta.19"",""barretenberg_rs"":""4.2.0-aztecnr-rc.2"",""srs_loading"":""direct-file-exact-verification-key-domain""}","{""apk"":""358b8711f4a787bbe1234d72cf48b8cea4271c9466c66090cd0310b2ab0409a8"",""circuit"":""d5443c2c0a97e748ef53143b8ed72c3def2b7e02b78a73a6566946309a218525"",""witness"":""da3792d254434e5859fb3ab6dd2c84701a4bcf9573e7d5ebc40856540d355f13"",""consumed_srs"":""9fd9fad54cfdc61ec309e818fe7bbddad1ca7dde72cc9b1afd126b744f887078""}",,Closest available counterpart only; proof statements and implementation details are not equivalent.,,,/Users/dcbuilder/Code/world/.worktrees/provekit-v1-cross-device-campaign/target/v1-benchmarks/reproduction/e15-noir-oprf-barretenberg-armv7-exact-domain-1x5
provekit-v1-cross-device-20260730,motorola-e15-provekit-oprf_taceo-sample-1,2026-07-30T16:55:37.172Z,motorola_e15,moto e15,Android 14,armeabi-v7a,android_native,,oprf,oprf_taceo,fd37726215b59d3d4823ea7b1967b1da3525ed9d,provekit_v1,noir,provekit-v1-whir-native,,measured,1,ok,,,11879.887693,,11886.702155,161.953125,635310,1619516,1623638,1623638,,provekit-v1-native,13044531f0f38e02ed19fcbd9b26202b8ba5a962,"{""provekit"":""v1"",""mobench_sdk"":""0.1.48+e992596a786cc18047102a318d40131c953e57b8"",""mobench_cli"":""0.1.48+e992596a786cc18047102a318d40131c953e57b8""}",{},,Closest available counterpart only; proof statements and implementation details are not equivalent.,,,/Users/dcbuilder/Code/world/.worktrees/provekit-v1-cross-device-campaign/target/v1-benchmarks/reproduction/e15-provekit-proof-metrics-oprf/oprf.logcat.txt
provekit-v1-cross-device-20260730,motorola-e15-provekit-oprf_taceo-sample-2,2026-07-30T16:55:37.172Z,motorola_e15,moto e15,Android 14,armeabi-v7a,android_native,,oprf,oprf_taceo,fd37726215b59d3d4823ea7b1967b1da3525ed9d,provekit_v1,noir,provekit-v1-whir-native,,measured,2,ok,,,11952.041001,,11964.425539,159.54296875,628523,1619516,1623638,1623638,,provekit-v1-native,13044531f0f38e02ed19fcbd9b26202b8ba5a962,"{""provekit"":""v1"",""mobench_sdk"":""0.1.48+e992596a786cc18047102a318d40131c953e57b8"",""mobench_cli"":""0.1.48+e992596a786cc18047102a318d40131c953e57b8""}",{},,Closest available counterpart only; proof statements and implementation details are not equivalent.,,,/Users/dcbuilder/Code/world/.worktrees/provekit-v1-cross-device-campaign/target/v1-benchmarks/reproduction/e15-provekit-proof-metrics-oprf/oprf.logcat.txt
provekit-v1-cross-device-20260730,motorola-e15-provekit-oprf_taceo-sample-3,2026-07-30T16:55:37.172Z,motorola_e15,moto e15,Android 14,armeabi-v7a,android_native,,oprf,oprf_taceo,fd37726215b59d3d4823ea7b1967b1da3525ed9d,provekit_v1,noir,provekit-v1-whir-native,,measured,3,ok,,,11868.524308,,11883.048924,162.84765625,630247,1619516,1623638,1623638,,provekit-v1-native,13044531f0f38e02ed19fcbd9b26202b8ba5a962,"{""provekit"":""v1"",""mobench_sdk"":""0.1.48+e992596a786cc18047102a318d40131c953e57b8"",""mobench_cli"":""0.1.48+e992596a786cc18047102a318d40131c953e57b8""}",{},,Closest available counterpart only; proof statements and implementation details are not equivalent.,,,/Users/dcbuilder/Code/world/.worktrees/provekit-v1-cross-device-campaign/target/v1-benchmarks/reproduction/e15-provekit-proof-metrics-oprf/oprf.logcat.txt
provekit-v1-cross-device-20260730,motorola-e15-provekit-oprf_taceo-sample-4,2026-07-30T16:55:37.172Z,motorola_e15,moto e15,Android 14,armeabi-v7a,android_native,,oprf,oprf_taceo,fd37726215b59d3d4823ea7b1967b1da3525ed9d,provekit_v1,noir,provekit-v1-whir-native,,measured,4,ok,,,11923.239462,,11930.512616,162.94140625,634574,1619516,1623638,1623638,,provekit-v1-native,13044531f0f38e02ed19fcbd9b26202b8ba5a962,"{""provekit"":""v1"",""mobench_sdk"":""0.1.48+e992596a786cc18047102a318d40131c953e57b8"",""mobench_cli"":""0.1.48+e992596a786cc18047102a318d40131c953e57b8""}",{},,Closest available counterpart only; proof statements and implementation details are not equivalent.,,,/Users/dcbuilder/Code/world/.worktrees/provekit-v1-cross-device-campaign/target/v1-benchmarks/reproduction/e15-provekit-proof-metrics-oprf/oprf.logcat.txt
provekit-v1-cross-device-20260730,motorola-e15-provekit-oprf_taceo-sample-5,2026-07-30T16:55:37.172Z,motorola_e15,moto e15,Android 14,armeabi-v7a,android_native,,oprf,oprf_taceo,fd37726215b59d3d4823ea7b1967b1da3525ed9d,provekit_v1,noir,provekit-v1-whir-native,,measured,5,ok,,,11869.546462,,11882.142462,162.92578125,629564,1619516,1623638,1623638,,provekit-v1-native,13044531f0f38e02ed19fcbd9b26202b8ba5a962,"{""provekit"":""v1"",""mobench_sdk"":""0.1.48+e992596a786cc18047102a318d40131c953e57b8"",""mobench_cli"":""0.1.48+e992596a786cc18047102a318d40131c953e57b8""}",{},,Closest available counterpart only; proof statements and implementation details are not equivalent.,,,/Users/dcbuilder/Code/world/.worktrees/provekit-v1-cross-device-campaign/target/v1-benchmarks/reproduction/e15-provekit-proof-metrics-oprf/oprf.logcat.txt
provekit-v1-cross-device-20260730,motorola-e15-provekit-oprf_taceo-warmup,2026-07-30T16:55:37.172Z,motorola_e15,moto e15,Android 14,armeabi-v7a,android_native,,oprf,oprf_taceo,fd37726215b59d3d4823ea7b1967b1da3525ed9d,provekit_v1,noir,provekit-v1-whir-native,,warmup,0,ok,,,,,,,,1619516,1623638,1623638,,provekit-v1-native,13044531f0f38e02ed19fcbd9b26202b8ba5a962,"{""provekit"":""v1"",""mobench_sdk"":""0.1.48+e992596a786cc18047102a318d40131c953e57b8"",""mobench_cli"":""0.1.48+e992596a786cc18047102a318d40131c953e57b8""}",{},,Closest available counterpart only; proof statements and implementation details are not equivalent.,,,/Users/dcbuilder/Code/world/.worktrees/provekit-v1-cross-device-campaign/target/v1-benchmarks/reproduction/e15-provekit-proof-metrics-oprf/oprf.logcat.txt
provekit-v1-cross-device-20260730,motorola-e15-circom_groth16-self_register_rsa_4096-sample-1,2026-07-31T08:30:00Z,motorola_e15,moto e15,Android 14,armeabi-v7a,android_native,,passport,self_register_rsa_4096,15b167e3543a9dff1dbb16fcf71a45fe4625cf9e,circom_groth16,circom,rapidsnark-groth16-native-armv7,frozen-wtns-witnesscalc-adapter-0.1.7,measured,1,ok,,,50444.186464,,50444.225849,638.87890625,1094,499111760,530077148,530077148,,groth16-rust-rapidsnark-0.1.4-armv7,13044531f0f38e02ed19fcbd9b26202b8ba5a962,"{""mopro"":""0.3.7"",""rust_rapidsnark"":""0.1.4"",""witnesscalc_adapter"":""0.1.7"",""backend"":""rapidsnark""}","{""apk"":""2a7c55c722cb5abb2cda895e33f028968426279f00e525a35e67a63dbc0bfd25"",""zkey"":""761a903ee3218cd0f986b7c8b9c46aac4cd5c2107e7cd0c2daf3b80f9c336d31"",""witness"":""9a785c0e2a974ca751777bb6824ebd8e6d4be1b43224cc1a0cbe6cc02d663c6a"",""verification_key"":""2ef5733c2634cf753b969640bb23e4e590b935fcd5cedfac1241184885fece3e""}",,Closest available counterpart only; proof statements and implementation details are not equivalent.,,,/Users/dcbuilder/Code/world/.worktrees/provekit-v1-cross-device-campaign/target/v1-benchmarks/reproduction/e15-circom-passport-registration-rapidsnark-1x5-clean
provekit-v1-cross-device-20260730,motorola-e15-circom_groth16-self_register_rsa_4096-sample-2,2026-07-31T08:30:00Z,motorola_e15,moto e15,Android 14,armeabi-v7a,android_native,,passport,self_register_rsa_4096,15b167e3543a9dff1dbb16fcf71a45fe4625cf9e,circom_groth16,circom,rapidsnark-groth16-native-armv7,frozen-wtns-witnesscalc-adapter-0.1.7,measured,2,ok,,,50240.358464,,50240.394234,636.0625,1093,499111760,530077148,530077148,,groth16-rust-rapidsnark-0.1.4-armv7,13044531f0f38e02ed19fcbd9b26202b8ba5a962,"{""mopro"":""0.3.7"",""rust_rapidsnark"":""0.1.4"",""witnesscalc_adapter"":""0.1.7"",""backend"":""rapidsnark""}","{""apk"":""2a7c55c722cb5abb2cda895e33f028968426279f00e525a35e67a63dbc0bfd25"",""zkey"":""761a903ee3218cd0f986b7c8b9c46aac4cd5c2107e7cd0c2daf3b80f9c336d31"",""witness"":""9a785c0e2a974ca751777bb6824ebd8e6d4be1b43224cc1a0cbe6cc02d663c6a"",""verification_key"":""2ef5733c2634cf753b969640bb23e4e590b935fcd5cedfac1241184885fece3e""}",,Closest available counterpart only; proof statements and implementation details are not equivalent.,,,/Users/dcbuilder/Code/world/.worktrees/provekit-v1-cross-device-campaign/target/v1-benchmarks/reproduction/e15-circom-passport-registration-rapidsnark-1x5-clean
provekit-v1-cross-device-20260730,motorola-e15-circom_groth16-self_register_rsa_4096-sample-3,2026-07-31T08:30:00Z,motorola_e15,moto e15,Android 14,armeabi-v7a,android_native,,passport,self_register_rsa_4096,15b167e3543a9dff1dbb16fcf71a45fe4625cf9e,circom_groth16,circom,rapidsnark-groth16-native-armv7,frozen-wtns-witnesscalc-adapter-0.1.7,measured,3,ok,,,50495.571926,,50495.60708,612.484375,1097,499111760,530077148,530077148,,groth16-rust-rapidsnark-0.1.4-armv7,13044531f0f38e02ed19fcbd9b26202b8ba5a962,"{""mopro"":""0.3.7"",""rust_rapidsnark"":""0.1.4"",""witnesscalc_adapter"":""0.1.7"",""backend"":""rapidsnark""}","{""apk"":""2a7c55c722cb5abb2cda895e33f028968426279f00e525a35e67a63dbc0bfd25"",""zkey"":""761a903ee3218cd0f986b7c8b9c46aac4cd5c2107e7cd0c2daf3b80f9c336d31"",""witness"":""9a785c0e2a974ca751777bb6824ebd8e6d4be1b43224cc1a0cbe6cc02d663c6a"",""verification_key"":""2ef5733c2634cf753b969640bb23e4e590b935fcd5cedfac1241184885fece3e""}",,Closest available counterpart only; proof statements and implementation details are not equivalent.,,,/Users/dcbuilder/Code/world/.worktrees/provekit-v1-cross-device-campaign/target/v1-benchmarks/reproduction/e15-circom-passport-registration-rapidsnark-1x5-clean
provekit-v1-cross-device-20260730,motorola-e15-circom_groth16-self_register_rsa_4096-sample-4,2026-07-31T08:30:00Z,motorola_e15,moto e15,Android 14,armeabi-v7a,android_native,,passport,self_register_rsa_4096,15b167e3543a9dff1dbb16fcf71a45fe4625cf9e,circom_groth16,circom,rapidsnark-groth16-native-armv7,frozen-wtns-witnesscalc-adapter-0.1.7,measured,4,ok,,,50277.153849,,50277.190233,631.6015625,1098,499111760,530077148,530077148,,groth16-rust-rapidsnark-0.1.4-armv7,13044531f0f38e02ed19fcbd9b26202b8ba5a962,"{""mopro"":""0.3.7"",""rust_rapidsnark"":""0.1.4"",""witnesscalc_adapter"":""0.1.7"",""backend"":""rapidsnark""}","{""apk"":""2a7c55c722cb5abb2cda895e33f028968426279f00e525a35e67a63dbc0bfd25"",""zkey"":""761a903ee3218cd0f986b7c8b9c46aac4cd5c2107e7cd0c2daf3b80f9c336d31"",""witness"":""9a785c0e2a974ca751777bb6824ebd8e6d4be1b43224cc1a0cbe6cc02d663c6a"",""verification_key"":""2ef5733c2634cf753b969640bb23e4e590b935fcd5cedfac1241184885fece3e""}",,Closest available counterpart only; proof statements and implementation details are not equivalent.,,,/Users/dcbuilder/Code/world/.worktrees/provekit-v1-cross-device-campaign/target/v1-benchmarks/reproduction/e15-circom-passport-registration-rapidsnark-1x5-clean
provekit-v1-cross-device-20260730,motorola-e15-circom_groth16-self_register_rsa_4096-sample-5,2026-07-31T08:30:00Z,motorola_e15,moto e15,Android 14,armeabi-v7a,android_native,,passport,self_register_rsa_4096,15b167e3543a9dff1dbb16fcf71a45fe4625cf9e,circom_groth16,circom,rapidsnark-groth16-native-armv7,frozen-wtns-witnesscalc-adapter-0.1.7,measured,5,ok,,,50172.811772,,50172.854465,655.08984375,1098,499111760,530077148,530077148,,groth16-rust-rapidsnark-0.1.4-armv7,13044531f0f38e02ed19fcbd9b26202b8ba5a962,"{""mopro"":""0.3.7"",""rust_rapidsnark"":""0.1.4"",""witnesscalc_adapter"":""0.1.7"",""backend"":""rapidsnark""}","{""apk"":""2a7c55c722cb5abb2cda895e33f028968426279f00e525a35e67a63dbc0bfd25"",""zkey"":""761a903ee3218cd0f986b7c8b9c46aac4cd5c2107e7cd0c2daf3b80f9c336d31"",""witness"":""9a785c0e2a974ca751777bb6824ebd8e6d4be1b43224cc1a0cbe6cc02d663c6a"",""verification_key"":""2ef5733c2634cf753b969640bb23e4e590b935fcd5cedfac1241184885fece3e""}",,Closest available counterpart only; proof statements and implementation details are not equivalent.,,,/Users/dcbuilder/Code/world/.worktrees/provekit-v1-cross-device-campaign/target/v1-benchmarks/reproduction/e15-circom-passport-registration-rapidsnark-1x5-clean
provekit-v1-cross-device-20260730,motorola-e15-circom_groth16-self_register_rsa_4096-warmup,2026-07-31T08:30:00Z,motorola_e15,moto e15,Android 14,armeabi-v7a,android_native,,passport,self_register_rsa_4096,15b167e3543a9dff1dbb16fcf71a45fe4625cf9e,circom_groth16,circom,rapidsnark-groth16-native-armv7,frozen-wtns-witnesscalc-adapter-0.1.7,warmup,0,ok,,,,,,,,499111760,530077148,530077148,,groth16-rust-rapidsnark-0.1.4-armv7,13044531f0f38e02ed19fcbd9b26202b8ba5a962,"{""mopro"":""0.3.7"",""rust_rapidsnark"":""0.1.4"",""witnesscalc_adapter"":""0.1.7"",""backend"":""rapidsnark""}","{""apk"":""2a7c55c722cb5abb2cda895e33f028968426279f00e525a35e67a63dbc0bfd25"",""zkey"":""761a903ee3218cd0f986b7c8b9c46aac4cd5c2107e7cd0c2daf3b80f9c336d31"",""witness"":""9a785c0e2a974ca751777bb6824ebd8e6d4be1b43224cc1a0cbe6cc02d663c6a"",""verification_key"":""2ef5733c2634cf753b969640bb23e4e590b935fcd5cedfac1241184885fece3e""}",,Closest available counterpart only; proof statements and implementation details are not equivalent.,,,/Users/dcbuilder/Code/world/.worktrees/provekit-v1-cross-device-campaign/target/v1-benchmarks/reproduction/e15-circom-passport-registration-rapidsnark-1x5-clean
provekit-v1-cross-device-20260730,motorola-e15-circom_groth16-self_vc_and_disclose-sample-1,2026-07-31T08:30:00Z,motorola_e15,moto e15,Android 14,armeabi-v7a,android_native,,passport,self_vc_and_disclose,15b167e3543a9dff1dbb16fcf71a45fe4625cf9e,circom_groth16,circom,arkworks-groth16-native-armv7,frozen-wtns-rust-witness,measured,1,ok,,,16092.067385,,16092.11477,224.05078125,1647,69717184,74380364,74380364,,groth16-circom-prover-0.1.4-arkworks-armv7,13044531f0f38e02ed19fcbd9b26202b8ba5a962,"{""mopro"":""0.3.7"",""circom_prover"":""0.1.4"",""rust_witness"":""0.1"",""backend"":""arkworks""}","{""apk"":""94849b72b86f46a4cd3ba922527f1fd0a1eddadfa5005aa99c458f59711061f9"",""zkey"":""4ef28839cb7d9081cd0d747abd5a443d1a9962432c8469076d3c49107b59c964"",""witness"":""53a4ce55036d040275e3cb5548ad771f67789e018098eab92656beb0e218807f""}",,Closest available counterpart only; proof statements and implementation details are not equivalent.,,,/Users/dcbuilder/Code/world/.worktrees/provekit-v1-cross-device-campaign/target/v1-benchmarks/reproduction/e15-circom-passport-disclose-arkworks-1plus5
provekit-v1-cross-device-20260730,motorola-e15-circom_groth16-self_vc_and_disclose-sample-2,2026-07-31T08:30:00Z,motorola_e15,moto e15,Android 14,armeabi-v7a,android_native,,passport,self_vc_and_disclose,15b167e3543a9dff1dbb16fcf71a45fe4625cf9e,circom_groth16,circom,arkworks-groth16-native-armv7,frozen-wtns-rust-witness,measured,2,ok,,,16127.992924,,16128.028385,224.0859375,1646,69717184,74380364,74380364,,groth16-circom-prover-0.1.4-arkworks-armv7,13044531f0f38e02ed19fcbd9b26202b8ba5a962,"{""mopro"":""0.3.7"",""circom_prover"":""0.1.4"",""rust_witness"":""0.1"",""backend"":""arkworks""}","{""apk"":""94849b72b86f46a4cd3ba922527f1fd0a1eddadfa5005aa99c458f59711061f9"",""zkey"":""4ef28839cb7d9081cd0d747abd5a443d1a9962432c8469076d3c49107b59c964"",""witness"":""53a4ce55036d040275e3cb5548ad771f67789e018098eab92656beb0e218807f""}",,Closest available counterpart only; proof statements and implementation details are not equivalent.,,,/Users/dcbuilder/Code/world/.worktrees/provekit-v1-cross-device-campaign/target/v1-benchmarks/reproduction/e15-circom-passport-disclose-arkworks-1plus5
provekit-v1-cross-device-20260730,motorola-e15-circom_groth16-self_vc_and_disclose-sample-3,2026-07-31T08:30:00Z,motorola_e15,moto e15,Android 14,armeabi-v7a,android_native,,passport,self_vc_and_disclose,15b167e3543a9dff1dbb16fcf71a45fe4625cf9e,circom_groth16,circom,arkworks-groth16-native-armv7,frozen-wtns-rust-witness,measured,3,ok,,,16565.545232,,16565.593232,225.44921875,1650,69717184,74380364,74380364,,groth16-circom-prover-0.1.4-arkworks-armv7,13044531f0f38e02ed19fcbd9b26202b8ba5a962,"{""mopro"":""0.3.7"",""circom_prover"":""0.1.4"",""rust_witness"":""0.1"",""backend"":""arkworks""}","{""apk"":""94849b72b86f46a4cd3ba922527f1fd0a1eddadfa5005aa99c458f59711061f9"",""zkey"":""4ef28839cb7d9081cd0d747abd5a443d1a9962432c8469076d3c49107b59c964"",""witness"":""53a4ce55036d040275e3cb5548ad771f67789e018098eab92656beb0e218807f""}",,Closest available counterpart only; proof statements and implementation details are not equivalent.,,,/Users/dcbuilder/Code/world/.worktrees/provekit-v1-cross-device-campaign/target/v1-benchmarks/reproduction/e15-circom-passport-disclose-arkworks-1plus5
provekit-v1-cross-device-20260730,motorola-e15-circom_groth16-self_vc_and_disclose-sample-4,2026-07-31T08:30:00Z,motorola_e15,moto e15,Android 14,armeabi-v7a,android_native,,passport,self_vc_and_disclose,15b167e3543a9dff1dbb16fcf71a45fe4625cf9e,circom_groth16,circom,arkworks-groth16-native-armv7,frozen-wtns-rust-witness,measured,4,ok,,,16287.966693,,16288.101539,217.48828125,1648,69717184,74380364,74380364,,groth16-circom-prover-0.1.4-arkworks-armv7,13044531f0f38e02ed19fcbd9b26202b8ba5a962,"{""mopro"":""0.3.7"",""circom_prover"":""0.1.4"",""rust_witness"":""0.1"",""backend"":""arkworks""}","{""apk"":""94849b72b86f46a4cd3ba922527f1fd0a1eddadfa5005aa99c458f59711061f9"",""zkey"":""4ef28839cb7d9081cd0d747abd5a443d1a9962432c8469076d3c49107b59c964"",""witness"":""53a4ce55036d040275e3cb5548ad771f67789e018098eab92656beb0e218807f""}",,Closest available counterpart only; proof statements and implementation details are not equivalent.,,,/Users/dcbuilder/Code/world/.worktrees/provekit-v1-cross-device-campaign/target/v1-benchmarks/reproduction/e15-circom-passport-disclose-arkworks-1plus5
provekit-v1-cross-device-20260730,motorola-e15-circom_groth16-self_vc_and_disclose-sample-5,2026-07-31T08:30:00Z,motorola_e15,moto e15,Android 14,armeabi-v7a,android_native,,passport,self_vc_and_disclose,15b167e3543a9dff1dbb16fcf71a45fe4625cf9e,circom_groth16,circom,arkworks-groth16-native-armv7,frozen-wtns-rust-witness,measured,5,ok,,,16183.308001,,16183.353539,218.75390625,1645,69717184,74380364,74380364,,groth16-circom-prover-0.1.4-arkworks-armv7,13044531f0f38e02ed19fcbd9b26202b8ba5a962,"{""mopro"":""0.3.7"",""circom_prover"":""0.1.4"",""rust_witness"":""0.1"",""backend"":""arkworks""}","{""apk"":""94849b72b86f46a4cd3ba922527f1fd0a1eddadfa5005aa99c458f59711061f9"",""zkey"":""4ef28839cb7d9081cd0d747abd5a443d1a9962432c8469076d3c49107b59c964"",""witness"":""53a4ce55036d040275e3cb5548ad771f67789e018098eab92656beb0e218807f""}",,Closest available counterpart only; proof statements and implementation details are not equivalent.,,,/Users/dcbuilder/Code/world/.worktrees/provekit-v1-cross-device-campaign/target/v1-benchmarks/reproduction/e15-circom-passport-disclose-arkworks-1plus5
provekit-v1-cross-device-20260730,motorola-e15-circom_groth16-self_vc_and_disclose-warmup,2026-07-31T08:30:00Z,motorola_e15,moto e15,Android 14,armeabi-v7a,android_native,,passport,self_vc_and_disclose,15b167e3543a9dff1dbb16fcf71a45fe4625cf9e,circom_groth16,circom,arkworks-groth16-native-armv7,frozen-wtns-rust-witness,warmup,0,ok,,,,,,,,69717184,74380364,74380364,,groth16-circom-prover-0.1.4-arkworks-armv7,13044531f0f38e02ed19fcbd9b26202b8ba5a962,"{""mopro"":""0.3.7"",""circom_prover"":""0.1.4"",""rust_witness"":""0.1"",""backend"":""arkworks""}","{""apk"":""94849b72b86f46a4cd3ba922527f1fd0a1eddadfa5005aa99c458f59711061f9"",""zkey"":""4ef28839cb7d9081cd0d747abd5a443d1a9962432c8469076d3c49107b59c964"",""witness"":""53a4ce55036d040275e3cb5548ad771f67789e018098eab92656beb0e218807f""}",,Closest available counterpart only; proof statements and implementation details are not equivalent.,,,/Users/dcbuilder/Code/world/.worktrees/provekit-v1-cross-device-campaign/target/v1-benchmarks/reproduction/e15-circom-passport-disclose-arkworks-1plus5
provekit-v1-cross-device-20260730,motorola-e15-noir_barretenberg-passport_complete_age_check-sample-1,2026-07-31T08:30:00Z,motorola_e15,moto e15,Android 14,armeabi-v7a,android_native,,passport,passport_complete_age_check,13044531f0f38e02ed19fcbd9b26202b8ba5a962,noir_barretenberg,noir,barretenberg-ultrahonk-native-armv7-file-srs-exact-domain,frozen-noir-witness-stack-beta.19,measured,1,ok,,,203865.239166,,203865.290782,706.45703125,16100,2030462,35871034,35871034,,noir-v1.0.0-beta.19-barretenberg-rs-4.2.0-aztecnr-rc.2-armv7-file-srs,13044531f0f38e02ed19fcbd9b26202b8ba5a962,"{""mopro"":""0.3.7"",""noir"":""1.0.0-beta.19"",""barretenberg_rs"":""4.2.0-aztecnr-rc.2"",""srs_loading"":""direct-file-exact-verification-key-domain""}","{""apk"":""bd7b883ebc0a0169423def14b633d39c6534d59874047d5889988e0b5a5b78ca"",""circuit"":""f881063fce7ab895dc1db13f5b0ef9bfba14a892e04450c722137b07e6ef78f8"",""witness"":""77e51e03be9499b4da0afbfd88049cb006d19794dd222966eff8005d3bbbf012"",""consumed_srs"":""1df37a2ce1da3713c7300691a65ffe84de144ea64899d5cfbf0061aaaeb6ad31""}",,Closest available counterpart only; proof statements and implementation details are not equivalent.,,,/Users/dcbuilder/Code/world/.worktrees/provekit-v1-cross-device-campaign/target/v1-benchmarks/reproduction/e15-noir-passport-barretenberg-armv7-exact-domain-1x5
provekit-v1-cross-device-20260730,motorola-e15-noir_barretenberg-passport_complete_age_check-sample-2,2026-07-31T08:30:00Z,motorola_e15,moto e15,Android 14,armeabi-v7a,android_native,,passport,passport_complete_age_check,13044531f0f38e02ed19fcbd9b26202b8ba5a962,noir_barretenberg,noir,barretenberg-ultrahonk-native-armv7-file-srs-exact-domain,frozen-noir-witness-stack-beta.19,measured,2,ok,,,204082.70432,,204082.746089,694.265625,16100,2030462,35871034,35871034,,noir-v1.0.0-beta.19-barretenberg-rs-4.2.0-aztecnr-rc.2-armv7-file-srs,13044531f0f38e02ed19fcbd9b26202b8ba5a962,"{""mopro"":""0.3.7"",""noir"":""1.0.0-beta.19"",""barretenberg_rs"":""4.2.0-aztecnr-rc.2"",""srs_loading"":""direct-file-exact-verification-key-domain""}","{""apk"":""bd7b883ebc0a0169423def14b633d39c6534d59874047d5889988e0b5a5b78ca"",""circuit"":""f881063fce7ab895dc1db13f5b0ef9bfba14a892e04450c722137b07e6ef78f8"",""witness"":""77e51e03be9499b4da0afbfd88049cb006d19794dd222966eff8005d3bbbf012"",""consumed_srs"":""1df37a2ce1da3713c7300691a65ffe84de144ea64899d5cfbf0061aaaeb6ad31""}",,Closest available counterpart only; proof statements and implementation details are not equivalent.,,,/Users/dcbuilder/Code/world/.worktrees/provekit-v1-cross-device-campaign/target/v1-benchmarks/reproduction/e15-noir-passport-barretenberg-armv7-exact-domain-1x5
provekit-v1-cross-device-20260730,motorola-e15-noir_barretenberg-passport_complete_age_check-sample-3,2026-07-31T08:30:00Z,motorola_e15,moto e15,Android 14,armeabi-v7a,android_native,,passport,passport_complete_age_check,13044531f0f38e02ed19fcbd9b26202b8ba5a962,noir_barretenberg,noir,barretenberg-ultrahonk-native-armv7-file-srs-exact-domain,frozen-noir-witness-stack-beta.19,measured,3,ok,,,202977.795473,,202977.825012,770.65234375,16100,2030462,35871034,35871034,,noir-v1.0.0-beta.19-barretenberg-rs-4.2.0-aztecnr-rc.2-armv7-file-srs,13044531f0f38e02ed19fcbd9b26202b8ba5a962,"{""mopro"":""0.3.7"",""noir"":""1.0.0-beta.19"",""barretenberg_rs"":""4.2.0-aztecnr-rc.2"",""srs_loading"":""direct-file-exact-verification-key-domain""}","{""apk"":""bd7b883ebc0a0169423def14b633d39c6534d59874047d5889988e0b5a5b78ca"",""circuit"":""f881063fce7ab895dc1db13f5b0ef9bfba14a892e04450c722137b07e6ef78f8"",""witness"":""77e51e03be9499b4da0afbfd88049cb006d19794dd222966eff8005d3bbbf012"",""consumed_srs"":""1df37a2ce1da3713c7300691a65ffe84de144ea64899d5cfbf0061aaaeb6ad31""}",,Closest available counterpart only; proof statements and implementation details are not equivalent.,,,/Users/dcbuilder/Code/world/.worktrees/provekit-v1-cross-device-campaign/target/v1-benchmarks/reproduction/e15-noir-passport-barretenberg-armv7-exact-domain-1x5
provekit-v1-cross-device-20260730,motorola-e15-noir_barretenberg-passport_complete_age_check-sample-4,2026-07-31T08:30:00Z,motorola_e15,moto e15,Android 14,armeabi-v7a,android_native,,passport,passport_complete_age_check,13044531f0f38e02ed19fcbd9b26202b8ba5a962,noir_barretenberg,noir,barretenberg-ultrahonk-native-armv7-file-srs-exact-domain,frozen-noir-witness-stack-beta.19,measured,4,ok,,,203160.876705,,203161.39732,773.16796875,16100,2030462,35871034,35871034,,noir-v1.0.0-beta.19-barretenberg-rs-4.2.0-aztecnr-rc.2-armv7-file-srs,13044531f0f38e02ed19fcbd9b26202b8ba5a962,"{""mopro"":""0.3.7"",""noir"":""1.0.0-beta.19"",""barretenberg_rs"":""4.2.0-aztecnr-rc.2"",""srs_loading"":""direct-file-exact-verification-key-domain""}","{""apk"":""bd7b883ebc0a0169423def14b633d39c6534d59874047d5889988e0b5a5b78ca"",""circuit"":""f881063fce7ab895dc1db13f5b0ef9bfba14a892e04450c722137b07e6ef78f8"",""witness"":""77e51e03be9499b4da0afbfd88049cb006d19794dd222966eff8005d3bbbf012"",""consumed_srs"":""1df37a2ce1da3713c7300691a65ffe84de144ea64899d5cfbf0061aaaeb6ad31""}",,Closest available counterpart only; proof statements and implementation details are not equivalent.,,,/Users/dcbuilder/Code/world/.worktrees/provekit-v1-cross-device-campaign/target/v1-benchmarks/reproduction/e15-noir-passport-barretenberg-armv7-exact-domain-1x5
provekit-v1-cross-device-20260730,motorola-e15-noir_barretenberg-passport_complete_age_check-sample-5,2026-07-31T08:30:00Z,motorola_e15,moto e15,Android 14,armeabi-v7a,android_native,,passport,passport_complete_age_check,13044531f0f38e02ed19fcbd9b26202b8ba5a962,noir_barretenberg,noir,barretenberg-ultrahonk-native-armv7-file-srs-exact-domain,frozen-noir-witness-stack-beta.19,measured,5,ok,,,203536.377243,,203536.888319,772.546875,16100,2030462,35871034,35871034,,noir-v1.0.0-beta.19-barretenberg-rs-4.2.0-aztecnr-rc.2-armv7-file-srs,13044531f0f38e02ed19fcbd9b26202b8ba5a962,"{""mopro"":""0.3.7"",""noir"":""1.0.0-beta.19"",""barretenberg_rs"":""4.2.0-aztecnr-rc.2"",""srs_loading"":""direct-file-exact-verification-key-domain""}","{""apk"":""bd7b883ebc0a0169423def14b633d39c6534d59874047d5889988e0b5a5b78ca"",""circuit"":""f881063fce7ab895dc1db13f5b0ef9bfba14a892e04450c722137b07e6ef78f8"",""witness"":""77e51e03be9499b4da0afbfd88049cb006d19794dd222966eff8005d3bbbf012"",""consumed_srs"":""1df37a2ce1da3713c7300691a65ffe84de144ea64899d5cfbf0061aaaeb6ad31""}",,Closest available counterpart only; proof statements and implementation details are not equivalent.,,,/Users/dcbuilder/Code/world/.worktrees/provekit-v1-cross-device-campaign/target/v1-benchmarks/reproduction/e15-noir-passport-barretenberg-armv7-exact-domain-1x5
provekit-v1-cross-device-20260730,motorola-e15-noir_barretenberg-passport_complete_age_check-warmup,2026-07-31T08:30:00Z,motorola_e15,moto e15,Android 14,armeabi-v7a,android_native,,passport,passport_complete_age_check,13044531f0f38e02ed19fcbd9b26202b8ba5a962,noir_barretenberg,noir,barretenberg-ultrahonk-native-armv7-file-srs-exact-domain,frozen-noir-witness-stack-beta.19,warmup,0,ok,,,,,,,,2030462,35871034,35871034,,noir-v1.0.0-beta.19-barretenberg-rs-4.2.0-aztecnr-rc.2-armv7-file-srs,13044531f0f38e02ed19fcbd9b26202b8ba5a962,"{""mopro"":""0.3.7"",""noir"":""1.0.0-beta.19"",""barretenberg_rs"":""4.2.0-aztecnr-rc.2"",""srs_loading"":""direct-file-exact-verification-key-domain""}","{""apk"":""bd7b883ebc0a0169423def14b633d39c6534d59874047d5889988e0b5a5b78ca"",""circuit"":""f881063fce7ab895dc1db13f5b0ef9bfba14a892e04450c722137b07e6ef78f8"",""witness"":""77e51e03be9499b4da0afbfd88049cb006d19794dd222966eff8005d3bbbf012"",""consumed_srs"":""1df37a2ce1da3713c7300691a65ffe84de144ea64899d5cfbf0061aaaeb6ad31""}",,Closest available counterpart only; proof statements and implementation details are not equivalent.,,,/Users/dcbuilder/Code/world/.worktrees/provekit-v1-cross-device-campaign/target/v1-benchmarks/reproduction/e15-noir-passport-barretenberg-armv7-exact-domain-1x5
provekit-v1-cross-device-20260730,motorola-e15-provekit-passport_complete_age_check_single_thread-sample-1,2026-07-30T16:55:37.172Z,motorola_e15,moto e15,Android 14,armeabi-v7a,android_native,,passport,passport_complete_age_check_single_thread,13044531f0f38e02ed19fcbd9b26202b8ba5a962,provekit_v1,noir,provekit-v1-whir-native,,measured,1,ok,,,149267.693624,,154502.640547,810.90625,738671,3897568,4169425,4169425,,provekit-v1-native,13044531f0f38e02ed19fcbd9b26202b8ba5a962,"{""provekit"":""v1"",""mobench_sdk"":""0.1.48+e992596a786cc18047102a318d40131c953e57b8"",""mobench_cli"":""0.1.48+e992596a786cc18047102a318d40131c953e57b8"",""rayon_threads"":1}",{},,Closest available counterpart only; proof statements and implementation details are not equivalent.,,,/Users/dcbuilder/Code/world/.worktrees/provekit-v1-cross-device-campaign/target/v1-benchmarks/reproduction/e15-passport-frozen-bundle-metrics-final-1x5-rebooted/passport.logcat.txt
provekit-v1-cross-device-20260730,motorola-e15-provekit-passport_complete_age_check_single_thread-sample-2,2026-07-30T16:55:37.172Z,motorola_e15,moto e15,Android 14,armeabi-v7a,android_native,,passport,passport_complete_age_check_single_thread,13044531f0f38e02ed19fcbd9b26202b8ba5a962,provekit_v1,noir,provekit-v1-whir-native,,measured,2,ok,,,149318.805625,,154582.915163,804.1484375,739327,3897568,4169425,4169425,,provekit-v1-native,13044531f0f38e02ed19fcbd9b26202b8ba5a962,"{""provekit"":""v1"",""mobench_sdk"":""0.1.48+e992596a786cc18047102a318d40131c953e57b8"",""mobench_cli"":""0.1.48+e992596a786cc18047102a318d40131c953e57b8"",""rayon_threads"":1}",{},,Closest available counterpart only; proof statements and implementation details are not equivalent.,,,/Users/dcbuilder/Code/world/.worktrees/provekit-v1-cross-device-campaign/target/v1-benchmarks/reproduction/e15-passport-frozen-bundle-metrics-final-1x5-rebooted/passport.logcat.txt
provekit-v1-cross-device-20260730,motorola-e15-provekit-passport_complete_age_check_single_thread-sample-3,2026-07-30T16:55:37.172Z,motorola_e15,moto e15,Android 14,armeabi-v7a,android_native,,passport,passport_complete_age_check_single_thread,13044531f0f38e02ed19fcbd9b26202b8ba5a962,provekit_v1,noir,provekit-v1-whir-native,,measured,3,ok,,,148852.165855,,154083.724316,825.0859375,736219,3897568,4169425,4169425,,provekit-v1-native,13044531f0f38e02ed19fcbd9b26202b8ba5a962,"{""provekit"":""v1"",""mobench_sdk"":""0.1.48+e992596a786cc18047102a318d40131c953e57b8"",""mobench_cli"":""0.1.48+e992596a786cc18047102a318d40131c953e57b8"",""rayon_threads"":1}",{},,Closest available counterpart only; proof statements and implementation details are not equivalent.,,,/Users/dcbuilder/Code/world/.worktrees/provekit-v1-cross-device-campaign/target/v1-benchmarks/reproduction/e15-passport-frozen-bundle-metrics-final-1x5-rebooted/passport.logcat.txt
provekit-v1-cross-device-20260730,motorola-e15-provekit-passport_complete_age_check_single_thread-sample-4,2026-07-30T16:55:37.172Z,motorola_e15,moto e15,Android 14,armeabi-v7a,android_native,,passport,passport_complete_age_check_single_thread,13044531f0f38e02ed19fcbd9b26202b8ba5a962,provekit_v1,noir,provekit-v1-whir-native,,measured,4,ok,,,149291.295009,,154558.49724,821.0078125,740149,3897568,4169425,4169425,,provekit-v1-native,13044531f0f38e02ed19fcbd9b26202b8ba5a962,"{""provekit"":""v1"",""mobench_sdk"":""0.1.48+e992596a786cc18047102a318d40131c953e57b8"",""mobench_cli"":""0.1.48+e992596a786cc18047102a318d40131c953e57b8"",""rayon_threads"":1}",{},,Closest available counterpart only; proof statements and implementation details are not equivalent.,,,/Users/dcbuilder/Code/world/.worktrees/provekit-v1-cross-device-campaign/target/v1-benchmarks/reproduction/e15-passport-frozen-bundle-metrics-final-1x5-rebooted/passport.logcat.txt
provekit-v1-cross-device-20260730,motorola-e15-provekit-passport_complete_age_check_single_thread-sample-5,2026-07-30T16:55:37.172Z,motorola_e15,moto e15,Android 14,armeabi-v7a,android_native,,passport,passport_complete_age_check_single_thread,13044531f0f38e02ed19fcbd9b26202b8ba5a962,provekit_v1,noir,provekit-v1-whir-native,,measured,5,ok,,,149502.019702,,154779.98301,783.12890625,736455,3897568,4169425,4169425,,provekit-v1-native,13044531f0f38e02ed19fcbd9b26202b8ba5a962,"{""provekit"":""v1"",""mobench_sdk"":""0.1.48+e992596a786cc18047102a318d40131c953e57b8"",""mobench_cli"":""0.1.48+e992596a786cc18047102a318d40131c953e57b8"",""rayon_threads"":1}",{},,Closest available counterpart only; proof statements and implementation details are not equivalent.,,,/Users/dcbuilder/Code/world/.worktrees/provekit-v1-cross-device-campaign/target/v1-benchmarks/reproduction/e15-passport-frozen-bundle-metrics-final-1x5-rebooted/passport.logcat.txt
provekit-v1-cross-device-20260730,motorola-e15-provekit-passport_complete_age_check_single_thread-warmup,2026-07-30T16:55:37.172Z,motorola_e15,moto e15,Android 14,armeabi-v7a,android_native,,passport,passport_complete_age_check_single_thread,13044531f0f38e02ed19fcbd9b26202b8ba5a962,provekit_v1,noir,provekit-v1-whir-native,,warmup,0,ok,,,,,,,,3897568,4169425,4169425,,provekit-v1-native,13044531f0f38e02ed19fcbd9b26202b8ba5a962,"{""provekit"":""v1"",""mobench_sdk"":""0.1.48+e992596a786cc18047102a318d40131c953e57b8"",""mobench_cli"":""0.1.48+e992596a786cc18047102a318d40131c953e57b8"",""rayon_threads"":1}",{},,Closest available counterpart only; proof statements and implementation details are not equivalent.,,,/Users/dcbuilder/Code/world/.worktrees/provekit-v1-cross-device-campaign/target/v1-benchmarks/reproduction/e15-passport-frozen-bundle-metrics-final-1x5-rebooted/passport.logcat.txt
provekit-v1-cross-device-20260730,motorola-e15-circom_groth16-privacy_ethereum_webauthn-sample-1,2026-07-31T08:43:20Z,motorola_e15,moto e15,Android 14,armeabi-v7a,android_native,,webauthn,privacy_ethereum_webauthn,0fb5b4aa1398281c2fd3dbe14db147e05b61f201,circom_groth16,circom,rapidsnark-groth16-native-armv7,frozen-wtns-witnesscalc-adapter-0.1.7,measured,1,ok,,,850346.968128,,850348.095358,810.6796875,1130,1733145772,1842364184,1842364184,,groth16-rust-rapidsnark-0.1.4-armv7,13044531f0f38e02ed19fcbd9b26202b8ba5a962,"{""mopro"":""0.3.7"",""rust_rapidsnark"":""0.1.4"",""witnesscalc_adapter"":""0.1.7"",""backend"":""rapidsnark""}","{""apk"":""a586d78fc42a77cc0d85602ea679967b188f81bc460a4c5db006cac23c6d49df"",""zkey"":""a5828d55680b65b55a1bb5be0a26f151342e37551537a71d257fe07d9677e94b"",""witness"":""294c8091d87c2dbec8bc8997d0e892b65e81d5f95a14320081dcaefea1a5e0d8"",""verification_key"":""4c83de54945e7987e3072d496d363e2256e767905f99106f84da66330ed42802""}",,Closest available counterpart only; proof statements and implementation details are not equivalent.,,,/Users/dcbuilder/Code/world/.worktrees/provekit-v1-cross-device-campaign/target/v1-benchmarks/reproduction/e15-circom-webauthn-rapidsnark-1x5
provekit-v1-cross-device-20260730,motorola-e15-circom_groth16-privacy_ethereum_webauthn-sample-2,2026-07-31T08:43:20Z,motorola_e15,moto e15,Android 14,armeabi-v7a,android_native,,webauthn,privacy_ethereum_webauthn,0fb5b4aa1398281c2fd3dbe14db147e05b61f201,circom_groth16,circom,rapidsnark-groth16-native-armv7,frozen-wtns-witnesscalc-adapter-0.1.7,measured,2,ok,,,862780.278129,,862781.979974,787.08203125,1127,1733145772,1842364184,1842364184,,groth16-rust-rapidsnark-0.1.4-armv7,13044531f0f38e02ed19fcbd9b26202b8ba5a962,"{""mopro"":""0.3.7"",""rust_rapidsnark"":""0.1.4"",""witnesscalc_adapter"":""0.1.7"",""backend"":""rapidsnark""}","{""apk"":""a586d78fc42a77cc0d85602ea679967b188f81bc460a4c5db006cac23c6d49df"",""zkey"":""a5828d55680b65b55a1bb5be0a26f151342e37551537a71d257fe07d9677e94b"",""witness"":""294c8091d87c2dbec8bc8997d0e892b65e81d5f95a14320081dcaefea1a5e0d8"",""verification_key"":""4c83de54945e7987e3072d496d363e2256e767905f99106f84da66330ed42802""}",,Closest available counterpart only; proof statements and implementation details are not equivalent.,,,/Users/dcbuilder/Code/world/.worktrees/provekit-v1-cross-device-campaign/target/v1-benchmarks/reproduction/e15-circom-webauthn-rapidsnark-1x5
provekit-v1-cross-device-20260730,motorola-e15-circom_groth16-privacy_ethereum_webauthn-sample-3,2026-07-31T08:43:20Z,motorola_e15,moto e15,Android 14,armeabi-v7a,android_native,,webauthn,privacy_ethereum_webauthn,0fb5b4aa1398281c2fd3dbe14db147e05b61f201,circom_groth16,circom,rapidsnark-groth16-native-armv7,frozen-wtns-witnesscalc-adapter-0.1.7,measured,3,ok,,,855096.265358,,855096.853897,708.84765625,1127,1733145772,1842364184,1842364184,,groth16-rust-rapidsnark-0.1.4-armv7,13044531f0f38e02ed19fcbd9b26202b8ba5a962,"{""mopro"":""0.3.7"",""rust_rapidsnark"":""0.1.4"",""witnesscalc_adapter"":""0.1.7"",""backend"":""rapidsnark""}","{""apk"":""a586d78fc42a77cc0d85602ea679967b188f81bc460a4c5db006cac23c6d49df"",""zkey"":""a5828d55680b65b55a1bb5be0a26f151342e37551537a71d257fe07d9677e94b"",""witness"":""294c8091d87c2dbec8bc8997d0e892b65e81d5f95a14320081dcaefea1a5e0d8"",""verification_key"":""4c83de54945e7987e3072d496d363e2256e767905f99106f84da66330ed42802""}",,Closest available counterpart only; proof statements and implementation details are not equivalent.,,,/Users/dcbuilder/Code/world/.worktrees/provekit-v1-cross-device-campaign/target/v1-benchmarks/reproduction/e15-circom-webauthn-rapidsnark-1x5
provekit-v1-cross-device-20260730,motorola-e15-circom_groth16-privacy_ethereum_webauthn-sample-4,2026-07-31T08:43:20Z,motorola_e15,moto e15,Android 14,armeabi-v7a,android_native,,webauthn,privacy_ethereum_webauthn,0fb5b4aa1398281c2fd3dbe14db147e05b61f201,circom_groth16,circom,rapidsnark-groth16-native-armv7,frozen-wtns-witnesscalc-adapter-0.1.7,measured,4,ok,,,854925.975512,,854927.018205,767.01953125,1127,1733145772,1842364184,1842364184,,groth16-rust-rapidsnark-0.1.4-armv7,13044531f0f38e02ed19fcbd9b26202b8ba5a962,"{""mopro"":""0.3.7"",""rust_rapidsnark"":""0.1.4"",""witnesscalc_adapter"":""0.1.7"",""backend"":""rapidsnark""}","{""apk"":""a586d78fc42a77cc0d85602ea679967b188f81bc460a4c5db006cac23c6d49df"",""zkey"":""a5828d55680b65b55a1bb5be0a26f151342e37551537a71d257fe07d9677e94b"",""witness"":""294c8091d87c2dbec8bc8997d0e892b65e81d5f95a14320081dcaefea1a5e0d8"",""verification_key"":""4c83de54945e7987e3072d496d363e2256e767905f99106f84da66330ed42802""}",,Closest available counterpart only; proof statements and implementation details are not equivalent.,,,/Users/dcbuilder/Code/world/.worktrees/provekit-v1-cross-device-campaign/target/v1-benchmarks/reproduction/e15-circom-webauthn-rapidsnark-1x5
provekit-v1-cross-device-20260730,motorola-e15-circom_groth16-privacy_ethereum_webauthn-sample-5,2026-07-31T08:43:20Z,motorola_e15,moto e15,Android 14,armeabi-v7a,android_native,,webauthn,privacy_ethereum_webauthn,0fb5b4aa1398281c2fd3dbe14db147e05b61f201,circom_groth16,circom,rapidsnark-groth16-native-armv7,frozen-wtns-witnesscalc-adapter-0.1.7,measured,5,ok,,,859999.803436,,860001.488282,802.69921875,1131,1733145772,1842364184,1842364184,,groth16-rust-rapidsnark-0.1.4-armv7,13044531f0f38e02ed19fcbd9b26202b8ba5a962,"{""mopro"":""0.3.7"",""rust_rapidsnark"":""0.1.4"",""witnesscalc_adapter"":""0.1.7"",""backend"":""rapidsnark""}","{""apk"":""a586d78fc42a77cc0d85602ea679967b188f81bc460a4c5db006cac23c6d49df"",""zkey"":""a5828d55680b65b55a1bb5be0a26f151342e37551537a71d257fe07d9677e94b"",""witness"":""294c8091d87c2dbec8bc8997d0e892b65e81d5f95a14320081dcaefea1a5e0d8"",""verification_key"":""4c83de54945e7987e3072d496d363e2256e767905f99106f84da66330ed42802""}",,Closest available counterpart only; proof statements and implementation details are not equivalent.,,,/Users/dcbuilder/Code/world/.worktrees/provekit-v1-cross-device-campaign/target/v1-benchmarks/reproduction/e15-circom-webauthn-rapidsnark-1x5
provekit-v1-cross-device-20260730,motorola-e15-circom_groth16-privacy_ethereum_webauthn-warmup,2026-07-31T08:43:20Z,motorola_e15,moto e15,Android 14,armeabi-v7a,android_native,,webauthn,privacy_ethereum_webauthn,0fb5b4aa1398281c2fd3dbe14db147e05b61f201,circom_groth16,circom,rapidsnark-groth16-native-armv7,frozen-wtns-witnesscalc-adapter-0.1.7,warmup,0,ok,,,,,,,,1733145772,1842364184,1842364184,,groth16-rust-rapidsnark-0.1.4-armv7,13044531f0f38e02ed19fcbd9b26202b8ba5a962,"{""mopro"":""0.3.7"",""rust_rapidsnark"":""0.1.4"",""witnesscalc_adapter"":""0.1.7"",""backend"":""rapidsnark""}","{""apk"":""a586d78fc42a77cc0d85602ea679967b188f81bc460a4c5db006cac23c6d49df"",""zkey"":""a5828d55680b65b55a1bb5be0a26f151342e37551537a71d257fe07d9677e94b"",""witness"":""294c8091d87c2dbec8bc8997d0e892b65e81d5f95a14320081dcaefea1a5e0d8"",""verification_key"":""4c83de54945e7987e3072d496d363e2256e767905f99106f84da66330ed42802""}",,Closest available counterpart only; proof statements and implementation details are not equivalent.,,,/Users/dcbuilder/Code/world/.worktrees/provekit-v1-cross-device-campaign/target/v1-benchmarks/reproduction/e15-circom-webauthn-rapidsnark-1x5
provekit-v1-cross-device-20260730,motorola-e15-noir_barretenberg-webauthn_assertion-sample-1,2026-07-31T08:30:00Z,motorola_e15,moto e15,Android 14,armeabi-v7a,android_native,,webauthn,webauthn_assertion,85aeeef539961cae5a63de794997b507a5975717,noir_barretenberg,noir,barretenberg-ultrahonk-native-armv7-file-srs-exact-domain,frozen-noir-witness-stack-beta.19,measured,1,ok,,,107501.417621,,107501.428699,483.88671875,21092,2691859,19820289,19820289,,noir-v1.0.0-beta.19-barretenberg-rs-4.2.0-aztecnr-rc.2-armv7-file-srs,13044531f0f38e02ed19fcbd9b26202b8ba5a962,"{""mopro"":""0.3.7"",""noir"":""1.0.0-beta.19"",""barretenberg_rs"":""4.2.0-aztecnr-rc.2"",""srs_loading"":""direct-file-exact-verification-key-domain""}","{""apk"":""5c5fd9d9139a8c523f91b9f6b658fff0f10f271acc738b93cc578f0f7d9e653a"",""circuit"":""a03bfbef1b8b0ddb446d760307402d139bc0f8d8d499344297b2466dc0e6d6ec"",""witness"":""4b62089fd9867fc490a0c88be3983cf75e823c5527b501511e301e5caef03484"",""consumed_srs"":""8f5cd75519c2e995fa47aa7ecd7b213b9ae13824bc4b0f15025a63acd8c139eb""}",,Closest available counterpart only; proof statements and implementation details are not equivalent.,,,/Users/dcbuilder/Code/world/.worktrees/provekit-v1-cross-device-campaign/target/v1-benchmarks/reproduction/e15-noir-webauthn-barretenberg-armv7-exact-domain-1x5
provekit-v1-cross-device-20260730,motorola-e15-noir_barretenberg-webauthn_assertion-sample-2,2026-07-31T08:30:00Z,motorola_e15,moto e15,Android 14,armeabi-v7a,android_native,,webauthn,webauthn_assertion,85aeeef539961cae5a63de794997b507a5975717,noir_barretenberg,noir,barretenberg-ultrahonk-native-armv7-file-srs-exact-domain,frozen-noir-witness-stack-beta.19,measured,2,ok,,,107456.724698,,107456.736391,483.25,21092,2691859,19820289,19820289,,noir-v1.0.0-beta.19-barretenberg-rs-4.2.0-aztecnr-rc.2-armv7-file-srs,13044531f0f38e02ed19fcbd9b26202b8ba5a962,"{""mopro"":""0.3.7"",""noir"":""1.0.0-beta.19"",""barretenberg_rs"":""4.2.0-aztecnr-rc.2"",""srs_loading"":""direct-file-exact-verification-key-domain""}","{""apk"":""5c5fd9d9139a8c523f91b9f6b658fff0f10f271acc738b93cc578f0f7d9e653a"",""circuit"":""a03bfbef1b8b0ddb446d760307402d139bc0f8d8d499344297b2466dc0e6d6ec"",""witness"":""4b62089fd9867fc490a0c88be3983cf75e823c5527b501511e301e5caef03484"",""consumed_srs"":""8f5cd75519c2e995fa47aa7ecd7b213b9ae13824bc4b0f15025a63acd8c139eb""}",,Closest available counterpart only; proof statements and implementation details are not equivalent.,,,/Users/dcbuilder/Code/world/.worktrees/provekit-v1-cross-device-campaign/target/v1-benchmarks/reproduction/e15-noir-webauthn-barretenberg-armv7-exact-domain-1x5
provekit-v1-cross-device-20260730,motorola-e15-noir_barretenberg-webauthn_assertion-sample-3,2026-07-31T08:30:00Z,motorola_e15,moto e15,Android 14,armeabi-v7a,android_native,,webauthn,webauthn_assertion,85aeeef539961cae5a63de794997b507a5975717,noir_barretenberg,noir,barretenberg-ultrahonk-native-armv7-file-srs-exact-domain,frozen-noir-witness-stack-beta.19,measured,3,ok,,,107258.951083,,107258.963314,480.703125,21092,2691859,19820289,19820289,,noir-v1.0.0-beta.19-barretenberg-rs-4.2.0-aztecnr-rc.2-armv7-file-srs,13044531f0f38e02ed19fcbd9b26202b8ba5a962,"{""mopro"":""0.3.7"",""noir"":""1.0.0-beta.19"",""barretenberg_rs"":""4.2.0-aztecnr-rc.2"",""srs_loading"":""direct-file-exact-verification-key-domain""}","{""apk"":""5c5fd9d9139a8c523f91b9f6b658fff0f10f271acc738b93cc578f0f7d9e653a"",""circuit"":""a03bfbef1b8b0ddb446d760307402d139bc0f8d8d499344297b2466dc0e6d6ec"",""witness"":""4b62089fd9867fc490a0c88be3983cf75e823c5527b501511e301e5caef03484"",""consumed_srs"":""8f5cd75519c2e995fa47aa7ecd7b213b9ae13824bc4b0f15025a63acd8c139eb""}",,Closest available counterpart only; proof statements and implementation details are not equivalent.,,,/Users/dcbuilder/Code/world/.worktrees/provekit-v1-cross-device-campaign/target/v1-benchmarks/reproduction/e15-noir-webauthn-barretenberg-armv7-exact-domain-1x5
provekit-v1-cross-device-20260730,motorola-e15-noir_barretenberg-webauthn_assertion-sample-4,2026-07-31T08:30:00Z,motorola_e15,moto e15,Android 14,armeabi-v7a,android_native,,webauthn,webauthn_assertion,85aeeef539961cae5a63de794997b507a5975717,noir_barretenberg,noir,barretenberg-ultrahonk-native-armv7-file-srs-exact-domain,frozen-noir-witness-stack-beta.19,measured,4,ok,,,107847.259314,,107847.276314,483.6875,21092,2691859,19820289,19820289,,noir-v1.0.0-beta.19-barretenberg-rs-4.2.0-aztecnr-rc.2-armv7-file-srs,13044531f0f38e02ed19fcbd9b26202b8ba5a962,"{""mopro"":""0.3.7"",""noir"":""1.0.0-beta.19"",""barretenberg_rs"":""4.2.0-aztecnr-rc.2"",""srs_loading"":""direct-file-exact-verification-key-domain""}","{""apk"":""5c5fd9d9139a8c523f91b9f6b658fff0f10f271acc738b93cc578f0f7d9e653a"",""circuit"":""a03bfbef1b8b0ddb446d760307402d139bc0f8d8d499344297b2466dc0e6d6ec"",""witness"":""4b62089fd9867fc490a0c88be3983cf75e823c5527b501511e301e5caef03484"",""consumed_srs"":""8f5cd75519c2e995fa47aa7ecd7b213b9ae13824bc4b0f15025a63acd8c139eb""}",,Closest available counterpart only; proof statements and implementation details are not equivalent.,,,/Users/dcbuilder/Code/world/.worktrees/provekit-v1-cross-device-campaign/target/v1-benchmarks/reproduction/e15-noir-webauthn-barretenberg-armv7-exact-domain-1x5
provekit-v1-cross-device-20260730,motorola-e15-noir_barretenberg-webauthn_assertion-sample-5,2026-07-31T08:30:00Z,motorola_e15,moto e15,Android 14,armeabi-v7a,android_native,,webauthn,webauthn_assertion,85aeeef539961cae5a63de794997b507a5975717,noir_barretenberg,noir,barretenberg-ultrahonk-native-armv7-file-srs-exact-domain,frozen-noir-witness-stack-beta.19,measured,5,ok,,,107241.40493,,107241.41693,485.36328125,21092,2691859,19820289,19820289,,noir-v1.0.0-beta.19-barretenberg-rs-4.2.0-aztecnr-rc.2-armv7-file-srs,13044531f0f38e02ed19fcbd9b26202b8ba5a962,"{""mopro"":""0.3.7"",""noir"":""1.0.0-beta.19"",""barretenberg_rs"":""4.2.0-aztecnr-rc.2"",""srs_loading"":""direct-file-exact-verification-key-domain""}","{""apk"":""5c5fd9d9139a8c523f91b9f6b658fff0f10f271acc738b93cc578f0f7d9e653a"",""circuit"":""a03bfbef1b8b0ddb446d760307402d139bc0f8d8d499344297b2466dc0e6d6ec"",""witness"":""4b62089fd9867fc490a0c88be3983cf75e823c5527b501511e301e5caef03484"",""consumed_srs"":""8f5cd75519c2e995fa47aa7ecd7b213b9ae13824bc4b0f15025a63acd8c139eb""}",,Closest available counterpart only; proof statements and implementation details are not equivalent.,,,/Users/dcbuilder/Code/world/.worktrees/provekit-v1-cross-device-campaign/target/v1-benchmarks/reproduction/e15-noir-webauthn-barretenberg-armv7-exact-domain-1x5
provekit-v1-cross-device-20260730,motorola-e15-noir_barretenberg-webauthn_assertion-warmup,2026-07-31T08:30:00Z,motorola_e15,moto e15,Android 14,armeabi-v7a,android_native,,webauthn,webauthn_assertion,85aeeef539961cae5a63de794997b507a5975717,noir_barretenberg,noir,barretenberg-ultrahonk-native-armv7-file-srs-exact-domain,frozen-noir-witness-stack-beta.19,warmup,0,ok,,,,,,,,2691859,19820289,19820289,,noir-v1.0.0-beta.19-barretenberg-rs-4.2.0-aztecnr-rc.2-armv7-file-srs,13044531f0f38e02ed19fcbd9b26202b8ba5a962,"{""mopro"":""0.3.7"",""noir"":""1.0.0-beta.19"",""barretenberg_rs"":""4.2.0-aztecnr-rc.2"",""srs_loading"":""direct-file-exact-verification-key-domain""}","{""apk"":""5c5fd9d9139a8c523f91b9f6b658fff0f10f271acc738b93cc578f0f7d9e653a"",""circuit"":""a03bfbef1b8b0ddb446d760307402d139bc0f8d8d499344297b2466dc0e6d6ec"",""witness"":""4b62089fd9867fc490a0c88be3983cf75e823c5527b501511e301e5caef03484"",""consumed_srs"":""8f5cd75519c2e995fa47aa7ecd7b213b9ae13824bc4b0f15025a63acd8c139eb""}",,Closest available counterpart only; proof statements and implementation details are not equivalent.,,,/Users/dcbuilder/Code/world/.worktrees/provekit-v1-cross-device-campaign/target/v1-benchmarks/reproduction/e15-noir-webauthn-barretenberg-armv7-exact-domain-1x5
provekit-v1-cross-device-20260730,motorola-e15-provekit-webauthn_assertion-sample-1,2026-07-30T16:55:37.172Z,motorola_e15,moto e15,Android 14,armeabi-v7a,android_native,,webauthn,webauthn_assertion,85aeeef539961cae5a63de794997b507a5975717,provekit_v1,noir,provekit-v1-whir-native,,measured,1,ok,,,27788.906155,,27804.583386,507.921875,716001,2377452,2426672,2426672,,provekit-v1-native,13044531f0f38e02ed19fcbd9b26202b8ba5a962,"{""provekit"":""v1"",""mobench_sdk"":""0.1.48+e992596a786cc18047102a318d40131c953e57b8"",""mobench_cli"":""0.1.48+e992596a786cc18047102a318d40131c953e57b8""}",{},,Closest available counterpart only; proof statements and implementation details are not equivalent.,,,/Users/dcbuilder/Code/world/.worktrees/provekit-v1-cross-device-campaign/target/v1-benchmarks/reproduction/e15-provekit-proof-metrics-webauthn-backoff/webauthn.logcat.txt
provekit-v1-cross-device-20260730,motorola-e15-provekit-webauthn_assertion-sample-2,2026-07-30T16:55:37.172Z,motorola_e15,moto e15,Android 14,armeabi-v7a,android_native,,webauthn,webauthn_assertion,85aeeef539961cae5a63de794997b507a5975717,provekit_v1,noir,provekit-v1-whir-native,,measured,2,ok,,,28539.414771,,28552.889771,496.8984375,718672,2377452,2426672,2426672,,provekit-v1-native,13044531f0f38e02ed19fcbd9b26202b8ba5a962,"{""provekit"":""v1"",""mobench_sdk"":""0.1.48+e992596a786cc18047102a318d40131c953e57b8"",""mobench_cli"":""0.1.48+e992596a786cc18047102a318d40131c953e57b8""}",{},,Closest available counterpart only; proof statements and implementation details are not equivalent.,,,/Users/dcbuilder/Code/world/.worktrees/provekit-v1-cross-device-campaign/target/v1-benchmarks/reproduction/e15-provekit-proof-metrics-webauthn-backoff/webauthn.logcat.txt
provekit-v1-cross-device-20260730,motorola-e15-provekit-webauthn_assertion-sample-3,2026-07-30T16:55:37.172Z,motorola_e15,moto e15,Android 14,armeabi-v7a,android_native,,webauthn,webauthn_assertion,85aeeef539961cae5a63de794997b507a5975717,provekit_v1,noir,provekit-v1-whir-native,,measured,3,ok,,,27806.005848,,27820.859924,493.54296875,713530,2377452,2426672,2426672,,provekit-v1-native,13044531f0f38e02ed19fcbd9b26202b8ba5a962,"{""provekit"":""v1"",""mobench_sdk"":""0.1.48+e992596a786cc18047102a318d40131c953e57b8"",""mobench_cli"":""0.1.48+e992596a786cc18047102a318d40131c953e57b8""}",{},,Closest available counterpart only; proof statements and implementation details are not equivalent.,,,/Users/dcbuilder/Code/world/.worktrees/provekit-v1-cross-device-campaign/target/v1-benchmarks/reproduction/e15-provekit-proof-metrics-webauthn-backoff/webauthn.logcat.txt
provekit-v1-cross-device-20260730,motorola-e15-provekit-webauthn_assertion-sample-4,2026-07-30T16:55:37.172Z,motorola_e15,moto e15,Android 14,armeabi-v7a,android_native,,webauthn,webauthn_assertion,85aeeef539961cae5a63de794997b507a5975717,provekit_v1,noir,provekit-v1-whir-native,,measured,4,ok,,,27884.23054,,27900.211771,500.34765625,714255,2377452,2426672,2426672,,provekit-v1-native,13044531f0f38e02ed19fcbd9b26202b8ba5a962,"{""provekit"":""v1"",""mobench_sdk"":""0.1.48+e992596a786cc18047102a318d40131c953e57b8"",""mobench_cli"":""0.1.48+e992596a786cc18047102a318d40131c953e57b8""}",{},,Closest available counterpart only; proof statements and implementation details are not equivalent.,,,/Users/dcbuilder/Code/world/.worktrees/provekit-v1-cross-device-campaign/target/v1-benchmarks/reproduction/e15-provekit-proof-metrics-webauthn-backoff/webauthn.logcat.txt
provekit-v1-cross-device-20260730,motorola-e15-provekit-webauthn_assertion-sample-5,2026-07-30T16:55:37.172Z,motorola_e15,moto e15,Android 14,armeabi-v7a,android_native,,webauthn,webauthn_assertion,85aeeef539961cae5a63de794997b507a5975717,provekit_v1,noir,provekit-v1-whir-native,,measured,5,ok,,,27907.13054,,27920.985617,501.67578125,713847,2377452,2426672,2426672,,provekit-v1-native,13044531f0f38e02ed19fcbd9b26202b8ba5a962,"{""provekit"":""v1"",""mobench_sdk"":""0.1.48+e992596a786cc18047102a318d40131c953e57b8"",""mobench_cli"":""0.1.48+e992596a786cc18047102a318d40131c953e57b8""}",{},,Closest available counterpart only; proof statements and implementation details are not equivalent.,,,/Users/dcbuilder/Code/world/.worktrees/provekit-v1-cross-device-campaign/target/v1-benchmarks/reproduction/e15-provekit-proof-metrics-webauthn-backoff/webauthn.logcat.txt
provekit-v1-cross-device-20260730,motorola-e15-provekit-webauthn_assertion-warmup,2026-07-30T16:55:37.172Z,motorola_e15,moto e15,Android 14,armeabi-v7a,android_native,,webauthn,webauthn_assertion,85aeeef539961cae5a63de794997b507a5975717,provekit_v1,noir,provekit-v1-whir-native,,warmup,0,ok,,,,,,,,2377452,2426672,2426672,,provekit-v1-native,13044531f0f38e02ed19fcbd9b26202b8ba5a962,"{""provekit"":""v1"",""mobench_sdk"":""0.1.48+e992596a786cc18047102a318d40131c953e57b8"",""mobench_cli"":""0.1.48+e992596a786cc18047102a318d40131c953e57b8""}",{},,Closest available counterpart only; proof statements and implementation details are not equivalent.,,,/Users/dcbuilder/Code/world/.worktrees/provekit-v1-cross-device-campaign/target/v1-benchmarks/reproduction/e15-provekit-proof-metrics-webauthn-backoff/webauthn.logcat.txt
