campaign_id,attempt_id,recorded_at_utc,hardware,device_model,os_version,abi,runtime,browser,circuit,circuit_variant,circuit_commit,prover,frontend,prover_backend,witness_backend,sample_kind,sample_index,status,initialization_time_ms,witness_time_ms,prover_time_ms,verify_time_ms,total_time_ms,peak_memory_mib,proof_size_bytes,circuit_size_bytes,artifact_size_bytes,bundle_size_bytes,constraint_count,artifact_version,source_commit,package_versions,artifact_hashes,session_id,non_equivalence_note,failure_code,failure_detail,evidence_path,timing_mode,input_to_proof_time_ms
input-to-proof-v1-20260807,passport_complete_age_check__mac_chrome__provekit_v1__cold_local-0,2026-08-07T16:13:28.693Z,macbook_m4,MacBook Pro (Apple M4 Max),26.5.2 (25F84),arm64,browser_wasm,Google Chrome 151.0.7922.76,passport_complete_age_check,historical-monolithic-age-integrity,9b2a6f37c67691eab4b0cec6c35e35c520e93285,provekit_v1,noir,provekit-v1-whir-wasm-single-thread,@noir-lang/noir_js@1.0.0-beta.11,warmup,0,ok,2723.875,1021.1799999475479,19760.03499996662,621.7900000810623,23505.08999991417,1372.28125,990332,4044410,4002796,22008360,711664,input-to-proof-v1,9b2a6f37c67691eab4b0cec6c35e35c520e93285,"{""provekit"":""9b2a6f37c67691eab4b0cec6c35e35c520e93285"",""noir_js"":""1.0.0-beta.11""}","{""raw_evidence_sha256"":""998f7de8f4c3a811add5e2e3d413afaa4bd28f014e690050be25ed424e317668""}",,Historical monolithic Passport age and integrity lane retained separately from the additional exact P1 source pair.,,,/Users/dcbuilder/Code/world/.worktrees/provekit-v1-cross-device-campaign/target/v1-benchmarks/input-to-proof/mac-chrome/passport_complete_age_check__mac_chrome__provekit_v1__cold_local.json,cold_local,23505.08999991417
input-to-proof-v1-20260807,passport_complete_age_check__mac_chrome__provekit_v1__cold_local-1,2026-08-07T16:13:28.693Z,macbook_m4,MacBook Pro (Apple M4 Max),26.5.2 (25F84),arm64,browser_wasm,Google Chrome 151.0.7922.76,passport_complete_age_check,historical-monolithic-age-integrity,9b2a6f37c67691eab4b0cec6c35e35c520e93285,provekit_v1,noir,provekit-v1-whir-wasm-single-thread,@noir-lang/noir_js@1.0.0-beta.11,measured,1,ok,2780.5449999570847,1017.835000038147,19667.875,629.5149999856949,23466.25499999523,1372.453125,994468,4044410,4002796,22008360,711664,input-to-proof-v1,9b2a6f37c67691eab4b0cec6c35e35c520e93285,"{""provekit"":""9b2a6f37c67691eab4b0cec6c35e35c520e93285"",""noir_js"":""1.0.0-beta.11""}","{""raw_evidence_sha256"":""998f7de8f4c3a811add5e2e3d413afaa4bd28f014e690050be25ed424e317668""}",,Historical monolithic Passport age and integrity lane retained separately from the additional exact P1 source pair.,,,/Users/dcbuilder/Code/world/.worktrees/provekit-v1-cross-device-campaign/target/v1-benchmarks/input-to-proof/mac-chrome/passport_complete_age_check__mac_chrome__provekit_v1__cold_local.json,cold_local,23466.25499999523
input-to-proof-v1-20260807,passport_complete_age_check__mac_chrome__provekit_v1__cold_local-2,2026-08-07T16:13:28.693Z,macbook_m4,MacBook Pro (Apple M4 Max),26.5.2 (25F84),arm64,browser_wasm,Google Chrome 151.0.7922.76,passport_complete_age_check,historical-monolithic-age-integrity,9b2a6f37c67691eab4b0cec6c35e35c520e93285,provekit_v1,noir,provekit-v1-whir-wasm-single-thread,@noir-lang/noir_js@1.0.0-beta.11,measured,2,ok,2726.0499999523163,1022.4049999713898,19703.820000052452,627.4950000047684,23452.274999976158,1371.296875,993828,4044410,4002796,22008360,711664,input-to-proof-v1,9b2a6f37c67691eab4b0cec6c35e35c520e93285,"{""provekit"":""9b2a6f37c67691eab4b0cec6c35e35c520e93285"",""noir_js"":""1.0.0-beta.11""}","{""raw_evidence_sha256"":""998f7de8f4c3a811add5e2e3d413afaa4bd28f014e690050be25ed424e317668""}",,Historical monolithic Passport age and integrity lane retained separately from the additional exact P1 source pair.,,,/Users/dcbuilder/Code/world/.worktrees/provekit-v1-cross-device-campaign/target/v1-benchmarks/input-to-proof/mac-chrome/passport_complete_age_check__mac_chrome__provekit_v1__cold_local.json,cold_local,23452.274999976158
input-to-proof-v1-20260807,passport_complete_age_check__mac_chrome__provekit_v1__cold_local-3,2026-08-07T16:13:28.693Z,macbook_m4,MacBook Pro (Apple M4 Max),26.5.2 (25F84),arm64,browser_wasm,Google Chrome 151.0.7922.76,passport_complete_age_check,historical-monolithic-age-integrity,9b2a6f37c67691eab4b0cec6c35e35c520e93285,provekit_v1,noir,provekit-v1-whir-wasm-single-thread,@noir-lang/noir_js@1.0.0-beta.11,measured,3,ok,2718.3849999904633,1023.914999961853,19682.149999976158,623.289999961853,23424.449999928474,1372.171875,989648,4044410,4002796,22008360,711664,input-to-proof-v1,9b2a6f37c67691eab4b0cec6c35e35c520e93285,"{""provekit"":""9b2a6f37c67691eab4b0cec6c35e35c520e93285"",""noir_js"":""1.0.0-beta.11""}","{""raw_evidence_sha256"":""998f7de8f4c3a811add5e2e3d413afaa4bd28f014e690050be25ed424e317668""}",,Historical monolithic Passport age and integrity lane retained separately from the additional exact P1 source pair.,,,/Users/dcbuilder/Code/world/.worktrees/provekit-v1-cross-device-campaign/target/v1-benchmarks/input-to-proof/mac-chrome/passport_complete_age_check__mac_chrome__provekit_v1__cold_local.json,cold_local,23424.449999928474
input-to-proof-v1-20260807,passport_complete_age_check__mac_chrome__provekit_v1__cold_local-4,2026-08-07T16:13:28.693Z,macbook_m4,MacBook Pro (Apple M4 Max),26.5.2 (25F84),arm64,browser_wasm,Google Chrome 151.0.7922.76,passport_complete_age_check,historical-monolithic-age-integrity,9b2a6f37c67691eab4b0cec6c35e35c520e93285,provekit_v1,noir,provekit-v1-whir-wasm-single-thread,@noir-lang/noir_js@1.0.0-beta.11,measured,4,ok,2747.960000038147,1029.0099999904633,19759.804999947548,630.7749999761581,23536.774999976158,1375.34375,990844,4044410,4002796,22008360,711664,input-to-proof-v1,9b2a6f37c67691eab4b0cec6c35e35c520e93285,"{""provekit"":""9b2a6f37c67691eab4b0cec6c35e35c520e93285"",""noir_js"":""1.0.0-beta.11""}","{""raw_evidence_sha256"":""998f7de8f4c3a811add5e2e3d413afaa4bd28f014e690050be25ed424e317668""}",,Historical monolithic Passport age and integrity lane retained separately from the additional exact P1 source pair.,,,/Users/dcbuilder/Code/world/.worktrees/provekit-v1-cross-device-campaign/target/v1-benchmarks/input-to-proof/mac-chrome/passport_complete_age_check__mac_chrome__provekit_v1__cold_local.json,cold_local,23536.774999976158
input-to-proof-v1-20260807,passport_complete_age_check__mac_chrome__provekit_v1__cold_local-5,2026-08-07T16:13:28.693Z,macbook_m4,MacBook Pro (Apple M4 Max),26.5.2 (25F84),arm64,browser_wasm,Google Chrome 151.0.7922.76,passport_complete_age_check,historical-monolithic-age-integrity,9b2a6f37c67691eab4b0cec6c35e35c520e93285,provekit_v1,noir,provekit-v1-whir-wasm-single-thread,@noir-lang/noir_js@1.0.0-beta.11,measured,5,ok,2724.9199999570847,1020.1850000619888,19708.37000000477,624.0599999427795,23453.475000023842,1372.75,995836,4044410,4002796,22008360,711664,input-to-proof-v1,9b2a6f37c67691eab4b0cec6c35e35c520e93285,"{""provekit"":""9b2a6f37c67691eab4b0cec6c35e35c520e93285"",""noir_js"":""1.0.0-beta.11""}","{""raw_evidence_sha256"":""998f7de8f4c3a811add5e2e3d413afaa4bd28f014e690050be25ed424e317668""}",,Historical monolithic Passport age and integrity lane retained separately from the additional exact P1 source pair.,,,/Users/dcbuilder/Code/world/.worktrees/provekit-v1-cross-device-campaign/target/v1-benchmarks/input-to-proof/mac-chrome/passport_complete_age_check__mac_chrome__provekit_v1__cold_local.json,cold_local,23453.475000023842
input-to-proof-v1-20260807,passport_complete_age_check__mac_chrome__provekit_v1__warm_reuse-0,2026-08-07T16:15:46.472Z,macbook_m4,MacBook Pro (Apple M4 Max),26.5.2 (25F84),arm64,browser_wasm,Google Chrome 151.0.7922.76,passport_complete_age_check,historical-monolithic-age-integrity,9b2a6f37c67691eab4b0cec6c35e35c520e93285,provekit_v1,noir,provekit-v1-whir-wasm-single-thread,@noir-lang/noir_js@1.0.0-beta.11,warmup,0,ok,1080.5499999523163,1021.2150000333786,19667.600000023842,625.5950000286102,21769.365000009537,1522.5,995580,4044410,4002796,22008360,711664,input-to-proof-v1,9b2a6f37c67691eab4b0cec6c35e35c520e93285,"{""provekit"":""9b2a6f37c67691eab4b0cec6c35e35c520e93285"",""noir_js"":""1.0.0-beta.11""}","{""raw_evidence_sha256"":""f0b56ce8d576ef9af847e24b1fd4737c78e7bd0f2ace59d656d66b34f4b19912""}",,Historical monolithic Passport age and integrity lane retained separately from the additional exact P1 source pair.,,,/Users/dcbuilder/Code/world/.worktrees/provekit-v1-cross-device-campaign/target/v1-benchmarks/input-to-proof/mac-chrome/passport_complete_age_check__mac_chrome__provekit_v1__warm_reuse.json,warm_reuse,21769.365000009537
input-to-proof-v1-20260807,passport_complete_age_check__mac_chrome__provekit_v1__warm_reuse-1,2026-08-07T16:15:46.472Z,macbook_m4,MacBook Pro (Apple M4 Max),26.5.2 (25F84),arm64,browser_wasm,Google Chrome 151.0.7922.76,passport_complete_age_check,historical-monolithic-age-integrity,9b2a6f37c67691eab4b0cec6c35e35c520e93285,provekit_v1,noir,provekit-v1-whir-wasm-single-thread,@noir-lang/noir_js@1.0.0-beta.11,measured,1,ok,1070.5750000476837,828.4299999475479,19509.705000042915,620.5650000572205,21408.710000038147,1522.5,994300,4044410,4002796,22008360,711664,input-to-proof-v1,9b2a6f37c67691eab4b0cec6c35e35c520e93285,"{""provekit"":""9b2a6f37c67691eab4b0cec6c35e35c520e93285"",""noir_js"":""1.0.0-beta.11""}","{""raw_evidence_sha256"":""f0b56ce8d576ef9af847e24b1fd4737c78e7bd0f2ace59d656d66b34f4b19912""}",,Historical monolithic Passport age and integrity lane retained separately from the additional exact P1 source pair.,,,/Users/dcbuilder/Code/world/.worktrees/provekit-v1-cross-device-campaign/target/v1-benchmarks/input-to-proof/mac-chrome/passport_complete_age_check__mac_chrome__provekit_v1__warm_reuse.json,warm_reuse,21408.710000038147
input-to-proof-v1-20260807,passport_complete_age_check__mac_chrome__provekit_v1__warm_reuse-2,2026-08-07T16:15:46.472Z,macbook_m4,MacBook Pro (Apple M4 Max),26.5.2 (25F84),arm64,browser_wasm,Google Chrome 151.0.7922.76,passport_complete_age_check,historical-monolithic-age-integrity,9b2a6f37c67691eab4b0cec6c35e35c520e93285,provekit_v1,noir,provekit-v1-whir-wasm-single-thread,@noir-lang/noir_js@1.0.0-beta.11,measured,2,ok,1083.3199999332428,820.375,19514.514999985695,616.1399999856949,21418.209999918938,1522.5,993616,4044410,4002796,22008360,711664,input-to-proof-v1,9b2a6f37c67691eab4b0cec6c35e35c520e93285,"{""provekit"":""9b2a6f37c67691eab4b0cec6c35e35c520e93285"",""noir_js"":""1.0.0-beta.11""}","{""raw_evidence_sha256"":""f0b56ce8d576ef9af847e24b1fd4737c78e7bd0f2ace59d656d66b34f4b19912""}",,Historical monolithic Passport age and integrity lane retained separately from the additional exact P1 source pair.,,,/Users/dcbuilder/Code/world/.worktrees/provekit-v1-cross-device-campaign/target/v1-benchmarks/input-to-proof/mac-chrome/passport_complete_age_check__mac_chrome__provekit_v1__warm_reuse.json,warm_reuse,21418.209999918938
input-to-proof-v1-20260807,passport_complete_age_check__mac_chrome__provekit_v1__warm_reuse-3,2026-08-07T16:15:46.472Z,macbook_m4,MacBook Pro (Apple M4 Max),26.5.2 (25F84),arm64,browser_wasm,Google Chrome 151.0.7922.76,passport_complete_age_check,historical-monolithic-age-integrity,9b2a6f37c67691eab4b0cec6c35e35c520e93285,provekit_v1,noir,provekit-v1-whir-wasm-single-thread,@noir-lang/noir_js@1.0.0-beta.11,measured,3,ok,1070.3899999856949,823.9950000047684,19503.06500005722,620.6699999570847,21397.450000047684,1522.5,995536,4044410,4002796,22008360,711664,input-to-proof-v1,9b2a6f37c67691eab4b0cec6c35e35c520e93285,"{""provekit"":""9b2a6f37c67691eab4b0cec6c35e35c520e93285"",""noir_js"":""1.0.0-beta.11""}","{""raw_evidence_sha256"":""f0b56ce8d576ef9af847e24b1fd4737c78e7bd0f2ace59d656d66b34f4b19912""}",,Historical monolithic Passport age and integrity lane retained separately from the additional exact P1 source pair.,,,/Users/dcbuilder/Code/world/.worktrees/provekit-v1-cross-device-campaign/target/v1-benchmarks/input-to-proof/mac-chrome/passport_complete_age_check__mac_chrome__provekit_v1__warm_reuse.json,warm_reuse,21397.450000047684
input-to-proof-v1-20260807,passport_complete_age_check__mac_chrome__provekit_v1__warm_reuse-4,2026-08-07T16:15:46.472Z,macbook_m4,MacBook Pro (Apple M4 Max),26.5.2 (25F84),arm64,browser_wasm,Google Chrome 151.0.7922.76,passport_complete_age_check,historical-monolithic-age-integrity,9b2a6f37c67691eab4b0cec6c35e35c520e93285,provekit_v1,noir,provekit-v1-whir-wasm-single-thread,@noir-lang/noir_js@1.0.0-beta.11,measured,4,ok,1077.6749999523163,823.8150000572205,19507.355000019073,615.2149999141693,21408.84500002861,1522.5,992420,4044410,4002796,22008360,711664,input-to-proof-v1,9b2a6f37c67691eab4b0cec6c35e35c520e93285,"{""provekit"":""9b2a6f37c67691eab4b0cec6c35e35c520e93285"",""noir_js"":""1.0.0-beta.11""}","{""raw_evidence_sha256"":""f0b56ce8d576ef9af847e24b1fd4737c78e7bd0f2ace59d656d66b34f4b19912""}",,Historical monolithic Passport age and integrity lane retained separately from the additional exact P1 source pair.,,,/Users/dcbuilder/Code/world/.worktrees/provekit-v1-cross-device-campaign/target/v1-benchmarks/input-to-proof/mac-chrome/passport_complete_age_check__mac_chrome__provekit_v1__warm_reuse.json,warm_reuse,21408.84500002861
input-to-proof-v1-20260807,passport_complete_age_check__mac_chrome__provekit_v1__warm_reuse-5,2026-08-07T16:15:46.472Z,macbook_m4,MacBook Pro (Apple M4 Max),26.5.2 (25F84),arm64,browser_wasm,Google Chrome 151.0.7922.76,passport_complete_age_check,historical-monolithic-age-integrity,9b2a6f37c67691eab4b0cec6c35e35c520e93285,provekit_v1,noir,provekit-v1-whir-wasm-single-thread,@noir-lang/noir_js@1.0.0-beta.11,measured,5,ok,1062.1200000047684,818.6950000524521,19529.269999980927,612.2200000286102,21410.09000003338,1522.5,993444,4044410,4002796,22008360,711664,input-to-proof-v1,9b2a6f37c67691eab4b0cec6c35e35c520e93285,"{""provekit"":""9b2a6f37c67691eab4b0cec6c35e35c520e93285"",""noir_js"":""1.0.0-beta.11""}","{""raw_evidence_sha256"":""f0b56ce8d576ef9af847e24b1fd4737c78e7bd0f2ace59d656d66b34f4b19912""}",,Historical monolithic Passport age and integrity lane retained separately from the additional exact P1 source pair.,,,/Users/dcbuilder/Code/world/.worktrees/provekit-v1-cross-device-campaign/target/v1-benchmarks/input-to-proof/mac-chrome/passport_complete_age_check__mac_chrome__provekit_v1__warm_reuse.json,warm_reuse,21410.09000003338
input-to-proof-v1-20260807,passport_complete_age_check__mac_chrome__noir_barretenberg__cold_local-0,2026-08-07T16:20:20.117Z,macbook_m4,MacBook Pro (Apple M4 Max),26.5.2 (25F84),arm64,browser_wasm,Google Chrome 151.0.7922.76,passport_complete_age_check,historical-monolithic-age-integrity,9b2a6f37c67691eab4b0cec6c35e35c520e93285,noir_barretenberg,noir,barretenberg-ultrahonk-wasm-single-thread,@noir-lang/noir_js@1.0.0-beta.19,warmup,0,ok,15379.11,700.27,18252.43,4282.355,34331.81,1480.765625,16000,73375498,73333886,73375498,,input-to-proof-v1,9b2a6f37c67691eab4b0cec6c35e35c520e93285,"{""bb_js"":""4.2.0-aztecnr-rc.2"",""noir_js"":""1.0.0-beta.19""}","{""raw_evidence_sha256"":""848753290c4f93666c61e16a3e3cfe3515dd1d4159994617458ffce48c2bccaf""}",,Historical monolithic Passport age and integrity lane retained separately from the additional exact P1 source pair.,,,/Users/dcbuilder/Code/world/.worktrees/provekit-v1-cross-device-campaign/target/v1-benchmarks/input-to-proof/mac-chrome/passport_complete_age_check__mac_chrome__noir_barretenberg__cold_local.json,cold_local,34331.81
input-to-proof-v1-20260807,passport_complete_age_check__mac_chrome__noir_barretenberg__cold_local-1,2026-08-07T16:20:20.117Z,macbook_m4,MacBook Pro (Apple M4 Max),26.5.2 (25F84),arm64,browser_wasm,Google Chrome 151.0.7922.76,passport_complete_age_check,historical-monolithic-age-integrity,9b2a6f37c67691eab4b0cec6c35e35c520e93285,noir_barretenberg,noir,barretenberg-ultrahonk-wasm-single-thread,@noir-lang/noir_js@1.0.0-beta.19,measured,1,ok,15346.235,689.705,18243.385,4246.385,34279.325,1475.359375,16000,73375498,73333886,73375498,,input-to-proof-v1,9b2a6f37c67691eab4b0cec6c35e35c520e93285,"{""bb_js"":""4.2.0-aztecnr-rc.2"",""noir_js"":""1.0.0-beta.19""}","{""raw_evidence_sha256"":""848753290c4f93666c61e16a3e3cfe3515dd1d4159994617458ffce48c2bccaf""}",,Historical monolithic Passport age and integrity lane retained separately from the additional exact P1 source pair.,,,/Users/dcbuilder/Code/world/.worktrees/provekit-v1-cross-device-campaign/target/v1-benchmarks/input-to-proof/mac-chrome/passport_complete_age_check__mac_chrome__noir_barretenberg__cold_local.json,cold_local,34279.325
input-to-proof-v1-20260807,passport_complete_age_check__mac_chrome__noir_barretenberg__cold_local-2,2026-08-07T16:20:20.117Z,macbook_m4,MacBook Pro (Apple M4 Max),26.5.2 (25F84),arm64,browser_wasm,Google Chrome 151.0.7922.76,passport_complete_age_check,historical-monolithic-age-integrity,9b2a6f37c67691eab4b0cec6c35e35c520e93285,noir_barretenberg,noir,barretenberg-ultrahonk-wasm-single-thread,@noir-lang/noir_js@1.0.0-beta.19,measured,2,ok,15481.24,690.6,18268.155,4235.185,34439.995,1481.65625,16000,73375498,73333886,73375498,,input-to-proof-v1,9b2a6f37c67691eab4b0cec6c35e35c520e93285,"{""bb_js"":""4.2.0-aztecnr-rc.2"",""noir_js"":""1.0.0-beta.19""}","{""raw_evidence_sha256"":""848753290c4f93666c61e16a3e3cfe3515dd1d4159994617458ffce48c2bccaf""}",,Historical monolithic Passport age and integrity lane retained separately from the additional exact P1 source pair.,,,/Users/dcbuilder/Code/world/.worktrees/provekit-v1-cross-device-campaign/target/v1-benchmarks/input-to-proof/mac-chrome/passport_complete_age_check__mac_chrome__noir_barretenberg__cold_local.json,cold_local,34439.995
input-to-proof-v1-20260807,passport_complete_age_check__mac_chrome__noir_barretenberg__cold_local-3,2026-08-07T16:20:20.117Z,macbook_m4,MacBook Pro (Apple M4 Max),26.5.2 (25F84),arm64,browser_wasm,Google Chrome 151.0.7922.76,passport_complete_age_check,historical-monolithic-age-integrity,9b2a6f37c67691eab4b0cec6c35e35c520e93285,noir_barretenberg,noir,barretenberg-ultrahonk-wasm-single-thread,@noir-lang/noir_js@1.0.0-beta.19,measured,3,ok,15350.765,697.095,18291.345,4255.595,34339.205,1476.09375,16000,73375498,73333886,73375498,,input-to-proof-v1,9b2a6f37c67691eab4b0cec6c35e35c520e93285,"{""bb_js"":""4.2.0-aztecnr-rc.2"",""noir_js"":""1.0.0-beta.19""}","{""raw_evidence_sha256"":""848753290c4f93666c61e16a3e3cfe3515dd1d4159994617458ffce48c2bccaf""}",,Historical monolithic Passport age and integrity lane retained separately from the additional exact P1 source pair.,,,/Users/dcbuilder/Code/world/.worktrees/provekit-v1-cross-device-campaign/target/v1-benchmarks/input-to-proof/mac-chrome/passport_complete_age_check__mac_chrome__noir_barretenberg__cold_local.json,cold_local,34339.205
input-to-proof-v1-20260807,passport_complete_age_check__mac_chrome__noir_barretenberg__cold_local-4,2026-08-07T16:20:20.117Z,macbook_m4,MacBook Pro (Apple M4 Max),26.5.2 (25F84),arm64,browser_wasm,Google Chrome 151.0.7922.76,passport_complete_age_check,historical-monolithic-age-integrity,9b2a6f37c67691eab4b0cec6c35e35c520e93285,noir_barretenberg,noir,barretenberg-ultrahonk-wasm-single-thread,@noir-lang/noir_js@1.0.0-beta.19,measured,4,ok,15300.62,694.115,18287.205,4241.65,34281.94,1480.53125,16000,73375498,73333886,73375498,,input-to-proof-v1,9b2a6f37c67691eab4b0cec6c35e35c520e93285,"{""bb_js"":""4.2.0-aztecnr-rc.2"",""noir_js"":""1.0.0-beta.19""}","{""raw_evidence_sha256"":""848753290c4f93666c61e16a3e3cfe3515dd1d4159994617458ffce48c2bccaf""}",,Historical monolithic Passport age and integrity lane retained separately from the additional exact P1 source pair.,,,/Users/dcbuilder/Code/world/.worktrees/provekit-v1-cross-device-campaign/target/v1-benchmarks/input-to-proof/mac-chrome/passport_complete_age_check__mac_chrome__noir_barretenberg__cold_local.json,cold_local,34281.94
input-to-proof-v1-20260807,passport_complete_age_check__mac_chrome__noir_barretenberg__cold_local-5,2026-08-07T16:20:20.117Z,macbook_m4,MacBook Pro (Apple M4 Max),26.5.2 (25F84),arm64,browser_wasm,Google Chrome 151.0.7922.76,passport_complete_age_check,historical-monolithic-age-integrity,9b2a6f37c67691eab4b0cec6c35e35c520e93285,noir_barretenberg,noir,barretenberg-ultrahonk-wasm-single-thread,@noir-lang/noir_js@1.0.0-beta.19,measured,5,ok,15271.005,694.57,18292.98,4220.565,34258.555,1473.28125,16000,73375498,73333886,73375498,,input-to-proof-v1,9b2a6f37c67691eab4b0cec6c35e35c520e93285,"{""bb_js"":""4.2.0-aztecnr-rc.2"",""noir_js"":""1.0.0-beta.19""}","{""raw_evidence_sha256"":""848753290c4f93666c61e16a3e3cfe3515dd1d4159994617458ffce48c2bccaf""}",,Historical monolithic Passport age and integrity lane retained separately from the additional exact P1 source pair.,,,/Users/dcbuilder/Code/world/.worktrees/provekit-v1-cross-device-campaign/target/v1-benchmarks/input-to-proof/mac-chrome/passport_complete_age_check__mac_chrome__noir_barretenberg__cold_local.json,cold_local,34258.555
input-to-proof-v1-20260807,passport_complete_age_check__mac_chrome__noir_barretenberg__warm_reuse-0,2026-08-07T16:22:54.730Z,macbook_m4,MacBook Pro (Apple M4 Max),26.5.2 (25F84),arm64,browser_wasm,Google Chrome 151.0.7922.76,passport_complete_age_check,historical-monolithic-age-integrity,9b2a6f37c67691eab4b0cec6c35e35c520e93285,noir_barretenberg,noir,barretenberg-ultrahonk-wasm-single-thread,@noir-lang/noir_js@1.0.0-beta.19,warmup,0,ok,0,569.59,17951.74,0,18521.345,1676.65625,16000,73375498,73333886,73375498,,input-to-proof-v1,9b2a6f37c67691eab4b0cec6c35e35c520e93285,"{""bb_js"":""4.2.0-aztecnr-rc.2"",""noir_js"":""1.0.0-beta.19""}","{""raw_evidence_sha256"":""54433d48de89c1c5827118804fb6252e7452dae07a5731567ce74df8a519ed82""}",,Historical monolithic Passport age and integrity lane retained separately from the additional exact P1 source pair.,,,/Users/dcbuilder/Code/world/.worktrees/provekit-v1-cross-device-campaign/target/v1-benchmarks/input-to-proof/mac-chrome/passport_complete_age_check__mac_chrome__noir_barretenberg__warm_reuse.json,warm_reuse,18521.345
input-to-proof-v1-20260807,passport_complete_age_check__mac_chrome__noir_barretenberg__warm_reuse-1,2026-08-07T16:22:54.730Z,macbook_m4,MacBook Pro (Apple M4 Max),26.5.2 (25F84),arm64,browser_wasm,Google Chrome 151.0.7922.76,passport_complete_age_check,historical-monolithic-age-integrity,9b2a6f37c67691eab4b0cec6c35e35c520e93285,noir_barretenberg,noir,barretenberg-ultrahonk-wasm-single-thread,@noir-lang/noir_js@1.0.0-beta.19,measured,1,ok,0,557.095,17882.9,0,18440.035,1676.65625,16000,73375498,73333886,73375498,,input-to-proof-v1,9b2a6f37c67691eab4b0cec6c35e35c520e93285,"{""bb_js"":""4.2.0-aztecnr-rc.2"",""noir_js"":""1.0.0-beta.19""}","{""raw_evidence_sha256"":""54433d48de89c1c5827118804fb6252e7452dae07a5731567ce74df8a519ed82""}",,Historical monolithic Passport age and integrity lane retained separately from the additional exact P1 source pair.,,,/Users/dcbuilder/Code/world/.worktrees/provekit-v1-cross-device-campaign/target/v1-benchmarks/input-to-proof/mac-chrome/passport_complete_age_check__mac_chrome__noir_barretenberg__warm_reuse.json,warm_reuse,18440.035
input-to-proof-v1-20260807,passport_complete_age_check__mac_chrome__noir_barretenberg__warm_reuse-2,2026-08-07T16:22:54.730Z,macbook_m4,MacBook Pro (Apple M4 Max),26.5.2 (25F84),arm64,browser_wasm,Google Chrome 151.0.7922.76,passport_complete_age_check,historical-monolithic-age-integrity,9b2a6f37c67691eab4b0cec6c35e35c520e93285,noir_barretenberg,noir,barretenberg-ultrahonk-wasm-single-thread,@noir-lang/noir_js@1.0.0-beta.19,measured,2,ok,0,579.705,17939.99,0,18519.715,1676.65625,16000,73375498,73333886,73375498,,input-to-proof-v1,9b2a6f37c67691eab4b0cec6c35e35c520e93285,"{""bb_js"":""4.2.0-aztecnr-rc.2"",""noir_js"":""1.0.0-beta.19""}","{""raw_evidence_sha256"":""54433d48de89c1c5827118804fb6252e7452dae07a5731567ce74df8a519ed82""}",,Historical monolithic Passport age and integrity lane retained separately from the additional exact P1 source pair.,,,/Users/dcbuilder/Code/world/.worktrees/provekit-v1-cross-device-campaign/target/v1-benchmarks/input-to-proof/mac-chrome/passport_complete_age_check__mac_chrome__noir_barretenberg__warm_reuse.json,warm_reuse,18519.715
input-to-proof-v1-20260807,passport_complete_age_check__mac_chrome__noir_barretenberg__warm_reuse-3,2026-08-07T16:22:54.730Z,macbook_m4,MacBook Pro (Apple M4 Max),26.5.2 (25F84),arm64,browser_wasm,Google Chrome 151.0.7922.76,passport_complete_age_check,historical-monolithic-age-integrity,9b2a6f37c67691eab4b0cec6c35e35c520e93285,noir_barretenberg,noir,barretenberg-ultrahonk-wasm-single-thread,@noir-lang/noir_js@1.0.0-beta.19,measured,3,ok,0,569.235,17943.8,0,18513.21,1676.65625,16000,73375498,73333886,73375498,,input-to-proof-v1,9b2a6f37c67691eab4b0cec6c35e35c520e93285,"{""bb_js"":""4.2.0-aztecnr-rc.2"",""noir_js"":""1.0.0-beta.19""}","{""raw_evidence_sha256"":""54433d48de89c1c5827118804fb6252e7452dae07a5731567ce74df8a519ed82""}",,Historical monolithic Passport age and integrity lane retained separately from the additional exact P1 source pair.,,,/Users/dcbuilder/Code/world/.worktrees/provekit-v1-cross-device-campaign/target/v1-benchmarks/input-to-proof/mac-chrome/passport_complete_age_check__mac_chrome__noir_barretenberg__warm_reuse.json,warm_reuse,18513.21
input-to-proof-v1-20260807,passport_complete_age_check__mac_chrome__noir_barretenberg__warm_reuse-4,2026-08-07T16:22:54.730Z,macbook_m4,MacBook Pro (Apple M4 Max),26.5.2 (25F84),arm64,browser_wasm,Google Chrome 151.0.7922.76,passport_complete_age_check,historical-monolithic-age-integrity,9b2a6f37c67691eab4b0cec6c35e35c520e93285,noir_barretenberg,noir,barretenberg-ultrahonk-wasm-single-thread,@noir-lang/noir_js@1.0.0-beta.19,measured,4,ok,0,580.34,17866.225,0,18446.71,1676.65625,16000,73375498,73333886,73375498,,input-to-proof-v1,9b2a6f37c67691eab4b0cec6c35e35c520e93285,"{""bb_js"":""4.2.0-aztecnr-rc.2"",""noir_js"":""1.0.0-beta.19""}","{""raw_evidence_sha256"":""54433d48de89c1c5827118804fb6252e7452dae07a5731567ce74df8a519ed82""}",,Historical monolithic Passport age and integrity lane retained separately from the additional exact P1 source pair.,,,/Users/dcbuilder/Code/world/.worktrees/provekit-v1-cross-device-campaign/target/v1-benchmarks/input-to-proof/mac-chrome/passport_complete_age_check__mac_chrome__noir_barretenberg__warm_reuse.json,warm_reuse,18446.71
input-to-proof-v1-20260807,passport_complete_age_check__mac_chrome__noir_barretenberg__warm_reuse-5,2026-08-07T16:22:54.730Z,macbook_m4,MacBook Pro (Apple M4 Max),26.5.2 (25F84),arm64,browser_wasm,Google Chrome 151.0.7922.76,passport_complete_age_check,historical-monolithic-age-integrity,9b2a6f37c67691eab4b0cec6c35e35c520e93285,noir_barretenberg,noir,barretenberg-ultrahonk-wasm-single-thread,@noir-lang/noir_js@1.0.0-beta.19,measured,5,ok,0,584.12,17840.73,0,18425.005,1676.65625,16000,73375498,73333886,73375498,,input-to-proof-v1,9b2a6f37c67691eab4b0cec6c35e35c520e93285,"{""bb_js"":""4.2.0-aztecnr-rc.2"",""noir_js"":""1.0.0-beta.19""}","{""raw_evidence_sha256"":""54433d48de89c1c5827118804fb6252e7452dae07a5731567ce74df8a519ed82""}",,Historical monolithic Passport age and integrity lane retained separately from the additional exact P1 source pair.,,,/Users/dcbuilder/Code/world/.worktrees/provekit-v1-cross-device-campaign/target/v1-benchmarks/input-to-proof/mac-chrome/passport_complete_age_check__mac_chrome__noir_barretenberg__warm_reuse.json,warm_reuse,18425.005
input-to-proof-v1-20260807,passport_complete_age_check__mac_chrome__circom_groth16__cold_local-0,2026-08-07T16:28:58.792Z,macbook_m4,MacBook Pro (Apple M4 Max),26.5.2 (25F84),arm64,browser_wasm,Google Chrome 151.0.7922.76,passport_complete_age_check,historical-monolithic-age-integrity,9b2a6f37c67691eab4b0cec6c35e35c520e93285,circom_groth16,circom,snarkjs-groth16-browser-wasm-single-thread,circom-witness-wasm,warmup,0,ok,7.6,4171.7,55421.5,59.7,59600.8,6027.234375,1447,588352242,568828944,588352242,,input-to-proof-v1,9b2a6f37c67691eab4b0cec6c35e35c520e93285,"{""circom"":""2.2.2"",""snarkjs"":""0.7.6""}","{""raw_evidence_sha256"":""0f5da4f5c857290f9b842874a431e7f5b98670f927eafa7aad38a64f38031e0b""}",,Historical monolithic Passport age and integrity lane retained separately from the additional exact P1 source pair.,,,/Users/dcbuilder/Code/world/.worktrees/provekit-v1-cross-device-campaign/target/v1-benchmarks/input-to-proof/mac-chrome/passport_complete_age_check__mac_chrome__circom_groth16__cold_local.json,cold_local,59600.8
input-to-proof-v1-20260807,passport_complete_age_check__mac_chrome__circom_groth16__cold_local-1,2026-08-07T16:28:58.792Z,macbook_m4,MacBook Pro (Apple M4 Max),26.5.2 (25F84),arm64,browser_wasm,Google Chrome 151.0.7922.76,passport_complete_age_check,historical-monolithic-age-integrity,9b2a6f37c67691eab4b0cec6c35e35c520e93285,circom_groth16,circom,snarkjs-groth16-browser-wasm-single-thread,circom-witness-wasm,measured,1,ok,5.9,4183.3,55487.9,60.2,59677.1,6029.28125,1448,588352242,568828944,588352242,,input-to-proof-v1,9b2a6f37c67691eab4b0cec6c35e35c520e93285,"{""circom"":""2.2.2"",""snarkjs"":""0.7.6""}","{""raw_evidence_sha256"":""0f5da4f5c857290f9b842874a431e7f5b98670f927eafa7aad38a64f38031e0b""}",,Historical monolithic Passport age and integrity lane retained separately from the additional exact P1 source pair.,,,/Users/dcbuilder/Code/world/.worktrees/provekit-v1-cross-device-campaign/target/v1-benchmarks/input-to-proof/mac-chrome/passport_complete_age_check__mac_chrome__circom_groth16__cold_local.json,cold_local,59677.1
input-to-proof-v1-20260807,passport_complete_age_check__mac_chrome__circom_groth16__cold_local-2,2026-08-07T16:28:58.792Z,macbook_m4,MacBook Pro (Apple M4 Max),26.5.2 (25F84),arm64,browser_wasm,Google Chrome 151.0.7922.76,passport_complete_age_check,historical-monolithic-age-integrity,9b2a6f37c67691eab4b0cec6c35e35c520e93285,circom_groth16,circom,snarkjs-groth16-browser-wasm-single-thread,circom-witness-wasm,measured,2,ok,5.4,4180.5,55360.7,58.5,59546.6,6029.140625,1445,588352242,568828944,588352242,,input-to-proof-v1,9b2a6f37c67691eab4b0cec6c35e35c520e93285,"{""circom"":""2.2.2"",""snarkjs"":""0.7.6""}","{""raw_evidence_sha256"":""0f5da4f5c857290f9b842874a431e7f5b98670f927eafa7aad38a64f38031e0b""}",,Historical monolithic Passport age and integrity lane retained separately from the additional exact P1 source pair.,,,/Users/dcbuilder/Code/world/.worktrees/provekit-v1-cross-device-campaign/target/v1-benchmarks/input-to-proof/mac-chrome/passport_complete_age_check__mac_chrome__circom_groth16__cold_local.json,cold_local,59546.6
input-to-proof-v1-20260807,passport_complete_age_check__mac_chrome__circom_groth16__cold_local-3,2026-08-07T16:28:58.792Z,macbook_m4,MacBook Pro (Apple M4 Max),26.5.2 (25F84),arm64,browser_wasm,Google Chrome 151.0.7922.76,passport_complete_age_check,historical-monolithic-age-integrity,9b2a6f37c67691eab4b0cec6c35e35c520e93285,circom_groth16,circom,snarkjs-groth16-browser-wasm-single-thread,circom-witness-wasm,measured,3,ok,5.6,4186.2,55453.4,62.2,59645.2,6029.703125,1443,588352242,568828944,588352242,,input-to-proof-v1,9b2a6f37c67691eab4b0cec6c35e35c520e93285,"{""circom"":""2.2.2"",""snarkjs"":""0.7.6""}","{""raw_evidence_sha256"":""0f5da4f5c857290f9b842874a431e7f5b98670f927eafa7aad38a64f38031e0b""}",,Historical monolithic Passport age and integrity lane retained separately from the additional exact P1 source pair.,,,/Users/dcbuilder/Code/world/.worktrees/provekit-v1-cross-device-campaign/target/v1-benchmarks/input-to-proof/mac-chrome/passport_complete_age_check__mac_chrome__circom_groth16__cold_local.json,cold_local,59645.2
input-to-proof-v1-20260807,passport_complete_age_check__mac_chrome__circom_groth16__cold_local-4,2026-08-07T16:28:58.792Z,macbook_m4,MacBook Pro (Apple M4 Max),26.5.2 (25F84),arm64,browser_wasm,Google Chrome 151.0.7922.76,passport_complete_age_check,historical-monolithic-age-integrity,9b2a6f37c67691eab4b0cec6c35e35c520e93285,circom_groth16,circom,snarkjs-groth16-browser-wasm-single-thread,circom-witness-wasm,measured,4,ok,5.8,4166,55376.9,59.4,59548.7,6031.453125,1446,588352242,568828944,588352242,,input-to-proof-v1,9b2a6f37c67691eab4b0cec6c35e35c520e93285,"{""circom"":""2.2.2"",""snarkjs"":""0.7.6""}","{""raw_evidence_sha256"":""0f5da4f5c857290f9b842874a431e7f5b98670f927eafa7aad38a64f38031e0b""}",,Historical monolithic Passport age and integrity lane retained separately from the additional exact P1 source pair.,,,/Users/dcbuilder/Code/world/.worktrees/provekit-v1-cross-device-campaign/target/v1-benchmarks/input-to-proof/mac-chrome/passport_complete_age_check__mac_chrome__circom_groth16__cold_local.json,cold_local,59548.7
input-to-proof-v1-20260807,passport_complete_age_check__mac_chrome__circom_groth16__cold_local-5,2026-08-07T16:28:58.792Z,macbook_m4,MacBook Pro (Apple M4 Max),26.5.2 (25F84),arm64,browser_wasm,Google Chrome 151.0.7922.76,passport_complete_age_check,historical-monolithic-age-integrity,9b2a6f37c67691eab4b0cec6c35e35c520e93285,circom_groth16,circom,snarkjs-groth16-browser-wasm-single-thread,circom-witness-wasm,measured,5,ok,8.1,4166.3,55328.4,57.7,59502.8,6031.34375,1448,588352242,568828944,588352242,,input-to-proof-v1,9b2a6f37c67691eab4b0cec6c35e35c520e93285,"{""circom"":""2.2.2"",""snarkjs"":""0.7.6""}","{""raw_evidence_sha256"":""0f5da4f5c857290f9b842874a431e7f5b98670f927eafa7aad38a64f38031e0b""}",,Historical monolithic Passport age and integrity lane retained separately from the additional exact P1 source pair.,,,/Users/dcbuilder/Code/world/.worktrees/provekit-v1-cross-device-campaign/target/v1-benchmarks/input-to-proof/mac-chrome/passport_complete_age_check__mac_chrome__circom_groth16__cold_local.json,cold_local,59502.8
input-to-proof-v1-20260807,passport_complete_age_check__mac_chrome__circom_groth16__warm_reuse-0,2026-08-07T16:34:57.284Z,macbook_m4,MacBook Pro (Apple M4 Max),26.5.2 (25F84),arm64,browser_wasm,Google Chrome 151.0.7922.76,passport_complete_age_check,historical-monolithic-age-integrity,9b2a6f37c67691eab4b0cec6c35e35c520e93285,circom_groth16,circom,snarkjs-groth16-browser-wasm-single-thread,circom-witness-wasm,warmup,0,ok,0,4170.3,55332.3,59.6,59503,6269.046875,1443,588352242,568828944,588352242,,input-to-proof-v1,9b2a6f37c67691eab4b0cec6c35e35c520e93285,"{""circom"":""2.2.2"",""snarkjs"":""0.7.6""}","{""raw_evidence_sha256"":""a542698687cbee69bb21ee1e6ed568e6d440e12c7a27c000b5e68da98126d991""}",,Historical monolithic Passport age and integrity lane retained separately from the additional exact P1 source pair.,,,/Users/dcbuilder/Code/world/.worktrees/provekit-v1-cross-device-campaign/target/v1-benchmarks/input-to-proof/mac-chrome/passport_complete_age_check__mac_chrome__circom_groth16__warm_reuse.json,warm_reuse,59503
input-to-proof-v1-20260807,passport_complete_age_check__mac_chrome__circom_groth16__warm_reuse-1,2026-08-07T16:34:57.284Z,macbook_m4,MacBook Pro (Apple M4 Max),26.5.2 (25F84),arm64,browser_wasm,Google Chrome 151.0.7922.76,passport_complete_age_check,historical-monolithic-age-integrity,9b2a6f37c67691eab4b0cec6c35e35c520e93285,circom_groth16,circom,snarkjs-groth16-browser-wasm-single-thread,circom-witness-wasm,measured,1,ok,0,4133.6,55414.7,11.5,59548.5,6269.046875,1444,588352242,568828944,588352242,,input-to-proof-v1,9b2a6f37c67691eab4b0cec6c35e35c520e93285,"{""circom"":""2.2.2"",""snarkjs"":""0.7.6""}","{""raw_evidence_sha256"":""a542698687cbee69bb21ee1e6ed568e6d440e12c7a27c000b5e68da98126d991""}",,Historical monolithic Passport age and integrity lane retained separately from the additional exact P1 source pair.,,,/Users/dcbuilder/Code/world/.worktrees/provekit-v1-cross-device-campaign/target/v1-benchmarks/input-to-proof/mac-chrome/passport_complete_age_check__mac_chrome__circom_groth16__warm_reuse.json,warm_reuse,59548.5
input-to-proof-v1-20260807,passport_complete_age_check__mac_chrome__circom_groth16__warm_reuse-2,2026-08-07T16:34:57.284Z,macbook_m4,MacBook Pro (Apple M4 Max),26.5.2 (25F84),arm64,browser_wasm,Google Chrome 151.0.7922.76,passport_complete_age_check,historical-monolithic-age-integrity,9b2a6f37c67691eab4b0cec6c35e35c520e93285,circom_groth16,circom,snarkjs-groth16-browser-wasm-single-thread,circom-witness-wasm,measured,2,ok,0,4156,55405.1,11.4,59561.3,6269.046875,1450,588352242,568828944,588352242,,input-to-proof-v1,9b2a6f37c67691eab4b0cec6c35e35c520e93285,"{""circom"":""2.2.2"",""snarkjs"":""0.7.6""}","{""raw_evidence_sha256"":""a542698687cbee69bb21ee1e6ed568e6d440e12c7a27c000b5e68da98126d991""}",,Historical monolithic Passport age and integrity lane retained separately from the additional exact P1 source pair.,,,/Users/dcbuilder/Code/world/.worktrees/provekit-v1-cross-device-campaign/target/v1-benchmarks/input-to-proof/mac-chrome/passport_complete_age_check__mac_chrome__circom_groth16__warm_reuse.json,warm_reuse,59561.3
input-to-proof-v1-20260807,passport_complete_age_check__mac_chrome__circom_groth16__warm_reuse-3,2026-08-07T16:34:57.284Z,macbook_m4,MacBook Pro (Apple M4 Max),26.5.2 (25F84),arm64,browser_wasm,Google Chrome 151.0.7922.76,passport_complete_age_check,historical-monolithic-age-integrity,9b2a6f37c67691eab4b0cec6c35e35c520e93285,circom_groth16,circom,snarkjs-groth16-browser-wasm-single-thread,circom-witness-wasm,measured,3,ok,0,4174.2,55417.1,10.9,59591.5,6269.046875,1446,588352242,568828944,588352242,,input-to-proof-v1,9b2a6f37c67691eab4b0cec6c35e35c520e93285,"{""circom"":""2.2.2"",""snarkjs"":""0.7.6""}","{""raw_evidence_sha256"":""a542698687cbee69bb21ee1e6ed568e6d440e12c7a27c000b5e68da98126d991""}",,Historical monolithic Passport age and integrity lane retained separately from the additional exact P1 source pair.,,,/Users/dcbuilder/Code/world/.worktrees/provekit-v1-cross-device-campaign/target/v1-benchmarks/input-to-proof/mac-chrome/passport_complete_age_check__mac_chrome__circom_groth16__warm_reuse.json,warm_reuse,59591.5
input-to-proof-v1-20260807,passport_complete_age_check__mac_chrome__circom_groth16__warm_reuse-4,2026-08-07T16:34:57.284Z,macbook_m4,MacBook Pro (Apple M4 Max),26.5.2 (25F84),arm64,browser_wasm,Google Chrome 151.0.7922.76,passport_complete_age_check,historical-monolithic-age-integrity,9b2a6f37c67691eab4b0cec6c35e35c520e93285,circom_groth16,circom,snarkjs-groth16-browser-wasm-single-thread,circom-witness-wasm,measured,4,ok,0,4158.3,55596.2,11,59759.2,6269.046875,1443,588352242,568828944,588352242,,input-to-proof-v1,9b2a6f37c67691eab4b0cec6c35e35c520e93285,"{""circom"":""2.2.2"",""snarkjs"":""0.7.6""}","{""raw_evidence_sha256"":""a542698687cbee69bb21ee1e6ed568e6d440e12c7a27c000b5e68da98126d991""}",,Historical monolithic Passport age and integrity lane retained separately from the additional exact P1 source pair.,,,/Users/dcbuilder/Code/world/.worktrees/provekit-v1-cross-device-campaign/target/v1-benchmarks/input-to-proof/mac-chrome/passport_complete_age_check__mac_chrome__circom_groth16__warm_reuse.json,warm_reuse,59759.2
input-to-proof-v1-20260807,passport_complete_age_check__mac_chrome__circom_groth16__warm_reuse-5,2026-08-07T16:34:57.284Z,macbook_m4,MacBook Pro (Apple M4 Max),26.5.2 (25F84),arm64,browser_wasm,Google Chrome 151.0.7922.76,passport_complete_age_check,historical-monolithic-age-integrity,9b2a6f37c67691eab4b0cec6c35e35c520e93285,circom_groth16,circom,snarkjs-groth16-browser-wasm-single-thread,circom-witness-wasm,measured,5,ok,0,4127.6,55130.5,11,59259.1,6269.046875,1446,588352242,568828944,588352242,,input-to-proof-v1,9b2a6f37c67691eab4b0cec6c35e35c520e93285,"{""circom"":""2.2.2"",""snarkjs"":""0.7.6""}","{""raw_evidence_sha256"":""a542698687cbee69bb21ee1e6ed568e6d440e12c7a27c000b5e68da98126d991""}",,Historical monolithic Passport age and integrity lane retained separately from the additional exact P1 source pair.,,,/Users/dcbuilder/Code/world/.worktrees/provekit-v1-cross-device-campaign/target/v1-benchmarks/input-to-proof/mac-chrome/passport_complete_age_check__mac_chrome__circom_groth16__warm_reuse.json,warm_reuse,59259.1
input-to-proof-v1-20260807,passport_p1__mac_chrome__provekit_v1__cold_local-0,2026-08-07T16:36:15.896Z,macbook_m4,MacBook Pro (Apple M4 Max),26.5.2 (25F84),arm64,browser_wasm,Google Chrome 151.0.7922.76,passport_age_integrity,P1-matched-monolithic-RSA4096,092621d721cfef9ff39b0787f5ba2c1f07eb6d95,provekit_v1,noir,provekit-v1-whir-wasm-single-thread,@noir-lang/noir_js@1.0.0-beta.11,warmup,0,ok,1500.6849999427795,794.5,9408.820000052452,309.789999961853,11704.004999995232,844.640625,961913,2310275,2279592,15006054,294402,input-to-proof-v1,9b2a6f37c67691eab4b0cec6c35e35c520e93285,"{""provekit"":""9b2a6f37c67691eab4b0cec6c35e35c520e93285"",""noir_js"":""1.0.0-beta.11""}","{""raw_evidence_sha256"":""8ed8d3606516bd417816fcaa9a3c685294f49511560a4c9d7b797df9f8738382""}",,"Matched P1 profile: monolithic RSA-4096 passport integrity, registry authorization, DG1 validity, and minimum-age assertion.",,,/Users/dcbuilder/Code/world/.worktrees/provekit-v1-cross-device-campaign/target/v1-benchmarks/input-to-proof/mac-chrome/passport_p1__mac_chrome__provekit_v1__cold_local.json,cold_local,11704.004999995232
input-to-proof-v1-20260807,passport_p1__mac_chrome__provekit_v1__cold_local-1,2026-08-07T16:36:15.896Z,macbook_m4,MacBook Pro (Apple M4 Max),26.5.2 (25F84),arm64,browser_wasm,Google Chrome 151.0.7922.76,passport_age_integrity,P1-matched-monolithic-RSA4096,092621d721cfef9ff39b0787f5ba2c1f07eb6d95,provekit_v1,noir,provekit-v1-whir-wasm-single-thread,@noir-lang/noir_js@1.0.0-beta.11,measured,1,ok,1526.204999923706,779.5,9355.389999985695,313.3700000047684,11661.094999909401,842.578125,960209,2310275,2279592,15006054,294402,input-to-proof-v1,9b2a6f37c67691eab4b0cec6c35e35c520e93285,"{""provekit"":""9b2a6f37c67691eab4b0cec6c35e35c520e93285"",""noir_js"":""1.0.0-beta.11""}","{""raw_evidence_sha256"":""8ed8d3606516bd417816fcaa9a3c685294f49511560a4c9d7b797df9f8738382""}",,"Matched P1 profile: monolithic RSA-4096 passport integrity, registry authorization, DG1 validity, and minimum-age assertion.",,,/Users/dcbuilder/Code/world/.worktrees/provekit-v1-cross-device-campaign/target/v1-benchmarks/input-to-proof/mac-chrome/passport_p1__mac_chrome__provekit_v1__cold_local.json,cold_local,11661.094999909401
input-to-proof-v1-20260807,passport_p1__mac_chrome__provekit_v1__cold_local-2,2026-08-07T16:36:15.896Z,macbook_m4,MacBook Pro (Apple M4 Max),26.5.2 (25F84),arm64,browser_wasm,Google Chrome 151.0.7922.76,passport_age_integrity,P1-matched-monolithic-RSA4096,092621d721cfef9ff39b0787f5ba2c1f07eb6d95,provekit_v1,noir,provekit-v1-whir-wasm-single-thread,@noir-lang/noir_js@1.0.0-beta.11,measured,2,ok,1492.3199999332428,784.8450000286102,9389.264999985695,305.94000005722046,11666.429999947548,842.265625,964601,2310275,2279592,15006054,294402,input-to-proof-v1,9b2a6f37c67691eab4b0cec6c35e35c520e93285,"{""provekit"":""9b2a6f37c67691eab4b0cec6c35e35c520e93285"",""noir_js"":""1.0.0-beta.11""}","{""raw_evidence_sha256"":""8ed8d3606516bd417816fcaa9a3c685294f49511560a4c9d7b797df9f8738382""}",,"Matched P1 profile: monolithic RSA-4096 passport integrity, registry authorization, DG1 validity, and minimum-age assertion.",,,/Users/dcbuilder/Code/world/.worktrees/provekit-v1-cross-device-campaign/target/v1-benchmarks/input-to-proof/mac-chrome/passport_p1__mac_chrome__provekit_v1__cold_local.json,cold_local,11666.429999947548
input-to-proof-v1-20260807,passport_p1__mac_chrome__provekit_v1__cold_local-3,2026-08-07T16:36:15.896Z,macbook_m4,MacBook Pro (Apple M4 Max),26.5.2 (25F84),arm64,browser_wasm,Google Chrome 151.0.7922.76,passport_age_integrity,P1-matched-monolithic-RSA4096,092621d721cfef9ff39b0787f5ba2c1f07eb6d95,provekit_v1,noir,provekit-v1-whir-wasm-single-thread,@noir-lang/noir_js@1.0.0-beta.11,measured,3,ok,1506.0900000333786,784.9049999713898,9398.320000052452,309.25999999046326,11689.31500005722,842.75,963025,2310275,2279592,15006054,294402,input-to-proof-v1,9b2a6f37c67691eab4b0cec6c35e35c520e93285,"{""provekit"":""9b2a6f37c67691eab4b0cec6c35e35c520e93285"",""noir_js"":""1.0.0-beta.11""}","{""raw_evidence_sha256"":""8ed8d3606516bd417816fcaa9a3c685294f49511560a4c9d7b797df9f8738382""}",,"Matched P1 profile: monolithic RSA-4096 passport integrity, registry authorization, DG1 validity, and minimum-age assertion.",,,/Users/dcbuilder/Code/world/.worktrees/provekit-v1-cross-device-campaign/target/v1-benchmarks/input-to-proof/mac-chrome/passport_p1__mac_chrome__provekit_v1__cold_local.json,cold_local,11689.31500005722
input-to-proof-v1-20260807,passport_p1__mac_chrome__provekit_v1__cold_local-4,2026-08-07T16:36:15.896Z,macbook_m4,MacBook Pro (Apple M4 Max),26.5.2 (25F84),arm64,browser_wasm,Google Chrome 151.0.7922.76,passport_age_integrity,P1-matched-monolithic-RSA4096,092621d721cfef9ff39b0787f5ba2c1f07eb6d95,provekit_v1,noir,provekit-v1-whir-wasm-single-thread,@noir-lang/noir_js@1.0.0-beta.11,measured,4,ok,1499.3499999046326,788.0250000953674,9403.854999899864,305.6100000143051,11691.229999899864,838.296875,966309,2310275,2279592,15006054,294402,input-to-proof-v1,9b2a6f37c67691eab4b0cec6c35e35c520e93285,"{""provekit"":""9b2a6f37c67691eab4b0cec6c35e35c520e93285"",""noir_js"":""1.0.0-beta.11""}","{""raw_evidence_sha256"":""8ed8d3606516bd417816fcaa9a3c685294f49511560a4c9d7b797df9f8738382""}",,"Matched P1 profile: monolithic RSA-4096 passport integrity, registry authorization, DG1 validity, and minimum-age assertion.",,,/Users/dcbuilder/Code/world/.worktrees/provekit-v1-cross-device-campaign/target/v1-benchmarks/input-to-proof/mac-chrome/passport_p1__mac_chrome__provekit_v1__cold_local.json,cold_local,11691.229999899864
input-to-proof-v1-20260807,passport_p1__mac_chrome__provekit_v1__cold_local-5,2026-08-07T16:36:15.896Z,macbook_m4,MacBook Pro (Apple M4 Max),26.5.2 (25F84),arm64,browser_wasm,Google Chrome 151.0.7922.76,passport_age_integrity,P1-matched-monolithic-RSA4096,092621d721cfef9ff39b0787f5ba2c1f07eb6d95,provekit_v1,noir,provekit-v1-whir-wasm-single-thread,@noir-lang/noir_js@1.0.0-beta.11,measured,5,ok,1524.0750000476837,789.4349999427795,9377.504999995232,306.70500004291534,11691.014999985695,841.671875,964217,2310275,2279592,15006054,294402,input-to-proof-v1,9b2a6f37c67691eab4b0cec6c35e35c520e93285,"{""provekit"":""9b2a6f37c67691eab4b0cec6c35e35c520e93285"",""noir_js"":""1.0.0-beta.11""}","{""raw_evidence_sha256"":""8ed8d3606516bd417816fcaa9a3c685294f49511560a4c9d7b797df9f8738382""}",,"Matched P1 profile: monolithic RSA-4096 passport integrity, registry authorization, DG1 validity, and minimum-age assertion.",,,/Users/dcbuilder/Code/world/.worktrees/provekit-v1-cross-device-campaign/target/v1-benchmarks/input-to-proof/mac-chrome/passport_p1__mac_chrome__provekit_v1__cold_local.json,cold_local,11691.014999985695
input-to-proof-v1-20260807,passport_p1__mac_chrome__provekit_v1__warm_reuse-0,2026-08-07T16:37:23.428Z,macbook_m4,MacBook Pro (Apple M4 Max),26.5.2 (25F84),arm64,browser_wasm,Google Chrome 151.0.7922.76,passport_age_integrity,P1-matched-monolithic-RSA4096,092621d721cfef9ff39b0787f5ba2c1f07eb6d95,provekit_v1,noir,provekit-v1-whir-wasm-single-thread,@noir-lang/noir_js@1.0.0-beta.11,warmup,0,ok,555.8699998855591,774.4400000572205,9409.610000014305,305.25,10739.919999957085,997.859375,963065,2310275,2279592,15006054,294402,input-to-proof-v1,9b2a6f37c67691eab4b0cec6c35e35c520e93285,"{""provekit"":""9b2a6f37c67691eab4b0cec6c35e35c520e93285"",""noir_js"":""1.0.0-beta.11""}","{""raw_evidence_sha256"":""8facca6a304d91bbf2c392b05ee408c3a82bb2a519a62725acf487707a2047c3""}",,"Matched P1 profile: monolithic RSA-4096 passport integrity, registry authorization, DG1 validity, and minimum-age assertion.",,,/Users/dcbuilder/Code/world/.worktrees/provekit-v1-cross-device-campaign/target/v1-benchmarks/input-to-proof/mac-chrome/passport_p1__mac_chrome__provekit_v1__warm_reuse.json,warm_reuse,10739.919999957085
input-to-proof-v1-20260807,passport_p1__mac_chrome__provekit_v1__warm_reuse-1,2026-08-07T16:37:23.428Z,macbook_m4,MacBook Pro (Apple M4 Max),26.5.2 (25F84),arm64,browser_wasm,Google Chrome 151.0.7922.76,passport_age_integrity,P1-matched-monolithic-RSA4096,092621d721cfef9ff39b0787f5ba2c1f07eb6d95,provekit_v1,noir,provekit-v1-whir-wasm-single-thread,@noir-lang/noir_js@1.0.0-beta.11,measured,1,ok,539.4950000047684,615.1450001001358,9273.989999890327,303.40000009536743,10428.634999990463,997.859375,965497,2310275,2279592,15006054,294402,input-to-proof-v1,9b2a6f37c67691eab4b0cec6c35e35c520e93285,"{""provekit"":""9b2a6f37c67691eab4b0cec6c35e35c520e93285"",""noir_js"":""1.0.0-beta.11""}","{""raw_evidence_sha256"":""8facca6a304d91bbf2c392b05ee408c3a82bb2a519a62725acf487707a2047c3""}",,"Matched P1 profile: monolithic RSA-4096 passport integrity, registry authorization, DG1 validity, and minimum-age assertion.",,,/Users/dcbuilder/Code/world/.worktrees/provekit-v1-cross-device-campaign/target/v1-benchmarks/input-to-proof/mac-chrome/passport_p1__mac_chrome__provekit_v1__warm_reuse.json,warm_reuse,10428.634999990463
input-to-proof-v1-20260807,passport_p1__mac_chrome__provekit_v1__warm_reuse-2,2026-08-07T16:37:23.428Z,macbook_m4,MacBook Pro (Apple M4 Max),26.5.2 (25F84),arm64,browser_wasm,Google Chrome 151.0.7922.76,passport_age_integrity,P1-matched-monolithic-RSA4096,092621d721cfef9ff39b0787f5ba2c1f07eb6d95,provekit_v1,noir,provekit-v1-whir-wasm-single-thread,@noir-lang/noir_js@1.0.0-beta.11,measured,2,ok,545.4800000190735,617.6900000572205,9355.27999997139,301.5199999809265,10518.455000042915,997.859375,965285,2310275,2279592,15006054,294402,input-to-proof-v1,9b2a6f37c67691eab4b0cec6c35e35c520e93285,"{""provekit"":""9b2a6f37c67691eab4b0cec6c35e35c520e93285"",""noir_js"":""1.0.0-beta.11""}","{""raw_evidence_sha256"":""8facca6a304d91bbf2c392b05ee408c3a82bb2a519a62725acf487707a2047c3""}",,"Matched P1 profile: monolithic RSA-4096 passport integrity, registry authorization, DG1 validity, and minimum-age assertion.",,,/Users/dcbuilder/Code/world/.worktrees/provekit-v1-cross-device-campaign/target/v1-benchmarks/input-to-proof/mac-chrome/passport_p1__mac_chrome__provekit_v1__warm_reuse.json,warm_reuse,10518.455000042915
input-to-proof-v1-20260807,passport_p1__mac_chrome__provekit_v1__warm_reuse-3,2026-08-07T16:37:23.428Z,macbook_m4,MacBook Pro (Apple M4 Max),26.5.2 (25F84),arm64,browser_wasm,Google Chrome 151.0.7922.76,passport_age_integrity,P1-matched-monolithic-RSA4096,092621d721cfef9ff39b0787f5ba2c1f07eb6d95,provekit_v1,noir,provekit-v1-whir-wasm-single-thread,@noir-lang/noir_js@1.0.0-beta.11,measured,3,ok,544.8700000047684,611.3400000333786,9294.245000004768,308.88499999046326,10450.455000042915,997.859375,963321,2310275,2279592,15006054,294402,input-to-proof-v1,9b2a6f37c67691eab4b0cec6c35e35c520e93285,"{""provekit"":""9b2a6f37c67691eab4b0cec6c35e35c520e93285"",""noir_js"":""1.0.0-beta.11""}","{""raw_evidence_sha256"":""8facca6a304d91bbf2c392b05ee408c3a82bb2a519a62725acf487707a2047c3""}",,"Matched P1 profile: monolithic RSA-4096 passport integrity, registry authorization, DG1 validity, and minimum-age assertion.",,,/Users/dcbuilder/Code/world/.worktrees/provekit-v1-cross-device-campaign/target/v1-benchmarks/input-to-proof/mac-chrome/passport_p1__mac_chrome__provekit_v1__warm_reuse.json,warm_reuse,10450.455000042915
input-to-proof-v1-20260807,passport_p1__mac_chrome__provekit_v1__warm_reuse-4,2026-08-07T16:37:23.428Z,macbook_m4,MacBook Pro (Apple M4 Max),26.5.2 (25F84),arm64,browser_wasm,Google Chrome 151.0.7922.76,passport_age_integrity,P1-matched-monolithic-RSA4096,092621d721cfef9ff39b0787f5ba2c1f07eb6d95,provekit_v1,noir,provekit-v1-whir-wasm-single-thread,@noir-lang/noir_js@1.0.0-beta.11,measured,4,ok,546.8349999189377,605.125,9289.44000005722,303.04499995708466,10441.40499997139,997.859375,961957,2310275,2279592,15006054,294402,input-to-proof-v1,9b2a6f37c67691eab4b0cec6c35e35c520e93285,"{""provekit"":""9b2a6f37c67691eab4b0cec6c35e35c520e93285"",""noir_js"":""1.0.0-beta.11""}","{""raw_evidence_sha256"":""8facca6a304d91bbf2c392b05ee408c3a82bb2a519a62725acf487707a2047c3""}",,"Matched P1 profile: monolithic RSA-4096 passport integrity, registry authorization, DG1 validity, and minimum-age assertion.",,,/Users/dcbuilder/Code/world/.worktrees/provekit-v1-cross-device-campaign/target/v1-benchmarks/input-to-proof/mac-chrome/passport_p1__mac_chrome__provekit_v1__warm_reuse.json,warm_reuse,10441.40499997139
input-to-proof-v1-20260807,passport_p1__mac_chrome__provekit_v1__warm_reuse-5,2026-08-07T16:37:23.428Z,macbook_m4,MacBook Pro (Apple M4 Max),26.5.2 (25F84),arm64,browser_wasm,Google Chrome 151.0.7922.76,passport_age_integrity,P1-matched-monolithic-RSA4096,092621d721cfef9ff39b0787f5ba2c1f07eb6d95,provekit_v1,noir,provekit-v1-whir-wasm-single-thread,@noir-lang/noir_js@1.0.0-beta.11,measured,5,ok,539.9700000286102,606.6100000143051,9303.079999923706,297.4300000667572,10449.659999966621,997.859375,960549,2310275,2279592,15006054,294402,input-to-proof-v1,9b2a6f37c67691eab4b0cec6c35e35c520e93285,"{""provekit"":""9b2a6f37c67691eab4b0cec6c35e35c520e93285"",""noir_js"":""1.0.0-beta.11""}","{""raw_evidence_sha256"":""8facca6a304d91bbf2c392b05ee408c3a82bb2a519a62725acf487707a2047c3""}",,"Matched P1 profile: monolithic RSA-4096 passport integrity, registry authorization, DG1 validity, and minimum-age assertion.",,,/Users/dcbuilder/Code/world/.worktrees/provekit-v1-cross-device-campaign/target/v1-benchmarks/input-to-proof/mac-chrome/passport_p1__mac_chrome__provekit_v1__warm_reuse.json,warm_reuse,10449.659999966621
input-to-proof-v1-20260807,passport_p1__mac_chrome__noir_barretenberg__cold_local-0,2026-08-07T16:43:43.806Z,macbook_m4,MacBook Pro (Apple M4 Max),26.5.2 (25F84),arm64,browser_wasm,Google Chrome 151.0.7922.76,passport_age_integrity,P1-matched-monolithic-RSA4096,092621d721cfef9ff39b0787f5ba2c1f07eb6d95,noir_barretenberg,noir,barretenberg-ultrahonk-wasm-single-thread,@noir-lang/noir_js@1.0.0-beta.19,warmup,0,ok,130146.235,531.335,10662.43,2734.97,141340,1142.296875,16000,74595035,74564360,74595035,,input-to-proof-v1,092621d721cfef9ff39b0787f5ba2c1f07eb6d95,"{""bb_js"":""4.2.0-aztecnr-rc.2"",""noir_js"":""1.0.0-beta.19""}","{""raw_evidence_sha256"":""23f1202ffe65bbe2e0d486f53f8f4a491a01d64edbe796f8816312b2dd977f79""}",,"Matched P1 profile: monolithic RSA-4096 passport integrity, registry authorization, DG1 validity, and minimum-age assertion.",,,/Users/dcbuilder/Code/world/.worktrees/provekit-v1-cross-device-campaign/target/v1-benchmarks/input-to-proof/mac-chrome/passport_p1__mac_chrome__noir_barretenberg__cold_local.json,cold_local,141340
input-to-proof-v1-20260807,passport_p1__mac_chrome__noir_barretenberg__cold_local-1,2026-08-07T16:43:43.806Z,macbook_m4,MacBook Pro (Apple M4 Max),26.5.2 (25F84),arm64,browser_wasm,Google Chrome 151.0.7922.76,passport_age_integrity,P1-matched-monolithic-RSA4096,092621d721cfef9ff39b0787f5ba2c1f07eb6d95,noir_barretenberg,noir,barretenberg-ultrahonk-wasm-single-thread,@noir-lang/noir_js@1.0.0-beta.19,measured,1,ok,15356.73,541.655,10643.84,2699.295,26542.225,1144.171875,16000,74595035,74564360,74595035,,input-to-proof-v1,092621d721cfef9ff39b0787f5ba2c1f07eb6d95,"{""bb_js"":""4.2.0-aztecnr-rc.2"",""noir_js"":""1.0.0-beta.19""}","{""raw_evidence_sha256"":""23f1202ffe65bbe2e0d486f53f8f4a491a01d64edbe796f8816312b2dd977f79""}",,"Matched P1 profile: monolithic RSA-4096 passport integrity, registry authorization, DG1 validity, and minimum-age assertion.",,,/Users/dcbuilder/Code/world/.worktrees/provekit-v1-cross-device-campaign/target/v1-benchmarks/input-to-proof/mac-chrome/passport_p1__mac_chrome__noir_barretenberg__cold_local.json,cold_local,26542.225
input-to-proof-v1-20260807,passport_p1__mac_chrome__noir_barretenberg__cold_local-2,2026-08-07T16:43:43.806Z,macbook_m4,MacBook Pro (Apple M4 Max),26.5.2 (25F84),arm64,browser_wasm,Google Chrome 151.0.7922.76,passport_age_integrity,P1-matched-monolithic-RSA4096,092621d721cfef9ff39b0787f5ba2c1f07eb6d95,noir_barretenberg,noir,barretenberg-ultrahonk-wasm-single-thread,@noir-lang/noir_js@1.0.0-beta.19,measured,2,ok,15369.985,530.425,10631.695,2697.45,26532.105,1143.75,16000,74595035,74564360,74595035,,input-to-proof-v1,092621d721cfef9ff39b0787f5ba2c1f07eb6d95,"{""bb_js"":""4.2.0-aztecnr-rc.2"",""noir_js"":""1.0.0-beta.19""}","{""raw_evidence_sha256"":""23f1202ffe65bbe2e0d486f53f8f4a491a01d64edbe796f8816312b2dd977f79""}",,"Matched P1 profile: monolithic RSA-4096 passport integrity, registry authorization, DG1 validity, and minimum-age assertion.",,,/Users/dcbuilder/Code/world/.worktrees/provekit-v1-cross-device-campaign/target/v1-benchmarks/input-to-proof/mac-chrome/passport_p1__mac_chrome__noir_barretenberg__cold_local.json,cold_local,26532.105
input-to-proof-v1-20260807,passport_p1__mac_chrome__noir_barretenberg__cold_local-3,2026-08-07T16:43:43.806Z,macbook_m4,MacBook Pro (Apple M4 Max),26.5.2 (25F84),arm64,browser_wasm,Google Chrome 151.0.7922.76,passport_age_integrity,P1-matched-monolithic-RSA4096,092621d721cfef9ff39b0787f5ba2c1f07eb6d95,noir_barretenberg,noir,barretenberg-ultrahonk-wasm-single-thread,@noir-lang/noir_js@1.0.0-beta.19,measured,3,ok,15291.88,533.825,10712.03,2729.52,26537.735,1143.703125,16000,74595035,74564360,74595035,,input-to-proof-v1,092621d721cfef9ff39b0787f5ba2c1f07eb6d95,"{""bb_js"":""4.2.0-aztecnr-rc.2"",""noir_js"":""1.0.0-beta.19""}","{""raw_evidence_sha256"":""23f1202ffe65bbe2e0d486f53f8f4a491a01d64edbe796f8816312b2dd977f79""}",,"Matched P1 profile: monolithic RSA-4096 passport integrity, registry authorization, DG1 validity, and minimum-age assertion.",,,/Users/dcbuilder/Code/world/.worktrees/provekit-v1-cross-device-campaign/target/v1-benchmarks/input-to-proof/mac-chrome/passport_p1__mac_chrome__noir_barretenberg__cold_local.json,cold_local,26537.735
input-to-proof-v1-20260807,passport_p1__mac_chrome__noir_barretenberg__cold_local-4,2026-08-07T16:43:43.806Z,macbook_m4,MacBook Pro (Apple M4 Max),26.5.2 (25F84),arm64,browser_wasm,Google Chrome 151.0.7922.76,passport_age_integrity,P1-matched-monolithic-RSA4096,092621d721cfef9ff39b0787f5ba2c1f07eb6d95,noir_barretenberg,noir,barretenberg-ultrahonk-wasm-single-thread,@noir-lang/noir_js@1.0.0-beta.19,measured,4,ok,15282.485,534.16,10637.615,2715.605,26454.26,1143.625,16000,74595035,74564360,74595035,,input-to-proof-v1,092621d721cfef9ff39b0787f5ba2c1f07eb6d95,"{""bb_js"":""4.2.0-aztecnr-rc.2"",""noir_js"":""1.0.0-beta.19""}","{""raw_evidence_sha256"":""23f1202ffe65bbe2e0d486f53f8f4a491a01d64edbe796f8816312b2dd977f79""}",,"Matched P1 profile: monolithic RSA-4096 passport integrity, registry authorization, DG1 validity, and minimum-age assertion.",,,/Users/dcbuilder/Code/world/.worktrees/provekit-v1-cross-device-campaign/target/v1-benchmarks/input-to-proof/mac-chrome/passport_p1__mac_chrome__noir_barretenberg__cold_local.json,cold_local,26454.26
input-to-proof-v1-20260807,passport_p1__mac_chrome__noir_barretenberg__cold_local-5,2026-08-07T16:43:43.806Z,macbook_m4,MacBook Pro (Apple M4 Max),26.5.2 (25F84),arm64,browser_wasm,Google Chrome 151.0.7922.76,passport_age_integrity,P1-matched-monolithic-RSA4096,092621d721cfef9ff39b0787f5ba2c1f07eb6d95,noir_barretenberg,noir,barretenberg-ultrahonk-wasm-single-thread,@noir-lang/noir_js@1.0.0-beta.19,measured,5,ok,15423.19,524.665,10641.91,2712.075,26589.765,1146.0625,16000,74595035,74564360,74595035,,input-to-proof-v1,092621d721cfef9ff39b0787f5ba2c1f07eb6d95,"{""bb_js"":""4.2.0-aztecnr-rc.2"",""noir_js"":""1.0.0-beta.19""}","{""raw_evidence_sha256"":""23f1202ffe65bbe2e0d486f53f8f4a491a01d64edbe796f8816312b2dd977f79""}",,"Matched P1 profile: monolithic RSA-4096 passport integrity, registry authorization, DG1 validity, and minimum-age assertion.",,,/Users/dcbuilder/Code/world/.worktrees/provekit-v1-cross-device-campaign/target/v1-benchmarks/input-to-proof/mac-chrome/passport_p1__mac_chrome__noir_barretenberg__cold_local.json,cold_local,26589.765
input-to-proof-v1-20260807,passport_p1__mac_chrome__noir_barretenberg__warm_reuse-0,2026-08-07T16:45:22.018Z,macbook_m4,MacBook Pro (Apple M4 Max),26.5.2 (25F84),arm64,browser_wasm,Google Chrome 151.0.7922.76,passport_age_integrity,P1-matched-monolithic-RSA4096,092621d721cfef9ff39b0787f5ba2c1f07eb6d95,noir_barretenberg,noir,barretenberg-ultrahonk-wasm-single-thread,@noir-lang/noir_js@1.0.0-beta.19,warmup,0,ok,0,430.995,10472.015,0,10903.03,1232.375,16000,74595035,74564360,74595035,,input-to-proof-v1,092621d721cfef9ff39b0787f5ba2c1f07eb6d95,"{""bb_js"":""4.2.0-aztecnr-rc.2"",""noir_js"":""1.0.0-beta.19""}","{""raw_evidence_sha256"":""cb52cc691f1efdbf276ca4f1f1c7fac1ea100f37ec3633d84b23e6597523ad3b""}",,"Matched P1 profile: monolithic RSA-4096 passport integrity, registry authorization, DG1 validity, and minimum-age assertion.",,,/Users/dcbuilder/Code/world/.worktrees/provekit-v1-cross-device-campaign/target/v1-benchmarks/input-to-proof/mac-chrome/passport_p1__mac_chrome__noir_barretenberg__warm_reuse.json,warm_reuse,10903.03
input-to-proof-v1-20260807,passport_p1__mac_chrome__noir_barretenberg__warm_reuse-1,2026-08-07T16:45:22.018Z,macbook_m4,MacBook Pro (Apple M4 Max),26.5.2 (25F84),arm64,browser_wasm,Google Chrome 151.0.7922.76,passport_age_integrity,P1-matched-monolithic-RSA4096,092621d721cfef9ff39b0787f5ba2c1f07eb6d95,noir_barretenberg,noir,barretenberg-ultrahonk-wasm-single-thread,@noir-lang/noir_js@1.0.0-beta.19,measured,1,ok,0,428.515,10444.685,0,10873.22,1232.375,16000,74595035,74564360,74595035,,input-to-proof-v1,092621d721cfef9ff39b0787f5ba2c1f07eb6d95,"{""bb_js"":""4.2.0-aztecnr-rc.2"",""noir_js"":""1.0.0-beta.19""}","{""raw_evidence_sha256"":""cb52cc691f1efdbf276ca4f1f1c7fac1ea100f37ec3633d84b23e6597523ad3b""}",,"Matched P1 profile: monolithic RSA-4096 passport integrity, registry authorization, DG1 validity, and minimum-age assertion.",,,/Users/dcbuilder/Code/world/.worktrees/provekit-v1-cross-device-campaign/target/v1-benchmarks/input-to-proof/mac-chrome/passport_p1__mac_chrome__noir_barretenberg__warm_reuse.json,warm_reuse,10873.22
input-to-proof-v1-20260807,passport_p1__mac_chrome__noir_barretenberg__warm_reuse-2,2026-08-07T16:45:22.018Z,macbook_m4,MacBook Pro (Apple M4 Max),26.5.2 (25F84),arm64,browser_wasm,Google Chrome 151.0.7922.76,passport_age_integrity,P1-matched-monolithic-RSA4096,092621d721cfef9ff39b0787f5ba2c1f07eb6d95,noir_barretenberg,noir,barretenberg-ultrahonk-wasm-single-thread,@noir-lang/noir_js@1.0.0-beta.19,measured,2,ok,0,429.665,10436.49,0,10866.175,1232.375,16000,74595035,74564360,74595035,,input-to-proof-v1,092621d721cfef9ff39b0787f5ba2c1f07eb6d95,"{""bb_js"":""4.2.0-aztecnr-rc.2"",""noir_js"":""1.0.0-beta.19""}","{""raw_evidence_sha256"":""cb52cc691f1efdbf276ca4f1f1c7fac1ea100f37ec3633d84b23e6597523ad3b""}",,"Matched P1 profile: monolithic RSA-4096 passport integrity, registry authorization, DG1 validity, and minimum-age assertion.",,,/Users/dcbuilder/Code/world/.worktrees/provekit-v1-cross-device-campaign/target/v1-benchmarks/input-to-proof/mac-chrome/passport_p1__mac_chrome__noir_barretenberg__warm_reuse.json,warm_reuse,10866.175
input-to-proof-v1-20260807,passport_p1__mac_chrome__noir_barretenberg__warm_reuse-3,2026-08-07T16:45:22.018Z,macbook_m4,MacBook Pro (Apple M4 Max),26.5.2 (25F84),arm64,browser_wasm,Google Chrome 151.0.7922.76,passport_age_integrity,P1-matched-monolithic-RSA4096,092621d721cfef9ff39b0787f5ba2c1f07eb6d95,noir_barretenberg,noir,barretenberg-ultrahonk-wasm-single-thread,@noir-lang/noir_js@1.0.0-beta.19,measured,3,ok,0,430.2,10420.61,0,10850.975,1232.375,16000,74595035,74564360,74595035,,input-to-proof-v1,092621d721cfef9ff39b0787f5ba2c1f07eb6d95,"{""bb_js"":""4.2.0-aztecnr-rc.2"",""noir_js"":""1.0.0-beta.19""}","{""raw_evidence_sha256"":""cb52cc691f1efdbf276ca4f1f1c7fac1ea100f37ec3633d84b23e6597523ad3b""}",,"Matched P1 profile: monolithic RSA-4096 passport integrity, registry authorization, DG1 validity, and minimum-age assertion.",,,/Users/dcbuilder/Code/world/.worktrees/provekit-v1-cross-device-campaign/target/v1-benchmarks/input-to-proof/mac-chrome/passport_p1__mac_chrome__noir_barretenberg__warm_reuse.json,warm_reuse,10850.975
input-to-proof-v1-20260807,passport_p1__mac_chrome__noir_barretenberg__warm_reuse-4,2026-08-07T16:45:22.018Z,macbook_m4,MacBook Pro (Apple M4 Max),26.5.2 (25F84),arm64,browser_wasm,Google Chrome 151.0.7922.76,passport_age_integrity,P1-matched-monolithic-RSA4096,092621d721cfef9ff39b0787f5ba2c1f07eb6d95,noir_barretenberg,noir,barretenberg-ultrahonk-wasm-single-thread,@noir-lang/noir_js@1.0.0-beta.19,measured,4,ok,0,442.2,10480.235,0,10922.6,1232.375,16000,74595035,74564360,74595035,,input-to-proof-v1,092621d721cfef9ff39b0787f5ba2c1f07eb6d95,"{""bb_js"":""4.2.0-aztecnr-rc.2"",""noir_js"":""1.0.0-beta.19""}","{""raw_evidence_sha256"":""cb52cc691f1efdbf276ca4f1f1c7fac1ea100f37ec3633d84b23e6597523ad3b""}",,"Matched P1 profile: monolithic RSA-4096 passport integrity, registry authorization, DG1 validity, and minimum-age assertion.",,,/Users/dcbuilder/Code/world/.worktrees/provekit-v1-cross-device-campaign/target/v1-benchmarks/input-to-proof/mac-chrome/passport_p1__mac_chrome__noir_barretenberg__warm_reuse.json,warm_reuse,10922.6
input-to-proof-v1-20260807,passport_p1__mac_chrome__noir_barretenberg__warm_reuse-5,2026-08-07T16:45:22.018Z,macbook_m4,MacBook Pro (Apple M4 Max),26.5.2 (25F84),arm64,browser_wasm,Google Chrome 151.0.7922.76,passport_age_integrity,P1-matched-monolithic-RSA4096,092621d721cfef9ff39b0787f5ba2c1f07eb6d95,noir_barretenberg,noir,barretenberg-ultrahonk-wasm-single-thread,@noir-lang/noir_js@1.0.0-beta.19,measured,5,ok,0,432.755,10424.655,0,10857.595,1232.375,16000,74595035,74564360,74595035,,input-to-proof-v1,092621d721cfef9ff39b0787f5ba2c1f07eb6d95,"{""bb_js"":""4.2.0-aztecnr-rc.2"",""noir_js"":""1.0.0-beta.19""}","{""raw_evidence_sha256"":""cb52cc691f1efdbf276ca4f1f1c7fac1ea100f37ec3633d84b23e6597523ad3b""}",,"Matched P1 profile: monolithic RSA-4096 passport integrity, registry authorization, DG1 validity, and minimum-age assertion.",,,/Users/dcbuilder/Code/world/.worktrees/provekit-v1-cross-device-campaign/target/v1-benchmarks/input-to-proof/mac-chrome/passport_p1__mac_chrome__noir_barretenberg__warm_reuse.json,warm_reuse,10857.595
input-to-proof-v1-20260807,passport_p1__mac_chrome__circom_groth16__cold_local-0,2026-08-07T16:49:43.182Z,macbook_m4,MacBook Pro (Apple M4 Max),26.5.2 (25F84),arm64,browser_wasm,Google Chrome 151.0.7922.76,passport_age_integrity,P1-matched-monolithic-RSA4096,092621d721cfef9ff39b0787f5ba2c1f07eb6d95,circom_groth16,circom,snarkjs-groth16-browser-wasm-single-thread,circom-witness-wasm,warmup,0,ok,2.4,3933.5,38435.9,56.6,42371.8,6017.609375,725,508332927,498212512,508332927,,input-to-proof-v1,092621d721cfef9ff39b0787f5ba2c1f07eb6d95,"{""circom"":""2.2.2"",""snarkjs"":""0.7.6""}","{""raw_evidence_sha256"":""d1f5c41bc9612e31b4c0158a96542901e6fbe6c2fdf08f00d0900ad5897b8a99""}",,"Matched P1 profile: monolithic RSA-4096 passport integrity, registry authorization, DG1 validity, and minimum-age assertion.",,,/Users/dcbuilder/Code/world/.worktrees/provekit-v1-cross-device-campaign/target/v1-benchmarks/input-to-proof/mac-chrome/passport_p1__mac_chrome__circom_groth16__cold_local.json,cold_local,42371.8
input-to-proof-v1-20260807,passport_p1__mac_chrome__circom_groth16__cold_local-1,2026-08-07T16:49:43.182Z,macbook_m4,MacBook Pro (Apple M4 Max),26.5.2 (25F84),arm64,browser_wasm,Google Chrome 151.0.7922.76,passport_age_integrity,P1-matched-monolithic-RSA4096,092621d721cfef9ff39b0787f5ba2c1f07eb6d95,circom_groth16,circom,snarkjs-groth16-browser-wasm-single-thread,circom-witness-wasm,measured,1,ok,3.4,3944.3,38526,58.9,42473.7,6020.484375,726,508332927,498212512,508332927,,input-to-proof-v1,092621d721cfef9ff39b0787f5ba2c1f07eb6d95,"{""circom"":""2.2.2"",""snarkjs"":""0.7.6""}","{""raw_evidence_sha256"":""d1f5c41bc9612e31b4c0158a96542901e6fbe6c2fdf08f00d0900ad5897b8a99""}",,"Matched P1 profile: monolithic RSA-4096 passport integrity, registry authorization, DG1 validity, and minimum-age assertion.",,,/Users/dcbuilder/Code/world/.worktrees/provekit-v1-cross-device-campaign/target/v1-benchmarks/input-to-proof/mac-chrome/passport_p1__mac_chrome__circom_groth16__cold_local.json,cold_local,42473.7
input-to-proof-v1-20260807,passport_p1__mac_chrome__circom_groth16__cold_local-2,2026-08-07T16:49:43.182Z,macbook_m4,MacBook Pro (Apple M4 Max),26.5.2 (25F84),arm64,browser_wasm,Google Chrome 151.0.7922.76,passport_age_integrity,P1-matched-monolithic-RSA4096,092621d721cfef9ff39b0787f5ba2c1f07eb6d95,circom_groth16,circom,snarkjs-groth16-browser-wasm-single-thread,circom-witness-wasm,measured,2,ok,2.2,3913.5,38411.6,56.5,42327.3,6018.375,725,508332927,498212512,508332927,,input-to-proof-v1,092621d721cfef9ff39b0787f5ba2c1f07eb6d95,"{""circom"":""2.2.2"",""snarkjs"":""0.7.6""}","{""raw_evidence_sha256"":""d1f5c41bc9612e31b4c0158a96542901e6fbe6c2fdf08f00d0900ad5897b8a99""}",,"Matched P1 profile: monolithic RSA-4096 passport integrity, registry authorization, DG1 validity, and minimum-age assertion.",,,/Users/dcbuilder/Code/world/.worktrees/provekit-v1-cross-device-campaign/target/v1-benchmarks/input-to-proof/mac-chrome/passport_p1__mac_chrome__circom_groth16__cold_local.json,cold_local,42327.3
input-to-proof-v1-20260807,passport_p1__mac_chrome__circom_groth16__cold_local-3,2026-08-07T16:49:43.182Z,macbook_m4,MacBook Pro (Apple M4 Max),26.5.2 (25F84),arm64,browser_wasm,Google Chrome 151.0.7922.76,passport_age_integrity,P1-matched-monolithic-RSA4096,092621d721cfef9ff39b0787f5ba2c1f07eb6d95,circom_groth16,circom,snarkjs-groth16-browser-wasm-single-thread,circom-witness-wasm,measured,3,ok,2.4,3906.7,38487.8,55.9,42396.9,6019.09375,722,508332927,498212512,508332927,,input-to-proof-v1,092621d721cfef9ff39b0787f5ba2c1f07eb6d95,"{""circom"":""2.2.2"",""snarkjs"":""0.7.6""}","{""raw_evidence_sha256"":""d1f5c41bc9612e31b4c0158a96542901e6fbe6c2fdf08f00d0900ad5897b8a99""}",,"Matched P1 profile: monolithic RSA-4096 passport integrity, registry authorization, DG1 validity, and minimum-age assertion.",,,/Users/dcbuilder/Code/world/.worktrees/provekit-v1-cross-device-campaign/target/v1-benchmarks/input-to-proof/mac-chrome/passport_p1__mac_chrome__circom_groth16__cold_local.json,cold_local,42396.9
input-to-proof-v1-20260807,passport_p1__mac_chrome__circom_groth16__cold_local-4,2026-08-07T16:49:43.182Z,macbook_m4,MacBook Pro (Apple M4 Max),26.5.2 (25F84),arm64,browser_wasm,Google Chrome 151.0.7922.76,passport_age_integrity,P1-matched-monolithic-RSA4096,092621d721cfef9ff39b0787f5ba2c1f07eb6d95,circom_groth16,circom,snarkjs-groth16-browser-wasm-single-thread,circom-witness-wasm,measured,4,ok,2.8,3937.7,38445.8,55.9,42386.3,6017.84375,723,508332927,498212512,508332927,,input-to-proof-v1,092621d721cfef9ff39b0787f5ba2c1f07eb6d95,"{""circom"":""2.2.2"",""snarkjs"":""0.7.6""}","{""raw_evidence_sha256"":""d1f5c41bc9612e31b4c0158a96542901e6fbe6c2fdf08f00d0900ad5897b8a99""}",,"Matched P1 profile: monolithic RSA-4096 passport integrity, registry authorization, DG1 validity, and minimum-age assertion.",,,/Users/dcbuilder/Code/world/.worktrees/provekit-v1-cross-device-campaign/target/v1-benchmarks/input-to-proof/mac-chrome/passport_p1__mac_chrome__circom_groth16__cold_local.json,cold_local,42386.3
input-to-proof-v1-20260807,passport_p1__mac_chrome__circom_groth16__cold_local-5,2026-08-07T16:49:43.182Z,macbook_m4,MacBook Pro (Apple M4 Max),26.5.2 (25F84),arm64,browser_wasm,Google Chrome 151.0.7922.76,passport_age_integrity,P1-matched-monolithic-RSA4096,092621d721cfef9ff39b0787f5ba2c1f07eb6d95,circom_groth16,circom,snarkjs-groth16-browser-wasm-single-thread,circom-witness-wasm,measured,5,ok,2.7,3928.9,38528.6,55.6,42460.2,6019.8125,722,508332927,498212512,508332927,,input-to-proof-v1,092621d721cfef9ff39b0787f5ba2c1f07eb6d95,"{""circom"":""2.2.2"",""snarkjs"":""0.7.6""}","{""raw_evidence_sha256"":""d1f5c41bc9612e31b4c0158a96542901e6fbe6c2fdf08f00d0900ad5897b8a99""}",,"Matched P1 profile: monolithic RSA-4096 passport integrity, registry authorization, DG1 validity, and minimum-age assertion.",,,/Users/dcbuilder/Code/world/.worktrees/provekit-v1-cross-device-campaign/target/v1-benchmarks/input-to-proof/mac-chrome/passport_p1__mac_chrome__circom_groth16__cold_local.json,cold_local,42460.2
input-to-proof-v1-20260807,passport_p1__mac_chrome__circom_groth16__warm_reuse-0,2026-08-07T16:56:29.340Z,macbook_m4,MacBook Pro (Apple M4 Max),26.5.2 (25F84),arm64,browser_wasm,Google Chrome 151.0.7922.76,passport_age_integrity,P1-matched-monolithic-RSA4096,092621d721cfef9ff39b0787f5ba2c1f07eb6d95,circom_groth16,circom,snarkjs-groth16-browser-wasm-single-thread,circom-witness-wasm,warmup,0,ok,0,3916.7,38416.5,53.7,42333.2,6224.875,724,508332927,498212512,508332927,,input-to-proof-v1,092621d721cfef9ff39b0787f5ba2c1f07eb6d95,"{""circom"":""2.2.2"",""snarkjs"":""0.7.6""}","{""raw_evidence_sha256"":""a98e306ffa800420536289012fd0695e7bafc168a186c2dc7ae162b7da4aa508""}",,"Matched P1 profile: monolithic RSA-4096 passport integrity, registry authorization, DG1 validity, and minimum-age assertion.",,,/Users/dcbuilder/Code/world/.worktrees/provekit-v1-cross-device-campaign/target/v1-benchmarks/input-to-proof/mac-chrome/passport_p1__mac_chrome__circom_groth16__warm_reuse.json,warm_reuse,42333.2
input-to-proof-v1-20260807,passport_p1__mac_chrome__circom_groth16__warm_reuse-1,2026-08-07T16:56:29.340Z,macbook_m4,MacBook Pro (Apple M4 Max),26.5.2 (25F84),arm64,browser_wasm,Google Chrome 151.0.7922.76,passport_age_integrity,P1-matched-monolithic-RSA4096,092621d721cfef9ff39b0787f5ba2c1f07eb6d95,circom_groth16,circom,snarkjs-groth16-browser-wasm-single-thread,circom-witness-wasm,measured,1,ok,0,3925,38545.5,6.1,42470.7,6224.875,720,508332927,498212512,508332927,,input-to-proof-v1,092621d721cfef9ff39b0787f5ba2c1f07eb6d95,"{""circom"":""2.2.2"",""snarkjs"":""0.7.6""}","{""raw_evidence_sha256"":""a98e306ffa800420536289012fd0695e7bafc168a186c2dc7ae162b7da4aa508""}",,"Matched P1 profile: monolithic RSA-4096 passport integrity, registry authorization, DG1 validity, and minimum-age assertion.",,,/Users/dcbuilder/Code/world/.worktrees/provekit-v1-cross-device-campaign/target/v1-benchmarks/input-to-proof/mac-chrome/passport_p1__mac_chrome__circom_groth16__warm_reuse.json,warm_reuse,42470.7
input-to-proof-v1-20260807,passport_p1__mac_chrome__circom_groth16__warm_reuse-2,2026-08-07T16:56:29.340Z,macbook_m4,MacBook Pro (Apple M4 Max),26.5.2 (25F84),arm64,browser_wasm,Google Chrome 151.0.7922.76,passport_age_integrity,P1-matched-monolithic-RSA4096,092621d721cfef9ff39b0787f5ba2c1f07eb6d95,circom_groth16,circom,snarkjs-groth16-browser-wasm-single-thread,circom-witness-wasm,measured,2,ok,0,3922.4,38603.5,6.1,42526.1,6224.875,724,508332927,498212512,508332927,,input-to-proof-v1,092621d721cfef9ff39b0787f5ba2c1f07eb6d95,"{""circom"":""2.2.2"",""snarkjs"":""0.7.6""}","{""raw_evidence_sha256"":""a98e306ffa800420536289012fd0695e7bafc168a186c2dc7ae162b7da4aa508""}",,"Matched P1 profile: monolithic RSA-4096 passport integrity, registry authorization, DG1 validity, and minimum-age assertion.",,,/Users/dcbuilder/Code/world/.worktrees/provekit-v1-cross-device-campaign/target/v1-benchmarks/input-to-proof/mac-chrome/passport_p1__mac_chrome__circom_groth16__warm_reuse.json,warm_reuse,42526.1
input-to-proof-v1-20260807,passport_p1__mac_chrome__circom_groth16__warm_reuse-3,2026-08-07T16:56:29.340Z,macbook_m4,MacBook Pro (Apple M4 Max),26.5.2 (25F84),arm64,browser_wasm,Google Chrome 151.0.7922.76,passport_age_integrity,P1-matched-monolithic-RSA4096,092621d721cfef9ff39b0787f5ba2c1f07eb6d95,circom_groth16,circom,snarkjs-groth16-browser-wasm-single-thread,circom-witness-wasm,measured,3,ok,0,3913.1,38405.1,5.9,42318.4,6224.875,724,508332927,498212512,508332927,,input-to-proof-v1,092621d721cfef9ff39b0787f5ba2c1f07eb6d95,"{""circom"":""2.2.2"",""snarkjs"":""0.7.6""}","{""raw_evidence_sha256"":""a98e306ffa800420536289012fd0695e7bafc168a186c2dc7ae162b7da4aa508""}",,"Matched P1 profile: monolithic RSA-4096 passport integrity, registry authorization, DG1 validity, and minimum-age assertion.",,,/Users/dcbuilder/Code/world/.worktrees/provekit-v1-cross-device-campaign/target/v1-benchmarks/input-to-proof/mac-chrome/passport_p1__mac_chrome__circom_groth16__warm_reuse.json,warm_reuse,42318.4
input-to-proof-v1-20260807,passport_p1__mac_chrome__circom_groth16__warm_reuse-4,2026-08-07T16:56:29.340Z,macbook_m4,MacBook Pro (Apple M4 Max),26.5.2 (25F84),arm64,browser_wasm,Google Chrome 151.0.7922.76,passport_age_integrity,P1-matched-monolithic-RSA4096,092621d721cfef9ff39b0787f5ba2c1f07eb6d95,circom_groth16,circom,snarkjs-groth16-browser-wasm-single-thread,circom-witness-wasm,measured,4,ok,0,3925.8,38443.5,5.8,42369.4,6224.875,723,508332927,498212512,508332927,,input-to-proof-v1,092621d721cfef9ff39b0787f5ba2c1f07eb6d95,"{""circom"":""2.2.2"",""snarkjs"":""0.7.6""}","{""raw_evidence_sha256"":""a98e306ffa800420536289012fd0695e7bafc168a186c2dc7ae162b7da4aa508""}",,"Matched P1 profile: monolithic RSA-4096 passport integrity, registry authorization, DG1 validity, and minimum-age assertion.",,,/Users/dcbuilder/Code/world/.worktrees/provekit-v1-cross-device-campaign/target/v1-benchmarks/input-to-proof/mac-chrome/passport_p1__mac_chrome__circom_groth16__warm_reuse.json,warm_reuse,42369.4
input-to-proof-v1-20260807,passport_p1__mac_chrome__circom_groth16__warm_reuse-5,2026-08-07T16:56:29.340Z,macbook_m4,MacBook Pro (Apple M4 Max),26.5.2 (25F84),arm64,browser_wasm,Google Chrome 151.0.7922.76,passport_age_integrity,P1-matched-monolithic-RSA4096,092621d721cfef9ff39b0787f5ba2c1f07eb6d95,circom_groth16,circom,snarkjs-groth16-browser-wasm-single-thread,circom-witness-wasm,measured,5,ok,0,3948,38359.2,6.4,42307.2,6224.875,724,508332927,498212512,508332927,,input-to-proof-v1,092621d721cfef9ff39b0787f5ba2c1f07eb6d95,"{""circom"":""2.2.2"",""snarkjs"":""0.7.6""}","{""raw_evidence_sha256"":""a98e306ffa800420536289012fd0695e7bafc168a186c2dc7ae162b7da4aa508""}",,"Matched P1 profile: monolithic RSA-4096 passport integrity, registry authorization, DG1 validity, and minimum-age assertion.",,,/Users/dcbuilder/Code/world/.worktrees/provekit-v1-cross-device-campaign/target/v1-benchmarks/input-to-proof/mac-chrome/passport_p1__mac_chrome__circom_groth16__warm_reuse.json,warm_reuse,42307.2
input-to-proof-v1-20260807,oprf_o2__mac_chrome__provekit_v1__cold_local-0,2026-08-07T16:56:58.737Z,macbook_m4,MacBook Pro (Apple M4 Max),26.5.2 (25F84),arm64,browser_wasm,Google Chrome 151.0.7922.76,oprf_nullifier,O2-world-id-nullifier,85aeeef539961cae5a63de794997b507a5975717,provekit_v1,noir,provekit-v1-whir-wasm-single-thread,@noir-lang/noir_js@1.0.0-beta.11,warmup,0,ok,1081.2050000429153,1377.9449999332428,1383.7549999952316,136.7300000190735,3842.9049999713898,557.578125,846754,1644635,1638340,11872918,95921,input-to-proof-v1,9b2a6f37c67691eab4b0cec6c35e35c520e93285,"{""provekit"":""9b2a6f37c67691eab4b0cec6c35e35c520e93285"",""noir_js"":""1.0.0-beta.11""}","{""raw_evidence_sha256"":""1185f3511060b1318589d0309060fcf255cfb93f291e1df41be93c5b05b10f0b""}",,"Matched O2 profile: World ID nullifier statement and frozen semantic inputs, including the same public nullifier.",,,/Users/dcbuilder/Code/world/.worktrees/provekit-v1-cross-device-campaign/target/v1-benchmarks/input-to-proof/mac-chrome/oprf_o2__mac_chrome__provekit_v1__cold_local.json,cold_local,3842.9049999713898
input-to-proof-v1-20260807,oprf_o2__mac_chrome__provekit_v1__cold_local-1,2026-08-07T16:56:58.737Z,macbook_m4,MacBook Pro (Apple M4 Max),26.5.2 (25F84),arm64,browser_wasm,Google Chrome 151.0.7922.76,oprf_nullifier,O2-world-id-nullifier,85aeeef539961cae5a63de794997b507a5975717,provekit_v1,noir,provekit-v1-whir-wasm-single-thread,@noir-lang/noir_js@1.0.0-beta.11,measured,1,ok,1071.0149999856949,1374.7299998998642,1408.9000000953674,137.2699999809265,3854.6449999809265,559.078125,846926,1644635,1638340,11872918,95921,input-to-proof-v1,9b2a6f37c67691eab4b0cec6c35e35c520e93285,"{""provekit"":""9b2a6f37c67691eab4b0cec6c35e35c520e93285"",""noir_js"":""1.0.0-beta.11""}","{""raw_evidence_sha256"":""1185f3511060b1318589d0309060fcf255cfb93f291e1df41be93c5b05b10f0b""}",,"Matched O2 profile: World ID nullifier statement and frozen semantic inputs, including the same public nullifier.",,,/Users/dcbuilder/Code/world/.worktrees/provekit-v1-cross-device-campaign/target/v1-benchmarks/input-to-proof/mac-chrome/oprf_o2__mac_chrome__provekit_v1__cold_local.json,cold_local,3854.6449999809265
input-to-proof-v1-20260807,oprf_o2__mac_chrome__provekit_v1__cold_local-2,2026-08-07T16:56:58.737Z,macbook_m4,MacBook Pro (Apple M4 Max),26.5.2 (25F84),arm64,browser_wasm,Google Chrome 151.0.7922.76,oprf_nullifier,O2-world-id-nullifier,85aeeef539961cae5a63de794997b507a5975717,provekit_v1,noir,provekit-v1-whir-wasm-single-thread,@noir-lang/noir_js@1.0.0-beta.11,measured,2,ok,1091.1100000143051,1396.8249999284744,1396.9750000238419,136.1950000524521,3884.9099999666214,558.40625,846454,1644635,1638340,11872918,95921,input-to-proof-v1,9b2a6f37c67691eab4b0cec6c35e35c520e93285,"{""provekit"":""9b2a6f37c67691eab4b0cec6c35e35c520e93285"",""noir_js"":""1.0.0-beta.11""}","{""raw_evidence_sha256"":""1185f3511060b1318589d0309060fcf255cfb93f291e1df41be93c5b05b10f0b""}",,"Matched O2 profile: World ID nullifier statement and frozen semantic inputs, including the same public nullifier.",,,/Users/dcbuilder/Code/world/.worktrees/provekit-v1-cross-device-campaign/target/v1-benchmarks/input-to-proof/mac-chrome/oprf_o2__mac_chrome__provekit_v1__cold_local.json,cold_local,3884.9099999666214
input-to-proof-v1-20260807,oprf_o2__mac_chrome__provekit_v1__cold_local-3,2026-08-07T16:56:58.737Z,macbook_m4,MacBook Pro (Apple M4 Max),26.5.2 (25F84),arm64,browser_wasm,Google Chrome 151.0.7922.76,oprf_nullifier,O2-world-id-nullifier,85aeeef539961cae5a63de794997b507a5975717,provekit_v1,noir,provekit-v1-whir-wasm-single-thread,@noir-lang/noir_js@1.0.0-beta.11,measured,3,ok,1064.5049999952316,1381.5299999713898,1397.1900000572205,142.07499992847443,3843.225000023842,560.703125,845858,1644635,1638340,11872918,95921,input-to-proof-v1,9b2a6f37c67691eab4b0cec6c35e35c520e93285,"{""provekit"":""9b2a6f37c67691eab4b0cec6c35e35c520e93285"",""noir_js"":""1.0.0-beta.11""}","{""raw_evidence_sha256"":""1185f3511060b1318589d0309060fcf255cfb93f291e1df41be93c5b05b10f0b""}",,"Matched O2 profile: World ID nullifier statement and frozen semantic inputs, including the same public nullifier.",,,/Users/dcbuilder/Code/world/.worktrees/provekit-v1-cross-device-campaign/target/v1-benchmarks/input-to-proof/mac-chrome/oprf_o2__mac_chrome__provekit_v1__cold_local.json,cold_local,3843.225000023842
input-to-proof-v1-20260807,oprf_o2__mac_chrome__provekit_v1__cold_local-4,2026-08-07T16:56:58.737Z,macbook_m4,MacBook Pro (Apple M4 Max),26.5.2 (25F84),arm64,browser_wasm,Google Chrome 151.0.7922.76,oprf_nullifier,O2-world-id-nullifier,85aeeef539961cae5a63de794997b507a5975717,provekit_v1,noir,provekit-v1-whir-wasm-single-thread,@noir-lang/noir_js@1.0.0-beta.11,measured,4,ok,1116.7000000476837,1380.829999923706,1398.8300000429153,136.16999995708466,3896.360000014305,559.84375,842958,1644635,1638340,11872918,95921,input-to-proof-v1,9b2a6f37c67691eab4b0cec6c35e35c520e93285,"{""provekit"":""9b2a6f37c67691eab4b0cec6c35e35c520e93285"",""noir_js"":""1.0.0-beta.11""}","{""raw_evidence_sha256"":""1185f3511060b1318589d0309060fcf255cfb93f291e1df41be93c5b05b10f0b""}",,"Matched O2 profile: World ID nullifier statement and frozen semantic inputs, including the same public nullifier.",,,/Users/dcbuilder/Code/world/.worktrees/provekit-v1-cross-device-campaign/target/v1-benchmarks/input-to-proof/mac-chrome/oprf_o2__mac_chrome__provekit_v1__cold_local.json,cold_local,3896.360000014305
input-to-proof-v1-20260807,oprf_o2__mac_chrome__provekit_v1__cold_local-5,2026-08-07T16:56:58.737Z,macbook_m4,MacBook Pro (Apple M4 Max),26.5.2 (25F84),arm64,browser_wasm,Google Chrome 151.0.7922.76,oprf_nullifier,O2-world-id-nullifier,85aeeef539961cae5a63de794997b507a5975717,provekit_v1,noir,provekit-v1-whir-wasm-single-thread,@noir-lang/noir_js@1.0.0-beta.11,measured,5,ok,1069.6999999284744,1373.125,1398.9000000953674,137.67499995231628,3841.725000023842,556.28125,845218,1644635,1638340,11872918,95921,input-to-proof-v1,9b2a6f37c67691eab4b0cec6c35e35c520e93285,"{""provekit"":""9b2a6f37c67691eab4b0cec6c35e35c520e93285"",""noir_js"":""1.0.0-beta.11""}","{""raw_evidence_sha256"":""1185f3511060b1318589d0309060fcf255cfb93f291e1df41be93c5b05b10f0b""}",,"Matched O2 profile: World ID nullifier statement and frozen semantic inputs, including the same public nullifier.",,,/Users/dcbuilder/Code/world/.worktrees/provekit-v1-cross-device-campaign/target/v1-benchmarks/input-to-proof/mac-chrome/oprf_o2__mac_chrome__provekit_v1__cold_local.json,cold_local,3841.725000023842
input-to-proof-v1-20260807,oprf_o2__mac_chrome__provekit_v1__warm_reuse-0,2026-08-07T16:57:44.166Z,macbook_m4,MacBook Pro (Apple M4 Max),26.5.2 (25F84),arm64,browser_wasm,Google Chrome 151.0.7922.76,oprf_nullifier,O2-world-id-nullifier,85aeeef539961cae5a63de794997b507a5975717,provekit_v1,noir,provekit-v1-whir-wasm-single-thread,@noir-lang/noir_js@1.0.0-beta.11,warmup,0,ok,363.8950001001358,1399.6699999570847,1410.2300000190735,137.76499998569489,3173.795000076294,702.234375,843982,1644635,1638340,11872918,95921,input-to-proof-v1,9b2a6f37c67691eab4b0cec6c35e35c520e93285,"{""provekit"":""9b2a6f37c67691eab4b0cec6c35e35c520e93285"",""noir_js"":""1.0.0-beta.11""}","{""raw_evidence_sha256"":""05cf0fc2c50392f7a1e5bfea93a6652ea04a81fd2889089648e73a29df21836c""}",,"Matched O2 profile: World ID nullifier statement and frozen semantic inputs, including the same public nullifier.",,,/Users/dcbuilder/Code/world/.worktrees/provekit-v1-cross-device-campaign/target/v1-benchmarks/input-to-proof/mac-chrome/oprf_o2__mac_chrome__provekit_v1__warm_reuse.json,warm_reuse,3173.795000076294
input-to-proof-v1-20260807,oprf_o2__mac_chrome__provekit_v1__warm_reuse-1,2026-08-07T16:57:44.166Z,macbook_m4,MacBook Pro (Apple M4 Max),26.5.2 (25F84),arm64,browser_wasm,Google Chrome 151.0.7922.76,oprf_nullifier,O2-world-id-nullifier,85aeeef539961cae5a63de794997b507a5975717,provekit_v1,noir,provekit-v1-whir-wasm-single-thread,@noir-lang/noir_js@1.0.0-beta.11,measured,1,ok,357.5200001001358,1283.8499999046326,1345.8949999809265,129.88499999046326,2987.264999985695,702.234375,845262,1644635,1638340,11872918,95921,input-to-proof-v1,9b2a6f37c67691eab4b0cec6c35e35c520e93285,"{""provekit"":""9b2a6f37c67691eab4b0cec6c35e35c520e93285"",""noir_js"":""1.0.0-beta.11""}","{""raw_evidence_sha256"":""05cf0fc2c50392f7a1e5bfea93a6652ea04a81fd2889089648e73a29df21836c""}",,"Matched O2 profile: World ID nullifier statement and frozen semantic inputs, including the same public nullifier.",,,/Users/dcbuilder/Code/world/.worktrees/provekit-v1-cross-device-campaign/target/v1-benchmarks/input-to-proof/mac-chrome/oprf_o2__mac_chrome__provekit_v1__warm_reuse.json,warm_reuse,2987.264999985695
input-to-proof-v1-20260807,oprf_o2__mac_chrome__provekit_v1__warm_reuse-2,2026-08-07T16:57:44.166Z,macbook_m4,MacBook Pro (Apple M4 Max),26.5.2 (25F84),arm64,browser_wasm,Google Chrome 151.0.7922.76,oprf_nullifier,O2-world-id-nullifier,85aeeef539961cae5a63de794997b507a5975717,provekit_v1,noir,provekit-v1-whir-wasm-single-thread,@noir-lang/noir_js@1.0.0-beta.11,measured,2,ok,353.289999961853,1291.0249999761581,1360.6549999713898,131.15499997138977,3004.969999909401,702.234375,848886,1644635,1638340,11872918,95921,input-to-proof-v1,9b2a6f37c67691eab4b0cec6c35e35c520e93285,"{""provekit"":""9b2a6f37c67691eab4b0cec6c35e35c520e93285"",""noir_js"":""1.0.0-beta.11""}","{""raw_evidence_sha256"":""05cf0fc2c50392f7a1e5bfea93a6652ea04a81fd2889089648e73a29df21836c""}",,"Matched O2 profile: World ID nullifier statement and frozen semantic inputs, including the same public nullifier.",,,/Users/dcbuilder/Code/world/.worktrees/provekit-v1-cross-device-campaign/target/v1-benchmarks/input-to-proof/mac-chrome/oprf_o2__mac_chrome__provekit_v1__warm_reuse.json,warm_reuse,3004.969999909401
input-to-proof-v1-20260807,oprf_o2__mac_chrome__provekit_v1__warm_reuse-3,2026-08-07T16:57:44.166Z,macbook_m4,MacBook Pro (Apple M4 Max),26.5.2 (25F84),arm64,browser_wasm,Google Chrome 151.0.7922.76,oprf_nullifier,O2-world-id-nullifier,85aeeef539961cae5a63de794997b507a5975717,provekit_v1,noir,provekit-v1-whir-wasm-single-thread,@noir-lang/noir_js@1.0.0-beta.11,measured,3,ok,359.0749999284744,1291.375,1355.2849999666214,133.85999989509583,3005.734999895096,702.234375,846882,1644635,1638340,11872918,95921,input-to-proof-v1,9b2a6f37c67691eab4b0cec6c35e35c520e93285,"{""provekit"":""9b2a6f37c67691eab4b0cec6c35e35c520e93285"",""noir_js"":""1.0.0-beta.11""}","{""raw_evidence_sha256"":""05cf0fc2c50392f7a1e5bfea93a6652ea04a81fd2889089648e73a29df21836c""}",,"Matched O2 profile: World ID nullifier statement and frozen semantic inputs, including the same public nullifier.",,,/Users/dcbuilder/Code/world/.worktrees/provekit-v1-cross-device-campaign/target/v1-benchmarks/input-to-proof/mac-chrome/oprf_o2__mac_chrome__provekit_v1__warm_reuse.json,warm_reuse,3005.734999895096
input-to-proof-v1-20260807,oprf_o2__mac_chrome__provekit_v1__warm_reuse-4,2026-08-07T16:57:44.166Z,macbook_m4,MacBook Pro (Apple M4 Max),26.5.2 (25F84),arm64,browser_wasm,Google Chrome 151.0.7922.76,oprf_nullifier,O2-world-id-nullifier,85aeeef539961cae5a63de794997b507a5975717,provekit_v1,noir,provekit-v1-whir-wasm-single-thread,@noir-lang/noir_js@1.0.0-beta.11,measured,4,ok,362.29499995708466,1297.625,1338.3550000190735,129.91499996185303,2998.274999976158,702.234375,846754,1644635,1638340,11872918,95921,input-to-proof-v1,9b2a6f37c67691eab4b0cec6c35e35c520e93285,"{""provekit"":""9b2a6f37c67691eab4b0cec6c35e35c520e93285"",""noir_js"":""1.0.0-beta.11""}","{""raw_evidence_sha256"":""05cf0fc2c50392f7a1e5bfea93a6652ea04a81fd2889089648e73a29df21836c""}",,"Matched O2 profile: World ID nullifier statement and frozen semantic inputs, including the same public nullifier.",,,/Users/dcbuilder/Code/world/.worktrees/provekit-v1-cross-device-campaign/target/v1-benchmarks/input-to-proof/mac-chrome/oprf_o2__mac_chrome__provekit_v1__warm_reuse.json,warm_reuse,2998.274999976158
input-to-proof-v1-20260807,oprf_o2__mac_chrome__provekit_v1__warm_reuse-5,2026-08-07T16:57:44.166Z,macbook_m4,MacBook Pro (Apple M4 Max),26.5.2 (25F84),arm64,browser_wasm,Google Chrome 151.0.7922.76,oprf_nullifier,O2-world-id-nullifier,85aeeef539961cae5a63de794997b507a5975717,provekit_v1,noir,provekit-v1-whir-wasm-single-thread,@noir-lang/noir_js@1.0.0-beta.11,measured,5,ok,353.06500005722046,1296.1200000047684,1365.1899999380112,129.90000009536743,3014.375,702.234375,844406,1644635,1638340,11872918,95921,input-to-proof-v1,9b2a6f37c67691eab4b0cec6c35e35c520e93285,"{""provekit"":""9b2a6f37c67691eab4b0cec6c35e35c520e93285"",""noir_js"":""1.0.0-beta.11""}","{""raw_evidence_sha256"":""05cf0fc2c50392f7a1e5bfea93a6652ea04a81fd2889089648e73a29df21836c""}",,"Matched O2 profile: World ID nullifier statement and frozen semantic inputs, including the same public nullifier.",,,/Users/dcbuilder/Code/world/.worktrees/provekit-v1-cross-device-campaign/target/v1-benchmarks/input-to-proof/mac-chrome/oprf_o2__mac_chrome__provekit_v1__warm_reuse.json,warm_reuse,3014.375
input-to-proof-v1-20260807,oprf_o2__mac_chrome__noir_barretenberg__cold_local-0,2026-08-07T17:02:20.615Z,macbook_m4,MacBook Pro (Apple M4 Max),26.5.2 (25F84),arm64,browser_wasm,Google Chrome 151.0.7922.76,oprf_nullifier,O2-world-id-nullifier,85aeeef539961cae5a63de794997b507a5975717,noir_barretenberg,noir,barretenberg-ultrahonk-wasm-single-thread,@noir-lang/noir_js@1.0.0-beta.19,warmup,0,ok,15657.87,591.47,6138,1513.085,22387.34,1080.3125,16000,73925206,73918911,73925206,,input-to-proof-v1,85aeeef539961cae5a63de794997b507a5975717,"{""bb_js"":""4.2.0-aztecnr-rc.2"",""noir_js"":""1.0.0-beta.19""}","{""raw_evidence_sha256"":""0c5b771614472a6d784d650bcb66b0734cd9ca9bfe7811e5f05e04a1ce057637""}",,"Matched O2 profile: World ID nullifier statement and frozen semantic inputs, including the same public nullifier.",,,/Users/dcbuilder/Code/world/.worktrees/provekit-v1-cross-device-campaign/target/v1-benchmarks/input-to-proof/mac-chrome/oprf_o2__mac_chrome__noir_barretenberg__cold_local.json,cold_local,22387.34
input-to-proof-v1-20260807,oprf_o2__mac_chrome__noir_barretenberg__cold_local-1,2026-08-07T17:02:20.615Z,macbook_m4,MacBook Pro (Apple M4 Max),26.5.2 (25F84),arm64,browser_wasm,Google Chrome 151.0.7922.76,oprf_nullifier,O2-world-id-nullifier,85aeeef539961cae5a63de794997b507a5975717,noir_barretenberg,noir,barretenberg-ultrahonk-wasm-single-thread,@noir-lang/noir_js@1.0.0-beta.19,measured,1,ok,15280.475,586.54,6075.125,1503.7,21942.14,1090.171875,16000,73925206,73918911,73925206,,input-to-proof-v1,85aeeef539961cae5a63de794997b507a5975717,"{""bb_js"":""4.2.0-aztecnr-rc.2"",""noir_js"":""1.0.0-beta.19""}","{""raw_evidence_sha256"":""0c5b771614472a6d784d650bcb66b0734cd9ca9bfe7811e5f05e04a1ce057637""}",,"Matched O2 profile: World ID nullifier statement and frozen semantic inputs, including the same public nullifier.",,,/Users/dcbuilder/Code/world/.worktrees/provekit-v1-cross-device-campaign/target/v1-benchmarks/input-to-proof/mac-chrome/oprf_o2__mac_chrome__noir_barretenberg__cold_local.json,cold_local,21942.14
input-to-proof-v1-20260807,oprf_o2__mac_chrome__noir_barretenberg__cold_local-2,2026-08-07T17:02:20.615Z,macbook_m4,MacBook Pro (Apple M4 Max),26.5.2 (25F84),arm64,browser_wasm,Google Chrome 151.0.7922.76,oprf_nullifier,O2-world-id-nullifier,85aeeef539961cae5a63de794997b507a5975717,noir_barretenberg,noir,barretenberg-ultrahonk-wasm-single-thread,@noir-lang/noir_js@1.0.0-beta.19,measured,2,ok,15329.44,579.745,6125.34,1517.63,22034.525,1081.171875,16000,73925206,73918911,73925206,,input-to-proof-v1,85aeeef539961cae5a63de794997b507a5975717,"{""bb_js"":""4.2.0-aztecnr-rc.2"",""noir_js"":""1.0.0-beta.19""}","{""raw_evidence_sha256"":""0c5b771614472a6d784d650bcb66b0734cd9ca9bfe7811e5f05e04a1ce057637""}",,"Matched O2 profile: World ID nullifier statement and frozen semantic inputs, including the same public nullifier.",,,/Users/dcbuilder/Code/world/.worktrees/provekit-v1-cross-device-campaign/target/v1-benchmarks/input-to-proof/mac-chrome/oprf_o2__mac_chrome__noir_barretenberg__cold_local.json,cold_local,22034.525
input-to-proof-v1-20260807,oprf_o2__mac_chrome__noir_barretenberg__cold_local-3,2026-08-07T17:02:20.615Z,macbook_m4,MacBook Pro (Apple M4 Max),26.5.2 (25F84),arm64,browser_wasm,Google Chrome 151.0.7922.76,oprf_nullifier,O2-world-id-nullifier,85aeeef539961cae5a63de794997b507a5975717,noir_barretenberg,noir,barretenberg-ultrahonk-wasm-single-thread,@noir-lang/noir_js@1.0.0-beta.19,measured,3,ok,15539.245,576.615,6175.665,1503.07,22291.525,1082.421875,16000,73925206,73918911,73925206,,input-to-proof-v1,85aeeef539961cae5a63de794997b507a5975717,"{""bb_js"":""4.2.0-aztecnr-rc.2"",""noir_js"":""1.0.0-beta.19""}","{""raw_evidence_sha256"":""0c5b771614472a6d784d650bcb66b0734cd9ca9bfe7811e5f05e04a1ce057637""}",,"Matched O2 profile: World ID nullifier statement and frozen semantic inputs, including the same public nullifier.",,,/Users/dcbuilder/Code/world/.worktrees/provekit-v1-cross-device-campaign/target/v1-benchmarks/input-to-proof/mac-chrome/oprf_o2__mac_chrome__noir_barretenberg__cold_local.json,cold_local,22291.525
input-to-proof-v1-20260807,oprf_o2__mac_chrome__noir_barretenberg__cold_local-4,2026-08-07T17:02:20.615Z,macbook_m4,MacBook Pro (Apple M4 Max),26.5.2 (25F84),arm64,browser_wasm,Google Chrome 151.0.7922.76,oprf_nullifier,O2-world-id-nullifier,85aeeef539961cae5a63de794997b507a5975717,noir_barretenberg,noir,barretenberg-ultrahonk-wasm-single-thread,@noir-lang/noir_js@1.0.0-beta.19,measured,4,ok,15426.975,587.415,6092.2,1513.685,22106.59,1082.5625,16000,73925206,73918911,73925206,,input-to-proof-v1,85aeeef539961cae5a63de794997b507a5975717,"{""bb_js"":""4.2.0-aztecnr-rc.2"",""noir_js"":""1.0.0-beta.19""}","{""raw_evidence_sha256"":""0c5b771614472a6d784d650bcb66b0734cd9ca9bfe7811e5f05e04a1ce057637""}",,"Matched O2 profile: World ID nullifier statement and frozen semantic inputs, including the same public nullifier.",,,/Users/dcbuilder/Code/world/.worktrees/provekit-v1-cross-device-campaign/target/v1-benchmarks/input-to-proof/mac-chrome/oprf_o2__mac_chrome__noir_barretenberg__cold_local.json,cold_local,22106.59
input-to-proof-v1-20260807,oprf_o2__mac_chrome__noir_barretenberg__cold_local-5,2026-08-07T17:02:20.615Z,macbook_m4,MacBook Pro (Apple M4 Max),26.5.2 (25F84),arm64,browser_wasm,Google Chrome 151.0.7922.76,oprf_nullifier,O2-world-id-nullifier,85aeeef539961cae5a63de794997b507a5975717,noir_barretenberg,noir,barretenberg-ultrahonk-wasm-single-thread,@noir-lang/noir_js@1.0.0-beta.19,measured,5,ok,15323.075,583.15,6113.445,1528.045,22019.67,1083.6875,16000,73925206,73918911,73925206,,input-to-proof-v1,85aeeef539961cae5a63de794997b507a5975717,"{""bb_js"":""4.2.0-aztecnr-rc.2"",""noir_js"":""1.0.0-beta.19""}","{""raw_evidence_sha256"":""0c5b771614472a6d784d650bcb66b0734cd9ca9bfe7811e5f05e04a1ce057637""}",,"Matched O2 profile: World ID nullifier statement and frozen semantic inputs, including the same public nullifier.",,,/Users/dcbuilder/Code/world/.worktrees/provekit-v1-cross-device-campaign/target/v1-benchmarks/input-to-proof/mac-chrome/oprf_o2__mac_chrome__noir_barretenberg__cold_local.json,cold_local,22019.67
input-to-proof-v1-20260807,oprf_o2__mac_chrome__noir_barretenberg__warm_reuse-0,2026-08-07T17:03:26.165Z,macbook_m4,MacBook Pro (Apple M4 Max),26.5.2 (25F84),arm64,browser_wasm,Google Chrome 151.0.7922.76,oprf_nullifier,O2-world-id-nullifier,85aeeef539961cae5a63de794997b507a5975717,noir_barretenberg,noir,barretenberg-ultrahonk-wasm-single-thread,@noir-lang/noir_js@1.0.0-beta.19,warmup,0,ok,0,501.22,6032.5,0,6533.78,1119.046875,16000,73925206,73918911,73925206,,input-to-proof-v1,85aeeef539961cae5a63de794997b507a5975717,"{""bb_js"":""4.2.0-aztecnr-rc.2"",""noir_js"":""1.0.0-beta.19""}","{""raw_evidence_sha256"":""5f17546a8f06152e00669b23c419ae8e1022fe9b950133ea90d01550d11d8dfa""}",,"Matched O2 profile: World ID nullifier statement and frozen semantic inputs, including the same public nullifier.",,,/Users/dcbuilder/Code/world/.worktrees/provekit-v1-cross-device-campaign/target/v1-benchmarks/input-to-proof/mac-chrome/oprf_o2__mac_chrome__noir_barretenberg__warm_reuse.json,warm_reuse,6533.78
input-to-proof-v1-20260807,oprf_o2__mac_chrome__noir_barretenberg__warm_reuse-1,2026-08-07T17:03:26.165Z,macbook_m4,MacBook Pro (Apple M4 Max),26.5.2 (25F84),arm64,browser_wasm,Google Chrome 151.0.7922.76,oprf_nullifier,O2-world-id-nullifier,85aeeef539961cae5a63de794997b507a5975717,noir_barretenberg,noir,barretenberg-ultrahonk-wasm-single-thread,@noir-lang/noir_js@1.0.0-beta.19,measured,1,ok,0,519.23,5964.815,0,6484.07,1119.046875,16000,73925206,73918911,73925206,,input-to-proof-v1,85aeeef539961cae5a63de794997b507a5975717,"{""bb_js"":""4.2.0-aztecnr-rc.2"",""noir_js"":""1.0.0-beta.19""}","{""raw_evidence_sha256"":""5f17546a8f06152e00669b23c419ae8e1022fe9b950133ea90d01550d11d8dfa""}",,"Matched O2 profile: World ID nullifier statement and frozen semantic inputs, including the same public nullifier.",,,/Users/dcbuilder/Code/world/.worktrees/provekit-v1-cross-device-campaign/target/v1-benchmarks/input-to-proof/mac-chrome/oprf_o2__mac_chrome__noir_barretenberg__warm_reuse.json,warm_reuse,6484.07
input-to-proof-v1-20260807,oprf_o2__mac_chrome__noir_barretenberg__warm_reuse-2,2026-08-07T17:03:26.165Z,macbook_m4,MacBook Pro (Apple M4 Max),26.5.2 (25F84),arm64,browser_wasm,Google Chrome 151.0.7922.76,oprf_nullifier,O2-world-id-nullifier,85aeeef539961cae5a63de794997b507a5975717,noir_barretenberg,noir,barretenberg-ultrahonk-wasm-single-thread,@noir-lang/noir_js@1.0.0-beta.19,measured,2,ok,0,516.92,6004.94,0,6522.02,1119.046875,16000,73925206,73918911,73925206,,input-to-proof-v1,85aeeef539961cae5a63de794997b507a5975717,"{""bb_js"":""4.2.0-aztecnr-rc.2"",""noir_js"":""1.0.0-beta.19""}","{""raw_evidence_sha256"":""5f17546a8f06152e00669b23c419ae8e1022fe9b950133ea90d01550d11d8dfa""}",,"Matched O2 profile: World ID nullifier statement and frozen semantic inputs, including the same public nullifier.",,,/Users/dcbuilder/Code/world/.worktrees/provekit-v1-cross-device-campaign/target/v1-benchmarks/input-to-proof/mac-chrome/oprf_o2__mac_chrome__noir_barretenberg__warm_reuse.json,warm_reuse,6522.02
input-to-proof-v1-20260807,oprf_o2__mac_chrome__noir_barretenberg__warm_reuse-3,2026-08-07T17:03:26.165Z,macbook_m4,MacBook Pro (Apple M4 Max),26.5.2 (25F84),arm64,browser_wasm,Google Chrome 151.0.7922.76,oprf_nullifier,O2-world-id-nullifier,85aeeef539961cae5a63de794997b507a5975717,noir_barretenberg,noir,barretenberg-ultrahonk-wasm-single-thread,@noir-lang/noir_js@1.0.0-beta.19,measured,3,ok,0,509.695,6016.15,0,6525.995,1119.046875,16000,73925206,73918911,73925206,,input-to-proof-v1,85aeeef539961cae5a63de794997b507a5975717,"{""bb_js"":""4.2.0-aztecnr-rc.2"",""noir_js"":""1.0.0-beta.19""}","{""raw_evidence_sha256"":""5f17546a8f06152e00669b23c419ae8e1022fe9b950133ea90d01550d11d8dfa""}",,"Matched O2 profile: World ID nullifier statement and frozen semantic inputs, including the same public nullifier.",,,/Users/dcbuilder/Code/world/.worktrees/provekit-v1-cross-device-campaign/target/v1-benchmarks/input-to-proof/mac-chrome/oprf_o2__mac_chrome__noir_barretenberg__warm_reuse.json,warm_reuse,6525.995
input-to-proof-v1-20260807,oprf_o2__mac_chrome__noir_barretenberg__warm_reuse-4,2026-08-07T17:03:26.165Z,macbook_m4,MacBook Pro (Apple M4 Max),26.5.2 (25F84),arm64,browser_wasm,Google Chrome 151.0.7922.76,oprf_nullifier,O2-world-id-nullifier,85aeeef539961cae5a63de794997b507a5975717,noir_barretenberg,noir,barretenberg-ultrahonk-wasm-single-thread,@noir-lang/noir_js@1.0.0-beta.19,measured,4,ok,0,515.08,5973.155,0,6488.455,1119.046875,16000,73925206,73918911,73925206,,input-to-proof-v1,85aeeef539961cae5a63de794997b507a5975717,"{""bb_js"":""4.2.0-aztecnr-rc.2"",""noir_js"":""1.0.0-beta.19""}","{""raw_evidence_sha256"":""5f17546a8f06152e00669b23c419ae8e1022fe9b950133ea90d01550d11d8dfa""}",,"Matched O2 profile: World ID nullifier statement and frozen semantic inputs, including the same public nullifier.",,,/Users/dcbuilder/Code/world/.worktrees/provekit-v1-cross-device-campaign/target/v1-benchmarks/input-to-proof/mac-chrome/oprf_o2__mac_chrome__noir_barretenberg__warm_reuse.json,warm_reuse,6488.455
input-to-proof-v1-20260807,oprf_o2__mac_chrome__noir_barretenberg__warm_reuse-5,2026-08-07T17:03:26.165Z,macbook_m4,MacBook Pro (Apple M4 Max),26.5.2 (25F84),arm64,browser_wasm,Google Chrome 151.0.7922.76,oprf_nullifier,O2-world-id-nullifier,85aeeef539961cae5a63de794997b507a5975717,noir_barretenberg,noir,barretenberg-ultrahonk-wasm-single-thread,@noir-lang/noir_js@1.0.0-beta.19,measured,5,ok,0,506.74,5985.01,0,6491.9,1119.046875,16000,73925206,73918911,73925206,,input-to-proof-v1,85aeeef539961cae5a63de794997b507a5975717,"{""bb_js"":""4.2.0-aztecnr-rc.2"",""noir_js"":""1.0.0-beta.19""}","{""raw_evidence_sha256"":""5f17546a8f06152e00669b23c419ae8e1022fe9b950133ea90d01550d11d8dfa""}",,"Matched O2 profile: World ID nullifier statement and frozen semantic inputs, including the same public nullifier.",,,/Users/dcbuilder/Code/world/.worktrees/provekit-v1-cross-device-campaign/target/v1-benchmarks/input-to-proof/mac-chrome/oprf_o2__mac_chrome__noir_barretenberg__warm_reuse.json,warm_reuse,6491.9
input-to-proof-v1-20260807,oprf_o2__mac_chrome__circom_groth16__cold_local-0,2026-08-07T17:04:54.535Z,macbook_m4,MacBook Pro (Apple M4 Max),26.5.2 (25F84),arm64,browser_wasm,Google Chrome 151.0.7922.76,oprf_nullifier,O2-world-id-nullifier,85aeeef539961cae5a63de794997b507a5975717,circom_groth16,circom,snarkjs-groth16-browser-wasm-single-thread,circom-witness-wasm,warmup,0,ok,3.1,123.4,9134.5,6.6,9261,902.765625,721,39203507,38279392,39203507,,input-to-proof-v1,85aeeef539961cae5a63de794997b507a5975717,"{""circom"":""2.2.2"",""snarkjs"":""0.7.6""}","{""raw_evidence_sha256"":""d21088a3fb869681fa99b5b9a77e9b64491d77c80e1e1985ccbd0d3618a6f1af""}",,"Matched O2 profile: World ID nullifier statement and frozen semantic inputs, including the same public nullifier.",,,/Users/dcbuilder/Code/world/.worktrees/provekit-v1-cross-device-campaign/target/v1-benchmarks/input-to-proof/mac-chrome/oprf_o2__mac_chrome__circom_groth16__cold_local.json,cold_local,9261
input-to-proof-v1-20260807,oprf_o2__mac_chrome__circom_groth16__cold_local-1,2026-08-07T17:04:54.535Z,macbook_m4,MacBook Pro (Apple M4 Max),26.5.2 (25F84),arm64,browser_wasm,Google Chrome 151.0.7922.76,oprf_nullifier,O2-world-id-nullifier,85aeeef539961cae5a63de794997b507a5975717,circom_groth16,circom,snarkjs-groth16-browser-wasm-single-thread,circom-witness-wasm,measured,1,ok,3.4,121.2,9012.5,6.1,9137.1,969.921875,724,39203507,38279392,39203507,,input-to-proof-v1,85aeeef539961cae5a63de794997b507a5975717,"{""circom"":""2.2.2"",""snarkjs"":""0.7.6""}","{""raw_evidence_sha256"":""d21088a3fb869681fa99b5b9a77e9b64491d77c80e1e1985ccbd0d3618a6f1af""}",,"Matched O2 profile: World ID nullifier statement and frozen semantic inputs, including the same public nullifier.",,,/Users/dcbuilder/Code/world/.worktrees/provekit-v1-cross-device-campaign/target/v1-benchmarks/input-to-proof/mac-chrome/oprf_o2__mac_chrome__circom_groth16__cold_local.json,cold_local,9137.1
input-to-proof-v1-20260807,oprf_o2__mac_chrome__circom_groth16__cold_local-2,2026-08-07T17:04:54.535Z,macbook_m4,MacBook Pro (Apple M4 Max),26.5.2 (25F84),arm64,browser_wasm,Google Chrome 151.0.7922.76,oprf_nullifier,O2-world-id-nullifier,85aeeef539961cae5a63de794997b507a5975717,circom_groth16,circom,snarkjs-groth16-browser-wasm-single-thread,circom-witness-wasm,measured,2,ok,2.6,123.8,9034.7,6,9161.1,914.953125,721,39203507,38279392,39203507,,input-to-proof-v1,85aeeef539961cae5a63de794997b507a5975717,"{""circom"":""2.2.2"",""snarkjs"":""0.7.6""}","{""raw_evidence_sha256"":""d21088a3fb869681fa99b5b9a77e9b64491d77c80e1e1985ccbd0d3618a6f1af""}",,"Matched O2 profile: World ID nullifier statement and frozen semantic inputs, including the same public nullifier.",,,/Users/dcbuilder/Code/world/.worktrees/provekit-v1-cross-device-campaign/target/v1-benchmarks/input-to-proof/mac-chrome/oprf_o2__mac_chrome__circom_groth16__cold_local.json,cold_local,9161.1
input-to-proof-v1-20260807,oprf_o2__mac_chrome__circom_groth16__cold_local-3,2026-08-07T17:04:54.535Z,macbook_m4,MacBook Pro (Apple M4 Max),26.5.2 (25F84),arm64,browser_wasm,Google Chrome 151.0.7922.76,oprf_nullifier,O2-world-id-nullifier,85aeeef539961cae5a63de794997b507a5975717,circom_groth16,circom,snarkjs-groth16-browser-wasm-single-thread,circom-witness-wasm,measured,3,ok,2.7,126.1,9026.9,6,9155.7,970.84375,724,39203507,38279392,39203507,,input-to-proof-v1,85aeeef539961cae5a63de794997b507a5975717,"{""circom"":""2.2.2"",""snarkjs"":""0.7.6""}","{""raw_evidence_sha256"":""d21088a3fb869681fa99b5b9a77e9b64491d77c80e1e1985ccbd0d3618a6f1af""}",,"Matched O2 profile: World ID nullifier statement and frozen semantic inputs, including the same public nullifier.",,,/Users/dcbuilder/Code/world/.worktrees/provekit-v1-cross-device-campaign/target/v1-benchmarks/input-to-proof/mac-chrome/oprf_o2__mac_chrome__circom_groth16__cold_local.json,cold_local,9155.7
input-to-proof-v1-20260807,oprf_o2__mac_chrome__circom_groth16__cold_local-4,2026-08-07T17:04:54.535Z,macbook_m4,MacBook Pro (Apple M4 Max),26.5.2 (25F84),arm64,browser_wasm,Google Chrome 151.0.7922.76,oprf_nullifier,O2-world-id-nullifier,85aeeef539961cae5a63de794997b507a5975717,circom_groth16,circom,snarkjs-groth16-browser-wasm-single-thread,circom-witness-wasm,measured,4,ok,2.5,123,9019.9,6,9145.4,914.828125,719,39203507,38279392,39203507,,input-to-proof-v1,85aeeef539961cae5a63de794997b507a5975717,"{""circom"":""2.2.2"",""snarkjs"":""0.7.6""}","{""raw_evidence_sha256"":""d21088a3fb869681fa99b5b9a77e9b64491d77c80e1e1985ccbd0d3618a6f1af""}",,"Matched O2 profile: World ID nullifier statement and frozen semantic inputs, including the same public nullifier.",,,/Users/dcbuilder/Code/world/.worktrees/provekit-v1-cross-device-campaign/target/v1-benchmarks/input-to-proof/mac-chrome/oprf_o2__mac_chrome__circom_groth16__cold_local.json,cold_local,9145.4
input-to-proof-v1-20260807,oprf_o2__mac_chrome__circom_groth16__cold_local-5,2026-08-07T17:04:54.535Z,macbook_m4,MacBook Pro (Apple M4 Max),26.5.2 (25F84),arm64,browser_wasm,Google Chrome 151.0.7922.76,oprf_nullifier,O2-world-id-nullifier,85aeeef539961cae5a63de794997b507a5975717,circom_groth16,circom,snarkjs-groth16-browser-wasm-single-thread,circom-witness-wasm,measured,5,ok,2.6,121.7,9032.8,6,9157.1,914.65625,724,39203507,38279392,39203507,,input-to-proof-v1,85aeeef539961cae5a63de794997b507a5975717,"{""circom"":""2.2.2"",""snarkjs"":""0.7.6""}","{""raw_evidence_sha256"":""d21088a3fb869681fa99b5b9a77e9b64491d77c80e1e1985ccbd0d3618a6f1af""}",,"Matched O2 profile: World ID nullifier statement and frozen semantic inputs, including the same public nullifier.",,,/Users/dcbuilder/Code/world/.worktrees/provekit-v1-cross-device-campaign/target/v1-benchmarks/input-to-proof/mac-chrome/oprf_o2__mac_chrome__circom_groth16__cold_local.json,cold_local,9157.1
input-to-proof-v1-20260807,oprf_o2__mac_chrome__circom_groth16__warm_reuse-0,2026-08-07T17:06:22.622Z,macbook_m4,MacBook Pro (Apple M4 Max),26.5.2 (25F84),arm64,browser_wasm,Google Chrome 151.0.7922.76,oprf_nullifier,O2-world-id-nullifier,85aeeef539961cae5a63de794997b507a5975717,circom_groth16,circom,snarkjs-groth16-browser-wasm-single-thread,circom-witness-wasm,warmup,0,ok,0,125.5,9000.9,5.9,9126.9,1044.609375,723,39203507,38279392,39203507,,input-to-proof-v1,85aeeef539961cae5a63de794997b507a5975717,"{""circom"":""2.2.2"",""snarkjs"":""0.7.6""}","{""raw_evidence_sha256"":""b753e17b7a98eaffc65aea9ada93f4ed0f5d481a074df79cee9e28fe8cbdd094""}",,"Matched O2 profile: World ID nullifier statement and frozen semantic inputs, including the same public nullifier.",,,/Users/dcbuilder/Code/world/.worktrees/provekit-v1-cross-device-campaign/target/v1-benchmarks/input-to-proof/mac-chrome/oprf_o2__mac_chrome__circom_groth16__warm_reuse.json,warm_reuse,9126.9
input-to-proof-v1-20260807,oprf_o2__mac_chrome__circom_groth16__warm_reuse-1,2026-08-07T17:06:22.622Z,macbook_m4,MacBook Pro (Apple M4 Max),26.5.2 (25F84),arm64,browser_wasm,Google Chrome 151.0.7922.76,oprf_nullifier,O2-world-id-nullifier,85aeeef539961cae5a63de794997b507a5975717,circom_groth16,circom,snarkjs-groth16-browser-wasm-single-thread,circom-witness-wasm,measured,1,ok,0,122,9016.7,6.5,9139.2,1044.609375,722,39203507,38279392,39203507,,input-to-proof-v1,85aeeef539961cae5a63de794997b507a5975717,"{""circom"":""2.2.2"",""snarkjs"":""0.7.6""}","{""raw_evidence_sha256"":""b753e17b7a98eaffc65aea9ada93f4ed0f5d481a074df79cee9e28fe8cbdd094""}",,"Matched O2 profile: World ID nullifier statement and frozen semantic inputs, including the same public nullifier.",,,/Users/dcbuilder/Code/world/.worktrees/provekit-v1-cross-device-campaign/target/v1-benchmarks/input-to-proof/mac-chrome/oprf_o2__mac_chrome__circom_groth16__warm_reuse.json,warm_reuse,9139.2
input-to-proof-v1-20260807,oprf_o2__mac_chrome__circom_groth16__warm_reuse-2,2026-08-07T17:06:22.622Z,macbook_m4,MacBook Pro (Apple M4 Max),26.5.2 (25F84),arm64,browser_wasm,Google Chrome 151.0.7922.76,oprf_nullifier,O2-world-id-nullifier,85aeeef539961cae5a63de794997b507a5975717,circom_groth16,circom,snarkjs-groth16-browser-wasm-single-thread,circom-witness-wasm,measured,2,ok,0,124.4,9000.3,6.4,9125.3,1044.609375,723,39203507,38279392,39203507,,input-to-proof-v1,85aeeef539961cae5a63de794997b507a5975717,"{""circom"":""2.2.2"",""snarkjs"":""0.7.6""}","{""raw_evidence_sha256"":""b753e17b7a98eaffc65aea9ada93f4ed0f5d481a074df79cee9e28fe8cbdd094""}",,"Matched O2 profile: World ID nullifier statement and frozen semantic inputs, including the same public nullifier.",,,/Users/dcbuilder/Code/world/.worktrees/provekit-v1-cross-device-campaign/target/v1-benchmarks/input-to-proof/mac-chrome/oprf_o2__mac_chrome__circom_groth16__warm_reuse.json,warm_reuse,9125.3
input-to-proof-v1-20260807,oprf_o2__mac_chrome__circom_groth16__warm_reuse-3,2026-08-07T17:06:22.622Z,macbook_m4,MacBook Pro (Apple M4 Max),26.5.2 (25F84),arm64,browser_wasm,Google Chrome 151.0.7922.76,oprf_nullifier,O2-world-id-nullifier,85aeeef539961cae5a63de794997b507a5975717,circom_groth16,circom,snarkjs-groth16-browser-wasm-single-thread,circom-witness-wasm,measured,3,ok,0,124,8996.1,8.9,9120.7,1044.609375,722,39203507,38279392,39203507,,input-to-proof-v1,85aeeef539961cae5a63de794997b507a5975717,"{""circom"":""2.2.2"",""snarkjs"":""0.7.6""}","{""raw_evidence_sha256"":""b753e17b7a98eaffc65aea9ada93f4ed0f5d481a074df79cee9e28fe8cbdd094""}",,"Matched O2 profile: World ID nullifier statement and frozen semantic inputs, including the same public nullifier.",,,/Users/dcbuilder/Code/world/.worktrees/provekit-v1-cross-device-campaign/target/v1-benchmarks/input-to-proof/mac-chrome/oprf_o2__mac_chrome__circom_groth16__warm_reuse.json,warm_reuse,9120.7
input-to-proof-v1-20260807,oprf_o2__mac_chrome__circom_groth16__warm_reuse-4,2026-08-07T17:06:22.622Z,macbook_m4,MacBook Pro (Apple M4 Max),26.5.2 (25F84),arm64,browser_wasm,Google Chrome 151.0.7922.76,oprf_nullifier,O2-world-id-nullifier,85aeeef539961cae5a63de794997b507a5975717,circom_groth16,circom,snarkjs-groth16-browser-wasm-single-thread,circom-witness-wasm,measured,4,ok,0,126.1,9009.6,5.9,9135.8,1044.609375,722,39203507,38279392,39203507,,input-to-proof-v1,85aeeef539961cae5a63de794997b507a5975717,"{""circom"":""2.2.2"",""snarkjs"":""0.7.6""}","{""raw_evidence_sha256"":""b753e17b7a98eaffc65aea9ada93f4ed0f5d481a074df79cee9e28fe8cbdd094""}",,"Matched O2 profile: World ID nullifier statement and frozen semantic inputs, including the same public nullifier.",,,/Users/dcbuilder/Code/world/.worktrees/provekit-v1-cross-device-campaign/target/v1-benchmarks/input-to-proof/mac-chrome/oprf_o2__mac_chrome__circom_groth16__warm_reuse.json,warm_reuse,9135.8
input-to-proof-v1-20260807,oprf_o2__mac_chrome__circom_groth16__warm_reuse-5,2026-08-07T17:06:22.622Z,macbook_m4,MacBook Pro (Apple M4 Max),26.5.2 (25F84),arm64,browser_wasm,Google Chrome 151.0.7922.76,oprf_nullifier,O2-world-id-nullifier,85aeeef539961cae5a63de794997b507a5975717,circom_groth16,circom,snarkjs-groth16-browser-wasm-single-thread,circom-witness-wasm,measured,5,ok,0,123.4,9011,5.9,9135,1044.609375,725,39203507,38279392,39203507,,input-to-proof-v1,85aeeef539961cae5a63de794997b507a5975717,"{""circom"":""2.2.2"",""snarkjs"":""0.7.6""}","{""raw_evidence_sha256"":""b753e17b7a98eaffc65aea9ada93f4ed0f5d481a074df79cee9e28fe8cbdd094""}",,"Matched O2 profile: World ID nullifier statement and frozen semantic inputs, including the same public nullifier.",,,/Users/dcbuilder/Code/world/.worktrees/provekit-v1-cross-device-campaign/target/v1-benchmarks/input-to-proof/mac-chrome/oprf_o2__mac_chrome__circom_groth16__warm_reuse.json,warm_reuse,9135
input-to-proof-v1-20260807,webauthn_closest_analogue__mac_chrome__provekit_v1__cold_local-0,2026-08-07T17:07:48.584Z,macbook_m4,MacBook Pro (Apple M4 Max),26.5.2 (25F84),arm64,browser_wasm,Google Chrome 151.0.7922.76,webauthn,closest-analogue,0fb5b4aa1398281c2fd3dbe14db147e05b61f201,provekit_v1,noir,provekit-v1-whir-wasm-single-thread,@noir-lang/noir_js@1.0.0-beta.11,warmup,0,ok,1560.7200000286102,1589.2699999809265,9640.730000019073,368.9950000047684,12790.72000002861,929.140625,974672,2283707,2275876,15913725,389181,input-to-proof-v1,9b2a6f37c67691eab4b0cec6c35e35c520e93285,"{""provekit"":""9b2a6f37c67691eab4b0cec6c35e35c520e93285"",""noir_js"":""1.0.0-beta.11""}","{""raw_evidence_sha256"":""ae99683701a2bf52ad9d6bde513f3702768dab7e2f6900afde7a647a69a318da""}",,"Closest analogue, not equivalent: Noir binds challenge, type, origin, RP-ID hash, flags, and public key; the Circom counterpart omits several bindings.",,,/Users/dcbuilder/Code/world/.worktrees/provekit-v1-cross-device-campaign/target/v1-benchmarks/input-to-proof/mac-chrome/webauthn_closest_analogue__mac_chrome__provekit_v1__cold_local.json,cold_local,12790.72000002861
input-to-proof-v1-20260807,webauthn_closest_analogue__mac_chrome__provekit_v1__cold_local-1,2026-08-07T17:07:48.584Z,macbook_m4,MacBook Pro (Apple M4 Max),26.5.2 (25F84),arm64,browser_wasm,Google Chrome 151.0.7922.76,webauthn,closest-analogue,0fb5b4aa1398281c2fd3dbe14db147e05b61f201,provekit_v1,noir,provekit-v1-whir-wasm-single-thread,@noir-lang/noir_js@1.0.0-beta.11,measured,1,ok,1544.5649999380112,1604.0349999666214,9633.780000090599,384.9299999475479,12782.379999995232,927.765625,970192,2283707,2275876,15913725,389181,input-to-proof-v1,9b2a6f37c67691eab4b0cec6c35e35c520e93285,"{""provekit"":""9b2a6f37c67691eab4b0cec6c35e35c520e93285"",""noir_js"":""1.0.0-beta.11""}","{""raw_evidence_sha256"":""ae99683701a2bf52ad9d6bde513f3702768dab7e2f6900afde7a647a69a318da""}",,"Closest analogue, not equivalent: Noir binds challenge, type, origin, RP-ID hash, flags, and public key; the Circom counterpart omits several bindings.",,,/Users/dcbuilder/Code/world/.worktrees/provekit-v1-cross-device-campaign/target/v1-benchmarks/input-to-proof/mac-chrome/webauthn_closest_analogue__mac_chrome__provekit_v1__cold_local.json,cold_local,12782.379999995232
input-to-proof-v1-20260807,webauthn_closest_analogue__mac_chrome__provekit_v1__cold_local-2,2026-08-07T17:07:48.584Z,macbook_m4,MacBook Pro (Apple M4 Max),26.5.2 (25F84),arm64,browser_wasm,Google Chrome 151.0.7922.76,webauthn,closest-analogue,0fb5b4aa1398281c2fd3dbe14db147e05b61f201,provekit_v1,noir,provekit-v1-whir-wasm-single-thread,@noir-lang/noir_js@1.0.0-beta.11,measured,2,ok,1545.9100000858307,1596.3999999761581,9693.375,373.289999961853,12835.685000061989,924.453125,974928,2283707,2275876,15913725,389181,input-to-proof-v1,9b2a6f37c67691eab4b0cec6c35e35c520e93285,"{""provekit"":""9b2a6f37c67691eab4b0cec6c35e35c520e93285"",""noir_js"":""1.0.0-beta.11""}","{""raw_evidence_sha256"":""ae99683701a2bf52ad9d6bde513f3702768dab7e2f6900afde7a647a69a318da""}",,"Closest analogue, not equivalent: Noir binds challenge, type, origin, RP-ID hash, flags, and public key; the Circom counterpart omits several bindings.",,,/Users/dcbuilder/Code/world/.worktrees/provekit-v1-cross-device-campaign/target/v1-benchmarks/input-to-proof/mac-chrome/webauthn_closest_analogue__mac_chrome__provekit_v1__cold_local.json,cold_local,12835.685000061989
input-to-proof-v1-20260807,webauthn_closest_analogue__mac_chrome__provekit_v1__cold_local-3,2026-08-07T17:07:48.584Z,macbook_m4,MacBook Pro (Apple M4 Max),26.5.2 (25F84),arm64,browser_wasm,Google Chrome 151.0.7922.76,webauthn,closest-analogue,0fb5b4aa1398281c2fd3dbe14db147e05b61f201,provekit_v1,noir,provekit-v1-whir-wasm-single-thread,@noir-lang/noir_js@1.0.0-beta.11,measured,3,ok,1533.1599999666214,1601.5550000667572,9643.679999947548,373.04499995708466,12778.394999980927,925.578125,975224,2283707,2275876,15913725,389181,input-to-proof-v1,9b2a6f37c67691eab4b0cec6c35e35c520e93285,"{""provekit"":""9b2a6f37c67691eab4b0cec6c35e35c520e93285"",""noir_js"":""1.0.0-beta.11""}","{""raw_evidence_sha256"":""ae99683701a2bf52ad9d6bde513f3702768dab7e2f6900afde7a647a69a318da""}",,"Closest analogue, not equivalent: Noir binds challenge, type, origin, RP-ID hash, flags, and public key; the Circom counterpart omits several bindings.",,,/Users/dcbuilder/Code/world/.worktrees/provekit-v1-cross-device-campaign/target/v1-benchmarks/input-to-proof/mac-chrome/webauthn_closest_analogue__mac_chrome__provekit_v1__cold_local.json,cold_local,12778.394999980927
input-to-proof-v1-20260807,webauthn_closest_analogue__mac_chrome__provekit_v1__cold_local-4,2026-08-07T17:07:48.584Z,macbook_m4,MacBook Pro (Apple M4 Max),26.5.2 (25F84),arm64,browser_wasm,Google Chrome 151.0.7922.76,webauthn,closest-analogue,0fb5b4aa1398281c2fd3dbe14db147e05b61f201,provekit_v1,noir,provekit-v1-whir-wasm-single-thread,@noir-lang/noir_js@1.0.0-beta.11,measured,4,ok,1540.9199999570847,1581.4500000476837,9604.769999980927,362.6750000715256,12727.139999985695,929.90625,976548,2283707,2275876,15913725,389181,input-to-proof-v1,9b2a6f37c67691eab4b0cec6c35e35c520e93285,"{""provekit"":""9b2a6f37c67691eab4b0cec6c35e35c520e93285"",""noir_js"":""1.0.0-beta.11""}","{""raw_evidence_sha256"":""ae99683701a2bf52ad9d6bde513f3702768dab7e2f6900afde7a647a69a318da""}",,"Closest analogue, not equivalent: Noir binds challenge, type, origin, RP-ID hash, flags, and public key; the Circom counterpart omits several bindings.",,,/Users/dcbuilder/Code/world/.worktrees/provekit-v1-cross-device-campaign/target/v1-benchmarks/input-to-proof/mac-chrome/webauthn_closest_analogue__mac_chrome__provekit_v1__cold_local.json,cold_local,12727.139999985695
input-to-proof-v1-20260807,webauthn_closest_analogue__mac_chrome__provekit_v1__cold_local-5,2026-08-07T17:07:48.584Z,macbook_m4,MacBook Pro (Apple M4 Max),26.5.2 (25F84),arm64,browser_wasm,Google Chrome 151.0.7922.76,webauthn,closest-analogue,0fb5b4aa1398281c2fd3dbe14db147e05b61f201,provekit_v1,noir,provekit-v1-whir-wasm-single-thread,@noir-lang/noir_js@1.0.0-beta.11,measured,5,ok,1552.0400000810623,1600.5149999856949,9630.5,368.0199999809265,12783.055000066757,929.46875,971600,2283707,2275876,15913725,389181,input-to-proof-v1,9b2a6f37c67691eab4b0cec6c35e35c520e93285,"{""provekit"":""9b2a6f37c67691eab4b0cec6c35e35c520e93285"",""noir_js"":""1.0.0-beta.11""}","{""raw_evidence_sha256"":""ae99683701a2bf52ad9d6bde513f3702768dab7e2f6900afde7a647a69a318da""}",,"Closest analogue, not equivalent: Noir binds challenge, type, origin, RP-ID hash, flags, and public key; the Circom counterpart omits several bindings.",,,/Users/dcbuilder/Code/world/.worktrees/provekit-v1-cross-device-campaign/target/v1-benchmarks/input-to-proof/mac-chrome/webauthn_closest_analogue__mac_chrome__provekit_v1__cold_local.json,cold_local,12783.055000066757
input-to-proof-v1-20260807,webauthn_closest_analogue__mac_chrome__provekit_v1__warm_reuse-0,2026-08-07T17:09:01.941Z,macbook_m4,MacBook Pro (Apple M4 Max),26.5.2 (25F84),arm64,browser_wasm,Google Chrome 151.0.7922.76,webauthn,closest-analogue,0fb5b4aa1398281c2fd3dbe14db147e05b61f201,provekit_v1,noir,provekit-v1-whir-wasm-single-thread,@noir-lang/noir_js@1.0.0-beta.11,warmup,0,ok,576.5900000333786,1596.125,9637.524999976158,367.44000005722046,11810.240000009537,1027.15625,973860,2283707,2275876,15913725,389181,input-to-proof-v1,9b2a6f37c67691eab4b0cec6c35e35c520e93285,"{""provekit"":""9b2a6f37c67691eab4b0cec6c35e35c520e93285"",""noir_js"":""1.0.0-beta.11""}","{""raw_evidence_sha256"":""056f32c8ce5f5185a7e3a23a0b9b61ec8c51cc105db5c033c3dc719ed8254867""}",,"Closest analogue, not equivalent: Noir binds challenge, type, origin, RP-ID hash, flags, and public key; the Circom counterpart omits several bindings.",,,/Users/dcbuilder/Code/world/.worktrees/provekit-v1-cross-device-campaign/target/v1-benchmarks/input-to-proof/mac-chrome/webauthn_closest_analogue__mac_chrome__provekit_v1__warm_reuse.json,warm_reuse,11810.240000009537
input-to-proof-v1-20260807,webauthn_closest_analogue__mac_chrome__provekit_v1__warm_reuse-1,2026-08-07T17:09:01.941Z,macbook_m4,MacBook Pro (Apple M4 Max),26.5.2 (25F84),arm64,browser_wasm,Google Chrome 151.0.7922.76,webauthn,closest-analogue,0fb5b4aa1398281c2fd3dbe14db147e05b61f201,provekit_v1,noir,provekit-v1-whir-wasm-single-thread,@noir-lang/noir_js@1.0.0-beta.11,measured,1,ok,583.5899999141693,1188.8450000286102,9549.27999997139,355.8799999952316,11321.71499991417,1027.15625,973520,2283707,2275876,15913725,389181,input-to-proof-v1,9b2a6f37c67691eab4b0cec6c35e35c520e93285,"{""provekit"":""9b2a6f37c67691eab4b0cec6c35e35c520e93285"",""noir_js"":""1.0.0-beta.11""}","{""raw_evidence_sha256"":""056f32c8ce5f5185a7e3a23a0b9b61ec8c51cc105db5c033c3dc719ed8254867""}",,"Closest analogue, not equivalent: Noir binds challenge, type, origin, RP-ID hash, flags, and public key; the Circom counterpart omits several bindings.",,,/Users/dcbuilder/Code/world/.worktrees/provekit-v1-cross-device-campaign/target/v1-benchmarks/input-to-proof/mac-chrome/webauthn_closest_analogue__mac_chrome__provekit_v1__warm_reuse.json,warm_reuse,11321.71499991417
input-to-proof-v1-20260807,webauthn_closest_analogue__mac_chrome__provekit_v1__warm_reuse-2,2026-08-07T17:09:01.941Z,macbook_m4,MacBook Pro (Apple M4 Max),26.5.2 (25F84),arm64,browser_wasm,Google Chrome 151.0.7922.76,webauthn,closest-analogue,0fb5b4aa1398281c2fd3dbe14db147e05b61f201,provekit_v1,noir,provekit-v1-whir-wasm-single-thread,@noir-lang/noir_js@1.0.0-beta.11,measured,2,ok,584.7800000905991,1182.679999947548,9524.820000052452,356.5849999189377,11292.280000090599,1027.15625,972368,2283707,2275876,15913725,389181,input-to-proof-v1,9b2a6f37c67691eab4b0cec6c35e35c520e93285,"{""provekit"":""9b2a6f37c67691eab4b0cec6c35e35c520e93285"",""noir_js"":""1.0.0-beta.11""}","{""raw_evidence_sha256"":""056f32c8ce5f5185a7e3a23a0b9b61ec8c51cc105db5c033c3dc719ed8254867""}",,"Closest analogue, not equivalent: Noir binds challenge, type, origin, RP-ID hash, flags, and public key; the Circom counterpart omits several bindings.",,,/Users/dcbuilder/Code/world/.worktrees/provekit-v1-cross-device-campaign/target/v1-benchmarks/input-to-proof/mac-chrome/webauthn_closest_analogue__mac_chrome__provekit_v1__warm_reuse.json,warm_reuse,11292.280000090599
input-to-proof-v1-20260807,webauthn_closest_analogue__mac_chrome__provekit_v1__warm_reuse-3,2026-08-07T17:09:01.941Z,macbook_m4,MacBook Pro (Apple M4 Max),26.5.2 (25F84),arm64,browser_wasm,Google Chrome 151.0.7922.76,webauthn,closest-analogue,0fb5b4aa1398281c2fd3dbe14db147e05b61f201,provekit_v1,noir,provekit-v1-whir-wasm-single-thread,@noir-lang/noir_js@1.0.0-beta.11,measured,3,ok,576.6549999713898,1192.1749999523163,9520.915000081062,359.7549999952316,11289.745000004768,1027.15625,970576,2283707,2275876,15913725,389181,input-to-proof-v1,9b2a6f37c67691eab4b0cec6c35e35c520e93285,"{""provekit"":""9b2a6f37c67691eab4b0cec6c35e35c520e93285"",""noir_js"":""1.0.0-beta.11""}","{""raw_evidence_sha256"":""056f32c8ce5f5185a7e3a23a0b9b61ec8c51cc105db5c033c3dc719ed8254867""}",,"Closest analogue, not equivalent: Noir binds challenge, type, origin, RP-ID hash, flags, and public key; the Circom counterpart omits several bindings.",,,/Users/dcbuilder/Code/world/.worktrees/provekit-v1-cross-device-campaign/target/v1-benchmarks/input-to-proof/mac-chrome/webauthn_closest_analogue__mac_chrome__provekit_v1__warm_reuse.json,warm_reuse,11289.745000004768
input-to-proof-v1-20260807,webauthn_closest_analogue__mac_chrome__provekit_v1__warm_reuse-4,2026-08-07T17:09:01.941Z,macbook_m4,MacBook Pro (Apple M4 Max),26.5.2 (25F84),arm64,browser_wasm,Google Chrome 151.0.7922.76,webauthn,closest-analogue,0fb5b4aa1398281c2fd3dbe14db147e05b61f201,provekit_v1,noir,provekit-v1-whir-wasm-single-thread,@noir-lang/noir_js@1.0.0-beta.11,measured,4,ok,579.8249999284744,1210.7549999952316,9551.820000052452,357.8250000476837,11342.40499997139,1027.15625,974500,2283707,2275876,15913725,389181,input-to-proof-v1,9b2a6f37c67691eab4b0cec6c35e35c520e93285,"{""provekit"":""9b2a6f37c67691eab4b0cec6c35e35c520e93285"",""noir_js"":""1.0.0-beta.11""}","{""raw_evidence_sha256"":""056f32c8ce5f5185a7e3a23a0b9b61ec8c51cc105db5c033c3dc719ed8254867""}",,"Closest analogue, not equivalent: Noir binds challenge, type, origin, RP-ID hash, flags, and public key; the Circom counterpart omits several bindings.",,,/Users/dcbuilder/Code/world/.worktrees/provekit-v1-cross-device-campaign/target/v1-benchmarks/input-to-proof/mac-chrome/webauthn_closest_analogue__mac_chrome__provekit_v1__warm_reuse.json,warm_reuse,11342.40499997139
input-to-proof-v1-20260807,webauthn_closest_analogue__mac_chrome__provekit_v1__warm_reuse-5,2026-08-07T17:09:01.941Z,macbook_m4,MacBook Pro (Apple M4 Max),26.5.2 (25F84),arm64,browser_wasm,Google Chrome 151.0.7922.76,webauthn,closest-analogue,0fb5b4aa1398281c2fd3dbe14db147e05b61f201,provekit_v1,noir,provekit-v1-whir-wasm-single-thread,@noir-lang/noir_js@1.0.0-beta.11,measured,5,ok,580.5600000619888,1195.5749999284744,9510.040000081062,364.4800000190735,11286.175000071526,1027.15625,974160,2283707,2275876,15913725,389181,input-to-proof-v1,9b2a6f37c67691eab4b0cec6c35e35c520e93285,"{""provekit"":""9b2a6f37c67691eab4b0cec6c35e35c520e93285"",""noir_js"":""1.0.0-beta.11""}","{""raw_evidence_sha256"":""056f32c8ce5f5185a7e3a23a0b9b61ec8c51cc105db5c033c3dc719ed8254867""}",,"Closest analogue, not equivalent: Noir binds challenge, type, origin, RP-ID hash, flags, and public key; the Circom counterpart omits several bindings.",,,/Users/dcbuilder/Code/world/.worktrees/provekit-v1-cross-device-campaign/target/v1-benchmarks/input-to-proof/mac-chrome/webauthn_closest_analogue__mac_chrome__provekit_v1__warm_reuse.json,warm_reuse,11286.175000071526
input-to-proof-v1-20260807,webauthn_closest_analogue__mac_chrome__noir_barretenberg__cold_local-0,2026-08-07T17:13:44.104Z,macbook_m4,MacBook Pro (Apple M4 Max),26.5.2 (25F84),arm64,browser_wasm,Google Chrome 151.0.7922.76,webauthn,closest-analogue,0fb5b4aa1398281c2fd3dbe14db147e05b61f201,noir_barretenberg,noir,barretenberg-ultrahonk-wasm-single-thread,@noir-lang/noir_js@1.0.0-beta.19,warmup,0,ok,15434.12,1250.56,9614.075,2209.79,26298.755,1217.046875,16000,74003114,73995283,74003114,,input-to-proof-v1,0fb5b4aa1398281c2fd3dbe14db147e05b61f201,"{""bb_js"":""4.2.0-aztecnr-rc.2"",""noir_js"":""1.0.0-beta.19""}","{""raw_evidence_sha256"":""23359d4ff7ba5e9320f9ce02e5ca5c7b5f3e20c3f12004cb5283e1a0a7ba4743""}",,"Closest analogue, not equivalent: Noir binds challenge, type, origin, RP-ID hash, flags, and public key; the Circom counterpart omits several bindings.",,,/Users/dcbuilder/Code/world/.worktrees/provekit-v1-cross-device-campaign/target/v1-benchmarks/input-to-proof/mac-chrome/webauthn_closest_analogue__mac_chrome__noir_barretenberg__cold_local.json,cold_local,26298.755
input-to-proof-v1-20260807,webauthn_closest_analogue__mac_chrome__noir_barretenberg__cold_local-1,2026-08-07T17:13:44.104Z,macbook_m4,MacBook Pro (Apple M4 Max),26.5.2 (25F84),arm64,browser_wasm,Google Chrome 151.0.7922.76,webauthn,closest-analogue,0fb5b4aa1398281c2fd3dbe14db147e05b61f201,noir_barretenberg,noir,barretenberg-ultrahonk-wasm-single-thread,@noir-lang/noir_js@1.0.0-beta.19,measured,1,ok,15267.53,1235.16,9607.57,2213.555,26110.26,1218.328125,16000,74003114,73995283,74003114,,input-to-proof-v1,0fb5b4aa1398281c2fd3dbe14db147e05b61f201,"{""bb_js"":""4.2.0-aztecnr-rc.2"",""noir_js"":""1.0.0-beta.19""}","{""raw_evidence_sha256"":""23359d4ff7ba5e9320f9ce02e5ca5c7b5f3e20c3f12004cb5283e1a0a7ba4743""}",,"Closest analogue, not equivalent: Noir binds challenge, type, origin, RP-ID hash, flags, and public key; the Circom counterpart omits several bindings.",,,/Users/dcbuilder/Code/world/.worktrees/provekit-v1-cross-device-campaign/target/v1-benchmarks/input-to-proof/mac-chrome/webauthn_closest_analogue__mac_chrome__noir_barretenberg__cold_local.json,cold_local,26110.26
input-to-proof-v1-20260807,webauthn_closest_analogue__mac_chrome__noir_barretenberg__cold_local-2,2026-08-07T17:13:44.104Z,macbook_m4,MacBook Pro (Apple M4 Max),26.5.2 (25F84),arm64,browser_wasm,Google Chrome 151.0.7922.76,webauthn,closest-analogue,0fb5b4aa1398281c2fd3dbe14db147e05b61f201,noir_barretenberg,noir,barretenberg-ultrahonk-wasm-single-thread,@noir-lang/noir_js@1.0.0-beta.19,measured,2,ok,15584.6,1230.495,9566.49,2183.805,26381.585,1222.96875,16000,74003114,73995283,74003114,,input-to-proof-v1,0fb5b4aa1398281c2fd3dbe14db147e05b61f201,"{""bb_js"":""4.2.0-aztecnr-rc.2"",""noir_js"":""1.0.0-beta.19""}","{""raw_evidence_sha256"":""23359d4ff7ba5e9320f9ce02e5ca5c7b5f3e20c3f12004cb5283e1a0a7ba4743""}",,"Closest analogue, not equivalent: Noir binds challenge, type, origin, RP-ID hash, flags, and public key; the Circom counterpart omits several bindings.",,,/Users/dcbuilder/Code/world/.worktrees/provekit-v1-cross-device-campaign/target/v1-benchmarks/input-to-proof/mac-chrome/webauthn_closest_analogue__mac_chrome__noir_barretenberg__cold_local.json,cold_local,26381.585
input-to-proof-v1-20260807,webauthn_closest_analogue__mac_chrome__noir_barretenberg__cold_local-3,2026-08-07T17:13:44.104Z,macbook_m4,MacBook Pro (Apple M4 Max),26.5.2 (25F84),arm64,browser_wasm,Google Chrome 151.0.7922.76,webauthn,closest-analogue,0fb5b4aa1398281c2fd3dbe14db147e05b61f201,noir_barretenberg,noir,barretenberg-ultrahonk-wasm-single-thread,@noir-lang/noir_js@1.0.0-beta.19,measured,3,ok,15239.62,1231.67,9611.06,2217.63,26082.35,1223.015625,16000,74003114,73995283,74003114,,input-to-proof-v1,0fb5b4aa1398281c2fd3dbe14db147e05b61f201,"{""bb_js"":""4.2.0-aztecnr-rc.2"",""noir_js"":""1.0.0-beta.19""}","{""raw_evidence_sha256"":""23359d4ff7ba5e9320f9ce02e5ca5c7b5f3e20c3f12004cb5283e1a0a7ba4743""}",,"Closest analogue, not equivalent: Noir binds challenge, type, origin, RP-ID hash, flags, and public key; the Circom counterpart omits several bindings.",,,/Users/dcbuilder/Code/world/.worktrees/provekit-v1-cross-device-campaign/target/v1-benchmarks/input-to-proof/mac-chrome/webauthn_closest_analogue__mac_chrome__noir_barretenberg__cold_local.json,cold_local,26082.35
input-to-proof-v1-20260807,webauthn_closest_analogue__mac_chrome__noir_barretenberg__cold_local-4,2026-08-07T17:13:44.104Z,macbook_m4,MacBook Pro (Apple M4 Max),26.5.2 (25F84),arm64,browser_wasm,Google Chrome 151.0.7922.76,webauthn,closest-analogue,0fb5b4aa1398281c2fd3dbe14db147e05b61f201,noir_barretenberg,noir,barretenberg-ultrahonk-wasm-single-thread,@noir-lang/noir_js@1.0.0-beta.19,measured,4,ok,15396.51,1233.48,9566.9,2182.6,26196.89,1219.296875,16000,74003114,73995283,74003114,,input-to-proof-v1,0fb5b4aa1398281c2fd3dbe14db147e05b61f201,"{""bb_js"":""4.2.0-aztecnr-rc.2"",""noir_js"":""1.0.0-beta.19""}","{""raw_evidence_sha256"":""23359d4ff7ba5e9320f9ce02e5ca5c7b5f3e20c3f12004cb5283e1a0a7ba4743""}",,"Closest analogue, not equivalent: Noir binds challenge, type, origin, RP-ID hash, flags, and public key; the Circom counterpart omits several bindings.",,,/Users/dcbuilder/Code/world/.worktrees/provekit-v1-cross-device-campaign/target/v1-benchmarks/input-to-proof/mac-chrome/webauthn_closest_analogue__mac_chrome__noir_barretenberg__cold_local.json,cold_local,26196.89
input-to-proof-v1-20260807,webauthn_closest_analogue__mac_chrome__noir_barretenberg__cold_local-5,2026-08-07T17:13:44.104Z,macbook_m4,MacBook Pro (Apple M4 Max),26.5.2 (25F84),arm64,browser_wasm,Google Chrome 151.0.7922.76,webauthn,closest-analogue,0fb5b4aa1398281c2fd3dbe14db147e05b61f201,noir_barretenberg,noir,barretenberg-ultrahonk-wasm-single-thread,@noir-lang/noir_js@1.0.0-beta.19,measured,5,ok,15536.365,1224.615,9573.805,2181.74,26334.785,1223.90625,16000,74003114,73995283,74003114,,input-to-proof-v1,0fb5b4aa1398281c2fd3dbe14db147e05b61f201,"{""bb_js"":""4.2.0-aztecnr-rc.2"",""noir_js"":""1.0.0-beta.19""}","{""raw_evidence_sha256"":""23359d4ff7ba5e9320f9ce02e5ca5c7b5f3e20c3f12004cb5283e1a0a7ba4743""}",,"Closest analogue, not equivalent: Noir binds challenge, type, origin, RP-ID hash, flags, and public key; the Circom counterpart omits several bindings.",,,/Users/dcbuilder/Code/world/.worktrees/provekit-v1-cross-device-campaign/target/v1-benchmarks/input-to-proof/mac-chrome/webauthn_closest_analogue__mac_chrome__noir_barretenberg__cold_local.json,cold_local,26334.785
input-to-proof-v1-20260807,webauthn_closest_analogue__mac_chrome__noir_barretenberg__warm_reuse-0,2026-08-07T17:15:17.999Z,macbook_m4,MacBook Pro (Apple M4 Max),26.5.2 (25F84),arm64,browser_wasm,Google Chrome 151.0.7922.76,webauthn,closest-analogue,0fb5b4aa1398281c2fd3dbe14db147e05b61f201,noir_barretenberg,noir,barretenberg-ultrahonk-wasm-single-thread,@noir-lang/noir_js@1.0.0-beta.19,warmup,0,ok,0,1001.84,9374.79,0,10376.67,1388.984375,16000,74003114,73995283,74003114,,input-to-proof-v1,0fb5b4aa1398281c2fd3dbe14db147e05b61f201,"{""bb_js"":""4.2.0-aztecnr-rc.2"",""noir_js"":""1.0.0-beta.19""}","{""raw_evidence_sha256"":""f99d3e5d12736e72ae28f79687f456b24df0dd135f71a7ee8cdb60ab01b53544""}",,"Closest analogue, not equivalent: Noir binds challenge, type, origin, RP-ID hash, flags, and public key; the Circom counterpart omits several bindings.",,,/Users/dcbuilder/Code/world/.worktrees/provekit-v1-cross-device-campaign/target/v1-benchmarks/input-to-proof/mac-chrome/webauthn_closest_analogue__mac_chrome__noir_barretenberg__warm_reuse.json,warm_reuse,10376.67
input-to-proof-v1-20260807,webauthn_closest_analogue__mac_chrome__noir_barretenberg__warm_reuse-1,2026-08-07T17:15:17.999Z,macbook_m4,MacBook Pro (Apple M4 Max),26.5.2 (25F84),arm64,browser_wasm,Google Chrome 151.0.7922.76,webauthn,closest-analogue,0fb5b4aa1398281c2fd3dbe14db147e05b61f201,noir_barretenberg,noir,barretenberg-ultrahonk-wasm-single-thread,@noir-lang/noir_js@1.0.0-beta.19,measured,1,ok,0,1004.135,9414.56,0,10418.72,1388.984375,16000,74003114,73995283,74003114,,input-to-proof-v1,0fb5b4aa1398281c2fd3dbe14db147e05b61f201,"{""bb_js"":""4.2.0-aztecnr-rc.2"",""noir_js"":""1.0.0-beta.19""}","{""raw_evidence_sha256"":""f99d3e5d12736e72ae28f79687f456b24df0dd135f71a7ee8cdb60ab01b53544""}",,"Closest analogue, not equivalent: Noir binds challenge, type, origin, RP-ID hash, flags, and public key; the Circom counterpart omits several bindings.",,,/Users/dcbuilder/Code/world/.worktrees/provekit-v1-cross-device-campaign/target/v1-benchmarks/input-to-proof/mac-chrome/webauthn_closest_analogue__mac_chrome__noir_barretenberg__warm_reuse.json,warm_reuse,10418.72
input-to-proof-v1-20260807,webauthn_closest_analogue__mac_chrome__noir_barretenberg__warm_reuse-2,2026-08-07T17:15:17.999Z,macbook_m4,MacBook Pro (Apple M4 Max),26.5.2 (25F84),arm64,browser_wasm,Google Chrome 151.0.7922.76,webauthn,closest-analogue,0fb5b4aa1398281c2fd3dbe14db147e05b61f201,noir_barretenberg,noir,barretenberg-ultrahonk-wasm-single-thread,@noir-lang/noir_js@1.0.0-beta.19,measured,2,ok,0,1000.75,9393.03,0,10393.81,1388.984375,16000,74003114,73995283,74003114,,input-to-proof-v1,0fb5b4aa1398281c2fd3dbe14db147e05b61f201,"{""bb_js"":""4.2.0-aztecnr-rc.2"",""noir_js"":""1.0.0-beta.19""}","{""raw_evidence_sha256"":""f99d3e5d12736e72ae28f79687f456b24df0dd135f71a7ee8cdb60ab01b53544""}",,"Closest analogue, not equivalent: Noir binds challenge, type, origin, RP-ID hash, flags, and public key; the Circom counterpart omits several bindings.",,,/Users/dcbuilder/Code/world/.worktrees/provekit-v1-cross-device-campaign/target/v1-benchmarks/input-to-proof/mac-chrome/webauthn_closest_analogue__mac_chrome__noir_barretenberg__warm_reuse.json,warm_reuse,10393.81
input-to-proof-v1-20260807,webauthn_closest_analogue__mac_chrome__noir_barretenberg__warm_reuse-3,2026-08-07T17:15:17.999Z,macbook_m4,MacBook Pro (Apple M4 Max),26.5.2 (25F84),arm64,browser_wasm,Google Chrome 151.0.7922.76,webauthn,closest-analogue,0fb5b4aa1398281c2fd3dbe14db147e05b61f201,noir_barretenberg,noir,barretenberg-ultrahonk-wasm-single-thread,@noir-lang/noir_js@1.0.0-beta.19,measured,3,ok,0,992.96,9367.595,0,10360.74,1388.984375,16000,74003114,73995283,74003114,,input-to-proof-v1,0fb5b4aa1398281c2fd3dbe14db147e05b61f201,"{""bb_js"":""4.2.0-aztecnr-rc.2"",""noir_js"":""1.0.0-beta.19""}","{""raw_evidence_sha256"":""f99d3e5d12736e72ae28f79687f456b24df0dd135f71a7ee8cdb60ab01b53544""}",,"Closest analogue, not equivalent: Noir binds challenge, type, origin, RP-ID hash, flags, and public key; the Circom counterpart omits several bindings.",,,/Users/dcbuilder/Code/world/.worktrees/provekit-v1-cross-device-campaign/target/v1-benchmarks/input-to-proof/mac-chrome/webauthn_closest_analogue__mac_chrome__noir_barretenberg__warm_reuse.json,warm_reuse,10360.74
input-to-proof-v1-20260807,webauthn_closest_analogue__mac_chrome__noir_barretenberg__warm_reuse-4,2026-08-07T17:15:17.999Z,macbook_m4,MacBook Pro (Apple M4 Max),26.5.2 (25F84),arm64,browser_wasm,Google Chrome 151.0.7922.76,webauthn,closest-analogue,0fb5b4aa1398281c2fd3dbe14db147e05b61f201,noir_barretenberg,noir,barretenberg-ultrahonk-wasm-single-thread,@noir-lang/noir_js@1.0.0-beta.19,measured,4,ok,0,984.25,9401.005,0,10385.285,1388.984375,16000,74003114,73995283,74003114,,input-to-proof-v1,0fb5b4aa1398281c2fd3dbe14db147e05b61f201,"{""bb_js"":""4.2.0-aztecnr-rc.2"",""noir_js"":""1.0.0-beta.19""}","{""raw_evidence_sha256"":""f99d3e5d12736e72ae28f79687f456b24df0dd135f71a7ee8cdb60ab01b53544""}",,"Closest analogue, not equivalent: Noir binds challenge, type, origin, RP-ID hash, flags, and public key; the Circom counterpart omits several bindings.",,,/Users/dcbuilder/Code/world/.worktrees/provekit-v1-cross-device-campaign/target/v1-benchmarks/input-to-proof/mac-chrome/webauthn_closest_analogue__mac_chrome__noir_barretenberg__warm_reuse.json,warm_reuse,10385.285
input-to-proof-v1-20260807,webauthn_closest_analogue__mac_chrome__noir_barretenberg__warm_reuse-5,2026-08-07T17:15:17.999Z,macbook_m4,MacBook Pro (Apple M4 Max),26.5.2 (25F84),arm64,browser_wasm,Google Chrome 151.0.7922.76,webauthn,closest-analogue,0fb5b4aa1398281c2fd3dbe14db147e05b61f201,noir_barretenberg,noir,barretenberg-ultrahonk-wasm-single-thread,@noir-lang/noir_js@1.0.0-beta.19,measured,5,ok,0,1018.24,9382.185,0,10400.44,1388.984375,16000,74003114,73995283,74003114,,input-to-proof-v1,0fb5b4aa1398281c2fd3dbe14db147e05b61f201,"{""bb_js"":""4.2.0-aztecnr-rc.2"",""noir_js"":""1.0.0-beta.19""}","{""raw_evidence_sha256"":""f99d3e5d12736e72ae28f79687f456b24df0dd135f71a7ee8cdb60ab01b53544""}",,"Closest analogue, not equivalent: Noir binds challenge, type, origin, RP-ID hash, flags, and public key; the Circom counterpart omits several bindings.",,,/Users/dcbuilder/Code/world/.worktrees/provekit-v1-cross-device-campaign/target/v1-benchmarks/input-to-proof/mac-chrome/webauthn_closest_analogue__mac_chrome__noir_barretenberg__warm_reuse.json,warm_reuse,10400.44
input-to-proof-v1-20260807,webauthn_closest_analogue__mac_chrome__circom_groth16__cold_local-0,2026-08-07T17:40:07.664Z,macbook_m4,MacBook Pro (Apple M4 Max),26.5.2 (25F84),arm64,browser_wasm,Google Chrome 151.0.7922.76,webauthn,closest-analogue,0fb5b4aa1398281c2fd3dbe14db147e05b61f201,circom_groth16,circom,snarkjs-groth16-browser-wasm-single-thread,circom-witness-wasm,warmup,0,ok,2.9,60789.1,153769.8,42.5,214561.8,10632.9375,724,1753618376,1733145772,1753618376,,input-to-proof-v1,0fb5b4aa1398281c2fd3dbe14db147e05b61f201,"{""circom"":""2.2.2"",""snarkjs"":""0.7.6""}","{""raw_evidence_sha256"":""230e8560ba13b43008d797675bcd487a253a56d7eec3f837957f626a16e964f2""}",,"Closest analogue, not equivalent: Noir binds challenge, type, origin, RP-ID hash, flags, and public key; the Circom counterpart omits several bindings.",,,/Users/dcbuilder/Code/world/.worktrees/provekit-v1-cross-device-campaign/target/v1-benchmarks/input-to-proof/mac-chrome/webauthn_closest_analogue__mac_chrome__circom_groth16__cold_local.json,cold_local,214561.8
input-to-proof-v1-20260807,webauthn_closest_analogue__mac_chrome__circom_groth16__cold_local-1,2026-08-07T17:40:07.664Z,macbook_m4,MacBook Pro (Apple M4 Max),26.5.2 (25F84),arm64,browser_wasm,Google Chrome 151.0.7922.76,webauthn,closest-analogue,0fb5b4aa1398281c2fd3dbe14db147e05b61f201,circom_groth16,circom,snarkjs-groth16-browser-wasm-single-thread,circom-witness-wasm,measured,1,ok,4.3,60845.5,153344.2,42.1,214194,10811.59375,723,1753618376,1733145772,1753618376,,input-to-proof-v1,0fb5b4aa1398281c2fd3dbe14db147e05b61f201,"{""circom"":""2.2.2"",""snarkjs"":""0.7.6""}","{""raw_evidence_sha256"":""230e8560ba13b43008d797675bcd487a253a56d7eec3f837957f626a16e964f2""}",,"Closest analogue, not equivalent: Noir binds challenge, type, origin, RP-ID hash, flags, and public key; the Circom counterpart omits several bindings.",,,/Users/dcbuilder/Code/world/.worktrees/provekit-v1-cross-device-campaign/target/v1-benchmarks/input-to-proof/mac-chrome/webauthn_closest_analogue__mac_chrome__circom_groth16__cold_local.json,cold_local,214194
input-to-proof-v1-20260807,webauthn_closest_analogue__mac_chrome__circom_groth16__cold_local-2,2026-08-07T17:40:07.664Z,macbook_m4,MacBook Pro (Apple M4 Max),26.5.2 (25F84),arm64,browser_wasm,Google Chrome 151.0.7922.76,webauthn,closest-analogue,0fb5b4aa1398281c2fd3dbe14db147e05b61f201,circom_groth16,circom,snarkjs-groth16-browser-wasm-single-thread,circom-witness-wasm,measured,2,ok,3.3,60769.9,153086.7,41.2,213859.9,10640.71875,722,1753618376,1733145772,1753618376,,input-to-proof-v1,0fb5b4aa1398281c2fd3dbe14db147e05b61f201,"{""circom"":""2.2.2"",""snarkjs"":""0.7.6""}","{""raw_evidence_sha256"":""230e8560ba13b43008d797675bcd487a253a56d7eec3f837957f626a16e964f2""}",,"Closest analogue, not equivalent: Noir binds challenge, type, origin, RP-ID hash, flags, and public key; the Circom counterpart omits several bindings.",,,/Users/dcbuilder/Code/world/.worktrees/provekit-v1-cross-device-campaign/target/v1-benchmarks/input-to-proof/mac-chrome/webauthn_closest_analogue__mac_chrome__circom_groth16__cold_local.json,cold_local,213859.9
input-to-proof-v1-20260807,webauthn_closest_analogue__mac_chrome__circom_groth16__cold_local-3,2026-08-07T17:40:07.664Z,macbook_m4,MacBook Pro (Apple M4 Max),26.5.2 (25F84),arm64,browser_wasm,Google Chrome 151.0.7922.76,webauthn,closest-analogue,0fb5b4aa1398281c2fd3dbe14db147e05b61f201,circom_groth16,circom,snarkjs-groth16-browser-wasm-single-thread,circom-witness-wasm,measured,3,ok,3.5,60862.8,152847.2,41.5,213713.5,10800.390625,725,1753618376,1733145772,1753618376,,input-to-proof-v1,0fb5b4aa1398281c2fd3dbe14db147e05b61f201,"{""circom"":""2.2.2"",""snarkjs"":""0.7.6""}","{""raw_evidence_sha256"":""230e8560ba13b43008d797675bcd487a253a56d7eec3f837957f626a16e964f2""}",,"Closest analogue, not equivalent: Noir binds challenge, type, origin, RP-ID hash, flags, and public key; the Circom counterpart omits several bindings.",,,/Users/dcbuilder/Code/world/.worktrees/provekit-v1-cross-device-campaign/target/v1-benchmarks/input-to-proof/mac-chrome/webauthn_closest_analogue__mac_chrome__circom_groth16__cold_local.json,cold_local,213713.5
input-to-proof-v1-20260807,webauthn_closest_analogue__mac_chrome__circom_groth16__cold_local-4,2026-08-07T17:40:07.664Z,macbook_m4,MacBook Pro (Apple M4 Max),26.5.2 (25F84),arm64,browser_wasm,Google Chrome 151.0.7922.76,webauthn,closest-analogue,0fb5b4aa1398281c2fd3dbe14db147e05b61f201,circom_groth16,circom,snarkjs-groth16-browser-wasm-single-thread,circom-witness-wasm,measured,4,ok,4.9,60718.4,153483.5,41.5,214206.8,10643.8125,724,1753618376,1733145772,1753618376,,input-to-proof-v1,0fb5b4aa1398281c2fd3dbe14db147e05b61f201,"{""circom"":""2.2.2"",""snarkjs"":""0.7.6""}","{""raw_evidence_sha256"":""230e8560ba13b43008d797675bcd487a253a56d7eec3f837957f626a16e964f2""}",,"Closest analogue, not equivalent: Noir binds challenge, type, origin, RP-ID hash, flags, and public key; the Circom counterpart omits several bindings.",,,/Users/dcbuilder/Code/world/.worktrees/provekit-v1-cross-device-campaign/target/v1-benchmarks/input-to-proof/mac-chrome/webauthn_closest_analogue__mac_chrome__circom_groth16__cold_local.json,cold_local,214206.8
input-to-proof-v1-20260807,webauthn_closest_analogue__mac_chrome__circom_groth16__cold_local-5,2026-08-07T17:40:07.664Z,macbook_m4,MacBook Pro (Apple M4 Max),26.5.2 (25F84),arm64,browser_wasm,Google Chrome 151.0.7922.76,webauthn,closest-analogue,0fb5b4aa1398281c2fd3dbe14db147e05b61f201,circom_groth16,circom,snarkjs-groth16-browser-wasm-single-thread,circom-witness-wasm,measured,5,ok,12.3,60921.4,153416.8,41.7,214350.5,10669.96875,725,1753618376,1733145772,1753618376,,input-to-proof-v1,0fb5b4aa1398281c2fd3dbe14db147e05b61f201,"{""circom"":""2.2.2"",""snarkjs"":""0.7.6""}","{""raw_evidence_sha256"":""230e8560ba13b43008d797675bcd487a253a56d7eec3f837957f626a16e964f2""}",,"Closest analogue, not equivalent: Noir binds challenge, type, origin, RP-ID hash, flags, and public key; the Circom counterpart omits several bindings.",,,/Users/dcbuilder/Code/world/.worktrees/provekit-v1-cross-device-campaign/target/v1-benchmarks/input-to-proof/mac-chrome/webauthn_closest_analogue__mac_chrome__circom_groth16__cold_local.json,cold_local,214350.5
input-to-proof-v1-20260807,webauthn_closest_analogue__mac_chrome__circom_groth16__warm_reuse-0,2026-08-07T18:01:29.909Z,macbook_m4,MacBook Pro (Apple M4 Max),26.5.2 (25F84),arm64,browser_wasm,Google Chrome 151.0.7922.76,webauthn,closest-analogue,0fb5b4aa1398281c2fd3dbe14db147e05b61f201,circom_groth16,circom,snarkjs-groth16-browser-wasm-single-thread,circom-witness-wasm,warmup,0,ok,0,60861.4,152867.5,40.8,213729.6,10953.46875,723,1753618376,1733145772,1753618376,,input-to-proof-v1,0fb5b4aa1398281c2fd3dbe14db147e05b61f201,"{""circom"":""2.2.2"",""snarkjs"":""0.7.6""}","{""raw_evidence_sha256"":""169b2396679dfdc87ab586e07adcb48dfea7d1e5965c3d07f8cb83dad3057660""}",,"Closest analogue, not equivalent: Noir binds challenge, type, origin, RP-ID hash, flags, and public key; the Circom counterpart omits several bindings.",,,/Users/dcbuilder/Code/world/.worktrees/provekit-v1-cross-device-campaign/target/v1-benchmarks/input-to-proof/mac-chrome/webauthn_closest_analogue__mac_chrome__circom_groth16__warm_reuse.json,warm_reuse,213729.6
input-to-proof-v1-20260807,webauthn_closest_analogue__mac_chrome__circom_groth16__warm_reuse-1,2026-08-07T18:01:29.909Z,macbook_m4,MacBook Pro (Apple M4 Max),26.5.2 (25F84),arm64,browser_wasm,Google Chrome 151.0.7922.76,webauthn,closest-analogue,0fb5b4aa1398281c2fd3dbe14db147e05b61f201,circom_groth16,circom,snarkjs-groth16-browser-wasm-single-thread,circom-witness-wasm,measured,1,ok,0,60699.7,152742,8.4,213441.8,10953.46875,724,1753618376,1733145772,1753618376,,input-to-proof-v1,0fb5b4aa1398281c2fd3dbe14db147e05b61f201,"{""circom"":""2.2.2"",""snarkjs"":""0.7.6""}","{""raw_evidence_sha256"":""169b2396679dfdc87ab586e07adcb48dfea7d1e5965c3d07f8cb83dad3057660""}",,"Closest analogue, not equivalent: Noir binds challenge, type, origin, RP-ID hash, flags, and public key; the Circom counterpart omits several bindings.",,,/Users/dcbuilder/Code/world/.worktrees/provekit-v1-cross-device-campaign/target/v1-benchmarks/input-to-proof/mac-chrome/webauthn_closest_analogue__mac_chrome__circom_groth16__warm_reuse.json,warm_reuse,213441.8
input-to-proof-v1-20260807,webauthn_closest_analogue__mac_chrome__circom_groth16__warm_reuse-2,2026-08-07T18:01:29.909Z,macbook_m4,MacBook Pro (Apple M4 Max),26.5.2 (25F84),arm64,browser_wasm,Google Chrome 151.0.7922.76,webauthn,closest-analogue,0fb5b4aa1398281c2fd3dbe14db147e05b61f201,circom_groth16,circom,snarkjs-groth16-browser-wasm-single-thread,circom-witness-wasm,measured,2,ok,0,60519.6,152559,6.3,213078.8,10953.46875,722,1753618376,1733145772,1753618376,,input-to-proof-v1,0fb5b4aa1398281c2fd3dbe14db147e05b61f201,"{""circom"":""2.2.2"",""snarkjs"":""0.7.6""}","{""raw_evidence_sha256"":""169b2396679dfdc87ab586e07adcb48dfea7d1e5965c3d07f8cb83dad3057660""}",,"Closest analogue, not equivalent: Noir binds challenge, type, origin, RP-ID hash, flags, and public key; the Circom counterpart omits several bindings.",,,/Users/dcbuilder/Code/world/.worktrees/provekit-v1-cross-device-campaign/target/v1-benchmarks/input-to-proof/mac-chrome/webauthn_closest_analogue__mac_chrome__circom_groth16__warm_reuse.json,warm_reuse,213078.8
input-to-proof-v1-20260807,webauthn_closest_analogue__mac_chrome__circom_groth16__warm_reuse-3,2026-08-07T18:01:29.909Z,macbook_m4,MacBook Pro (Apple M4 Max),26.5.2 (25F84),arm64,browser_wasm,Google Chrome 151.0.7922.76,webauthn,closest-analogue,0fb5b4aa1398281c2fd3dbe14db147e05b61f201,circom_groth16,circom,snarkjs-groth16-browser-wasm-single-thread,circom-witness-wasm,measured,3,ok,0,60605.6,152661.4,6,213267.1,10953.46875,720,1753618376,1733145772,1753618376,,input-to-proof-v1,0fb5b4aa1398281c2fd3dbe14db147e05b61f201,"{""circom"":""2.2.2"",""snarkjs"":""0.7.6""}","{""raw_evidence_sha256"":""169b2396679dfdc87ab586e07adcb48dfea7d1e5965c3d07f8cb83dad3057660""}",,"Closest analogue, not equivalent: Noir binds challenge, type, origin, RP-ID hash, flags, and public key; the Circom counterpart omits several bindings.",,,/Users/dcbuilder/Code/world/.worktrees/provekit-v1-cross-device-campaign/target/v1-benchmarks/input-to-proof/mac-chrome/webauthn_closest_analogue__mac_chrome__circom_groth16__warm_reuse.json,warm_reuse,213267.1
input-to-proof-v1-20260807,webauthn_closest_analogue__mac_chrome__circom_groth16__warm_reuse-4,2026-08-07T18:01:29.909Z,macbook_m4,MacBook Pro (Apple M4 Max),26.5.2 (25F84),arm64,browser_wasm,Google Chrome 151.0.7922.76,webauthn,closest-analogue,0fb5b4aa1398281c2fd3dbe14db147e05b61f201,circom_groth16,circom,snarkjs-groth16-browser-wasm-single-thread,circom-witness-wasm,measured,4,ok,0,60607.8,153069.3,8.4,213677.1,10953.46875,724,1753618376,1733145772,1753618376,,input-to-proof-v1,0fb5b4aa1398281c2fd3dbe14db147e05b61f201,"{""circom"":""2.2.2"",""snarkjs"":""0.7.6""}","{""raw_evidence_sha256"":""169b2396679dfdc87ab586e07adcb48dfea7d1e5965c3d07f8cb83dad3057660""}",,"Closest analogue, not equivalent: Noir binds challenge, type, origin, RP-ID hash, flags, and public key; the Circom counterpart omits several bindings.",,,/Users/dcbuilder/Code/world/.worktrees/provekit-v1-cross-device-campaign/target/v1-benchmarks/input-to-proof/mac-chrome/webauthn_closest_analogue__mac_chrome__circom_groth16__warm_reuse.json,warm_reuse,213677.1
input-to-proof-v1-20260807,webauthn_closest_analogue__mac_chrome__circom_groth16__warm_reuse-5,2026-08-07T18:01:29.909Z,macbook_m4,MacBook Pro (Apple M4 Max),26.5.2 (25F84),arm64,browser_wasm,Google Chrome 151.0.7922.76,webauthn,closest-analogue,0fb5b4aa1398281c2fd3dbe14db147e05b61f201,circom_groth16,circom,snarkjs-groth16-browser-wasm-single-thread,circom-witness-wasm,measured,5,ok,0,60644.4,153119,6.1,213763.5,10953.46875,723,1753618376,1733145772,1753618376,,input-to-proof-v1,0fb5b4aa1398281c2fd3dbe14db147e05b61f201,"{""circom"":""2.2.2"",""snarkjs"":""0.7.6""}","{""raw_evidence_sha256"":""169b2396679dfdc87ab586e07adcb48dfea7d1e5965c3d07f8cb83dad3057660""}",,"Closest analogue, not equivalent: Noir binds challenge, type, origin, RP-ID hash, flags, and public key; the Circom counterpart omits several bindings.",,,/Users/dcbuilder/Code/world/.worktrees/provekit-v1-cross-device-campaign/target/v1-benchmarks/input-to-proof/mac-chrome/webauthn_closest_analogue__mac_chrome__circom_groth16__warm_reuse.json,warm_reuse,213763.5
