campaign_id,attempt_id,recorded_at_utc,hardware,device_model,os_version,abi,runtime,browser,circuit,circuit_variant,circuit_commit,prover,frontend,prover_backend,witness_backend,sample_kind,sample_index,status,initialization_time_ms,witness_time_ms,prover_time_ms,verify_time_ms,total_time_ms,peak_memory_mib,proof_size_bytes,circuit_size_bytes,artifact_size_bytes,bundle_size_bytes,constraint_count,artifact_version,source_commit,package_versions,artifact_hashes,session_id,non_equivalence_note,failure_code,failure_detail,evidence_path,timing_mode,input_to_proof_time_ms
input-to-proof-v1-mac-multithread-20260812,passport_complete_age_check__mac_chrome__provekit_v1__cold_local-0,2026-08-12T08:40:54.109Z,macbook_m4,MacBook Pro (Apple M4 Max),26.6.1 (25G76),arm64,browser_wasm,Google Chrome 151.0.7922.109,passport_complete_age_check,historical-monolithic-age-integrity,9b2a6f37c67691eab4b0cec6c35e35c520e93285,provekit_v1,noir,provekit-v1-whir-wasm-workers,@noir-lang/noir_js@1.0.0-beta.11,warmup,0,ok,5559.554999999935,2384.804999999935,5373.450000000186,178.83499999996275,13317.810000000056,1393.390625,994896,4056714,4015100,22025968,711664,input-to-proof-v1-multithread,9b2a6f37c67691eab4b0cec6c35e35c520e93285,"{""provekit"":""9b2a6f37c67691eab4b0cec6c35e35c520e93285"",""noir_js"":""1.0.0-beta.11"",""execution_policy"":""workers""};execution_policy=multithread;threads_requested=auto;threads_effective=8;witness_backend=single;prover_backend=provekit_v1_branch_9b2a6f_wasm_rayon_threaded","{""raw_evidence_sha256"":""959475433831c4413bc4cc0a59c51589d690478279fff3111e141ee02e2fb3b1""}",,"Historical monolithic Passport age and integrity lane retained separately from the additional exact P1 source pair. Browser execution policy: multithread; requested threads=auto, effective threads=8; witness generation remains single, prover backend=provekit_v1_branch_9b2a6f_wasm_rayon_threaded.",,,/Users/dcbuilder/Code/world/.worktrees/provekit-v1-cross-device-campaign/target/v1-benchmarks/input-to-proof/mac-chrome-multithread/passport_complete_age_check__mac_chrome__provekit_v1__cold_local.json,cold_local,13317.810000000056
input-to-proof-v1-mac-multithread-20260812,passport_complete_age_check__mac_chrome__provekit_v1__cold_local-1,2026-08-12T08:40:54.109Z,macbook_m4,MacBook Pro (Apple M4 Max),26.6.1 (25G76),arm64,browser_wasm,Google Chrome 151.0.7922.109,passport_complete_age_check,historical-monolithic-age-integrity,9b2a6f37c67691eab4b0cec6c35e35c520e93285,provekit_v1,noir,provekit-v1-whir-wasm-workers,@noir-lang/noir_js@1.0.0-beta.11,measured,1,ok,3605.445000000065,1340.5149999998976,6759.135000000009,168.6149999999907,11705.094999999972,1399.953125,993020,4056714,4015100,22025968,711664,input-to-proof-v1-multithread,9b2a6f37c67691eab4b0cec6c35e35c520e93285,"{""provekit"":""9b2a6f37c67691eab4b0cec6c35e35c520e93285"",""noir_js"":""1.0.0-beta.11"",""execution_policy"":""workers""};execution_policy=multithread;threads_requested=auto;threads_effective=8;witness_backend=single;prover_backend=provekit_v1_branch_9b2a6f_wasm_rayon_threaded","{""raw_evidence_sha256"":""959475433831c4413bc4cc0a59c51589d690478279fff3111e141ee02e2fb3b1""}",,"Historical monolithic Passport age and integrity lane retained separately from the additional exact P1 source pair. Browser execution policy: multithread; requested threads=auto, effective threads=8; witness generation remains single, prover backend=provekit_v1_branch_9b2a6f_wasm_rayon_threaded.",,,/Users/dcbuilder/Code/world/.worktrees/provekit-v1-cross-device-campaign/target/v1-benchmarks/input-to-proof/mac-chrome-multithread/passport_complete_age_check__mac_chrome__provekit_v1__cold_local.json,cold_local,11705.094999999972
input-to-proof-v1-mac-multithread-20260812,passport_complete_age_check__mac_chrome__provekit_v1__cold_local-2,2026-08-12T08:40:54.109Z,macbook_m4,MacBook Pro (Apple M4 Max),26.6.1 (25G76),arm64,browser_wasm,Google Chrome 151.0.7922.109,passport_complete_age_check,historical-monolithic-age-integrity,9b2a6f37c67691eab4b0cec6c35e35c520e93285,provekit_v1,noir,provekit-v1-whir-wasm-workers,@noir-lang/noir_js@1.0.0-beta.11,measured,2,ok,2856.25,1037.6499999999069,6384.260000000009,180.68500000005588,10278.159999999916,1393.1875,993020,4056714,4015100,22025968,711664,input-to-proof-v1-multithread,9b2a6f37c67691eab4b0cec6c35e35c520e93285,"{""provekit"":""9b2a6f37c67691eab4b0cec6c35e35c520e93285"",""noir_js"":""1.0.0-beta.11"",""execution_policy"":""workers""};execution_policy=multithread;threads_requested=auto;threads_effective=8;witness_backend=single;prover_backend=provekit_v1_branch_9b2a6f_wasm_rayon_threaded","{""raw_evidence_sha256"":""959475433831c4413bc4cc0a59c51589d690478279fff3111e141ee02e2fb3b1""}",,"Historical monolithic Passport age and integrity lane retained separately from the additional exact P1 source pair. Browser execution policy: multithread; requested threads=auto, effective threads=8; witness generation remains single, prover backend=provekit_v1_branch_9b2a6f_wasm_rayon_threaded.",,,/Users/dcbuilder/Code/world/.worktrees/provekit-v1-cross-device-campaign/target/v1-benchmarks/input-to-proof/mac-chrome-multithread/passport_complete_age_check__mac_chrome__provekit_v1__cold_local.json,cold_local,10278.159999999916
input-to-proof-v1-mac-multithread-20260812,passport_complete_age_check__mac_chrome__provekit_v1__cold_local-3,2026-08-12T08:40:54.109Z,macbook_m4,MacBook Pro (Apple M4 Max),26.6.1 (25G76),arm64,browser_wasm,Google Chrome 151.0.7922.109,passport_complete_age_check,historical-monolithic-age-integrity,9b2a6f37c67691eab4b0cec6c35e35c520e93285,provekit_v1,noir,provekit-v1-whir-wasm-workers,@noir-lang/noir_js@1.0.0-beta.11,measured,3,ok,3022.0699999998324,1051.2350000001024,5927.560000000056,178.49499999987893,10000.86499999999,1399.765625,996092,4056714,4015100,22025968,711664,input-to-proof-v1-multithread,9b2a6f37c67691eab4b0cec6c35e35c520e93285,"{""provekit"":""9b2a6f37c67691eab4b0cec6c35e35c520e93285"",""noir_js"":""1.0.0-beta.11"",""execution_policy"":""workers""};execution_policy=multithread;threads_requested=auto;threads_effective=8;witness_backend=single;prover_backend=provekit_v1_branch_9b2a6f_wasm_rayon_threaded","{""raw_evidence_sha256"":""959475433831c4413bc4cc0a59c51589d690478279fff3111e141ee02e2fb3b1""}",,"Historical monolithic Passport age and integrity lane retained separately from the additional exact P1 source pair. Browser execution policy: multithread; requested threads=auto, effective threads=8; witness generation remains single, prover backend=provekit_v1_branch_9b2a6f_wasm_rayon_threaded.",,,/Users/dcbuilder/Code/world/.worktrees/provekit-v1-cross-device-campaign/target/v1-benchmarks/input-to-proof/mac-chrome-multithread/passport_complete_age_check__mac_chrome__provekit_v1__cold_local.json,cold_local,10000.86499999999
input-to-proof-v1-mac-multithread-20260812,passport_complete_age_check__mac_chrome__provekit_v1__cold_local-4,2026-08-12T08:40:54.109Z,macbook_m4,MacBook Pro (Apple M4 Max),26.6.1 (25G76),arm64,browser_wasm,Google Chrome 151.0.7922.109,passport_complete_age_check,historical-monolithic-age-integrity,9b2a6f37c67691eab4b0cec6c35e35c520e93285,provekit_v1,noir,provekit-v1-whir-wasm-workers,@noir-lang/noir_js@1.0.0-beta.11,measured,4,ok,2872.7099999999627,1050.1500000001397,3811.5400000000373,135.28000000002794,7734.40000000014,1401.375,994684,4056714,4015100,22025968,711664,input-to-proof-v1-multithread,9b2a6f37c67691eab4b0cec6c35e35c520e93285,"{""provekit"":""9b2a6f37c67691eab4b0cec6c35e35c520e93285"",""noir_js"":""1.0.0-beta.11"",""execution_policy"":""workers""};execution_policy=multithread;threads_requested=auto;threads_effective=8;witness_backend=single;prover_backend=provekit_v1_branch_9b2a6f_wasm_rayon_threaded","{""raw_evidence_sha256"":""959475433831c4413bc4cc0a59c51589d690478279fff3111e141ee02e2fb3b1""}",,"Historical monolithic Passport age and integrity lane retained separately from the additional exact P1 source pair. Browser execution policy: multithread; requested threads=auto, effective threads=8; witness generation remains single, prover backend=provekit_v1_branch_9b2a6f_wasm_rayon_threaded.",,,/Users/dcbuilder/Code/world/.worktrees/provekit-v1-cross-device-campaign/target/v1-benchmarks/input-to-proof/mac-chrome-multithread/passport_complete_age_check__mac_chrome__provekit_v1__cold_local.json,cold_local,7734.40000000014
input-to-proof-v1-mac-multithread-20260812,passport_complete_age_check__mac_chrome__provekit_v1__cold_local-5,2026-08-12T08:40:54.109Z,macbook_m4,MacBook Pro (Apple M4 Max),26.6.1 (25G76),arm64,browser_wasm,Google Chrome 151.0.7922.109,passport_complete_age_check,historical-monolithic-age-integrity,9b2a6f37c67691eab4b0cec6c35e35c520e93285,provekit_v1,noir,provekit-v1-whir-wasm-workers,@noir-lang/noir_js@1.0.0-beta.11,measured,5,ok,2850.1749999998137,1045.4250000000466,3784.845000000205,138.12999999988824,7680.445000000065,1397.734375,992124,4056714,4015100,22025968,711664,input-to-proof-v1-multithread,9b2a6f37c67691eab4b0cec6c35e35c520e93285,"{""provekit"":""9b2a6f37c67691eab4b0cec6c35e35c520e93285"",""noir_js"":""1.0.0-beta.11"",""execution_policy"":""workers""};execution_policy=multithread;threads_requested=auto;threads_effective=8;witness_backend=single;prover_backend=provekit_v1_branch_9b2a6f_wasm_rayon_threaded","{""raw_evidence_sha256"":""959475433831c4413bc4cc0a59c51589d690478279fff3111e141ee02e2fb3b1""}",,"Historical monolithic Passport age and integrity lane retained separately from the additional exact P1 source pair. Browser execution policy: multithread; requested threads=auto, effective threads=8; witness generation remains single, prover backend=provekit_v1_branch_9b2a6f_wasm_rayon_threaded.",,,/Users/dcbuilder/Code/world/.worktrees/provekit-v1-cross-device-campaign/target/v1-benchmarks/input-to-proof/mac-chrome-multithread/passport_complete_age_check__mac_chrome__provekit_v1__cold_local.json,cold_local,7680.445000000065
input-to-proof-v1-mac-multithread-20260812,passport_complete_age_check__mac_chrome__provekit_v1__warm_reuse-0,2026-08-12T08:41:43.050Z,macbook_m4,MacBook Pro (Apple M4 Max),26.6.1 (25G76),arm64,browser_wasm,Google Chrome 151.0.7922.109,passport_complete_age_check,historical-monolithic-age-integrity,9b2a6f37c67691eab4b0cec6c35e35c520e93285,provekit_v1,noir,provekit-v1-whir-wasm-workers,@noir-lang/noir_js@1.0.0-beta.11,warmup,0,ok,1118.2650000001304,1044.285000000149,3821.4849999998696,150.2949999999255,5984.040000000037,1582.515625,991952,4056714,4015100,22025968,711664,input-to-proof-v1-multithread,9b2a6f37c67691eab4b0cec6c35e35c520e93285,"{""provekit"":""9b2a6f37c67691eab4b0cec6c35e35c520e93285"",""noir_js"":""1.0.0-beta.11"",""execution_policy"":""workers""};execution_policy=multithread;threads_requested=auto;threads_effective=8;witness_backend=single;prover_backend=provekit_v1_branch_9b2a6f_wasm_rayon_threaded","{""raw_evidence_sha256"":""1010618184007a8c939e13e1f2ef79bf2d49d7fad158afe6e8ab81de81daacab""}",,"Historical monolithic Passport age and integrity lane retained separately from the additional exact P1 source pair. Browser execution policy: multithread; requested threads=auto, effective threads=8; witness generation remains single, prover backend=provekit_v1_branch_9b2a6f_wasm_rayon_threaded.",,,/Users/dcbuilder/Code/world/.worktrees/provekit-v1-cross-device-campaign/target/v1-benchmarks/input-to-proof/mac-chrome-multithread/passport_complete_age_check__mac_chrome__provekit_v1__warm_reuse.json,warm_reuse,5984.040000000037
input-to-proof-v1-mac-multithread-20260812,passport_complete_age_check__mac_chrome__provekit_v1__warm_reuse-1,2026-08-12T08:41:43.050Z,macbook_m4,MacBook Pro (Apple M4 Max),26.6.1 (25G76),arm64,browser_wasm,Google Chrome 151.0.7922.109,passport_complete_age_check,historical-monolithic-age-integrity,9b2a6f37c67691eab4b0cec6c35e35c520e93285,provekit_v1,noir,provekit-v1-whir-wasm-workers,@noir-lang/noir_js@1.0.0-beta.11,measured,1,ok,1175.5600000000559,836.1949999998324,3995.7949999999255,195.54000000003725,6007.554999999935,1582.515625,994896,4056714,4015100,22025968,711664,input-to-proof-v1-multithread,9b2a6f37c67691eab4b0cec6c35e35c520e93285,"{""provekit"":""9b2a6f37c67691eab4b0cec6c35e35c520e93285"",""noir_js"":""1.0.0-beta.11"",""execution_policy"":""workers""};execution_policy=multithread;threads_requested=auto;threads_effective=8;witness_backend=single;prover_backend=provekit_v1_branch_9b2a6f_wasm_rayon_threaded","{""raw_evidence_sha256"":""1010618184007a8c939e13e1f2ef79bf2d49d7fad158afe6e8ab81de81daacab""}",,"Historical monolithic Passport age and integrity lane retained separately from the additional exact P1 source pair. Browser execution policy: multithread; requested threads=auto, effective threads=8; witness generation remains single, prover backend=provekit_v1_branch_9b2a6f_wasm_rayon_threaded.",,,/Users/dcbuilder/Code/world/.worktrees/provekit-v1-cross-device-campaign/target/v1-benchmarks/input-to-proof/mac-chrome-multithread/passport_complete_age_check__mac_chrome__provekit_v1__warm_reuse.json,warm_reuse,6007.554999999935
input-to-proof-v1-mac-multithread-20260812,passport_complete_age_check__mac_chrome__provekit_v1__warm_reuse-2,2026-08-12T08:41:43.050Z,macbook_m4,MacBook Pro (Apple M4 Max),26.6.1 (25G76),arm64,browser_wasm,Google Chrome 151.0.7922.109,passport_complete_age_check,historical-monolithic-age-integrity,9b2a6f37c67691eab4b0cec6c35e35c520e93285,provekit_v1,noir,provekit-v1-whir-wasm-workers,@noir-lang/noir_js@1.0.0-beta.11,measured,2,ok,1392.1149999999907,935.7649999998976,7211.719999999972,204.1699999999255,9539.610000000102,1582.515625,993788,4056714,4015100,22025968,711664,input-to-proof-v1-multithread,9b2a6f37c67691eab4b0cec6c35e35c520e93285,"{""provekit"":""9b2a6f37c67691eab4b0cec6c35e35c520e93285"",""noir_js"":""1.0.0-beta.11"",""execution_policy"":""workers""};execution_policy=multithread;threads_requested=auto;threads_effective=8;witness_backend=single;prover_backend=provekit_v1_branch_9b2a6f_wasm_rayon_threaded","{""raw_evidence_sha256"":""1010618184007a8c939e13e1f2ef79bf2d49d7fad158afe6e8ab81de81daacab""}",,"Historical monolithic Passport age and integrity lane retained separately from the additional exact P1 source pair. Browser execution policy: multithread; requested threads=auto, effective threads=8; witness generation remains single, prover backend=provekit_v1_branch_9b2a6f_wasm_rayon_threaded.",,,/Users/dcbuilder/Code/world/.worktrees/provekit-v1-cross-device-campaign/target/v1-benchmarks/input-to-proof/mac-chrome-multithread/passport_complete_age_check__mac_chrome__provekit_v1__warm_reuse.json,warm_reuse,9539.610000000102
input-to-proof-v1-mac-multithread-20260812,passport_complete_age_check__mac_chrome__provekit_v1__warm_reuse-3,2026-08-12T08:41:43.050Z,macbook_m4,MacBook Pro (Apple M4 Max),26.6.1 (25G76),arm64,browser_wasm,Google Chrome 151.0.7922.109,passport_complete_age_check,historical-monolithic-age-integrity,9b2a6f37c67691eab4b0cec6c35e35c520e93285,provekit_v1,noir,provekit-v1-whir-wasm-workers,@noir-lang/noir_js@1.0.0-beta.11,measured,3,ok,1300.0500000000466,841.7549999998882,5026.550000000047,218.31500000017695,7168.354999999981,1582.515625,994300,4056714,4015100,22025968,711664,input-to-proof-v1-multithread,9b2a6f37c67691eab4b0cec6c35e35c520e93285,"{""provekit"":""9b2a6f37c67691eab4b0cec6c35e35c520e93285"",""noir_js"":""1.0.0-beta.11"",""execution_policy"":""workers""};execution_policy=multithread;threads_requested=auto;threads_effective=8;witness_backend=single;prover_backend=provekit_v1_branch_9b2a6f_wasm_rayon_threaded","{""raw_evidence_sha256"":""1010618184007a8c939e13e1f2ef79bf2d49d7fad158afe6e8ab81de81daacab""}",,"Historical monolithic Passport age and integrity lane retained separately from the additional exact P1 source pair. Browser execution policy: multithread; requested threads=auto, effective threads=8; witness generation remains single, prover backend=provekit_v1_branch_9b2a6f_wasm_rayon_threaded.",,,/Users/dcbuilder/Code/world/.worktrees/provekit-v1-cross-device-campaign/target/v1-benchmarks/input-to-proof/mac-chrome-multithread/passport_complete_age_check__mac_chrome__provekit_v1__warm_reuse.json,warm_reuse,7168.354999999981
input-to-proof-v1-mac-multithread-20260812,passport_complete_age_check__mac_chrome__provekit_v1__warm_reuse-4,2026-08-12T08:41:43.050Z,macbook_m4,MacBook Pro (Apple M4 Max),26.6.1 (25G76),arm64,browser_wasm,Google Chrome 151.0.7922.109,passport_complete_age_check,historical-monolithic-age-integrity,9b2a6f37c67691eab4b0cec6c35e35c520e93285,provekit_v1,noir,provekit-v1-whir-wasm-workers,@noir-lang/noir_js@1.0.0-beta.11,measured,4,ok,1281.5100000000093,853.8950000000186,5158.549999999814,224.97999999998137,7293.965000000084,1582.515625,997712,4056714,4015100,22025968,711664,input-to-proof-v1-multithread,9b2a6f37c67691eab4b0cec6c35e35c520e93285,"{""provekit"":""9b2a6f37c67691eab4b0cec6c35e35c520e93285"",""noir_js"":""1.0.0-beta.11"",""execution_policy"":""workers""};execution_policy=multithread;threads_requested=auto;threads_effective=8;witness_backend=single;prover_backend=provekit_v1_branch_9b2a6f_wasm_rayon_threaded","{""raw_evidence_sha256"":""1010618184007a8c939e13e1f2ef79bf2d49d7fad158afe6e8ab81de81daacab""}",,"Historical monolithic Passport age and integrity lane retained separately from the additional exact P1 source pair. Browser execution policy: multithread; requested threads=auto, effective threads=8; witness generation remains single, prover backend=provekit_v1_branch_9b2a6f_wasm_rayon_threaded.",,,/Users/dcbuilder/Code/world/.worktrees/provekit-v1-cross-device-campaign/target/v1-benchmarks/input-to-proof/mac-chrome-multithread/passport_complete_age_check__mac_chrome__provekit_v1__warm_reuse.json,warm_reuse,7293.965000000084
input-to-proof-v1-mac-multithread-20260812,passport_complete_age_check__mac_chrome__provekit_v1__warm_reuse-5,2026-08-12T08:41:43.050Z,macbook_m4,MacBook Pro (Apple M4 Max),26.6.1 (25G76),arm64,browser_wasm,Google Chrome 151.0.7922.109,passport_complete_age_check,historical-monolithic-age-integrity,9b2a6f37c67691eab4b0cec6c35e35c520e93285,provekit_v1,noir,provekit-v1-whir-wasm-workers,@noir-lang/noir_js@1.0.0-beta.11,measured,5,ok,1538.2299999999814,892.6550000000279,5696.699999999953,225.96500000008382,8127.589999999851,1582.515625,995920,4056714,4015100,22025968,711664,input-to-proof-v1-multithread,9b2a6f37c67691eab4b0cec6c35e35c520e93285,"{""provekit"":""9b2a6f37c67691eab4b0cec6c35e35c520e93285"",""noir_js"":""1.0.0-beta.11"",""execution_policy"":""workers""};execution_policy=multithread;threads_requested=auto;threads_effective=8;witness_backend=single;prover_backend=provekit_v1_branch_9b2a6f_wasm_rayon_threaded","{""raw_evidence_sha256"":""1010618184007a8c939e13e1f2ef79bf2d49d7fad158afe6e8ab81de81daacab""}",,"Historical monolithic Passport age and integrity lane retained separately from the additional exact P1 source pair. Browser execution policy: multithread; requested threads=auto, effective threads=8; witness generation remains single, prover backend=provekit_v1_branch_9b2a6f_wasm_rayon_threaded.",,,/Users/dcbuilder/Code/world/.worktrees/provekit-v1-cross-device-campaign/target/v1-benchmarks/input-to-proof/mac-chrome-multithread/passport_complete_age_check__mac_chrome__provekit_v1__warm_reuse.json,warm_reuse,8127.589999999851
input-to-proof-v1-mac-multithread-20260812,passport_complete_age_check__mac_chrome__noir_barretenberg__cold_local-0,2026-08-12T08:42:47.424Z,macbook_m4,MacBook Pro (Apple M4 Max),26.6.1 (25G76),arm64,browser_wasm,Google Chrome 151.0.7922.109,passport_complete_age_check,historical-monolithic-age-integrity,9b2a6f37c67691eab4b0cec6c35e35c520e93285,noir_barretenberg,noir,barretenberg-ultrahonk-wasm-workers,@noir-lang/noir_js@1.0.0-beta.19,warmup,0,ok,4631.045,1088.795,5197.69,1211.045,10917.53,1794.078125,16000,73375498,73333886,73375498,,input-to-proof-v1-multithread,9b2a6f37c67691eab4b0cec6c35e35c520e93285,"{""bb_js"":""4.2.0-aztecnr-rc.2"",""noir_js"":""1.0.0-beta.19"",""execution_policy"":""workers""};execution_policy=multithread;threads_requested=32;threads_effective=16;witness_backend=single;prover_backend=barretenberg_4.2.0-aztecnr-rc.2_wasm_workers","{""raw_evidence_sha256"":""b28394e49de56370ee7b30ad5ed12bb14de6b860988e9b8b7d41db7fddb0cbbb""}",,"Historical monolithic Passport age and integrity lane retained separately from the additional exact P1 source pair. Browser execution policy: multithread; requested threads=32, effective threads=16; witness generation remains single, prover backend=barretenberg_4.2.0-aztecnr-rc.2_wasm_workers.",,,/Users/dcbuilder/Code/world/.worktrees/provekit-v1-cross-device-campaign/target/v1-benchmarks/input-to-proof/mac-chrome-multithread/passport_complete_age_check__mac_chrome__noir_barretenberg__cold_local.json,cold_local,10917.53
input-to-proof-v1-mac-multithread-20260812,passport_complete_age_check__mac_chrome__noir_barretenberg__cold_local-1,2026-08-12T08:42:47.424Z,macbook_m4,MacBook Pro (Apple M4 Max),26.6.1 (25G76),arm64,browser_wasm,Google Chrome 151.0.7922.109,passport_complete_age_check,historical-monolithic-age-integrity,9b2a6f37c67691eab4b0cec6c35e35c520e93285,noir_barretenberg,noir,barretenberg-ultrahonk-wasm-workers,@noir-lang/noir_js@1.0.0-beta.19,measured,1,ok,2150.55,715.515,3479.975,1104.28,6346.04,1795.953125,16000,73375498,73333886,73375498,,input-to-proof-v1-multithread,9b2a6f37c67691eab4b0cec6c35e35c520e93285,"{""bb_js"":""4.2.0-aztecnr-rc.2"",""noir_js"":""1.0.0-beta.19"",""execution_policy"":""workers""};execution_policy=multithread;threads_requested=32;threads_effective=16;witness_backend=single;prover_backend=barretenberg_4.2.0-aztecnr-rc.2_wasm_workers","{""raw_evidence_sha256"":""b28394e49de56370ee7b30ad5ed12bb14de6b860988e9b8b7d41db7fddb0cbbb""}",,"Historical monolithic Passport age and integrity lane retained separately from the additional exact P1 source pair. Browser execution policy: multithread; requested threads=32, effective threads=16; witness generation remains single, prover backend=barretenberg_4.2.0-aztecnr-rc.2_wasm_workers.",,,/Users/dcbuilder/Code/world/.worktrees/provekit-v1-cross-device-campaign/target/v1-benchmarks/input-to-proof/mac-chrome-multithread/passport_complete_age_check__mac_chrome__noir_barretenberg__cold_local.json,cold_local,6346.04
input-to-proof-v1-mac-multithread-20260812,passport_complete_age_check__mac_chrome__noir_barretenberg__cold_local-2,2026-08-12T08:42:47.424Z,macbook_m4,MacBook Pro (Apple M4 Max),26.6.1 (25G76),arm64,browser_wasm,Google Chrome 151.0.7922.109,passport_complete_age_check,historical-monolithic-age-integrity,9b2a6f37c67691eab4b0cec6c35e35c520e93285,noir_barretenberg,noir,barretenberg-ultrahonk-wasm-workers,@noir-lang/noir_js@1.0.0-beta.19,measured,2,ok,2179.785,712.02,3550.035,1108.485,6441.84,1796.78125,16000,73375498,73333886,73375498,,input-to-proof-v1-multithread,9b2a6f37c67691eab4b0cec6c35e35c520e93285,"{""bb_js"":""4.2.0-aztecnr-rc.2"",""noir_js"":""1.0.0-beta.19"",""execution_policy"":""workers""};execution_policy=multithread;threads_requested=32;threads_effective=16;witness_backend=single;prover_backend=barretenberg_4.2.0-aztecnr-rc.2_wasm_workers","{""raw_evidence_sha256"":""b28394e49de56370ee7b30ad5ed12bb14de6b860988e9b8b7d41db7fddb0cbbb""}",,"Historical monolithic Passport age and integrity lane retained separately from the additional exact P1 source pair. Browser execution policy: multithread; requested threads=32, effective threads=16; witness generation remains single, prover backend=barretenberg_4.2.0-aztecnr-rc.2_wasm_workers.",,,/Users/dcbuilder/Code/world/.worktrees/provekit-v1-cross-device-campaign/target/v1-benchmarks/input-to-proof/mac-chrome-multithread/passport_complete_age_check__mac_chrome__noir_barretenberg__cold_local.json,cold_local,6441.84
input-to-proof-v1-mac-multithread-20260812,passport_complete_age_check__mac_chrome__noir_barretenberg__cold_local-3,2026-08-12T08:42:47.424Z,macbook_m4,MacBook Pro (Apple M4 Max),26.6.1 (25G76),arm64,browser_wasm,Google Chrome 151.0.7922.109,passport_complete_age_check,historical-monolithic-age-integrity,9b2a6f37c67691eab4b0cec6c35e35c520e93285,noir_barretenberg,noir,barretenberg-ultrahonk-wasm-workers,@noir-lang/noir_js@1.0.0-beta.19,measured,3,ok,2957.775,707.95,3664.17,1177.645,7329.895,1796.609375,16000,73375498,73333886,73375498,,input-to-proof-v1-multithread,9b2a6f37c67691eab4b0cec6c35e35c520e93285,"{""bb_js"":""4.2.0-aztecnr-rc.2"",""noir_js"":""1.0.0-beta.19"",""execution_policy"":""workers""};execution_policy=multithread;threads_requested=32;threads_effective=16;witness_backend=single;prover_backend=barretenberg_4.2.0-aztecnr-rc.2_wasm_workers","{""raw_evidence_sha256"":""b28394e49de56370ee7b30ad5ed12bb14de6b860988e9b8b7d41db7fddb0cbbb""}",,"Historical monolithic Passport age and integrity lane retained separately from the additional exact P1 source pair. Browser execution policy: multithread; requested threads=32, effective threads=16; witness generation remains single, prover backend=barretenberg_4.2.0-aztecnr-rc.2_wasm_workers.",,,/Users/dcbuilder/Code/world/.worktrees/provekit-v1-cross-device-campaign/target/v1-benchmarks/input-to-proof/mac-chrome-multithread/passport_complete_age_check__mac_chrome__noir_barretenberg__cold_local.json,cold_local,7329.895
input-to-proof-v1-mac-multithread-20260812,passport_complete_age_check__mac_chrome__noir_barretenberg__cold_local-4,2026-08-12T08:42:47.424Z,macbook_m4,MacBook Pro (Apple M4 Max),26.6.1 (25G76),arm64,browser_wasm,Google Chrome 151.0.7922.109,passport_complete_age_check,historical-monolithic-age-integrity,9b2a6f37c67691eab4b0cec6c35e35c520e93285,noir_barretenberg,noir,barretenberg-ultrahonk-wasm-workers,@noir-lang/noir_js@1.0.0-beta.19,measured,4,ok,2147.905,704.1,3563.59,1213.17,6415.595,1796.71875,16000,73375498,73333886,73375498,,input-to-proof-v1-multithread,9b2a6f37c67691eab4b0cec6c35e35c520e93285,"{""bb_js"":""4.2.0-aztecnr-rc.2"",""noir_js"":""1.0.0-beta.19"",""execution_policy"":""workers""};execution_policy=multithread;threads_requested=32;threads_effective=16;witness_backend=single;prover_backend=barretenberg_4.2.0-aztecnr-rc.2_wasm_workers","{""raw_evidence_sha256"":""b28394e49de56370ee7b30ad5ed12bb14de6b860988e9b8b7d41db7fddb0cbbb""}",,"Historical monolithic Passport age and integrity lane retained separately from the additional exact P1 source pair. Browser execution policy: multithread; requested threads=32, effective threads=16; witness generation remains single, prover backend=barretenberg_4.2.0-aztecnr-rc.2_wasm_workers.",,,/Users/dcbuilder/Code/world/.worktrees/provekit-v1-cross-device-campaign/target/v1-benchmarks/input-to-proof/mac-chrome-multithread/passport_complete_age_check__mac_chrome__noir_barretenberg__cold_local.json,cold_local,6415.595
input-to-proof-v1-mac-multithread-20260812,passport_complete_age_check__mac_chrome__noir_barretenberg__cold_local-5,2026-08-12T08:42:47.424Z,macbook_m4,MacBook Pro (Apple M4 Max),26.6.1 (25G76),arm64,browser_wasm,Google Chrome 151.0.7922.109,passport_complete_age_check,historical-monolithic-age-integrity,9b2a6f37c67691eab4b0cec6c35e35c520e93285,noir_barretenberg,noir,barretenberg-ultrahonk-wasm-workers,@noir-lang/noir_js@1.0.0-beta.19,measured,5,ok,2222.53,710.72,3633.84,1226.135,6567.09,1795.65625,16000,73375498,73333886,73375498,,input-to-proof-v1-multithread,9b2a6f37c67691eab4b0cec6c35e35c520e93285,"{""bb_js"":""4.2.0-aztecnr-rc.2"",""noir_js"":""1.0.0-beta.19"",""execution_policy"":""workers""};execution_policy=multithread;threads_requested=32;threads_effective=16;witness_backend=single;prover_backend=barretenberg_4.2.0-aztecnr-rc.2_wasm_workers","{""raw_evidence_sha256"":""b28394e49de56370ee7b30ad5ed12bb14de6b860988e9b8b7d41db7fddb0cbbb""}",,"Historical monolithic Passport age and integrity lane retained separately from the additional exact P1 source pair. Browser execution policy: multithread; requested threads=32, effective threads=16; witness generation remains single, prover backend=barretenberg_4.2.0-aztecnr-rc.2_wasm_workers.",,,/Users/dcbuilder/Code/world/.worktrees/provekit-v1-cross-device-campaign/target/v1-benchmarks/input-to-proof/mac-chrome-multithread/passport_complete_age_check__mac_chrome__noir_barretenberg__cold_local.json,cold_local,6567.09
input-to-proof-v1-mac-multithread-20260812,passport_complete_age_check__mac_chrome__noir_barretenberg__warm_reuse-0,2026-08-12T08:43:34.118Z,macbook_m4,MacBook Pro (Apple M4 Max),26.6.1 (25G76),arm64,browser_wasm,Google Chrome 151.0.7922.109,passport_complete_age_check,historical-monolithic-age-integrity,9b2a6f37c67691eab4b0cec6c35e35c520e93285,noir_barretenberg,noir,barretenberg-ultrahonk-wasm-workers,@noir-lang/noir_js@1.0.0-beta.19,warmup,0,ok,0,617.33,4436.81,0,5054.175,2388.609375,16000,73375498,73333886,73375498,,input-to-proof-v1-multithread,9b2a6f37c67691eab4b0cec6c35e35c520e93285,"{""bb_js"":""4.2.0-aztecnr-rc.2"",""noir_js"":""1.0.0-beta.19"",""execution_policy"":""workers""};execution_policy=multithread;threads_requested=32;threads_effective=16;witness_backend=single;prover_backend=barretenberg_4.2.0-aztecnr-rc.2_wasm_workers","{""raw_evidence_sha256"":""dc37ba4b71ff73f2674d2ed472ef06cf8a66b739dd69394b7cb5dada1356b915""}",,"Historical monolithic Passport age and integrity lane retained separately from the additional exact P1 source pair. Browser execution policy: multithread; requested threads=32, effective threads=16; witness generation remains single, prover backend=barretenberg_4.2.0-aztecnr-rc.2_wasm_workers.",,,/Users/dcbuilder/Code/world/.worktrees/provekit-v1-cross-device-campaign/target/v1-benchmarks/input-to-proof/mac-chrome-multithread/passport_complete_age_check__mac_chrome__noir_barretenberg__warm_reuse.json,warm_reuse,5054.175
input-to-proof-v1-mac-multithread-20260812,passport_complete_age_check__mac_chrome__noir_barretenberg__warm_reuse-1,2026-08-12T08:43:34.118Z,macbook_m4,MacBook Pro (Apple M4 Max),26.6.1 (25G76),arm64,browser_wasm,Google Chrome 151.0.7922.109,passport_complete_age_check,historical-monolithic-age-integrity,9b2a6f37c67691eab4b0cec6c35e35c520e93285,noir_barretenberg,noir,barretenberg-ultrahonk-wasm-workers,@noir-lang/noir_js@1.0.0-beta.19,measured,1,ok,0,776.905,4291.25,0,5068.19,2388.609375,16000,73375498,73333886,73375498,,input-to-proof-v1-multithread,9b2a6f37c67691eab4b0cec6c35e35c520e93285,"{""bb_js"":""4.2.0-aztecnr-rc.2"",""noir_js"":""1.0.0-beta.19"",""execution_policy"":""workers""};execution_policy=multithread;threads_requested=32;threads_effective=16;witness_backend=single;prover_backend=barretenberg_4.2.0-aztecnr-rc.2_wasm_workers","{""raw_evidence_sha256"":""dc37ba4b71ff73f2674d2ed472ef06cf8a66b739dd69394b7cb5dada1356b915""}",,"Historical monolithic Passport age and integrity lane retained separately from the additional exact P1 source pair. Browser execution policy: multithread; requested threads=32, effective threads=16; witness generation remains single, prover backend=barretenberg_4.2.0-aztecnr-rc.2_wasm_workers.",,,/Users/dcbuilder/Code/world/.worktrees/provekit-v1-cross-device-campaign/target/v1-benchmarks/input-to-proof/mac-chrome-multithread/passport_complete_age_check__mac_chrome__noir_barretenberg__warm_reuse.json,warm_reuse,5068.19
input-to-proof-v1-mac-multithread-20260812,passport_complete_age_check__mac_chrome__noir_barretenberg__warm_reuse-2,2026-08-12T08:43:34.118Z,macbook_m4,MacBook Pro (Apple M4 Max),26.6.1 (25G76),arm64,browser_wasm,Google Chrome 151.0.7922.109,passport_complete_age_check,historical-monolithic-age-integrity,9b2a6f37c67691eab4b0cec6c35e35c520e93285,noir_barretenberg,noir,barretenberg-ultrahonk-wasm-workers,@noir-lang/noir_js@1.0.0-beta.19,measured,2,ok,0,732.33,6008.54,0,6740.905,2388.609375,16000,73375498,73333886,73375498,,input-to-proof-v1-multithread,9b2a6f37c67691eab4b0cec6c35e35c520e93285,"{""bb_js"":""4.2.0-aztecnr-rc.2"",""noir_js"":""1.0.0-beta.19"",""execution_policy"":""workers""};execution_policy=multithread;threads_requested=32;threads_effective=16;witness_backend=single;prover_backend=barretenberg_4.2.0-aztecnr-rc.2_wasm_workers","{""raw_evidence_sha256"":""dc37ba4b71ff73f2674d2ed472ef06cf8a66b739dd69394b7cb5dada1356b915""}",,"Historical monolithic Passport age and integrity lane retained separately from the additional exact P1 source pair. Browser execution policy: multithread; requested threads=32, effective threads=16; witness generation remains single, prover backend=barretenberg_4.2.0-aztecnr-rc.2_wasm_workers.",,,/Users/dcbuilder/Code/world/.worktrees/provekit-v1-cross-device-campaign/target/v1-benchmarks/input-to-proof/mac-chrome-multithread/passport_complete_age_check__mac_chrome__noir_barretenberg__warm_reuse.json,warm_reuse,6740.905
input-to-proof-v1-mac-multithread-20260812,passport_complete_age_check__mac_chrome__noir_barretenberg__warm_reuse-3,2026-08-12T08:43:34.118Z,macbook_m4,MacBook Pro (Apple M4 Max),26.6.1 (25G76),arm64,browser_wasm,Google Chrome 151.0.7922.109,passport_complete_age_check,historical-monolithic-age-integrity,9b2a6f37c67691eab4b0cec6c35e35c520e93285,noir_barretenberg,noir,barretenberg-ultrahonk-wasm-workers,@noir-lang/noir_js@1.0.0-beta.19,measured,3,ok,0,707.105,4083.565,0,4790.71,2388.609375,16000,73375498,73333886,73375498,,input-to-proof-v1-multithread,9b2a6f37c67691eab4b0cec6c35e35c520e93285,"{""bb_js"":""4.2.0-aztecnr-rc.2"",""noir_js"":""1.0.0-beta.19"",""execution_policy"":""workers""};execution_policy=multithread;threads_requested=32;threads_effective=16;witness_backend=single;prover_backend=barretenberg_4.2.0-aztecnr-rc.2_wasm_workers","{""raw_evidence_sha256"":""dc37ba4b71ff73f2674d2ed472ef06cf8a66b739dd69394b7cb5dada1356b915""}",,"Historical monolithic Passport age and integrity lane retained separately from the additional exact P1 source pair. Browser execution policy: multithread; requested threads=32, effective threads=16; witness generation remains single, prover backend=barretenberg_4.2.0-aztecnr-rc.2_wasm_workers.",,,/Users/dcbuilder/Code/world/.worktrees/provekit-v1-cross-device-campaign/target/v1-benchmarks/input-to-proof/mac-chrome-multithread/passport_complete_age_check__mac_chrome__noir_barretenberg__warm_reuse.json,warm_reuse,4790.71
input-to-proof-v1-mac-multithread-20260812,passport_complete_age_check__mac_chrome__noir_barretenberg__warm_reuse-4,2026-08-12T08:43:34.118Z,macbook_m4,MacBook Pro (Apple M4 Max),26.6.1 (25G76),arm64,browser_wasm,Google Chrome 151.0.7922.109,passport_complete_age_check,historical-monolithic-age-integrity,9b2a6f37c67691eab4b0cec6c35e35c520e93285,noir_barretenberg,noir,barretenberg-ultrahonk-wasm-workers,@noir-lang/noir_js@1.0.0-beta.19,measured,4,ok,0,628.445,4711.99,0,5340.465,2388.609375,16000,73375498,73333886,73375498,,input-to-proof-v1-multithread,9b2a6f37c67691eab4b0cec6c35e35c520e93285,"{""bb_js"":""4.2.0-aztecnr-rc.2"",""noir_js"":""1.0.0-beta.19"",""execution_policy"":""workers""};execution_policy=multithread;threads_requested=32;threads_effective=16;witness_backend=single;prover_backend=barretenberg_4.2.0-aztecnr-rc.2_wasm_workers","{""raw_evidence_sha256"":""dc37ba4b71ff73f2674d2ed472ef06cf8a66b739dd69394b7cb5dada1356b915""}",,"Historical monolithic Passport age and integrity lane retained separately from the additional exact P1 source pair. Browser execution policy: multithread; requested threads=32, effective threads=16; witness generation remains single, prover backend=barretenberg_4.2.0-aztecnr-rc.2_wasm_workers.",,,/Users/dcbuilder/Code/world/.worktrees/provekit-v1-cross-device-campaign/target/v1-benchmarks/input-to-proof/mac-chrome-multithread/passport_complete_age_check__mac_chrome__noir_barretenberg__warm_reuse.json,warm_reuse,5340.465
input-to-proof-v1-mac-multithread-20260812,passport_complete_age_check__mac_chrome__noir_barretenberg__warm_reuse-5,2026-08-12T08:43:34.118Z,macbook_m4,MacBook Pro (Apple M4 Max),26.6.1 (25G76),arm64,browser_wasm,Google Chrome 151.0.7922.109,passport_complete_age_check,historical-monolithic-age-integrity,9b2a6f37c67691eab4b0cec6c35e35c520e93285,noir_barretenberg,noir,barretenberg-ultrahonk-wasm-workers,@noir-lang/noir_js@1.0.0-beta.19,measured,5,ok,0,721.63,4561.535,0,5283.195,2388.609375,16000,73375498,73333886,73375498,,input-to-proof-v1-multithread,9b2a6f37c67691eab4b0cec6c35e35c520e93285,"{""bb_js"":""4.2.0-aztecnr-rc.2"",""noir_js"":""1.0.0-beta.19"",""execution_policy"":""workers""};execution_policy=multithread;threads_requested=32;threads_effective=16;witness_backend=single;prover_backend=barretenberg_4.2.0-aztecnr-rc.2_wasm_workers","{""raw_evidence_sha256"":""dc37ba4b71ff73f2674d2ed472ef06cf8a66b739dd69394b7cb5dada1356b915""}",,"Historical monolithic Passport age and integrity lane retained separately from the additional exact P1 source pair. Browser execution policy: multithread; requested threads=32, effective threads=16; witness generation remains single, prover backend=barretenberg_4.2.0-aztecnr-rc.2_wasm_workers.",,,/Users/dcbuilder/Code/world/.worktrees/provekit-v1-cross-device-campaign/target/v1-benchmarks/input-to-proof/mac-chrome-multithread/passport_complete_age_check__mac_chrome__noir_barretenberg__warm_reuse.json,warm_reuse,5283.195
input-to-proof-v1-mac-multithread-20260812,passport_complete_age_check__mac_chrome__circom_groth16__cold_local-0,2026-08-12T09:31:06.467Z,macbook_m4,MacBook Pro (Apple M4 Max),26.6.1 (25G76),arm64,browser_wasm,Google Chrome 151.0.7922.109,passport_complete_age_check,historical-monolithic-age-integrity,9b2a6f37c67691eab4b0cec6c35e35c520e93285,circom_groth16,circom,snarkjs-groth16-browser-wasm-workers,circom-witness-wasm,warmup,0,ok,5.015,4217.78,11474.635,13.01,15697.43,14611.5625,1445,588352242,568828944,588352242,,input-to-proof-v1-multithread,9b2a6f37c67691eab4b0cec6c35e35c520e93285,"{""circom"":""2.2.2"",""snarkjs"":""0.7.6"",""execution_policy"":""workers""};execution_policy=multithread;threads_requested=16;threads_effective=16;witness_backend=circom_runtime_wasm_single;prover_backend=snarkjs_0.7.6_browser_wasm_workers","{""raw_evidence_sha256"":""d3f11f5f3633dd7b0e23f8ea67f375f771806408e074bfa27a56ee21ffc53cf0""}",,"Historical monolithic Passport age and integrity lane retained separately from the additional exact P1 source pair. Browser execution policy: multithread; requested threads=16, effective threads=16; witness generation remains circom_runtime_wasm_single, prover backend=snarkjs_0.7.6_browser_wasm_workers.",,,/Users/dcbuilder/Code/world/.worktrees/provekit-v1-cross-device-campaign/target/v1-benchmarks/input-to-proof/mac-chrome-multithread/passport_complete_age_check__mac_chrome__circom_groth16__cold_local.json,cold_local,15697.43
input-to-proof-v1-mac-multithread-20260812,passport_complete_age_check__mac_chrome__circom_groth16__cold_local-1,2026-08-12T09:31:06.467Z,macbook_m4,MacBook Pro (Apple M4 Max),26.6.1 (25G76),arm64,browser_wasm,Google Chrome 151.0.7922.109,passport_complete_age_check,historical-monolithic-age-integrity,9b2a6f37c67691eab4b0cec6c35e35c520e93285,circom_groth16,circom,snarkjs-groth16-browser-wasm-workers,circom-witness-wasm,measured,1,ok,5.825,4275.205,11541.94,12.18,15822.97,15049.8125,1450,588352242,568828944,588352242,,input-to-proof-v1-multithread,9b2a6f37c67691eab4b0cec6c35e35c520e93285,"{""circom"":""2.2.2"",""snarkjs"":""0.7.6"",""execution_policy"":""workers""};execution_policy=multithread;threads_requested=16;threads_effective=16;witness_backend=circom_runtime_wasm_single;prover_backend=snarkjs_0.7.6_browser_wasm_workers","{""raw_evidence_sha256"":""d3f11f5f3633dd7b0e23f8ea67f375f771806408e074bfa27a56ee21ffc53cf0""}",,"Historical monolithic Passport age and integrity lane retained separately from the additional exact P1 source pair. Browser execution policy: multithread; requested threads=16, effective threads=16; witness generation remains circom_runtime_wasm_single, prover backend=snarkjs_0.7.6_browser_wasm_workers.",,,/Users/dcbuilder/Code/world/.worktrees/provekit-v1-cross-device-campaign/target/v1-benchmarks/input-to-proof/mac-chrome-multithread/passport_complete_age_check__mac_chrome__circom_groth16__cold_local.json,cold_local,15822.97
input-to-proof-v1-mac-multithread-20260812,passport_complete_age_check__mac_chrome__circom_groth16__cold_local-2,2026-08-12T09:31:06.467Z,macbook_m4,MacBook Pro (Apple M4 Max),26.6.1 (25G76),arm64,browser_wasm,Google Chrome 151.0.7922.109,passport_complete_age_check,historical-monolithic-age-integrity,9b2a6f37c67691eab4b0cec6c35e35c520e93285,circom_groth16,circom,snarkjs-groth16-browser-wasm-workers,circom-witness-wasm,measured,2,ok,6.355,4236.66,11582.605,12.205,15825.62,15743.796875,1446,588352242,568828944,588352242,,input-to-proof-v1-multithread,9b2a6f37c67691eab4b0cec6c35e35c520e93285,"{""circom"":""2.2.2"",""snarkjs"":""0.7.6"",""execution_policy"":""workers""};execution_policy=multithread;threads_requested=16;threads_effective=16;witness_backend=circom_runtime_wasm_single;prover_backend=snarkjs_0.7.6_browser_wasm_workers","{""raw_evidence_sha256"":""d3f11f5f3633dd7b0e23f8ea67f375f771806408e074bfa27a56ee21ffc53cf0""}",,"Historical monolithic Passport age and integrity lane retained separately from the additional exact P1 source pair. Browser execution policy: multithread; requested threads=16, effective threads=16; witness generation remains circom_runtime_wasm_single, prover backend=snarkjs_0.7.6_browser_wasm_workers.",,,/Users/dcbuilder/Code/world/.worktrees/provekit-v1-cross-device-campaign/target/v1-benchmarks/input-to-proof/mac-chrome-multithread/passport_complete_age_check__mac_chrome__circom_groth16__cold_local.json,cold_local,15825.62
input-to-proof-v1-mac-multithread-20260812,passport_complete_age_check__mac_chrome__circom_groth16__cold_local-3,2026-08-12T09:31:06.467Z,macbook_m4,MacBook Pro (Apple M4 Max),26.6.1 (25G76),arm64,browser_wasm,Google Chrome 151.0.7922.109,passport_complete_age_check,historical-monolithic-age-integrity,9b2a6f37c67691eab4b0cec6c35e35c520e93285,circom_groth16,circom,snarkjs-groth16-browser-wasm-workers,circom-witness-wasm,measured,3,ok,5.91,4254.45,11591.65,11.425,15852.01,15150.515625,1445,588352242,568828944,588352242,,input-to-proof-v1-multithread,9b2a6f37c67691eab4b0cec6c35e35c520e93285,"{""circom"":""2.2.2"",""snarkjs"":""0.7.6"",""execution_policy"":""workers""};execution_policy=multithread;threads_requested=16;threads_effective=16;witness_backend=circom_runtime_wasm_single;prover_backend=snarkjs_0.7.6_browser_wasm_workers","{""raw_evidence_sha256"":""d3f11f5f3633dd7b0e23f8ea67f375f771806408e074bfa27a56ee21ffc53cf0""}",,"Historical monolithic Passport age and integrity lane retained separately from the additional exact P1 source pair. Browser execution policy: multithread; requested threads=16, effective threads=16; witness generation remains circom_runtime_wasm_single, prover backend=snarkjs_0.7.6_browser_wasm_workers.",,,/Users/dcbuilder/Code/world/.worktrees/provekit-v1-cross-device-campaign/target/v1-benchmarks/input-to-proof/mac-chrome-multithread/passport_complete_age_check__mac_chrome__circom_groth16__cold_local.json,cold_local,15852.01
input-to-proof-v1-mac-multithread-20260812,passport_complete_age_check__mac_chrome__circom_groth16__cold_local-4,2026-08-12T09:31:06.467Z,macbook_m4,MacBook Pro (Apple M4 Max),26.6.1 (25G76),arm64,browser_wasm,Google Chrome 151.0.7922.109,passport_complete_age_check,historical-monolithic-age-integrity,9b2a6f37c67691eab4b0cec6c35e35c520e93285,circom_groth16,circom,snarkjs-groth16-browser-wasm-workers,circom-witness-wasm,measured,4,ok,6.325,4224.245,11061.52,11.575,15292.09,14678.046875,1444,588352242,568828944,588352242,,input-to-proof-v1-multithread,9b2a6f37c67691eab4b0cec6c35e35c520e93285,"{""circom"":""2.2.2"",""snarkjs"":""0.7.6"",""execution_policy"":""workers""};execution_policy=multithread;threads_requested=16;threads_effective=16;witness_backend=circom_runtime_wasm_single;prover_backend=snarkjs_0.7.6_browser_wasm_workers","{""raw_evidence_sha256"":""d3f11f5f3633dd7b0e23f8ea67f375f771806408e074bfa27a56ee21ffc53cf0""}",,"Historical monolithic Passport age and integrity lane retained separately from the additional exact P1 source pair. Browser execution policy: multithread; requested threads=16, effective threads=16; witness generation remains circom_runtime_wasm_single, prover backend=snarkjs_0.7.6_browser_wasm_workers.",,,/Users/dcbuilder/Code/world/.worktrees/provekit-v1-cross-device-campaign/target/v1-benchmarks/input-to-proof/mac-chrome-multithread/passport_complete_age_check__mac_chrome__circom_groth16__cold_local.json,cold_local,15292.09
input-to-proof-v1-mac-multithread-20260812,passport_complete_age_check__mac_chrome__circom_groth16__cold_local-5,2026-08-12T09:31:06.467Z,macbook_m4,MacBook Pro (Apple M4 Max),26.6.1 (25G76),arm64,browser_wasm,Google Chrome 151.0.7922.109,passport_complete_age_check,historical-monolithic-age-integrity,9b2a6f37c67691eab4b0cec6c35e35c520e93285,circom_groth16,circom,snarkjs-groth16-browser-wasm-workers,circom-witness-wasm,measured,5,ok,5.64,4255.655,11098.29,11.61,15359.585,14399.5625,1452,588352242,568828944,588352242,,input-to-proof-v1-multithread,9b2a6f37c67691eab4b0cec6c35e35c520e93285,"{""circom"":""2.2.2"",""snarkjs"":""0.7.6"",""execution_policy"":""workers""};execution_policy=multithread;threads_requested=16;threads_effective=16;witness_backend=circom_runtime_wasm_single;prover_backend=snarkjs_0.7.6_browser_wasm_workers","{""raw_evidence_sha256"":""d3f11f5f3633dd7b0e23f8ea67f375f771806408e074bfa27a56ee21ffc53cf0""}",,"Historical monolithic Passport age and integrity lane retained separately from the additional exact P1 source pair. Browser execution policy: multithread; requested threads=16, effective threads=16; witness generation remains circom_runtime_wasm_single, prover backend=snarkjs_0.7.6_browser_wasm_workers.",,,/Users/dcbuilder/Code/world/.worktrees/provekit-v1-cross-device-campaign/target/v1-benchmarks/input-to-proof/mac-chrome-multithread/passport_complete_age_check__mac_chrome__circom_groth16__cold_local.json,cold_local,15359.585
input-to-proof-v1-mac-multithread-20260812,passport_complete_age_check__mac_chrome__circom_groth16__warm_reuse-0,2026-08-12T09:32:45.695Z,macbook_m4,MacBook Pro (Apple M4 Max),26.6.1 (25G76),arm64,browser_wasm,Google Chrome 151.0.7922.109,passport_complete_age_check,historical-monolithic-age-integrity,9b2a6f37c67691eab4b0cec6c35e35c520e93285,circom_groth16,circom,snarkjs-groth16-browser-wasm-workers,circom-witness-wasm,warmup,0,ok,0,4239.625,11468.56,12.11,15708.42,15280.375,1448,588352242,568828944,588352242,,input-to-proof-v1-multithread,9b2a6f37c67691eab4b0cec6c35e35c520e93285,"{""circom"":""2.2.2"",""snarkjs"":""0.7.6"",""execution_policy"":""workers""};execution_policy=multithread;threads_requested=16;threads_effective=16;witness_backend=circom_runtime_wasm_single;prover_backend=snarkjs_0.7.6_browser_wasm_workers","{""raw_evidence_sha256"":""9fd5aeb0d839c6bfeddd17332cc3c1ebde4bda9c8b6b5552f2ac6b95d8cac4b7""}",,"Historical monolithic Passport age and integrity lane retained separately from the additional exact P1 source pair. Browser execution policy: multithread; requested threads=16, effective threads=16; witness generation remains circom_runtime_wasm_single, prover backend=snarkjs_0.7.6_browser_wasm_workers.",,,/Users/dcbuilder/Code/world/.worktrees/provekit-v1-cross-device-campaign/target/v1-benchmarks/input-to-proof/mac-chrome-multithread/passport_complete_age_check__mac_chrome__circom_groth16__warm_reuse.json,warm_reuse,15708.42
input-to-proof-v1-mac-multithread-20260812,passport_complete_age_check__mac_chrome__circom_groth16__warm_reuse-1,2026-08-12T09:32:45.695Z,macbook_m4,MacBook Pro (Apple M4 Max),26.6.1 (25G76),arm64,browser_wasm,Google Chrome 151.0.7922.109,passport_complete_age_check,historical-monolithic-age-integrity,9b2a6f37c67691eab4b0cec6c35e35c520e93285,circom_groth16,circom,snarkjs-groth16-browser-wasm-workers,circom-witness-wasm,measured,1,ok,0,4238.17,11785.135,17.665,16023.56,15280.375,1443,588352242,568828944,588352242,,input-to-proof-v1-multithread,9b2a6f37c67691eab4b0cec6c35e35c520e93285,"{""circom"":""2.2.2"",""snarkjs"":""0.7.6"",""execution_policy"":""workers""};execution_policy=multithread;threads_requested=16;threads_effective=16;witness_backend=circom_runtime_wasm_single;prover_backend=snarkjs_0.7.6_browser_wasm_workers","{""raw_evidence_sha256"":""9fd5aeb0d839c6bfeddd17332cc3c1ebde4bda9c8b6b5552f2ac6b95d8cac4b7""}",,"Historical monolithic Passport age and integrity lane retained separately from the additional exact P1 source pair. Browser execution policy: multithread; requested threads=16, effective threads=16; witness generation remains circom_runtime_wasm_single, prover backend=snarkjs_0.7.6_browser_wasm_workers.",,,/Users/dcbuilder/Code/world/.worktrees/provekit-v1-cross-device-campaign/target/v1-benchmarks/input-to-proof/mac-chrome-multithread/passport_complete_age_check__mac_chrome__circom_groth16__warm_reuse.json,warm_reuse,16023.56
input-to-proof-v1-mac-multithread-20260812,passport_complete_age_check__mac_chrome__circom_groth16__warm_reuse-2,2026-08-12T09:32:45.695Z,macbook_m4,MacBook Pro (Apple M4 Max),26.6.1 (25G76),arm64,browser_wasm,Google Chrome 151.0.7922.109,passport_complete_age_check,historical-monolithic-age-integrity,9b2a6f37c67691eab4b0cec6c35e35c520e93285,circom_groth16,circom,snarkjs-groth16-browser-wasm-workers,circom-witness-wasm,measured,2,ok,0,4242.36,13017.335,15.13,17259.98,15280.375,1443,588352242,568828944,588352242,,input-to-proof-v1-multithread,9b2a6f37c67691eab4b0cec6c35e35c520e93285,"{""circom"":""2.2.2"",""snarkjs"":""0.7.6"",""execution_policy"":""workers""};execution_policy=multithread;threads_requested=16;threads_effective=16;witness_backend=circom_runtime_wasm_single;prover_backend=snarkjs_0.7.6_browser_wasm_workers","{""raw_evidence_sha256"":""9fd5aeb0d839c6bfeddd17332cc3c1ebde4bda9c8b6b5552f2ac6b95d8cac4b7""}",,"Historical monolithic Passport age and integrity lane retained separately from the additional exact P1 source pair. Browser execution policy: multithread; requested threads=16, effective threads=16; witness generation remains circom_runtime_wasm_single, prover backend=snarkjs_0.7.6_browser_wasm_workers.",,,/Users/dcbuilder/Code/world/.worktrees/provekit-v1-cross-device-campaign/target/v1-benchmarks/input-to-proof/mac-chrome-multithread/passport_complete_age_check__mac_chrome__circom_groth16__warm_reuse.json,warm_reuse,17259.98
input-to-proof-v1-mac-multithread-20260812,passport_complete_age_check__mac_chrome__circom_groth16__warm_reuse-3,2026-08-12T09:32:45.695Z,macbook_m4,MacBook Pro (Apple M4 Max),26.6.1 (25G76),arm64,browser_wasm,Google Chrome 151.0.7922.109,passport_complete_age_check,historical-monolithic-age-integrity,9b2a6f37c67691eab4b0cec6c35e35c520e93285,circom_groth16,circom,snarkjs-groth16-browser-wasm-workers,circom-witness-wasm,measured,3,ok,0,4354.52,11535.45,11.12,15890.215,15280.375,1448,588352242,568828944,588352242,,input-to-proof-v1-multithread,9b2a6f37c67691eab4b0cec6c35e35c520e93285,"{""circom"":""2.2.2"",""snarkjs"":""0.7.6"",""execution_policy"":""workers""};execution_policy=multithread;threads_requested=16;threads_effective=16;witness_backend=circom_runtime_wasm_single;prover_backend=snarkjs_0.7.6_browser_wasm_workers","{""raw_evidence_sha256"":""9fd5aeb0d839c6bfeddd17332cc3c1ebde4bda9c8b6b5552f2ac6b95d8cac4b7""}",,"Historical monolithic Passport age and integrity lane retained separately from the additional exact P1 source pair. Browser execution policy: multithread; requested threads=16, effective threads=16; witness generation remains circom_runtime_wasm_single, prover backend=snarkjs_0.7.6_browser_wasm_workers.",,,/Users/dcbuilder/Code/world/.worktrees/provekit-v1-cross-device-campaign/target/v1-benchmarks/input-to-proof/mac-chrome-multithread/passport_complete_age_check__mac_chrome__circom_groth16__warm_reuse.json,warm_reuse,15890.215
input-to-proof-v1-mac-multithread-20260812,passport_complete_age_check__mac_chrome__circom_groth16__warm_reuse-4,2026-08-12T09:32:45.695Z,macbook_m4,MacBook Pro (Apple M4 Max),26.6.1 (25G76),arm64,browser_wasm,Google Chrome 151.0.7922.109,passport_complete_age_check,historical-monolithic-age-integrity,9b2a6f37c67691eab4b0cec6c35e35c520e93285,circom_groth16,circom,snarkjs-groth16-browser-wasm-workers,circom-witness-wasm,measured,4,ok,0,4289.36,12599.53,12.045,16889.195,15280.375,1446,588352242,568828944,588352242,,input-to-proof-v1-multithread,9b2a6f37c67691eab4b0cec6c35e35c520e93285,"{""circom"":""2.2.2"",""snarkjs"":""0.7.6"",""execution_policy"":""workers""};execution_policy=multithread;threads_requested=16;threads_effective=16;witness_backend=circom_runtime_wasm_single;prover_backend=snarkjs_0.7.6_browser_wasm_workers","{""raw_evidence_sha256"":""9fd5aeb0d839c6bfeddd17332cc3c1ebde4bda9c8b6b5552f2ac6b95d8cac4b7""}",,"Historical monolithic Passport age and integrity lane retained separately from the additional exact P1 source pair. Browser execution policy: multithread; requested threads=16, effective threads=16; witness generation remains circom_runtime_wasm_single, prover backend=snarkjs_0.7.6_browser_wasm_workers.",,,/Users/dcbuilder/Code/world/.worktrees/provekit-v1-cross-device-campaign/target/v1-benchmarks/input-to-proof/mac-chrome-multithread/passport_complete_age_check__mac_chrome__circom_groth16__warm_reuse.json,warm_reuse,16889.195
input-to-proof-v1-mac-multithread-20260812,passport_complete_age_check__mac_chrome__circom_groth16__warm_reuse-5,2026-08-12T09:32:45.695Z,macbook_m4,MacBook Pro (Apple M4 Max),26.6.1 (25G76),arm64,browser_wasm,Google Chrome 151.0.7922.109,passport_complete_age_check,historical-monolithic-age-integrity,9b2a6f37c67691eab4b0cec6c35e35c520e93285,circom_groth16,circom,snarkjs-groth16-browser-wasm-workers,circom-witness-wasm,measured,5,ok,0,4230.865,11964.915,13.16,16195.975,15280.375,1447,588352242,568828944,588352242,,input-to-proof-v1-multithread,9b2a6f37c67691eab4b0cec6c35e35c520e93285,"{""circom"":""2.2.2"",""snarkjs"":""0.7.6"",""execution_policy"":""workers""};execution_policy=multithread;threads_requested=16;threads_effective=16;witness_backend=circom_runtime_wasm_single;prover_backend=snarkjs_0.7.6_browser_wasm_workers","{""raw_evidence_sha256"":""9fd5aeb0d839c6bfeddd17332cc3c1ebde4bda9c8b6b5552f2ac6b95d8cac4b7""}",,"Historical monolithic Passport age and integrity lane retained separately from the additional exact P1 source pair. Browser execution policy: multithread; requested threads=16, effective threads=16; witness generation remains circom_runtime_wasm_single, prover backend=snarkjs_0.7.6_browser_wasm_workers.",,,/Users/dcbuilder/Code/world/.worktrees/provekit-v1-cross-device-campaign/target/v1-benchmarks/input-to-proof/mac-chrome-multithread/passport_complete_age_check__mac_chrome__circom_groth16__warm_reuse.json,warm_reuse,16195.975
input-to-proof-v1-mac-multithread-20260812,passport_p1__mac_chrome__provekit_v1__cold_local-0,2026-08-12T08:47:26.955Z,macbook_m4,MacBook Pro (Apple M4 Max),26.6.1 (25G76),arm64,browser_wasm,Google Chrome 151.0.7922.109,passport_age_integrity,P1-matched-monolithic-RSA4096,092621d721cfef9ff39b0787f5ba2c1f07eb6d95,provekit_v1,noir,provekit-v1-whir-wasm-workers,@noir-lang/noir_js@1.0.0-beta.11,warmup,0,ok,1556.0049999998882,794.6700000003912,1873.3799999998882,77.32000000029802,4224.055000000168,860.90625,963365,2292299,2261616,14993274,294402,input-to-proof-v1-multithread,9b2a6f37c67691eab4b0cec6c35e35c520e93285,"{""provekit"":""9b2a6f37c67691eab4b0cec6c35e35c520e93285"",""noir_js"":""1.0.0-beta.11"",""execution_policy"":""workers""};execution_policy=multithread;threads_requested=auto;threads_effective=8;witness_backend=single;prover_backend=provekit_v1_branch_9b2a6f_wasm_rayon_threaded","{""raw_evidence_sha256"":""7e35ceb5f9e32bbc89a890810ec89028882dc3838449438256d6cc6729ddb5a1""}",,"Matched P1 profile: monolithic RSA-4096 passport integrity, registry authorization, DG1 validity, and minimum-age assertion. Browser execution policy: multithread; requested threads=auto, effective threads=8; witness generation remains single, prover backend=provekit_v1_branch_9b2a6f_wasm_rayon_threaded.",,,/Users/dcbuilder/Code/world/.worktrees/provekit-v1-cross-device-campaign/target/v1-benchmarks/input-to-proof/mac-chrome-multithread/passport_p1__mac_chrome__provekit_v1__cold_local.json,cold_local,4224.055000000168
input-to-proof-v1-mac-multithread-20260812,passport_p1__mac_chrome__provekit_v1__cold_local-1,2026-08-12T08:47:26.955Z,macbook_m4,MacBook Pro (Apple M4 Max),26.6.1 (25G76),arm64,browser_wasm,Google Chrome 151.0.7922.109,passport_age_integrity,P1-matched-monolithic-RSA4096,092621d721cfef9ff39b0787f5ba2c1f07eb6d95,provekit_v1,noir,provekit-v1-whir-wasm-workers,@noir-lang/noir_js@1.0.0-beta.11,measured,1,ok,1567.1299999998882,789.8799999998882,1869.6350000002421,79.48499999986961,4226.645000000019,858.8125,959481,2292299,2261616,14993274,294402,input-to-proof-v1-multithread,9b2a6f37c67691eab4b0cec6c35e35c520e93285,"{""provekit"":""9b2a6f37c67691eab4b0cec6c35e35c520e93285"",""noir_js"":""1.0.0-beta.11"",""execution_policy"":""workers""};execution_policy=multithread;threads_requested=auto;threads_effective=8;witness_backend=single;prover_backend=provekit_v1_branch_9b2a6f_wasm_rayon_threaded","{""raw_evidence_sha256"":""7e35ceb5f9e32bbc89a890810ec89028882dc3838449438256d6cc6729ddb5a1""}",,"Matched P1 profile: monolithic RSA-4096 passport integrity, registry authorization, DG1 validity, and minimum-age assertion. Browser execution policy: multithread; requested threads=auto, effective threads=8; witness generation remains single, prover backend=provekit_v1_branch_9b2a6f_wasm_rayon_threaded.",,,/Users/dcbuilder/Code/world/.worktrees/provekit-v1-cross-device-campaign/target/v1-benchmarks/input-to-proof/mac-chrome-multithread/passport_p1__mac_chrome__provekit_v1__cold_local.json,cold_local,4226.645000000019
input-to-proof-v1-mac-multithread-20260812,passport_p1__mac_chrome__provekit_v1__cold_local-2,2026-08-12T08:47:26.955Z,macbook_m4,MacBook Pro (Apple M4 Max),26.6.1 (25G76),arm64,browser_wasm,Google Chrome 151.0.7922.109,passport_age_integrity,P1-matched-monolithic-RSA4096,092621d721cfef9ff39b0787f5ba2c1f07eb6d95,provekit_v1,noir,provekit-v1-whir-wasm-workers,@noir-lang/noir_js@1.0.0-beta.11,measured,2,ok,1570.5,790.9199999999255,1897.3100000000559,79.14000000013039,4258.729999999981,862.71875,960377,2292299,2261616,14993274,294402,input-to-proof-v1-multithread,9b2a6f37c67691eab4b0cec6c35e35c520e93285,"{""provekit"":""9b2a6f37c67691eab4b0cec6c35e35c520e93285"",""noir_js"":""1.0.0-beta.11"",""execution_policy"":""workers""};execution_policy=multithread;threads_requested=auto;threads_effective=8;witness_backend=single;prover_backend=provekit_v1_branch_9b2a6f_wasm_rayon_threaded","{""raw_evidence_sha256"":""7e35ceb5f9e32bbc89a890810ec89028882dc3838449438256d6cc6729ddb5a1""}",,"Matched P1 profile: monolithic RSA-4096 passport integrity, registry authorization, DG1 validity, and minimum-age assertion. Browser execution policy: multithread; requested threads=auto, effective threads=8; witness generation remains single, prover backend=provekit_v1_branch_9b2a6f_wasm_rayon_threaded.",,,/Users/dcbuilder/Code/world/.worktrees/provekit-v1-cross-device-campaign/target/v1-benchmarks/input-to-proof/mac-chrome-multithread/passport_p1__mac_chrome__provekit_v1__cold_local.json,cold_local,4258.729999999981
input-to-proof-v1-mac-multithread-20260812,passport_p1__mac_chrome__provekit_v1__cold_local-3,2026-08-12T08:47:26.955Z,macbook_m4,MacBook Pro (Apple M4 Max),26.6.1 (25G76),arm64,browser_wasm,Google Chrome 151.0.7922.109,passport_age_integrity,P1-matched-monolithic-RSA4096,092621d721cfef9ff39b0787f5ba2c1f07eb6d95,provekit_v1,noir,provekit-v1-whir-wasm-workers,@noir-lang/noir_js@1.0.0-beta.11,measured,3,ok,1560.9699999997392,797.3700000001118,1900.3349999999627,79.89000000013039,4258.674999999814,860.515625,965969,2292299,2261616,14993274,294402,input-to-proof-v1-multithread,9b2a6f37c67691eab4b0cec6c35e35c520e93285,"{""provekit"":""9b2a6f37c67691eab4b0cec6c35e35c520e93285"",""noir_js"":""1.0.0-beta.11"",""execution_policy"":""workers""};execution_policy=multithread;threads_requested=auto;threads_effective=8;witness_backend=single;prover_backend=provekit_v1_branch_9b2a6f_wasm_rayon_threaded","{""raw_evidence_sha256"":""7e35ceb5f9e32bbc89a890810ec89028882dc3838449438256d6cc6729ddb5a1""}",,"Matched P1 profile: monolithic RSA-4096 passport integrity, registry authorization, DG1 validity, and minimum-age assertion. Browser execution policy: multithread; requested threads=auto, effective threads=8; witness generation remains single, prover backend=provekit_v1_branch_9b2a6f_wasm_rayon_threaded.",,,/Users/dcbuilder/Code/world/.worktrees/provekit-v1-cross-device-campaign/target/v1-benchmarks/input-to-proof/mac-chrome-multithread/passport_p1__mac_chrome__provekit_v1__cold_local.json,cold_local,4258.674999999814
input-to-proof-v1-mac-multithread-20260812,passport_p1__mac_chrome__provekit_v1__cold_local-4,2026-08-12T08:47:26.955Z,macbook_m4,MacBook Pro (Apple M4 Max),26.6.1 (25G76),arm64,browser_wasm,Google Chrome 151.0.7922.109,passport_age_integrity,P1-matched-monolithic-RSA4096,092621d721cfef9ff39b0787f5ba2c1f07eb6d95,provekit_v1,noir,provekit-v1-whir-wasm-workers,@noir-lang/noir_js@1.0.0-beta.11,measured,4,ok,1558.3900000001304,797.6949999998324,1880.070000000298,78.07500000018626,4236.155000000261,861.125,958673,2292299,2261616,14993274,294402,input-to-proof-v1-multithread,9b2a6f37c67691eab4b0cec6c35e35c520e93285,"{""provekit"":""9b2a6f37c67691eab4b0cec6c35e35c520e93285"",""noir_js"":""1.0.0-beta.11"",""execution_policy"":""workers""};execution_policy=multithread;threads_requested=auto;threads_effective=8;witness_backend=single;prover_backend=provekit_v1_branch_9b2a6f_wasm_rayon_threaded","{""raw_evidence_sha256"":""7e35ceb5f9e32bbc89a890810ec89028882dc3838449438256d6cc6729ddb5a1""}",,"Matched P1 profile: monolithic RSA-4096 passport integrity, registry authorization, DG1 validity, and minimum-age assertion. Browser execution policy: multithread; requested threads=auto, effective threads=8; witness generation remains single, prover backend=provekit_v1_branch_9b2a6f_wasm_rayon_threaded.",,,/Users/dcbuilder/Code/world/.worktrees/provekit-v1-cross-device-campaign/target/v1-benchmarks/input-to-proof/mac-chrome-multithread/passport_p1__mac_chrome__provekit_v1__cold_local.json,cold_local,4236.155000000261
input-to-proof-v1-mac-multithread-20260812,passport_p1__mac_chrome__provekit_v1__cold_local-5,2026-08-12T08:47:26.955Z,macbook_m4,MacBook Pro (Apple M4 Max),26.6.1 (25G76),arm64,browser_wasm,Google Chrome 151.0.7922.109,passport_age_integrity,P1-matched-monolithic-RSA4096,092621d721cfef9ff39b0787f5ba2c1f07eb6d95,provekit_v1,noir,provekit-v1-whir-wasm-workers,@noir-lang/noir_js@1.0.0-beta.11,measured,5,ok,1567.5499999998137,800.8400000003166,1943.9150000000373,81.3249999997206,4312.305000000168,862.65625,962681,2292299,2261616,14993274,294402,input-to-proof-v1-multithread,9b2a6f37c67691eab4b0cec6c35e35c520e93285,"{""provekit"":""9b2a6f37c67691eab4b0cec6c35e35c520e93285"",""noir_js"":""1.0.0-beta.11"",""execution_policy"":""workers""};execution_policy=multithread;threads_requested=auto;threads_effective=8;witness_backend=single;prover_backend=provekit_v1_branch_9b2a6f_wasm_rayon_threaded","{""raw_evidence_sha256"":""7e35ceb5f9e32bbc89a890810ec89028882dc3838449438256d6cc6729ddb5a1""}",,"Matched P1 profile: monolithic RSA-4096 passport integrity, registry authorization, DG1 validity, and minimum-age assertion. Browser execution policy: multithread; requested threads=auto, effective threads=8; witness generation remains single, prover backend=provekit_v1_branch_9b2a6f_wasm_rayon_threaded.",,,/Users/dcbuilder/Code/world/.worktrees/provekit-v1-cross-device-campaign/target/v1-benchmarks/input-to-proof/mac-chrome-multithread/passport_p1__mac_chrome__provekit_v1__cold_local.json,cold_local,4312.305000000168
input-to-proof-v1-mac-multithread-20260812,passport_p1__mac_chrome__provekit_v1__warm_reuse-0,2026-08-12T08:48:12.955Z,macbook_m4,MacBook Pro (Apple M4 Max),26.6.1 (25G76),arm64,browser_wasm,Google Chrome 151.0.7922.109,passport_age_integrity,P1-matched-monolithic-RSA4096,092621d721cfef9ff39b0787f5ba2c1f07eb6d95,provekit_v1,noir,provekit-v1-whir-wasm-workers,@noir-lang/noir_js@1.0.0-beta.11,warmup,0,ok,561.1150000002235,796.8149999999441,1875.0400000000373,79.65500000026077,3232.975000000093,1019.078125,963921,2292299,2261616,14993274,294402,input-to-proof-v1-multithread,9b2a6f37c67691eab4b0cec6c35e35c520e93285,"{""provekit"":""9b2a6f37c67691eab4b0cec6c35e35c520e93285"",""noir_js"":""1.0.0-beta.11"",""execution_policy"":""workers""};execution_policy=multithread;threads_requested=auto;threads_effective=8;witness_backend=single;prover_backend=provekit_v1_branch_9b2a6f_wasm_rayon_threaded","{""raw_evidence_sha256"":""e5c4b1d94a0481f0babb0f58e295b8ca354b5e040af72a49fccb7aa5da38bd47""}",,"Matched P1 profile: monolithic RSA-4096 passport integrity, registry authorization, DG1 validity, and minimum-age assertion. Browser execution policy: multithread; requested threads=auto, effective threads=8; witness generation remains single, prover backend=provekit_v1_branch_9b2a6f_wasm_rayon_threaded.",,,/Users/dcbuilder/Code/world/.worktrees/provekit-v1-cross-device-campaign/target/v1-benchmarks/input-to-proof/mac-chrome-multithread/passport_p1__mac_chrome__provekit_v1__warm_reuse.json,warm_reuse,3232.975000000093
input-to-proof-v1-mac-multithread-20260812,passport_p1__mac_chrome__provekit_v1__warm_reuse-1,2026-08-12T08:48:12.955Z,macbook_m4,MacBook Pro (Apple M4 Max),26.6.1 (25G76),arm64,browser_wasm,Google Chrome 151.0.7922.109,passport_age_integrity,P1-matched-monolithic-RSA4096,092621d721cfef9ff39b0787f5ba2c1f07eb6d95,provekit_v1,noir,provekit-v1-whir-wasm-workers,@noir-lang/noir_js@1.0.0-beta.11,measured,1,ok,553.8349999999627,638.5849999999627,1815.6400000001304,73.18999999994412,3008.060000000056,1019.078125,961745,2292299,2261616,14993274,294402,input-to-proof-v1-multithread,9b2a6f37c67691eab4b0cec6c35e35c520e93285,"{""provekit"":""9b2a6f37c67691eab4b0cec6c35e35c520e93285"",""noir_js"":""1.0.0-beta.11"",""execution_policy"":""workers""};execution_policy=multithread;threads_requested=auto;threads_effective=8;witness_backend=single;prover_backend=provekit_v1_branch_9b2a6f_wasm_rayon_threaded","{""raw_evidence_sha256"":""e5c4b1d94a0481f0babb0f58e295b8ca354b5e040af72a49fccb7aa5da38bd47""}",,"Matched P1 profile: monolithic RSA-4096 passport integrity, registry authorization, DG1 validity, and minimum-age assertion. Browser execution policy: multithread; requested threads=auto, effective threads=8; witness generation remains single, prover backend=provekit_v1_branch_9b2a6f_wasm_rayon_threaded.",,,/Users/dcbuilder/Code/world/.worktrees/provekit-v1-cross-device-campaign/target/v1-benchmarks/input-to-proof/mac-chrome-multithread/passport_p1__mac_chrome__provekit_v1__warm_reuse.json,warm_reuse,3008.060000000056
input-to-proof-v1-mac-multithread-20260812,passport_p1__mac_chrome__provekit_v1__warm_reuse-2,2026-08-12T08:48:12.955Z,macbook_m4,MacBook Pro (Apple M4 Max),26.6.1 (25G76),arm64,browser_wasm,Google Chrome 151.0.7922.109,passport_age_integrity,P1-matched-monolithic-RSA4096,092621d721cfef9ff39b0787f5ba2c1f07eb6d95,provekit_v1,noir,provekit-v1-whir-wasm-workers,@noir-lang/noir_js@1.0.0-beta.11,measured,2,ok,557.589999999851,643.2849999996834,1819.285000000149,70.02499999990687,3020.1650000000373,1019.078125,963577,2292299,2261616,14993274,294402,input-to-proof-v1-multithread,9b2a6f37c67691eab4b0cec6c35e35c520e93285,"{""provekit"":""9b2a6f37c67691eab4b0cec6c35e35c520e93285"",""noir_js"":""1.0.0-beta.11"",""execution_policy"":""workers""};execution_policy=multithread;threads_requested=auto;threads_effective=8;witness_backend=single;prover_backend=provekit_v1_branch_9b2a6f_wasm_rayon_threaded","{""raw_evidence_sha256"":""e5c4b1d94a0481f0babb0f58e295b8ca354b5e040af72a49fccb7aa5da38bd47""}",,"Matched P1 profile: monolithic RSA-4096 passport integrity, registry authorization, DG1 validity, and minimum-age assertion. Browser execution policy: multithread; requested threads=auto, effective threads=8; witness generation remains single, prover backend=provekit_v1_branch_9b2a6f_wasm_rayon_threaded.",,,/Users/dcbuilder/Code/world/.worktrees/provekit-v1-cross-device-campaign/target/v1-benchmarks/input-to-proof/mac-chrome-multithread/passport_p1__mac_chrome__provekit_v1__warm_reuse.json,warm_reuse,3020.1650000000373
input-to-proof-v1-mac-multithread-20260812,passport_p1__mac_chrome__provekit_v1__warm_reuse-3,2026-08-12T08:48:12.955Z,macbook_m4,MacBook Pro (Apple M4 Max),26.6.1 (25G76),arm64,browser_wasm,Google Chrome 151.0.7922.109,passport_age_integrity,P1-matched-monolithic-RSA4096,092621d721cfef9ff39b0787f5ba2c1f07eb6d95,provekit_v1,noir,provekit-v1-whir-wasm-workers,@noir-lang/noir_js@1.0.0-beta.11,measured,3,ok,558.9850000003353,631.7050000000745,1786.8799999998882,75.11499999975786,2977.5800000000745,1019.078125,966053,2292299,2261616,14993274,294402,input-to-proof-v1-multithread,9b2a6f37c67691eab4b0cec6c35e35c520e93285,"{""provekit"":""9b2a6f37c67691eab4b0cec6c35e35c520e93285"",""noir_js"":""1.0.0-beta.11"",""execution_policy"":""workers""};execution_policy=multithread;threads_requested=auto;threads_effective=8;witness_backend=single;prover_backend=provekit_v1_branch_9b2a6f_wasm_rayon_threaded","{""raw_evidence_sha256"":""e5c4b1d94a0481f0babb0f58e295b8ca354b5e040af72a49fccb7aa5da38bd47""}",,"Matched P1 profile: monolithic RSA-4096 passport integrity, registry authorization, DG1 validity, and minimum-age assertion. Browser execution policy: multithread; requested threads=auto, effective threads=8; witness generation remains single, prover backend=provekit_v1_branch_9b2a6f_wasm_rayon_threaded.",,,/Users/dcbuilder/Code/world/.worktrees/provekit-v1-cross-device-campaign/target/v1-benchmarks/input-to-proof/mac-chrome-multithread/passport_p1__mac_chrome__provekit_v1__warm_reuse.json,warm_reuse,2977.5800000000745
input-to-proof-v1-mac-multithread-20260812,passport_p1__mac_chrome__provekit_v1__warm_reuse-4,2026-08-12T08:48:12.955Z,macbook_m4,MacBook Pro (Apple M4 Max),26.6.1 (25G76),arm64,browser_wasm,Google Chrome 151.0.7922.109,passport_age_integrity,P1-matched-monolithic-RSA4096,092621d721cfef9ff39b0787f5ba2c1f07eb6d95,provekit_v1,noir,provekit-v1-whir-wasm-workers,@noir-lang/noir_js@1.0.0-beta.11,measured,4,ok,559.1549999997951,631.8999999999069,1789.8500000000931,71.9949999996461,2980.9099999996834,1019.078125,966309,2292299,2261616,14993274,294402,input-to-proof-v1-multithread,9b2a6f37c67691eab4b0cec6c35e35c520e93285,"{""provekit"":""9b2a6f37c67691eab4b0cec6c35e35c520e93285"",""noir_js"":""1.0.0-beta.11"",""execution_policy"":""workers""};execution_policy=multithread;threads_requested=auto;threads_effective=8;witness_backend=single;prover_backend=provekit_v1_branch_9b2a6f_wasm_rayon_threaded","{""raw_evidence_sha256"":""e5c4b1d94a0481f0babb0f58e295b8ca354b5e040af72a49fccb7aa5da38bd47""}",,"Matched P1 profile: monolithic RSA-4096 passport integrity, registry authorization, DG1 validity, and minimum-age assertion. Browser execution policy: multithread; requested threads=auto, effective threads=8; witness generation remains single, prover backend=provekit_v1_branch_9b2a6f_wasm_rayon_threaded.",,,/Users/dcbuilder/Code/world/.worktrees/provekit-v1-cross-device-campaign/target/v1-benchmarks/input-to-proof/mac-chrome-multithread/passport_p1__mac_chrome__provekit_v1__warm_reuse.json,warm_reuse,2980.9099999996834
input-to-proof-v1-mac-multithread-20260812,passport_p1__mac_chrome__provekit_v1__warm_reuse-5,2026-08-12T08:48:12.955Z,macbook_m4,MacBook Pro (Apple M4 Max),26.6.1 (25G76),arm64,browser_wasm,Google Chrome 151.0.7922.109,passport_age_integrity,P1-matched-monolithic-RSA4096,092621d721cfef9ff39b0787f5ba2c1f07eb6d95,provekit_v1,noir,provekit-v1-whir-wasm-workers,@noir-lang/noir_js@1.0.0-beta.11,measured,5,ok,559.0449999999255,631.0150000001304,1789.0049999998882,72.5749999997206,2979.0699999998324,1019.078125,961957,2292299,2261616,14993274,294402,input-to-proof-v1-multithread,9b2a6f37c67691eab4b0cec6c35e35c520e93285,"{""provekit"":""9b2a6f37c67691eab4b0cec6c35e35c520e93285"",""noir_js"":""1.0.0-beta.11"",""execution_policy"":""workers""};execution_policy=multithread;threads_requested=auto;threads_effective=8;witness_backend=single;prover_backend=provekit_v1_branch_9b2a6f_wasm_rayon_threaded","{""raw_evidence_sha256"":""e5c4b1d94a0481f0babb0f58e295b8ca354b5e040af72a49fccb7aa5da38bd47""}",,"Matched P1 profile: monolithic RSA-4096 passport integrity, registry authorization, DG1 validity, and minimum-age assertion. Browser execution policy: multithread; requested threads=auto, effective threads=8; witness generation remains single, prover backend=provekit_v1_branch_9b2a6f_wasm_rayon_threaded.",,,/Users/dcbuilder/Code/world/.worktrees/provekit-v1-cross-device-campaign/target/v1-benchmarks/input-to-proof/mac-chrome-multithread/passport_p1__mac_chrome__provekit_v1__warm_reuse.json,warm_reuse,2979.0699999998324
input-to-proof-v1-mac-multithread-20260812,passport_p1__mac_chrome__noir_barretenberg__cold_local-0,2026-08-12T08:48:57.771Z,macbook_m4,MacBook Pro (Apple M4 Max),26.6.1 (25G76),arm64,browser_wasm,Google Chrome 151.0.7922.109,passport_age_integrity,P1-matched-monolithic-RSA4096,092621d721cfef9ff39b0787f5ba2c1f07eb6d95,noir_barretenberg,noir,barretenberg-ultrahonk-wasm-workers,@noir-lang/noir_js@1.0.0-beta.19,warmup,0,ok,2587.265,546.215,2092.895,707.795,5226.375,1403.359375,16000,74595035,74564360,74595035,,input-to-proof-v1-multithread,092621d721cfef9ff39b0787f5ba2c1f07eb6d95,"{""bb_js"":""4.2.0-aztecnr-rc.2"",""noir_js"":""1.0.0-beta.19"",""execution_policy"":""workers""};execution_policy=multithread;threads_requested=32;threads_effective=16;witness_backend=single;prover_backend=barretenberg_4.2.0-aztecnr-rc.2_wasm_workers","{""raw_evidence_sha256"":""d96f64bd4327f2f1369978932309eda0937e4920b9e00b3cb2febb5be401aafd""}",,"Matched P1 profile: monolithic RSA-4096 passport integrity, registry authorization, DG1 validity, and minimum-age assertion. Browser execution policy: multithread; requested threads=32, effective threads=16; witness generation remains single, prover backend=barretenberg_4.2.0-aztecnr-rc.2_wasm_workers.",,,/Users/dcbuilder/Code/world/.worktrees/provekit-v1-cross-device-campaign/target/v1-benchmarks/input-to-proof/mac-chrome-multithread/passport_p1__mac_chrome__noir_barretenberg__cold_local.json,cold_local,5226.375
input-to-proof-v1-mac-multithread-20260812,passport_p1__mac_chrome__noir_barretenberg__cold_local-1,2026-08-12T08:48:57.771Z,macbook_m4,MacBook Pro (Apple M4 Max),26.6.1 (25G76),arm64,browser_wasm,Google Chrome 151.0.7922.109,passport_age_integrity,P1-matched-monolithic-RSA4096,092621d721cfef9ff39b0787f5ba2c1f07eb6d95,noir_barretenberg,noir,barretenberg-ultrahonk-wasm-workers,@noir-lang/noir_js@1.0.0-beta.19,measured,1,ok,2397.165,540.22,2120.03,682.9,5057.415,1401.453125,16000,74595035,74564360,74595035,,input-to-proof-v1-multithread,092621d721cfef9ff39b0787f5ba2c1f07eb6d95,"{""bb_js"":""4.2.0-aztecnr-rc.2"",""noir_js"":""1.0.0-beta.19"",""execution_policy"":""workers""};execution_policy=multithread;threads_requested=32;threads_effective=16;witness_backend=single;prover_backend=barretenberg_4.2.0-aztecnr-rc.2_wasm_workers","{""raw_evidence_sha256"":""d96f64bd4327f2f1369978932309eda0937e4920b9e00b3cb2febb5be401aafd""}",,"Matched P1 profile: monolithic RSA-4096 passport integrity, registry authorization, DG1 validity, and minimum-age assertion. Browser execution policy: multithread; requested threads=32, effective threads=16; witness generation remains single, prover backend=barretenberg_4.2.0-aztecnr-rc.2_wasm_workers.",,,/Users/dcbuilder/Code/world/.worktrees/provekit-v1-cross-device-campaign/target/v1-benchmarks/input-to-proof/mac-chrome-multithread/passport_p1__mac_chrome__noir_barretenberg__cold_local.json,cold_local,5057.415
input-to-proof-v1-mac-multithread-20260812,passport_p1__mac_chrome__noir_barretenberg__cold_local-2,2026-08-12T08:48:57.771Z,macbook_m4,MacBook Pro (Apple M4 Max),26.6.1 (25G76),arm64,browser_wasm,Google Chrome 151.0.7922.109,passport_age_integrity,P1-matched-monolithic-RSA4096,092621d721cfef9ff39b0787f5ba2c1f07eb6d95,noir_barretenberg,noir,barretenberg-ultrahonk-wasm-workers,@noir-lang/noir_js@1.0.0-beta.19,measured,2,ok,2465.25,538.815,2129.34,673.54,5133.405,1402.96875,16000,74595035,74564360,74595035,,input-to-proof-v1-multithread,092621d721cfef9ff39b0787f5ba2c1f07eb6d95,"{""bb_js"":""4.2.0-aztecnr-rc.2"",""noir_js"":""1.0.0-beta.19"",""execution_policy"":""workers""};execution_policy=multithread;threads_requested=32;threads_effective=16;witness_backend=single;prover_backend=barretenberg_4.2.0-aztecnr-rc.2_wasm_workers","{""raw_evidence_sha256"":""d96f64bd4327f2f1369978932309eda0937e4920b9e00b3cb2febb5be401aafd""}",,"Matched P1 profile: monolithic RSA-4096 passport integrity, registry authorization, DG1 validity, and minimum-age assertion. Browser execution policy: multithread; requested threads=32, effective threads=16; witness generation remains single, prover backend=barretenberg_4.2.0-aztecnr-rc.2_wasm_workers.",,,/Users/dcbuilder/Code/world/.worktrees/provekit-v1-cross-device-campaign/target/v1-benchmarks/input-to-proof/mac-chrome-multithread/passport_p1__mac_chrome__noir_barretenberg__cold_local.json,cold_local,5133.405
input-to-proof-v1-mac-multithread-20260812,passport_p1__mac_chrome__noir_barretenberg__cold_local-3,2026-08-12T08:48:57.771Z,macbook_m4,MacBook Pro (Apple M4 Max),26.6.1 (25G76),arm64,browser_wasm,Google Chrome 151.0.7922.109,passport_age_integrity,P1-matched-monolithic-RSA4096,092621d721cfef9ff39b0787f5ba2c1f07eb6d95,noir_barretenberg,noir,barretenberg-ultrahonk-wasm-workers,@noir-lang/noir_js@1.0.0-beta.19,measured,3,ok,2242.905,550.005,2140.325,692.51,4933.235,1398.71875,16000,74595035,74564360,74595035,,input-to-proof-v1-multithread,092621d721cfef9ff39b0787f5ba2c1f07eb6d95,"{""bb_js"":""4.2.0-aztecnr-rc.2"",""noir_js"":""1.0.0-beta.19"",""execution_policy"":""workers""};execution_policy=multithread;threads_requested=32;threads_effective=16;witness_backend=single;prover_backend=barretenberg_4.2.0-aztecnr-rc.2_wasm_workers","{""raw_evidence_sha256"":""d96f64bd4327f2f1369978932309eda0937e4920b9e00b3cb2febb5be401aafd""}",,"Matched P1 profile: monolithic RSA-4096 passport integrity, registry authorization, DG1 validity, and minimum-age assertion. Browser execution policy: multithread; requested threads=32, effective threads=16; witness generation remains single, prover backend=barretenberg_4.2.0-aztecnr-rc.2_wasm_workers.",,,/Users/dcbuilder/Code/world/.worktrees/provekit-v1-cross-device-campaign/target/v1-benchmarks/input-to-proof/mac-chrome-multithread/passport_p1__mac_chrome__noir_barretenberg__cold_local.json,cold_local,4933.235
input-to-proof-v1-mac-multithread-20260812,passport_p1__mac_chrome__noir_barretenberg__cold_local-4,2026-08-12T08:48:57.771Z,macbook_m4,MacBook Pro (Apple M4 Max),26.6.1 (25G76),arm64,browser_wasm,Google Chrome 151.0.7922.109,passport_age_integrity,P1-matched-monolithic-RSA4096,092621d721cfef9ff39b0787f5ba2c1f07eb6d95,noir_barretenberg,noir,barretenberg-ultrahonk-wasm-workers,@noir-lang/noir_js@1.0.0-beta.19,measured,4,ok,2307.295,538.425,2104.66,683.22,4950.38,1400.6875,16000,74595035,74564360,74595035,,input-to-proof-v1-multithread,092621d721cfef9ff39b0787f5ba2c1f07eb6d95,"{""bb_js"":""4.2.0-aztecnr-rc.2"",""noir_js"":""1.0.0-beta.19"",""execution_policy"":""workers""};execution_policy=multithread;threads_requested=32;threads_effective=16;witness_backend=single;prover_backend=barretenberg_4.2.0-aztecnr-rc.2_wasm_workers","{""raw_evidence_sha256"":""d96f64bd4327f2f1369978932309eda0937e4920b9e00b3cb2febb5be401aafd""}",,"Matched P1 profile: monolithic RSA-4096 passport integrity, registry authorization, DG1 validity, and minimum-age assertion. Browser execution policy: multithread; requested threads=32, effective threads=16; witness generation remains single, prover backend=barretenberg_4.2.0-aztecnr-rc.2_wasm_workers.",,,/Users/dcbuilder/Code/world/.worktrees/provekit-v1-cross-device-campaign/target/v1-benchmarks/input-to-proof/mac-chrome-multithread/passport_p1__mac_chrome__noir_barretenberg__cold_local.json,cold_local,4950.38
input-to-proof-v1-mac-multithread-20260812,passport_p1__mac_chrome__noir_barretenberg__cold_local-5,2026-08-12T08:48:57.771Z,macbook_m4,MacBook Pro (Apple M4 Max),26.6.1 (25G76),arm64,browser_wasm,Google Chrome 151.0.7922.109,passport_age_integrity,P1-matched-monolithic-RSA4096,092621d721cfef9ff39b0787f5ba2c1f07eb6d95,noir_barretenberg,noir,barretenberg-ultrahonk-wasm-workers,@noir-lang/noir_js@1.0.0-beta.19,measured,5,ok,2336.38,541.88,2108.8,670.33,4987.06,1402.359375,16000,74595035,74564360,74595035,,input-to-proof-v1-multithread,092621d721cfef9ff39b0787f5ba2c1f07eb6d95,"{""bb_js"":""4.2.0-aztecnr-rc.2"",""noir_js"":""1.0.0-beta.19"",""execution_policy"":""workers""};execution_policy=multithread;threads_requested=32;threads_effective=16;witness_backend=single;prover_backend=barretenberg_4.2.0-aztecnr-rc.2_wasm_workers","{""raw_evidence_sha256"":""d96f64bd4327f2f1369978932309eda0937e4920b9e00b3cb2febb5be401aafd""}",,"Matched P1 profile: monolithic RSA-4096 passport integrity, registry authorization, DG1 validity, and minimum-age assertion. Browser execution policy: multithread; requested threads=32, effective threads=16; witness generation remains single, prover backend=barretenberg_4.2.0-aztecnr-rc.2_wasm_workers.",,,/Users/dcbuilder/Code/world/.worktrees/provekit-v1-cross-device-campaign/target/v1-benchmarks/input-to-proof/mac-chrome-multithread/passport_p1__mac_chrome__noir_barretenberg__cold_local.json,cold_local,4987.06
input-to-proof-v1-mac-multithread-20260812,passport_p1__mac_chrome__noir_barretenberg__warm_reuse-0,2026-08-12T08:49:45.018Z,macbook_m4,MacBook Pro (Apple M4 Max),26.6.1 (25G76),arm64,browser_wasm,Google Chrome 151.0.7922.109,passport_age_integrity,P1-matched-monolithic-RSA4096,092621d721cfef9ff39b0787f5ba2c1f07eb6d95,noir_barretenberg,noir,barretenberg-ultrahonk-wasm-workers,@noir-lang/noir_js@1.0.0-beta.19,warmup,0,ok,0,428.23,1984.41,0,2412.675,1691.078125,16000,74595035,74564360,74595035,,input-to-proof-v1-multithread,092621d721cfef9ff39b0787f5ba2c1f07eb6d95,"{""bb_js"":""4.2.0-aztecnr-rc.2"",""noir_js"":""1.0.0-beta.19"",""execution_policy"":""workers""};execution_policy=multithread;threads_requested=32;threads_effective=16;witness_backend=single;prover_backend=barretenberg_4.2.0-aztecnr-rc.2_wasm_workers","{""raw_evidence_sha256"":""18c0339354d702c4adffb15ddb4d2d2eb73aa9897409947c02e5ab8f510ebb8b""}",,"Matched P1 profile: monolithic RSA-4096 passport integrity, registry authorization, DG1 validity, and minimum-age assertion. Browser execution policy: multithread; requested threads=32, effective threads=16; witness generation remains single, prover backend=barretenberg_4.2.0-aztecnr-rc.2_wasm_workers.",,,/Users/dcbuilder/Code/world/.worktrees/provekit-v1-cross-device-campaign/target/v1-benchmarks/input-to-proof/mac-chrome-multithread/passport_p1__mac_chrome__noir_barretenberg__warm_reuse.json,warm_reuse,2412.675
input-to-proof-v1-mac-multithread-20260812,passport_p1__mac_chrome__noir_barretenberg__warm_reuse-1,2026-08-12T08:49:45.018Z,macbook_m4,MacBook Pro (Apple M4 Max),26.6.1 (25G76),arm64,browser_wasm,Google Chrome 151.0.7922.109,passport_age_integrity,P1-matched-monolithic-RSA4096,092621d721cfef9ff39b0787f5ba2c1f07eb6d95,noir_barretenberg,noir,barretenberg-ultrahonk-wasm-workers,@noir-lang/noir_js@1.0.0-beta.19,measured,1,ok,0,428.36,1979.7,0,2408.085,1691.078125,16000,74595035,74564360,74595035,,input-to-proof-v1-multithread,092621d721cfef9ff39b0787f5ba2c1f07eb6d95,"{""bb_js"":""4.2.0-aztecnr-rc.2"",""noir_js"":""1.0.0-beta.19"",""execution_policy"":""workers""};execution_policy=multithread;threads_requested=32;threads_effective=16;witness_backend=single;prover_backend=barretenberg_4.2.0-aztecnr-rc.2_wasm_workers","{""raw_evidence_sha256"":""18c0339354d702c4adffb15ddb4d2d2eb73aa9897409947c02e5ab8f510ebb8b""}",,"Matched P1 profile: monolithic RSA-4096 passport integrity, registry authorization, DG1 validity, and minimum-age assertion. Browser execution policy: multithread; requested threads=32, effective threads=16; witness generation remains single, prover backend=barretenberg_4.2.0-aztecnr-rc.2_wasm_workers.",,,/Users/dcbuilder/Code/world/.worktrees/provekit-v1-cross-device-campaign/target/v1-benchmarks/input-to-proof/mac-chrome-multithread/passport_p1__mac_chrome__noir_barretenberg__warm_reuse.json,warm_reuse,2408.085
input-to-proof-v1-mac-multithread-20260812,passport_p1__mac_chrome__noir_barretenberg__warm_reuse-2,2026-08-12T08:49:45.018Z,macbook_m4,MacBook Pro (Apple M4 Max),26.6.1 (25G76),arm64,browser_wasm,Google Chrome 151.0.7922.109,passport_age_integrity,P1-matched-monolithic-RSA4096,092621d721cfef9ff39b0787f5ba2c1f07eb6d95,noir_barretenberg,noir,barretenberg-ultrahonk-wasm-workers,@noir-lang/noir_js@1.0.0-beta.19,measured,2,ok,0,432.18,2004.12,0,2436.325,1691.078125,16000,74595035,74564360,74595035,,input-to-proof-v1-multithread,092621d721cfef9ff39b0787f5ba2c1f07eb6d95,"{""bb_js"":""4.2.0-aztecnr-rc.2"",""noir_js"":""1.0.0-beta.19"",""execution_policy"":""workers""};execution_policy=multithread;threads_requested=32;threads_effective=16;witness_backend=single;prover_backend=barretenberg_4.2.0-aztecnr-rc.2_wasm_workers","{""raw_evidence_sha256"":""18c0339354d702c4adffb15ddb4d2d2eb73aa9897409947c02e5ab8f510ebb8b""}",,"Matched P1 profile: monolithic RSA-4096 passport integrity, registry authorization, DG1 validity, and minimum-age assertion. Browser execution policy: multithread; requested threads=32, effective threads=16; witness generation remains single, prover backend=barretenberg_4.2.0-aztecnr-rc.2_wasm_workers.",,,/Users/dcbuilder/Code/world/.worktrees/provekit-v1-cross-device-campaign/target/v1-benchmarks/input-to-proof/mac-chrome-multithread/passport_p1__mac_chrome__noir_barretenberg__warm_reuse.json,warm_reuse,2436.325
input-to-proof-v1-mac-multithread-20260812,passport_p1__mac_chrome__noir_barretenberg__warm_reuse-3,2026-08-12T08:49:45.018Z,macbook_m4,MacBook Pro (Apple M4 Max),26.6.1 (25G76),arm64,browser_wasm,Google Chrome 151.0.7922.109,passport_age_integrity,P1-matched-monolithic-RSA4096,092621d721cfef9ff39b0787f5ba2c1f07eb6d95,noir_barretenberg,noir,barretenberg-ultrahonk-wasm-workers,@noir-lang/noir_js@1.0.0-beta.19,measured,3,ok,0,425.89,1952.165,0,2378.09,1691.078125,16000,74595035,74564360,74595035,,input-to-proof-v1-multithread,092621d721cfef9ff39b0787f5ba2c1f07eb6d95,"{""bb_js"":""4.2.0-aztecnr-rc.2"",""noir_js"":""1.0.0-beta.19"",""execution_policy"":""workers""};execution_policy=multithread;threads_requested=32;threads_effective=16;witness_backend=single;prover_backend=barretenberg_4.2.0-aztecnr-rc.2_wasm_workers","{""raw_evidence_sha256"":""18c0339354d702c4adffb15ddb4d2d2eb73aa9897409947c02e5ab8f510ebb8b""}",,"Matched P1 profile: monolithic RSA-4096 passport integrity, registry authorization, DG1 validity, and minimum-age assertion. Browser execution policy: multithread; requested threads=32, effective threads=16; witness generation remains single, prover backend=barretenberg_4.2.0-aztecnr-rc.2_wasm_workers.",,,/Users/dcbuilder/Code/world/.worktrees/provekit-v1-cross-device-campaign/target/v1-benchmarks/input-to-proof/mac-chrome-multithread/passport_p1__mac_chrome__noir_barretenberg__warm_reuse.json,warm_reuse,2378.09
input-to-proof-v1-mac-multithread-20260812,passport_p1__mac_chrome__noir_barretenberg__warm_reuse-4,2026-08-12T08:49:45.018Z,macbook_m4,MacBook Pro (Apple M4 Max),26.6.1 (25G76),arm64,browser_wasm,Google Chrome 151.0.7922.109,passport_age_integrity,P1-matched-monolithic-RSA4096,092621d721cfef9ff39b0787f5ba2c1f07eb6d95,noir_barretenberg,noir,barretenberg-ultrahonk-wasm-workers,@noir-lang/noir_js@1.0.0-beta.19,measured,4,ok,0,424.015,1926.325,0,2350.37,1691.078125,16000,74595035,74564360,74595035,,input-to-proof-v1-multithread,092621d721cfef9ff39b0787f5ba2c1f07eb6d95,"{""bb_js"":""4.2.0-aztecnr-rc.2"",""noir_js"":""1.0.0-beta.19"",""execution_policy"":""workers""};execution_policy=multithread;threads_requested=32;threads_effective=16;witness_backend=single;prover_backend=barretenberg_4.2.0-aztecnr-rc.2_wasm_workers","{""raw_evidence_sha256"":""18c0339354d702c4adffb15ddb4d2d2eb73aa9897409947c02e5ab8f510ebb8b""}",,"Matched P1 profile: monolithic RSA-4096 passport integrity, registry authorization, DG1 validity, and minimum-age assertion. Browser execution policy: multithread; requested threads=32, effective threads=16; witness generation remains single, prover backend=barretenberg_4.2.0-aztecnr-rc.2_wasm_workers.",,,/Users/dcbuilder/Code/world/.worktrees/provekit-v1-cross-device-campaign/target/v1-benchmarks/input-to-proof/mac-chrome-multithread/passport_p1__mac_chrome__noir_barretenberg__warm_reuse.json,warm_reuse,2350.37
input-to-proof-v1-mac-multithread-20260812,passport_p1__mac_chrome__noir_barretenberg__warm_reuse-5,2026-08-12T08:49:45.018Z,macbook_m4,MacBook Pro (Apple M4 Max),26.6.1 (25G76),arm64,browser_wasm,Google Chrome 151.0.7922.109,passport_age_integrity,P1-matched-monolithic-RSA4096,092621d721cfef9ff39b0787f5ba2c1f07eb6d95,noir_barretenberg,noir,barretenberg-ultrahonk-wasm-workers,@noir-lang/noir_js@1.0.0-beta.19,measured,5,ok,0,422.41,1971.145,0,2393.585,1691.078125,16000,74595035,74564360,74595035,,input-to-proof-v1-multithread,092621d721cfef9ff39b0787f5ba2c1f07eb6d95,"{""bb_js"":""4.2.0-aztecnr-rc.2"",""noir_js"":""1.0.0-beta.19"",""execution_policy"":""workers""};execution_policy=multithread;threads_requested=32;threads_effective=16;witness_backend=single;prover_backend=barretenberg_4.2.0-aztecnr-rc.2_wasm_workers","{""raw_evidence_sha256"":""18c0339354d702c4adffb15ddb4d2d2eb73aa9897409947c02e5ab8f510ebb8b""}",,"Matched P1 profile: monolithic RSA-4096 passport integrity, registry authorization, DG1 validity, and minimum-age assertion. Browser execution policy: multithread; requested threads=32, effective threads=16; witness generation remains single, prover backend=barretenberg_4.2.0-aztecnr-rc.2_wasm_workers.",,,/Users/dcbuilder/Code/world/.worktrees/provekit-v1-cross-device-campaign/target/v1-benchmarks/input-to-proof/mac-chrome-multithread/passport_p1__mac_chrome__noir_barretenberg__warm_reuse.json,warm_reuse,2393.585
input-to-proof-v1-mac-multithread-20260812,passport_p1__mac_chrome__circom_groth16__cold_local-0,2026-08-12T09:35:05.753Z,macbook_m4,MacBook Pro (Apple M4 Max),26.6.1 (25G76),arm64,browser_wasm,Google Chrome 151.0.7922.109,passport_age_integrity,P1-matched-monolithic-RSA4096,092621d721cfef9ff39b0787f5ba2c1f07eb6d95,circom_groth16,circom,snarkjs-groth16-browser-wasm-workers,circom-witness-wasm,warmup,0,ok,3.255,3990.845,10072.8,8.135,14066.9,14722.25,722,508332927,498212512,508332927,,input-to-proof-v1-multithread,092621d721cfef9ff39b0787f5ba2c1f07eb6d95,"{""circom"":""2.2.2"",""snarkjs"":""0.7.6"",""execution_policy"":""workers""};execution_policy=multithread;threads_requested=16;threads_effective=16;witness_backend=circom_runtime_wasm_single;prover_backend=snarkjs_0.7.6_browser_wasm_workers","{""raw_evidence_sha256"":""61299ce62a0527e9691b12faa1c5dbe6110b39d2787f353e9cc46a37d250942c""}",,"Matched P1 profile: monolithic RSA-4096 passport integrity, registry authorization, DG1 validity, and minimum-age assertion. Browser execution policy: multithread; requested threads=16, effective threads=16; witness generation remains circom_runtime_wasm_single, prover backend=snarkjs_0.7.6_browser_wasm_workers.",,,/Users/dcbuilder/Code/world/.worktrees/provekit-v1-cross-device-campaign/target/v1-benchmarks/input-to-proof/mac-chrome-multithread/passport_p1__mac_chrome__circom_groth16__cold_local.json,cold_local,14066.9
input-to-proof-v1-mac-multithread-20260812,passport_p1__mac_chrome__circom_groth16__cold_local-1,2026-08-12T09:35:05.753Z,macbook_m4,MacBook Pro (Apple M4 Max),26.6.1 (25G76),arm64,browser_wasm,Google Chrome 151.0.7922.109,passport_age_integrity,P1-matched-monolithic-RSA4096,092621d721cfef9ff39b0787f5ba2c1f07eb6d95,circom_groth16,circom,snarkjs-groth16-browser-wasm-workers,circom-witness-wasm,measured,1,ok,2.225,4022.235,9034.755,8.305,13059.215,14633.140625,723,508332927,498212512,508332927,,input-to-proof-v1-multithread,092621d721cfef9ff39b0787f5ba2c1f07eb6d95,"{""circom"":""2.2.2"",""snarkjs"":""0.7.6"",""execution_policy"":""workers""};execution_policy=multithread;threads_requested=16;threads_effective=16;witness_backend=circom_runtime_wasm_single;prover_backend=snarkjs_0.7.6_browser_wasm_workers","{""raw_evidence_sha256"":""61299ce62a0527e9691b12faa1c5dbe6110b39d2787f353e9cc46a37d250942c""}",,"Matched P1 profile: monolithic RSA-4096 passport integrity, registry authorization, DG1 validity, and minimum-age assertion. Browser execution policy: multithread; requested threads=16, effective threads=16; witness generation remains circom_runtime_wasm_single, prover backend=snarkjs_0.7.6_browser_wasm_workers.",,,/Users/dcbuilder/Code/world/.worktrees/provekit-v1-cross-device-campaign/target/v1-benchmarks/input-to-proof/mac-chrome-multithread/passport_p1__mac_chrome__circom_groth16__cold_local.json,cold_local,13059.215
input-to-proof-v1-mac-multithread-20260812,passport_p1__mac_chrome__circom_groth16__cold_local-2,2026-08-12T09:35:05.753Z,macbook_m4,MacBook Pro (Apple M4 Max),26.6.1 (25G76),arm64,browser_wasm,Google Chrome 151.0.7922.109,passport_age_integrity,P1-matched-monolithic-RSA4096,092621d721cfef9ff39b0787f5ba2c1f07eb6d95,circom_groth16,circom,snarkjs-groth16-browser-wasm-workers,circom-witness-wasm,measured,2,ok,2.825,4002.785,9897.215,8.945,13902.825,14377.703125,720,508332927,498212512,508332927,,input-to-proof-v1-multithread,092621d721cfef9ff39b0787f5ba2c1f07eb6d95,"{""circom"":""2.2.2"",""snarkjs"":""0.7.6"",""execution_policy"":""workers""};execution_policy=multithread;threads_requested=16;threads_effective=16;witness_backend=circom_runtime_wasm_single;prover_backend=snarkjs_0.7.6_browser_wasm_workers","{""raw_evidence_sha256"":""61299ce62a0527e9691b12faa1c5dbe6110b39d2787f353e9cc46a37d250942c""}",,"Matched P1 profile: monolithic RSA-4096 passport integrity, registry authorization, DG1 validity, and minimum-age assertion. Browser execution policy: multithread; requested threads=16, effective threads=16; witness generation remains circom_runtime_wasm_single, prover backend=snarkjs_0.7.6_browser_wasm_workers.",,,/Users/dcbuilder/Code/world/.worktrees/provekit-v1-cross-device-campaign/target/v1-benchmarks/input-to-proof/mac-chrome-multithread/passport_p1__mac_chrome__circom_groth16__cold_local.json,cold_local,13902.825
input-to-proof-v1-mac-multithread-20260812,passport_p1__mac_chrome__circom_groth16__cold_local-3,2026-08-12T09:35:05.753Z,macbook_m4,MacBook Pro (Apple M4 Max),26.6.1 (25G76),arm64,browser_wasm,Google Chrome 151.0.7922.109,passport_age_integrity,P1-matched-monolithic-RSA4096,092621d721cfef9ff39b0787f5ba2c1f07eb6d95,circom_groth16,circom,snarkjs-groth16-browser-wasm-workers,circom-witness-wasm,measured,3,ok,4.145,4390.805,14737.945,9.63,19132.895,15792.421875,723,508332927,498212512,508332927,,input-to-proof-v1-multithread,092621d721cfef9ff39b0787f5ba2c1f07eb6d95,"{""circom"":""2.2.2"",""snarkjs"":""0.7.6"",""execution_policy"":""workers""};execution_policy=multithread;threads_requested=16;threads_effective=16;witness_backend=circom_runtime_wasm_single;prover_backend=snarkjs_0.7.6_browser_wasm_workers","{""raw_evidence_sha256"":""61299ce62a0527e9691b12faa1c5dbe6110b39d2787f353e9cc46a37d250942c""}",,"Matched P1 profile: monolithic RSA-4096 passport integrity, registry authorization, DG1 validity, and minimum-age assertion. Browser execution policy: multithread; requested threads=16, effective threads=16; witness generation remains circom_runtime_wasm_single, prover backend=snarkjs_0.7.6_browser_wasm_workers.",,,/Users/dcbuilder/Code/world/.worktrees/provekit-v1-cross-device-campaign/target/v1-benchmarks/input-to-proof/mac-chrome-multithread/passport_p1__mac_chrome__circom_groth16__cold_local.json,cold_local,19132.895
input-to-proof-v1-mac-multithread-20260812,passport_p1__mac_chrome__circom_groth16__cold_local-4,2026-08-12T09:35:05.753Z,macbook_m4,MacBook Pro (Apple M4 Max),26.6.1 (25G76),arm64,browser_wasm,Google Chrome 151.0.7922.109,passport_age_integrity,P1-matched-monolithic-RSA4096,092621d721cfef9ff39b0787f5ba2c1f07eb6d95,circom_groth16,circom,snarkjs-groth16-browser-wasm-workers,circom-witness-wasm,measured,4,ok,2.59,4063.85,8667.63,7.015,12734.07,15021.8125,720,508332927,498212512,508332927,,input-to-proof-v1-multithread,092621d721cfef9ff39b0787f5ba2c1f07eb6d95,"{""circom"":""2.2.2"",""snarkjs"":""0.7.6"",""execution_policy"":""workers""};execution_policy=multithread;threads_requested=16;threads_effective=16;witness_backend=circom_runtime_wasm_single;prover_backend=snarkjs_0.7.6_browser_wasm_workers","{""raw_evidence_sha256"":""61299ce62a0527e9691b12faa1c5dbe6110b39d2787f353e9cc46a37d250942c""}",,"Matched P1 profile: monolithic RSA-4096 passport integrity, registry authorization, DG1 validity, and minimum-age assertion. Browser execution policy: multithread; requested threads=16, effective threads=16; witness generation remains circom_runtime_wasm_single, prover backend=snarkjs_0.7.6_browser_wasm_workers.",,,/Users/dcbuilder/Code/world/.worktrees/provekit-v1-cross-device-campaign/target/v1-benchmarks/input-to-proof/mac-chrome-multithread/passport_p1__mac_chrome__circom_groth16__cold_local.json,cold_local,12734.07
input-to-proof-v1-mac-multithread-20260812,passport_p1__mac_chrome__circom_groth16__cold_local-5,2026-08-12T09:35:05.753Z,macbook_m4,MacBook Pro (Apple M4 Max),26.6.1 (25G76),arm64,browser_wasm,Google Chrome 151.0.7922.109,passport_age_integrity,P1-matched-monolithic-RSA4096,092621d721cfef9ff39b0787f5ba2c1f07eb6d95,circom_groth16,circom,snarkjs-groth16-browser-wasm-workers,circom-witness-wasm,measured,5,ok,2.655,4014.895,8696.455,6.585,12714.005,15498.421875,725,508332927,498212512,508332927,,input-to-proof-v1-multithread,092621d721cfef9ff39b0787f5ba2c1f07eb6d95,"{""circom"":""2.2.2"",""snarkjs"":""0.7.6"",""execution_policy"":""workers""};execution_policy=multithread;threads_requested=16;threads_effective=16;witness_backend=circom_runtime_wasm_single;prover_backend=snarkjs_0.7.6_browser_wasm_workers","{""raw_evidence_sha256"":""61299ce62a0527e9691b12faa1c5dbe6110b39d2787f353e9cc46a37d250942c""}",,"Matched P1 profile: monolithic RSA-4096 passport integrity, registry authorization, DG1 validity, and minimum-age assertion. Browser execution policy: multithread; requested threads=16, effective threads=16; witness generation remains circom_runtime_wasm_single, prover backend=snarkjs_0.7.6_browser_wasm_workers.",,,/Users/dcbuilder/Code/world/.worktrees/provekit-v1-cross-device-campaign/target/v1-benchmarks/input-to-proof/mac-chrome-multithread/passport_p1__mac_chrome__circom_groth16__cold_local.json,cold_local,12714.005
input-to-proof-v1-mac-multithread-20260812,passport_p1__mac_chrome__circom_groth16__warm_reuse-0,2026-08-12T09:36:23.777Z,macbook_m4,MacBook Pro (Apple M4 Max),26.6.1 (25G76),arm64,browser_wasm,Google Chrome 151.0.7922.109,passport_age_integrity,P1-matched-monolithic-RSA4096,092621d721cfef9ff39b0787f5ba2c1f07eb6d95,circom_groth16,circom,snarkjs-groth16-browser-wasm-workers,circom-witness-wasm,warmup,0,ok,0,4024.695,8801.33,7.255,12826.18,14579.015625,720,508332927,498212512,508332927,,input-to-proof-v1-multithread,092621d721cfef9ff39b0787f5ba2c1f07eb6d95,"{""circom"":""2.2.2"",""snarkjs"":""0.7.6"",""execution_policy"":""workers""};execution_policy=multithread;threads_requested=16;threads_effective=16;witness_backend=circom_runtime_wasm_single;prover_backend=snarkjs_0.7.6_browser_wasm_workers","{""raw_evidence_sha256"":""60bd88534e40676bb4237eb7857d6962d4d8989b4272fa50e56dfac0165a0211""}",,"Matched P1 profile: monolithic RSA-4096 passport integrity, registry authorization, DG1 validity, and minimum-age assertion. Browser execution policy: multithread; requested threads=16, effective threads=16; witness generation remains circom_runtime_wasm_single, prover backend=snarkjs_0.7.6_browser_wasm_workers.",,,/Users/dcbuilder/Code/world/.worktrees/provekit-v1-cross-device-campaign/target/v1-benchmarks/input-to-proof/mac-chrome-multithread/passport_p1__mac_chrome__circom_groth16__warm_reuse.json,warm_reuse,12826.18
input-to-proof-v1-mac-multithread-20260812,passport_p1__mac_chrome__circom_groth16__warm_reuse-1,2026-08-12T09:36:23.777Z,macbook_m4,MacBook Pro (Apple M4 Max),26.6.1 (25G76),arm64,browser_wasm,Google Chrome 151.0.7922.109,passport_age_integrity,P1-matched-monolithic-RSA4096,092621d721cfef9ff39b0787f5ba2c1f07eb6d95,circom_groth16,circom,snarkjs-groth16-browser-wasm-workers,circom-witness-wasm,measured,1,ok,0,4019.685,8799.49,5.715,12819.285,14579.015625,722,508332927,498212512,508332927,,input-to-proof-v1-multithread,092621d721cfef9ff39b0787f5ba2c1f07eb6d95,"{""circom"":""2.2.2"",""snarkjs"":""0.7.6"",""execution_policy"":""workers""};execution_policy=multithread;threads_requested=16;threads_effective=16;witness_backend=circom_runtime_wasm_single;prover_backend=snarkjs_0.7.6_browser_wasm_workers","{""raw_evidence_sha256"":""60bd88534e40676bb4237eb7857d6962d4d8989b4272fa50e56dfac0165a0211""}",,"Matched P1 profile: monolithic RSA-4096 passport integrity, registry authorization, DG1 validity, and minimum-age assertion. Browser execution policy: multithread; requested threads=16, effective threads=16; witness generation remains circom_runtime_wasm_single, prover backend=snarkjs_0.7.6_browser_wasm_workers.",,,/Users/dcbuilder/Code/world/.worktrees/provekit-v1-cross-device-campaign/target/v1-benchmarks/input-to-proof/mac-chrome-multithread/passport_p1__mac_chrome__circom_groth16__warm_reuse.json,warm_reuse,12819.285
input-to-proof-v1-mac-multithread-20260812,passport_p1__mac_chrome__circom_groth16__warm_reuse-2,2026-08-12T09:36:23.777Z,macbook_m4,MacBook Pro (Apple M4 Max),26.6.1 (25G76),arm64,browser_wasm,Google Chrome 151.0.7922.109,passport_age_integrity,P1-matched-monolithic-RSA4096,092621d721cfef9ff39b0787f5ba2c1f07eb6d95,circom_groth16,circom,snarkjs-groth16-browser-wasm-workers,circom-witness-wasm,measured,2,ok,0,4054.96,8711.055,5.81,12766.125,14579.015625,724,508332927,498212512,508332927,,input-to-proof-v1-multithread,092621d721cfef9ff39b0787f5ba2c1f07eb6d95,"{""circom"":""2.2.2"",""snarkjs"":""0.7.6"",""execution_policy"":""workers""};execution_policy=multithread;threads_requested=16;threads_effective=16;witness_backend=circom_runtime_wasm_single;prover_backend=snarkjs_0.7.6_browser_wasm_workers","{""raw_evidence_sha256"":""60bd88534e40676bb4237eb7857d6962d4d8989b4272fa50e56dfac0165a0211""}",,"Matched P1 profile: monolithic RSA-4096 passport integrity, registry authorization, DG1 validity, and minimum-age assertion. Browser execution policy: multithread; requested threads=16, effective threads=16; witness generation remains circom_runtime_wasm_single, prover backend=snarkjs_0.7.6_browser_wasm_workers.",,,/Users/dcbuilder/Code/world/.worktrees/provekit-v1-cross-device-campaign/target/v1-benchmarks/input-to-proof/mac-chrome-multithread/passport_p1__mac_chrome__circom_groth16__warm_reuse.json,warm_reuse,12766.125
input-to-proof-v1-mac-multithread-20260812,passport_p1__mac_chrome__circom_groth16__warm_reuse-3,2026-08-12T09:36:23.777Z,macbook_m4,MacBook Pro (Apple M4 Max),26.6.1 (25G76),arm64,browser_wasm,Google Chrome 151.0.7922.109,passport_age_integrity,P1-matched-monolithic-RSA4096,092621d721cfef9ff39b0787f5ba2c1f07eb6d95,circom_groth16,circom,snarkjs-groth16-browser-wasm-workers,circom-witness-wasm,measured,3,ok,0,4009.8,8823.785,5.88,12833.69,14579.015625,724,508332927,498212512,508332927,,input-to-proof-v1-multithread,092621d721cfef9ff39b0787f5ba2c1f07eb6d95,"{""circom"":""2.2.2"",""snarkjs"":""0.7.6"",""execution_policy"":""workers""};execution_policy=multithread;threads_requested=16;threads_effective=16;witness_backend=circom_runtime_wasm_single;prover_backend=snarkjs_0.7.6_browser_wasm_workers","{""raw_evidence_sha256"":""60bd88534e40676bb4237eb7857d6962d4d8989b4272fa50e56dfac0165a0211""}",,"Matched P1 profile: monolithic RSA-4096 passport integrity, registry authorization, DG1 validity, and minimum-age assertion. Browser execution policy: multithread; requested threads=16, effective threads=16; witness generation remains circom_runtime_wasm_single, prover backend=snarkjs_0.7.6_browser_wasm_workers.",,,/Users/dcbuilder/Code/world/.worktrees/provekit-v1-cross-device-campaign/target/v1-benchmarks/input-to-proof/mac-chrome-multithread/passport_p1__mac_chrome__circom_groth16__warm_reuse.json,warm_reuse,12833.69
input-to-proof-v1-mac-multithread-20260812,passport_p1__mac_chrome__circom_groth16__warm_reuse-4,2026-08-12T09:36:23.777Z,macbook_m4,MacBook Pro (Apple M4 Max),26.6.1 (25G76),arm64,browser_wasm,Google Chrome 151.0.7922.109,passport_age_integrity,P1-matched-monolithic-RSA4096,092621d721cfef9ff39b0787f5ba2c1f07eb6d95,circom_groth16,circom,snarkjs-groth16-browser-wasm-workers,circom-witness-wasm,measured,4,ok,0,4021.47,8725.495,11.58,12747.075,14579.015625,723,508332927,498212512,508332927,,input-to-proof-v1-multithread,092621d721cfef9ff39b0787f5ba2c1f07eb6d95,"{""circom"":""2.2.2"",""snarkjs"":""0.7.6"",""execution_policy"":""workers""};execution_policy=multithread;threads_requested=16;threads_effective=16;witness_backend=circom_runtime_wasm_single;prover_backend=snarkjs_0.7.6_browser_wasm_workers","{""raw_evidence_sha256"":""60bd88534e40676bb4237eb7857d6962d4d8989b4272fa50e56dfac0165a0211""}",,"Matched P1 profile: monolithic RSA-4096 passport integrity, registry authorization, DG1 validity, and minimum-age assertion. Browser execution policy: multithread; requested threads=16, effective threads=16; witness generation remains circom_runtime_wasm_single, prover backend=snarkjs_0.7.6_browser_wasm_workers.",,,/Users/dcbuilder/Code/world/.worktrees/provekit-v1-cross-device-campaign/target/v1-benchmarks/input-to-proof/mac-chrome-multithread/passport_p1__mac_chrome__circom_groth16__warm_reuse.json,warm_reuse,12747.075
input-to-proof-v1-mac-multithread-20260812,passport_p1__mac_chrome__circom_groth16__warm_reuse-5,2026-08-12T09:36:23.777Z,macbook_m4,MacBook Pro (Apple M4 Max),26.6.1 (25G76),arm64,browser_wasm,Google Chrome 151.0.7922.109,passport_age_integrity,P1-matched-monolithic-RSA4096,092621d721cfef9ff39b0787f5ba2c1f07eb6d95,circom_groth16,circom,snarkjs-groth16-browser-wasm-workers,circom-witness-wasm,measured,5,ok,0,4043.655,8872.05,11.67,12915.82,14579.015625,724,508332927,498212512,508332927,,input-to-proof-v1-multithread,092621d721cfef9ff39b0787f5ba2c1f07eb6d95,"{""circom"":""2.2.2"",""snarkjs"":""0.7.6"",""execution_policy"":""workers""};execution_policy=multithread;threads_requested=16;threads_effective=16;witness_backend=circom_runtime_wasm_single;prover_backend=snarkjs_0.7.6_browser_wasm_workers","{""raw_evidence_sha256"":""60bd88534e40676bb4237eb7857d6962d4d8989b4272fa50e56dfac0165a0211""}",,"Matched P1 profile: monolithic RSA-4096 passport integrity, registry authorization, DG1 validity, and minimum-age assertion. Browser execution policy: multithread; requested threads=16, effective threads=16; witness generation remains circom_runtime_wasm_single, prover backend=snarkjs_0.7.6_browser_wasm_workers.",,,/Users/dcbuilder/Code/world/.worktrees/provekit-v1-cross-device-campaign/target/v1-benchmarks/input-to-proof/mac-chrome-multithread/passport_p1__mac_chrome__circom_groth16__warm_reuse.json,warm_reuse,12915.82
input-to-proof-v1-mac-multithread-20260812,oprf_o2__mac_chrome__provekit_v1__cold_local-0,2026-08-12T08:52:47.912Z,macbook_m4,MacBook Pro (Apple M4 Max),26.6.1 (25G76),arm64,browser_wasm,Google Chrome 151.0.7922.109,oprf_nullifier,O2-world-id-nullifier,85aeeef539961cae5a63de794997b507a5975717,provekit_v1,noir,provekit-v1-whir-wasm-workers,@noir-lang/noir_js@1.0.0-beta.11,warmup,0,ok,1132.8250000001863,1410.4599999999627,488.8900000001304,49.84499999973923,3032.1750000002794,584.328125,841294,1644635,1638340,11878021,95921,input-to-proof-v1-multithread,9b2a6f37c67691eab4b0cec6c35e35c520e93285,"{""provekit"":""9b2a6f37c67691eab4b0cec6c35e35c520e93285"",""noir_js"":""1.0.0-beta.11"",""execution_policy"":""workers""};execution_policy=multithread;threads_requested=auto;threads_effective=8;witness_backend=single;prover_backend=provekit_v1_branch_9b2a6f_wasm_rayon_threaded","{""raw_evidence_sha256"":""a56529c5b7b375e011cd956363487e059fb98f14fbcadec9008a87f97abd6290""}",,"Matched O2 profile: World ID nullifier statement and frozen semantic inputs, including the same public nullifier. Browser execution policy: multithread; requested threads=auto, effective threads=8; witness generation remains single, prover backend=provekit_v1_branch_9b2a6f_wasm_rayon_threaded.",,,/Users/dcbuilder/Code/world/.worktrees/provekit-v1-cross-device-campaign/target/v1-benchmarks/input-to-proof/mac-chrome-multithread/oprf_o2__mac_chrome__provekit_v1__cold_local.json,cold_local,3032.1750000002794
input-to-proof-v1-mac-multithread-20260812,oprf_o2__mac_chrome__provekit_v1__cold_local-1,2026-08-12T08:52:47.912Z,macbook_m4,MacBook Pro (Apple M4 Max),26.6.1 (25G76),arm64,browser_wasm,Google Chrome 151.0.7922.109,oprf_nullifier,O2-world-id-nullifier,85aeeef539961cae5a63de794997b507a5975717,provekit_v1,noir,provekit-v1-whir-wasm-workers,@noir-lang/noir_js@1.0.0-beta.11,measured,1,ok,1113.029999999795,1407.25,477.68000000016764,49.37000000011176,2997.9599999999627,583.171875,846286,1644635,1638340,11878021,95921,input-to-proof-v1-multithread,9b2a6f37c67691eab4b0cec6c35e35c520e93285,"{""provekit"":""9b2a6f37c67691eab4b0cec6c35e35c520e93285"",""noir_js"":""1.0.0-beta.11"",""execution_policy"":""workers""};execution_policy=multithread;threads_requested=auto;threads_effective=8;witness_backend=single;prover_backend=provekit_v1_branch_9b2a6f_wasm_rayon_threaded","{""raw_evidence_sha256"":""a56529c5b7b375e011cd956363487e059fb98f14fbcadec9008a87f97abd6290""}",,"Matched O2 profile: World ID nullifier statement and frozen semantic inputs, including the same public nullifier. Browser execution policy: multithread; requested threads=auto, effective threads=8; witness generation remains single, prover backend=provekit_v1_branch_9b2a6f_wasm_rayon_threaded.",,,/Users/dcbuilder/Code/world/.worktrees/provekit-v1-cross-device-campaign/target/v1-benchmarks/input-to-proof/mac-chrome-multithread/oprf_o2__mac_chrome__provekit_v1__cold_local.json,cold_local,2997.9599999999627
input-to-proof-v1-mac-multithread-20260812,oprf_o2__mac_chrome__provekit_v1__cold_local-2,2026-08-12T08:52:47.912Z,macbook_m4,MacBook Pro (Apple M4 Max),26.6.1 (25G76),arm64,browser_wasm,Google Chrome 151.0.7922.109,oprf_nullifier,O2-world-id-nullifier,85aeeef539961cae5a63de794997b507a5975717,provekit_v1,noir,provekit-v1-whir-wasm-workers,@noir-lang/noir_js@1.0.0-beta.11,measured,2,ok,1110.7400000002235,1413.125,489.6549999997951,49.830000000074506,3013.5200000000186,583.78125,842658,1644635,1638340,11878021,95921,input-to-proof-v1-multithread,9b2a6f37c67691eab4b0cec6c35e35c520e93285,"{""provekit"":""9b2a6f37c67691eab4b0cec6c35e35c520e93285"",""noir_js"":""1.0.0-beta.11"",""execution_policy"":""workers""};execution_policy=multithread;threads_requested=auto;threads_effective=8;witness_backend=single;prover_backend=provekit_v1_branch_9b2a6f_wasm_rayon_threaded","{""raw_evidence_sha256"":""a56529c5b7b375e011cd956363487e059fb98f14fbcadec9008a87f97abd6290""}",,"Matched O2 profile: World ID nullifier statement and frozen semantic inputs, including the same public nullifier. Browser execution policy: multithread; requested threads=auto, effective threads=8; witness generation remains single, prover backend=provekit_v1_branch_9b2a6f_wasm_rayon_threaded.",,,/Users/dcbuilder/Code/world/.worktrees/provekit-v1-cross-device-campaign/target/v1-benchmarks/input-to-proof/mac-chrome-multithread/oprf_o2__mac_chrome__provekit_v1__cold_local.json,cold_local,3013.5200000000186
input-to-proof-v1-mac-multithread-20260812,oprf_o2__mac_chrome__provekit_v1__cold_local-3,2026-08-12T08:52:47.912Z,macbook_m4,MacBook Pro (Apple M4 Max),26.6.1 (25G76),arm64,browser_wasm,Google Chrome 151.0.7922.109,oprf_nullifier,O2-world-id-nullifier,85aeeef539961cae5a63de794997b507a5975717,provekit_v1,noir,provekit-v1-whir-wasm-workers,@noir-lang/noir_js@1.0.0-beta.11,measured,3,ok,1125.9849999998696,1408.7749999999069,489.820000000298,49.47999999998137,3024.5800000000745,582.90625,849954,1644635,1638340,11878021,95921,input-to-proof-v1-multithread,9b2a6f37c67691eab4b0cec6c35e35c520e93285,"{""provekit"":""9b2a6f37c67691eab4b0cec6c35e35c520e93285"",""noir_js"":""1.0.0-beta.11"",""execution_policy"":""workers""};execution_policy=multithread;threads_requested=auto;threads_effective=8;witness_backend=single;prover_backend=provekit_v1_branch_9b2a6f_wasm_rayon_threaded","{""raw_evidence_sha256"":""a56529c5b7b375e011cd956363487e059fb98f14fbcadec9008a87f97abd6290""}",,"Matched O2 profile: World ID nullifier statement and frozen semantic inputs, including the same public nullifier. Browser execution policy: multithread; requested threads=auto, effective threads=8; witness generation remains single, prover backend=provekit_v1_branch_9b2a6f_wasm_rayon_threaded.",,,/Users/dcbuilder/Code/world/.worktrees/provekit-v1-cross-device-campaign/target/v1-benchmarks/input-to-proof/mac-chrome-multithread/oprf_o2__mac_chrome__provekit_v1__cold_local.json,cold_local,3024.5800000000745
input-to-proof-v1-mac-multithread-20260812,oprf_o2__mac_chrome__provekit_v1__cold_local-4,2026-08-12T08:52:47.912Z,macbook_m4,MacBook Pro (Apple M4 Max),26.6.1 (25G76),arm64,browser_wasm,Google Chrome 151.0.7922.109,oprf_nullifier,O2-world-id-nullifier,85aeeef539961cae5a63de794997b507a5975717,provekit_v1,noir,provekit-v1-whir-wasm-workers,@noir-lang/noir_js@1.0.0-beta.11,measured,4,ok,1106.404999999795,1410.5900000003166,495,49.859999999869615,3011.9950000001118,584.40625,845646,1644635,1638340,11878021,95921,input-to-proof-v1-multithread,9b2a6f37c67691eab4b0cec6c35e35c520e93285,"{""provekit"":""9b2a6f37c67691eab4b0cec6c35e35c520e93285"",""noir_js"":""1.0.0-beta.11"",""execution_policy"":""workers""};execution_policy=multithread;threads_requested=auto;threads_effective=8;witness_backend=single;prover_backend=provekit_v1_branch_9b2a6f_wasm_rayon_threaded","{""raw_evidence_sha256"":""a56529c5b7b375e011cd956363487e059fb98f14fbcadec9008a87f97abd6290""}",,"Matched O2 profile: World ID nullifier statement and frozen semantic inputs, including the same public nullifier. Browser execution policy: multithread; requested threads=auto, effective threads=8; witness generation remains single, prover backend=provekit_v1_branch_9b2a6f_wasm_rayon_threaded.",,,/Users/dcbuilder/Code/world/.worktrees/provekit-v1-cross-device-campaign/target/v1-benchmarks/input-to-proof/mac-chrome-multithread/oprf_o2__mac_chrome__provekit_v1__cold_local.json,cold_local,3011.9950000001118
input-to-proof-v1-mac-multithread-20260812,oprf_o2__mac_chrome__provekit_v1__cold_local-5,2026-08-12T08:52:47.912Z,macbook_m4,MacBook Pro (Apple M4 Max),26.6.1 (25G76),arm64,browser_wasm,Google Chrome 151.0.7922.109,oprf_nullifier,O2-world-id-nullifier,85aeeef539961cae5a63de794997b507a5975717,provekit_v1,noir,provekit-v1-whir-wasm-workers,@noir-lang/noir_js@1.0.0-beta.11,measured,5,ok,1110.6649999995716,1401.9750000000931,489.7400000002235,49.56000000005588,3002.3799999998882,584.203125,845858,1644635,1638340,11878021,95921,input-to-proof-v1-multithread,9b2a6f37c67691eab4b0cec6c35e35c520e93285,"{""provekit"":""9b2a6f37c67691eab4b0cec6c35e35c520e93285"",""noir_js"":""1.0.0-beta.11"",""execution_policy"":""workers""};execution_policy=multithread;threads_requested=auto;threads_effective=8;witness_backend=single;prover_backend=provekit_v1_branch_9b2a6f_wasm_rayon_threaded","{""raw_evidence_sha256"":""a56529c5b7b375e011cd956363487e059fb98f14fbcadec9008a87f97abd6290""}",,"Matched O2 profile: World ID nullifier statement and frozen semantic inputs, including the same public nullifier. Browser execution policy: multithread; requested threads=auto, effective threads=8; witness generation remains single, prover backend=provekit_v1_branch_9b2a6f_wasm_rayon_threaded.",,,/Users/dcbuilder/Code/world/.worktrees/provekit-v1-cross-device-campaign/target/v1-benchmarks/input-to-proof/mac-chrome-multithread/oprf_o2__mac_chrome__provekit_v1__cold_local.json,cold_local,3002.3799999998882
input-to-proof-v1-mac-multithread-20260812,oprf_o2__mac_chrome__provekit_v1__warm_reuse-0,2026-08-12T08:53:02.983Z,macbook_m4,MacBook Pro (Apple M4 Max),26.6.1 (25G76),arm64,browser_wasm,Google Chrome 151.0.7922.109,oprf_nullifier,O2-world-id-nullifier,85aeeef539961cae5a63de794997b507a5975717,provekit_v1,noir,provekit-v1-whir-wasm-workers,@noir-lang/noir_js@1.0.0-beta.11,warmup,0,ok,368.3300000000745,1410.2349999998696,492.54000000003725,49.47000000020489,2271.1099999998696,728.09375,844238,1644635,1638340,11878021,95921,input-to-proof-v1-multithread,9b2a6f37c67691eab4b0cec6c35e35c520e93285,"{""provekit"":""9b2a6f37c67691eab4b0cec6c35e35c520e93285"",""noir_js"":""1.0.0-beta.11"",""execution_policy"":""workers""};execution_policy=multithread;threads_requested=auto;threads_effective=8;witness_backend=single;prover_backend=provekit_v1_branch_9b2a6f_wasm_rayon_threaded","{""raw_evidence_sha256"":""36187354b89a0c9706969272a0c67633f6852a208b620af093f959c21b546880""}",,"Matched O2 profile: World ID nullifier statement and frozen semantic inputs, including the same public nullifier. Browser execution policy: multithread; requested threads=auto, effective threads=8; witness generation remains single, prover backend=provekit_v1_branch_9b2a6f_wasm_rayon_threaded.",,,/Users/dcbuilder/Code/world/.worktrees/provekit-v1-cross-device-campaign/target/v1-benchmarks/input-to-proof/mac-chrome-multithread/oprf_o2__mac_chrome__provekit_v1__warm_reuse.json,warm_reuse,2271.1099999998696
input-to-proof-v1-mac-multithread-20260812,oprf_o2__mac_chrome__provekit_v1__warm_reuse-1,2026-08-12T08:53:02.983Z,macbook_m4,MacBook Pro (Apple M4 Max),26.6.1 (25G76),arm64,browser_wasm,Google Chrome 151.0.7922.109,oprf_nullifier,O2-world-id-nullifier,85aeeef539961cae5a63de794997b507a5975717,provekit_v1,noir,provekit-v1-whir-wasm-workers,@noir-lang/noir_js@1.0.0-beta.11,measured,1,ok,361.96500000031665,1331.1299999998882,433.9849999998696,43.13499999977648,2127.0849999999627,728.09375,846070,1644635,1638340,11878021,95921,input-to-proof-v1-multithread,9b2a6f37c67691eab4b0cec6c35e35c520e93285,"{""provekit"":""9b2a6f37c67691eab4b0cec6c35e35c520e93285"",""noir_js"":""1.0.0-beta.11"",""execution_policy"":""workers""};execution_policy=multithread;threads_requested=auto;threads_effective=8;witness_backend=single;prover_backend=provekit_v1_branch_9b2a6f_wasm_rayon_threaded","{""raw_evidence_sha256"":""36187354b89a0c9706969272a0c67633f6852a208b620af093f959c21b546880""}",,"Matched O2 profile: World ID nullifier statement and frozen semantic inputs, including the same public nullifier. Browser execution policy: multithread; requested threads=auto, effective threads=8; witness generation remains single, prover backend=provekit_v1_branch_9b2a6f_wasm_rayon_threaded.",,,/Users/dcbuilder/Code/world/.worktrees/provekit-v1-cross-device-campaign/target/v1-benchmarks/input-to-proof/mac-chrome-multithread/oprf_o2__mac_chrome__provekit_v1__warm_reuse.json,warm_reuse,2127.0849999999627
input-to-proof-v1-mac-multithread-20260812,oprf_o2__mac_chrome__provekit_v1__warm_reuse-2,2026-08-12T08:53:02.983Z,macbook_m4,MacBook Pro (Apple M4 Max),26.6.1 (25G76),arm64,browser_wasm,Google Chrome 151.0.7922.109,oprf_nullifier,O2-world-id-nullifier,85aeeef539961cae5a63de794997b507a5975717,provekit_v1,noir,provekit-v1-whir-wasm-workers,@noir-lang/noir_js@1.0.0-beta.11,measured,2,ok,360,1323.0900000003166,432.9199999999255,44.375,2116.010000000242,728.09375,848118,1644635,1638340,11878021,95921,input-to-proof-v1-multithread,9b2a6f37c67691eab4b0cec6c35e35c520e93285,"{""provekit"":""9b2a6f37c67691eab4b0cec6c35e35c520e93285"",""noir_js"":""1.0.0-beta.11"",""execution_policy"":""workers""};execution_policy=multithread;threads_requested=auto;threads_effective=8;witness_backend=single;prover_backend=provekit_v1_branch_9b2a6f_wasm_rayon_threaded","{""raw_evidence_sha256"":""36187354b89a0c9706969272a0c67633f6852a208b620af093f959c21b546880""}",,"Matched O2 profile: World ID nullifier statement and frozen semantic inputs, including the same public nullifier. Browser execution policy: multithread; requested threads=auto, effective threads=8; witness generation remains single, prover backend=provekit_v1_branch_9b2a6f_wasm_rayon_threaded.",,,/Users/dcbuilder/Code/world/.worktrees/provekit-v1-cross-device-campaign/target/v1-benchmarks/input-to-proof/mac-chrome-multithread/oprf_o2__mac_chrome__provekit_v1__warm_reuse.json,warm_reuse,2116.010000000242
input-to-proof-v1-mac-multithread-20260812,oprf_o2__mac_chrome__provekit_v1__warm_reuse-3,2026-08-12T08:53:02.983Z,macbook_m4,MacBook Pro (Apple M4 Max),26.6.1 (25G76),arm64,browser_wasm,Google Chrome 151.0.7922.109,oprf_nullifier,O2-world-id-nullifier,85aeeef539961cae5a63de794997b507a5975717,provekit_v1,noir,provekit-v1-whir-wasm-workers,@noir-lang/noir_js@1.0.0-beta.11,measured,3,ok,363.97500000009313,1339.1949999998324,429.70999999996275,46.89500000001863,2132.8849999997765,728.09375,848462,1644635,1638340,11878021,95921,input-to-proof-v1-multithread,9b2a6f37c67691eab4b0cec6c35e35c520e93285,"{""provekit"":""9b2a6f37c67691eab4b0cec6c35e35c520e93285"",""noir_js"":""1.0.0-beta.11"",""execution_policy"":""workers""};execution_policy=multithread;threads_requested=auto;threads_effective=8;witness_backend=single;prover_backend=provekit_v1_branch_9b2a6f_wasm_rayon_threaded","{""raw_evidence_sha256"":""36187354b89a0c9706969272a0c67633f6852a208b620af093f959c21b546880""}",,"Matched O2 profile: World ID nullifier statement and frozen semantic inputs, including the same public nullifier. Browser execution policy: multithread; requested threads=auto, effective threads=8; witness generation remains single, prover backend=provekit_v1_branch_9b2a6f_wasm_rayon_threaded.",,,/Users/dcbuilder/Code/world/.worktrees/provekit-v1-cross-device-campaign/target/v1-benchmarks/input-to-proof/mac-chrome-multithread/oprf_o2__mac_chrome__provekit_v1__warm_reuse.json,warm_reuse,2132.8849999997765
input-to-proof-v1-mac-multithread-20260812,oprf_o2__mac_chrome__provekit_v1__warm_reuse-4,2026-08-12T08:53:02.983Z,macbook_m4,MacBook Pro (Apple M4 Max),26.6.1 (25G76),arm64,browser_wasm,Google Chrome 151.0.7922.109,oprf_nullifier,O2-world-id-nullifier,85aeeef539961cae5a63de794997b507a5975717,provekit_v1,noir,provekit-v1-whir-wasm-workers,@noir-lang/noir_js@1.0.0-beta.11,measured,4,ok,362.83499999996275,1321.1800000001676,442.99500000011176,42.89500000001863,2127.0150000001304,728.09375,844706,1644635,1638340,11878021,95921,input-to-proof-v1-multithread,9b2a6f37c67691eab4b0cec6c35e35c520e93285,"{""provekit"":""9b2a6f37c67691eab4b0cec6c35e35c520e93285"",""noir_js"":""1.0.0-beta.11"",""execution_policy"":""workers""};execution_policy=multithread;threads_requested=auto;threads_effective=8;witness_backend=single;prover_backend=provekit_v1_branch_9b2a6f_wasm_rayon_threaded","{""raw_evidence_sha256"":""36187354b89a0c9706969272a0c67633f6852a208b620af093f959c21b546880""}",,"Matched O2 profile: World ID nullifier statement and frozen semantic inputs, including the same public nullifier. Browser execution policy: multithread; requested threads=auto, effective threads=8; witness generation remains single, prover backend=provekit_v1_branch_9b2a6f_wasm_rayon_threaded.",,,/Users/dcbuilder/Code/world/.worktrees/provekit-v1-cross-device-campaign/target/v1-benchmarks/input-to-proof/mac-chrome-multithread/oprf_o2__mac_chrome__provekit_v1__warm_reuse.json,warm_reuse,2127.0150000001304
input-to-proof-v1-mac-multithread-20260812,oprf_o2__mac_chrome__provekit_v1__warm_reuse-5,2026-08-12T08:53:02.983Z,macbook_m4,MacBook Pro (Apple M4 Max),26.6.1 (25G76),arm64,browser_wasm,Google Chrome 151.0.7922.109,oprf_nullifier,O2-world-id-nullifier,85aeeef539961cae5a63de794997b507a5975717,provekit_v1,noir,provekit-v1-whir-wasm-workers,@noir-lang/noir_js@1.0.0-beta.11,measured,5,ok,359.35500000044703,1327.3549999999814,440.8249999997206,43.139999999664724,2127.5400000000373,728.09375,845390,1644635,1638340,11878021,95921,input-to-proof-v1-multithread,9b2a6f37c67691eab4b0cec6c35e35c520e93285,"{""provekit"":""9b2a6f37c67691eab4b0cec6c35e35c520e93285"",""noir_js"":""1.0.0-beta.11"",""execution_policy"":""workers""};execution_policy=multithread;threads_requested=auto;threads_effective=8;witness_backend=single;prover_backend=provekit_v1_branch_9b2a6f_wasm_rayon_threaded","{""raw_evidence_sha256"":""36187354b89a0c9706969272a0c67633f6852a208b620af093f959c21b546880""}",,"Matched O2 profile: World ID nullifier statement and frozen semantic inputs, including the same public nullifier. Browser execution policy: multithread; requested threads=auto, effective threads=8; witness generation remains single, prover backend=provekit_v1_branch_9b2a6f_wasm_rayon_threaded.",,,/Users/dcbuilder/Code/world/.worktrees/provekit-v1-cross-device-campaign/target/v1-benchmarks/input-to-proof/mac-chrome-multithread/oprf_o2__mac_chrome__provekit_v1__warm_reuse.json,warm_reuse,2127.5400000000373
input-to-proof-v1-mac-multithread-20260812,oprf_o2__mac_chrome__noir_barretenberg__cold_local-0,2026-08-12T08:53:40.257Z,macbook_m4,MacBook Pro (Apple M4 Max),26.6.1 (25G76),arm64,browser_wasm,Google Chrome 151.0.7922.109,oprf_nullifier,O2-world-id-nullifier,85aeeef539961cae5a63de794997b507a5975717,noir_barretenberg,noir,barretenberg-ultrahonk-wasm-workers,@noir-lang/noir_js@1.0.0-beta.19,warmup,0,ok,3842.195,601.855,1276.53,400.1,5720.58,1280.65625,16000,73925206,73918911,73925206,,input-to-proof-v1-multithread,85aeeef539961cae5a63de794997b507a5975717,"{""bb_js"":""4.2.0-aztecnr-rc.2"",""noir_js"":""1.0.0-beta.19"",""execution_policy"":""workers""};execution_policy=multithread;threads_requested=32;threads_effective=16;witness_backend=single;prover_backend=barretenberg_4.2.0-aztecnr-rc.2_wasm_workers","{""raw_evidence_sha256"":""5332ee62c21062b964c78975531141ce86a9fe28ed9c2c4b430017ddd1e04b33""}",,"Matched O2 profile: World ID nullifier statement and frozen semantic inputs, including the same public nullifier. Browser execution policy: multithread; requested threads=32, effective threads=16; witness generation remains single, prover backend=barretenberg_4.2.0-aztecnr-rc.2_wasm_workers.",,,/Users/dcbuilder/Code/world/.worktrees/provekit-v1-cross-device-campaign/target/v1-benchmarks/input-to-proof/mac-chrome-multithread/oprf_o2__mac_chrome__noir_barretenberg__cold_local.json,cold_local,5720.58
input-to-proof-v1-mac-multithread-20260812,oprf_o2__mac_chrome__noir_barretenberg__cold_local-1,2026-08-12T08:53:40.257Z,macbook_m4,MacBook Pro (Apple M4 Max),26.6.1 (25G76),arm64,browser_wasm,Google Chrome 151.0.7922.109,oprf_nullifier,O2-world-id-nullifier,85aeeef539961cae5a63de794997b507a5975717,noir_barretenberg,noir,barretenberg-ultrahonk-wasm-workers,@noir-lang/noir_js@1.0.0-beta.19,measured,1,ok,2609.385,587.34,1282.33,415.545,4479.055,1280.296875,16000,73925206,73918911,73925206,,input-to-proof-v1-multithread,85aeeef539961cae5a63de794997b507a5975717,"{""bb_js"":""4.2.0-aztecnr-rc.2"",""noir_js"":""1.0.0-beta.19"",""execution_policy"":""workers""};execution_policy=multithread;threads_requested=32;threads_effective=16;witness_backend=single;prover_backend=barretenberg_4.2.0-aztecnr-rc.2_wasm_workers","{""raw_evidence_sha256"":""5332ee62c21062b964c78975531141ce86a9fe28ed9c2c4b430017ddd1e04b33""}",,"Matched O2 profile: World ID nullifier statement and frozen semantic inputs, including the same public nullifier. Browser execution policy: multithread; requested threads=32, effective threads=16; witness generation remains single, prover backend=barretenberg_4.2.0-aztecnr-rc.2_wasm_workers.",,,/Users/dcbuilder/Code/world/.worktrees/provekit-v1-cross-device-campaign/target/v1-benchmarks/input-to-proof/mac-chrome-multithread/oprf_o2__mac_chrome__noir_barretenberg__cold_local.json,cold_local,4479.055
input-to-proof-v1-mac-multithread-20260812,oprf_o2__mac_chrome__noir_barretenberg__cold_local-2,2026-08-12T08:53:40.257Z,macbook_m4,MacBook Pro (Apple M4 Max),26.6.1 (25G76),arm64,browser_wasm,Google Chrome 151.0.7922.109,oprf_nullifier,O2-world-id-nullifier,85aeeef539961cae5a63de794997b507a5975717,noir_barretenberg,noir,barretenberg-ultrahonk-wasm-workers,@noir-lang/noir_js@1.0.0-beta.19,measured,2,ok,2378.44,589.395,1297.92,421.225,4265.755,1281.578125,16000,73925206,73918911,73925206,,input-to-proof-v1-multithread,85aeeef539961cae5a63de794997b507a5975717,"{""bb_js"":""4.2.0-aztecnr-rc.2"",""noir_js"":""1.0.0-beta.19"",""execution_policy"":""workers""};execution_policy=multithread;threads_requested=32;threads_effective=16;witness_backend=single;prover_backend=barretenberg_4.2.0-aztecnr-rc.2_wasm_workers","{""raw_evidence_sha256"":""5332ee62c21062b964c78975531141ce86a9fe28ed9c2c4b430017ddd1e04b33""}",,"Matched O2 profile: World ID nullifier statement and frozen semantic inputs, including the same public nullifier. Browser execution policy: multithread; requested threads=32, effective threads=16; witness generation remains single, prover backend=barretenberg_4.2.0-aztecnr-rc.2_wasm_workers.",,,/Users/dcbuilder/Code/world/.worktrees/provekit-v1-cross-device-campaign/target/v1-benchmarks/input-to-proof/mac-chrome-multithread/oprf_o2__mac_chrome__noir_barretenberg__cold_local.json,cold_local,4265.755
input-to-proof-v1-mac-multithread-20260812,oprf_o2__mac_chrome__noir_barretenberg__cold_local-3,2026-08-12T08:53:40.257Z,macbook_m4,MacBook Pro (Apple M4 Max),26.6.1 (25G76),arm64,browser_wasm,Google Chrome 151.0.7922.109,oprf_nullifier,O2-world-id-nullifier,85aeeef539961cae5a63de794997b507a5975717,noir_barretenberg,noir,barretenberg-ultrahonk-wasm-workers,@noir-lang/noir_js@1.0.0-beta.19,measured,3,ok,2148.33,586.795,1284.885,402.675,4020.01,1277.328125,16000,73925206,73918911,73925206,,input-to-proof-v1-multithread,85aeeef539961cae5a63de794997b507a5975717,"{""bb_js"":""4.2.0-aztecnr-rc.2"",""noir_js"":""1.0.0-beta.19"",""execution_policy"":""workers""};execution_policy=multithread;threads_requested=32;threads_effective=16;witness_backend=single;prover_backend=barretenberg_4.2.0-aztecnr-rc.2_wasm_workers","{""raw_evidence_sha256"":""5332ee62c21062b964c78975531141ce86a9fe28ed9c2c4b430017ddd1e04b33""}",,"Matched O2 profile: World ID nullifier statement and frozen semantic inputs, including the same public nullifier. Browser execution policy: multithread; requested threads=32, effective threads=16; witness generation remains single, prover backend=barretenberg_4.2.0-aztecnr-rc.2_wasm_workers.",,,/Users/dcbuilder/Code/world/.worktrees/provekit-v1-cross-device-campaign/target/v1-benchmarks/input-to-proof/mac-chrome-multithread/oprf_o2__mac_chrome__noir_barretenberg__cold_local.json,cold_local,4020.01
input-to-proof-v1-mac-multithread-20260812,oprf_o2__mac_chrome__noir_barretenberg__cold_local-4,2026-08-12T08:53:40.257Z,macbook_m4,MacBook Pro (Apple M4 Max),26.6.1 (25G76),arm64,browser_wasm,Google Chrome 151.0.7922.109,oprf_nullifier,O2-world-id-nullifier,85aeeef539961cae5a63de794997b507a5975717,noir_barretenberg,noir,barretenberg-ultrahonk-wasm-workers,@noir-lang/noir_js@1.0.0-beta.19,measured,4,ok,2122.785,586.22,1322.76,421.89,4031.765,1279.9375,16000,73925206,73918911,73925206,,input-to-proof-v1-multithread,85aeeef539961cae5a63de794997b507a5975717,"{""bb_js"":""4.2.0-aztecnr-rc.2"",""noir_js"":""1.0.0-beta.19"",""execution_policy"":""workers""};execution_policy=multithread;threads_requested=32;threads_effective=16;witness_backend=single;prover_backend=barretenberg_4.2.0-aztecnr-rc.2_wasm_workers","{""raw_evidence_sha256"":""5332ee62c21062b964c78975531141ce86a9fe28ed9c2c4b430017ddd1e04b33""}",,"Matched O2 profile: World ID nullifier statement and frozen semantic inputs, including the same public nullifier. Browser execution policy: multithread; requested threads=32, effective threads=16; witness generation remains single, prover backend=barretenberg_4.2.0-aztecnr-rc.2_wasm_workers.",,,/Users/dcbuilder/Code/world/.worktrees/provekit-v1-cross-device-campaign/target/v1-benchmarks/input-to-proof/mac-chrome-multithread/oprf_o2__mac_chrome__noir_barretenberg__cold_local.json,cold_local,4031.765
input-to-proof-v1-mac-multithread-20260812,oprf_o2__mac_chrome__noir_barretenberg__cold_local-5,2026-08-12T08:53:40.257Z,macbook_m4,MacBook Pro (Apple M4 Max),26.6.1 (25G76),arm64,browser_wasm,Google Chrome 151.0.7922.109,oprf_nullifier,O2-world-id-nullifier,85aeeef539961cae5a63de794997b507a5975717,noir_barretenberg,noir,barretenberg-ultrahonk-wasm-workers,@noir-lang/noir_js@1.0.0-beta.19,measured,5,ok,2254.96,589.23,1275.08,408.435,4119.27,1280.859375,16000,73925206,73918911,73925206,,input-to-proof-v1-multithread,85aeeef539961cae5a63de794997b507a5975717,"{""bb_js"":""4.2.0-aztecnr-rc.2"",""noir_js"":""1.0.0-beta.19"",""execution_policy"":""workers""};execution_policy=multithread;threads_requested=32;threads_effective=16;witness_backend=single;prover_backend=barretenberg_4.2.0-aztecnr-rc.2_wasm_workers","{""raw_evidence_sha256"":""5332ee62c21062b964c78975531141ce86a9fe28ed9c2c4b430017ddd1e04b33""}",,"Matched O2 profile: World ID nullifier statement and frozen semantic inputs, including the same public nullifier. Browser execution policy: multithread; requested threads=32, effective threads=16; witness generation remains single, prover backend=barretenberg_4.2.0-aztecnr-rc.2_wasm_workers.",,,/Users/dcbuilder/Code/world/.worktrees/provekit-v1-cross-device-campaign/target/v1-benchmarks/input-to-proof/mac-chrome-multithread/oprf_o2__mac_chrome__noir_barretenberg__cold_local.json,cold_local,4119.27
input-to-proof-v1-mac-multithread-20260812,oprf_o2__mac_chrome__noir_barretenberg__warm_reuse-0,2026-08-12T08:53:56.273Z,macbook_m4,MacBook Pro (Apple M4 Max),26.6.1 (25G76),arm64,browser_wasm,Google Chrome 151.0.7922.109,oprf_nullifier,O2-world-id-nullifier,85aeeef539961cae5a63de794997b507a5975717,noir_barretenberg,noir,barretenberg-ultrahonk-wasm-workers,@noir-lang/noir_js@1.0.0-beta.19,warmup,0,ok,0,517.32,1159.99,0,1677.34,1435.703125,16000,73925206,73918911,73925206,,input-to-proof-v1-multithread,85aeeef539961cae5a63de794997b507a5975717,"{""bb_js"":""4.2.0-aztecnr-rc.2"",""noir_js"":""1.0.0-beta.19"",""execution_policy"":""workers""};execution_policy=multithread;threads_requested=32;threads_effective=16;witness_backend=single;prover_backend=barretenberg_4.2.0-aztecnr-rc.2_wasm_workers","{""raw_evidence_sha256"":""1190000cae3814724426d1bc935697913381f56d6d025f6935363575cbefa4f6""}",,"Matched O2 profile: World ID nullifier statement and frozen semantic inputs, including the same public nullifier. Browser execution policy: multithread; requested threads=32, effective threads=16; witness generation remains single, prover backend=barretenberg_4.2.0-aztecnr-rc.2_wasm_workers.",,,/Users/dcbuilder/Code/world/.worktrees/provekit-v1-cross-device-campaign/target/v1-benchmarks/input-to-proof/mac-chrome-multithread/oprf_o2__mac_chrome__noir_barretenberg__warm_reuse.json,warm_reuse,1677.34
input-to-proof-v1-mac-multithread-20260812,oprf_o2__mac_chrome__noir_barretenberg__warm_reuse-1,2026-08-12T08:53:56.273Z,macbook_m4,MacBook Pro (Apple M4 Max),26.6.1 (25G76),arm64,browser_wasm,Google Chrome 151.0.7922.109,oprf_nullifier,O2-world-id-nullifier,85aeeef539961cae5a63de794997b507a5975717,noir_barretenberg,noir,barretenberg-ultrahonk-wasm-workers,@noir-lang/noir_js@1.0.0-beta.19,measured,1,ok,0,519.86,1191.145,0,1711.04,1435.703125,16000,73925206,73918911,73925206,,input-to-proof-v1-multithread,85aeeef539961cae5a63de794997b507a5975717,"{""bb_js"":""4.2.0-aztecnr-rc.2"",""noir_js"":""1.0.0-beta.19"",""execution_policy"":""workers""};execution_policy=multithread;threads_requested=32;threads_effective=16;witness_backend=single;prover_backend=barretenberg_4.2.0-aztecnr-rc.2_wasm_workers","{""raw_evidence_sha256"":""1190000cae3814724426d1bc935697913381f56d6d025f6935363575cbefa4f6""}",,"Matched O2 profile: World ID nullifier statement and frozen semantic inputs, including the same public nullifier. Browser execution policy: multithread; requested threads=32, effective threads=16; witness generation remains single, prover backend=barretenberg_4.2.0-aztecnr-rc.2_wasm_workers.",,,/Users/dcbuilder/Code/world/.worktrees/provekit-v1-cross-device-campaign/target/v1-benchmarks/input-to-proof/mac-chrome-multithread/oprf_o2__mac_chrome__noir_barretenberg__warm_reuse.json,warm_reuse,1711.04
input-to-proof-v1-mac-multithread-20260812,oprf_o2__mac_chrome__noir_barretenberg__warm_reuse-2,2026-08-12T08:53:56.273Z,macbook_m4,MacBook Pro (Apple M4 Max),26.6.1 (25G76),arm64,browser_wasm,Google Chrome 151.0.7922.109,oprf_nullifier,O2-world-id-nullifier,85aeeef539961cae5a63de794997b507a5975717,noir_barretenberg,noir,barretenberg-ultrahonk-wasm-workers,@noir-lang/noir_js@1.0.0-beta.19,measured,2,ok,0,534.135,1176.945,0,1711.11,1435.703125,16000,73925206,73918911,73925206,,input-to-proof-v1-multithread,85aeeef539961cae5a63de794997b507a5975717,"{""bb_js"":""4.2.0-aztecnr-rc.2"",""noir_js"":""1.0.0-beta.19"",""execution_policy"":""workers""};execution_policy=multithread;threads_requested=32;threads_effective=16;witness_backend=single;prover_backend=barretenberg_4.2.0-aztecnr-rc.2_wasm_workers","{""raw_evidence_sha256"":""1190000cae3814724426d1bc935697913381f56d6d025f6935363575cbefa4f6""}",,"Matched O2 profile: World ID nullifier statement and frozen semantic inputs, including the same public nullifier. Browser execution policy: multithread; requested threads=32, effective threads=16; witness generation remains single, prover backend=barretenberg_4.2.0-aztecnr-rc.2_wasm_workers.",,,/Users/dcbuilder/Code/world/.worktrees/provekit-v1-cross-device-campaign/target/v1-benchmarks/input-to-proof/mac-chrome-multithread/oprf_o2__mac_chrome__noir_barretenberg__warm_reuse.json,warm_reuse,1711.11
input-to-proof-v1-mac-multithread-20260812,oprf_o2__mac_chrome__noir_barretenberg__warm_reuse-3,2026-08-12T08:53:56.273Z,macbook_m4,MacBook Pro (Apple M4 Max),26.6.1 (25G76),arm64,browser_wasm,Google Chrome 151.0.7922.109,oprf_nullifier,O2-world-id-nullifier,85aeeef539961cae5a63de794997b507a5975717,noir_barretenberg,noir,barretenberg-ultrahonk-wasm-workers,@noir-lang/noir_js@1.0.0-beta.19,measured,3,ok,0,515.445,1184.575,0,1700.055,1435.703125,16000,73925206,73918911,73925206,,input-to-proof-v1-multithread,85aeeef539961cae5a63de794997b507a5975717,"{""bb_js"":""4.2.0-aztecnr-rc.2"",""noir_js"":""1.0.0-beta.19"",""execution_policy"":""workers""};execution_policy=multithread;threads_requested=32;threads_effective=16;witness_backend=single;prover_backend=barretenberg_4.2.0-aztecnr-rc.2_wasm_workers","{""raw_evidence_sha256"":""1190000cae3814724426d1bc935697913381f56d6d025f6935363575cbefa4f6""}",,"Matched O2 profile: World ID nullifier statement and frozen semantic inputs, including the same public nullifier. Browser execution policy: multithread; requested threads=32, effective threads=16; witness generation remains single, prover backend=barretenberg_4.2.0-aztecnr-rc.2_wasm_workers.",,,/Users/dcbuilder/Code/world/.worktrees/provekit-v1-cross-device-campaign/target/v1-benchmarks/input-to-proof/mac-chrome-multithread/oprf_o2__mac_chrome__noir_barretenberg__warm_reuse.json,warm_reuse,1700.055
input-to-proof-v1-mac-multithread-20260812,oprf_o2__mac_chrome__noir_barretenberg__warm_reuse-4,2026-08-12T08:53:56.273Z,macbook_m4,MacBook Pro (Apple M4 Max),26.6.1 (25G76),arm64,browser_wasm,Google Chrome 151.0.7922.109,oprf_nullifier,O2-world-id-nullifier,85aeeef539961cae5a63de794997b507a5975717,noir_barretenberg,noir,barretenberg-ultrahonk-wasm-workers,@noir-lang/noir_js@1.0.0-beta.19,measured,4,ok,0,514.79,1184.29,0,1699.11,1435.703125,16000,73925206,73918911,73925206,,input-to-proof-v1-multithread,85aeeef539961cae5a63de794997b507a5975717,"{""bb_js"":""4.2.0-aztecnr-rc.2"",""noir_js"":""1.0.0-beta.19"",""execution_policy"":""workers""};execution_policy=multithread;threads_requested=32;threads_effective=16;witness_backend=single;prover_backend=barretenberg_4.2.0-aztecnr-rc.2_wasm_workers","{""raw_evidence_sha256"":""1190000cae3814724426d1bc935697913381f56d6d025f6935363575cbefa4f6""}",,"Matched O2 profile: World ID nullifier statement and frozen semantic inputs, including the same public nullifier. Browser execution policy: multithread; requested threads=32, effective threads=16; witness generation remains single, prover backend=barretenberg_4.2.0-aztecnr-rc.2_wasm_workers.",,,/Users/dcbuilder/Code/world/.worktrees/provekit-v1-cross-device-campaign/target/v1-benchmarks/input-to-proof/mac-chrome-multithread/oprf_o2__mac_chrome__noir_barretenberg__warm_reuse.json,warm_reuse,1699.11
input-to-proof-v1-mac-multithread-20260812,oprf_o2__mac_chrome__noir_barretenberg__warm_reuse-5,2026-08-12T08:53:56.273Z,macbook_m4,MacBook Pro (Apple M4 Max),26.6.1 (25G76),arm64,browser_wasm,Google Chrome 151.0.7922.109,oprf_nullifier,O2-world-id-nullifier,85aeeef539961cae5a63de794997b507a5975717,noir_barretenberg,noir,barretenberg-ultrahonk-wasm-workers,@noir-lang/noir_js@1.0.0-beta.19,measured,5,ok,0,531.545,1152.04,0,1683.605,1435.703125,16000,73925206,73918911,73925206,,input-to-proof-v1-multithread,85aeeef539961cae5a63de794997b507a5975717,"{""bb_js"":""4.2.0-aztecnr-rc.2"",""noir_js"":""1.0.0-beta.19"",""execution_policy"":""workers""};execution_policy=multithread;threads_requested=32;threads_effective=16;witness_backend=single;prover_backend=barretenberg_4.2.0-aztecnr-rc.2_wasm_workers","{""raw_evidence_sha256"":""1190000cae3814724426d1bc935697913381f56d6d025f6935363575cbefa4f6""}",,"Matched O2 profile: World ID nullifier statement and frozen semantic inputs, including the same public nullifier. Browser execution policy: multithread; requested threads=32, effective threads=16; witness generation remains single, prover backend=barretenberg_4.2.0-aztecnr-rc.2_wasm_workers.",,,/Users/dcbuilder/Code/world/.worktrees/provekit-v1-cross-device-campaign/target/v1-benchmarks/input-to-proof/mac-chrome-multithread/oprf_o2__mac_chrome__noir_barretenberg__warm_reuse.json,warm_reuse,1683.605
input-to-proof-v1-mac-multithread-20260812,oprf_o2__mac_chrome__circom_groth16__cold_local-0,2026-08-12T09:36:44.935Z,macbook_m4,MacBook Pro (Apple M4 Max),26.6.1 (25G76),arm64,browser_wasm,Google Chrome 151.0.7922.109,oprf_nullifier,O2-world-id-nullifier,85aeeef539961cae5a63de794997b507a5975717,circom_groth16,circom,snarkjs-groth16-browser-wasm-workers,circom-witness-wasm,warmup,0,ok,2.94,128.22,1440.795,6.575,1571.955,3663.65625,723,39203507,38279392,39203507,,input-to-proof-v1-multithread,85aeeef539961cae5a63de794997b507a5975717,"{""circom"":""2.2.2"",""snarkjs"":""0.7.6"",""execution_policy"":""workers""};execution_policy=multithread;threads_requested=16;threads_effective=16;witness_backend=circom_runtime_wasm_single;prover_backend=snarkjs_0.7.6_browser_wasm_workers","{""raw_evidence_sha256"":""09e6402c01ecd284d9fc00a9aaf61ed19dbb5d801d94f89c7a1a8239db17c396""}",,"Matched O2 profile: World ID nullifier statement and frozen semantic inputs, including the same public nullifier. Browser execution policy: multithread; requested threads=16, effective threads=16; witness generation remains circom_runtime_wasm_single, prover backend=snarkjs_0.7.6_browser_wasm_workers.",,,/Users/dcbuilder/Code/world/.worktrees/provekit-v1-cross-device-campaign/target/v1-benchmarks/input-to-proof/mac-chrome-multithread/oprf_o2__mac_chrome__circom_groth16__cold_local.json,cold_local,1571.955
input-to-proof-v1-mac-multithread-20260812,oprf_o2__mac_chrome__circom_groth16__cold_local-1,2026-08-12T09:36:44.935Z,macbook_m4,MacBook Pro (Apple M4 Max),26.6.1 (25G76),arm64,browser_wasm,Google Chrome 151.0.7922.109,oprf_nullifier,O2-world-id-nullifier,85aeeef539961cae5a63de794997b507a5975717,circom_groth16,circom,snarkjs-groth16-browser-wasm-workers,circom-witness-wasm,measured,1,ok,2.315,126.685,1471.905,6.265,1600.905,3652.515625,721,39203507,38279392,39203507,,input-to-proof-v1-multithread,85aeeef539961cae5a63de794997b507a5975717,"{""circom"":""2.2.2"",""snarkjs"":""0.7.6"",""execution_policy"":""workers""};execution_policy=multithread;threads_requested=16;threads_effective=16;witness_backend=circom_runtime_wasm_single;prover_backend=snarkjs_0.7.6_browser_wasm_workers","{""raw_evidence_sha256"":""09e6402c01ecd284d9fc00a9aaf61ed19dbb5d801d94f89c7a1a8239db17c396""}",,"Matched O2 profile: World ID nullifier statement and frozen semantic inputs, including the same public nullifier. Browser execution policy: multithread; requested threads=16, effective threads=16; witness generation remains circom_runtime_wasm_single, prover backend=snarkjs_0.7.6_browser_wasm_workers.",,,/Users/dcbuilder/Code/world/.worktrees/provekit-v1-cross-device-campaign/target/v1-benchmarks/input-to-proof/mac-chrome-multithread/oprf_o2__mac_chrome__circom_groth16__cold_local.json,cold_local,1600.905
input-to-proof-v1-mac-multithread-20260812,oprf_o2__mac_chrome__circom_groth16__cold_local-2,2026-08-12T09:36:44.935Z,macbook_m4,MacBook Pro (Apple M4 Max),26.6.1 (25G76),arm64,browser_wasm,Google Chrome 151.0.7922.109,oprf_nullifier,O2-world-id-nullifier,85aeeef539961cae5a63de794997b507a5975717,circom_groth16,circom,snarkjs-groth16-browser-wasm-workers,circom-witness-wasm,measured,2,ok,2.155,130.19,1461.705,6.045,1594.05,3501.359375,724,39203507,38279392,39203507,,input-to-proof-v1-multithread,85aeeef539961cae5a63de794997b507a5975717,"{""circom"":""2.2.2"",""snarkjs"":""0.7.6"",""execution_policy"":""workers""};execution_policy=multithread;threads_requested=16;threads_effective=16;witness_backend=circom_runtime_wasm_single;prover_backend=snarkjs_0.7.6_browser_wasm_workers","{""raw_evidence_sha256"":""09e6402c01ecd284d9fc00a9aaf61ed19dbb5d801d94f89c7a1a8239db17c396""}",,"Matched O2 profile: World ID nullifier statement and frozen semantic inputs, including the same public nullifier. Browser execution policy: multithread; requested threads=16, effective threads=16; witness generation remains circom_runtime_wasm_single, prover backend=snarkjs_0.7.6_browser_wasm_workers.",,,/Users/dcbuilder/Code/world/.worktrees/provekit-v1-cross-device-campaign/target/v1-benchmarks/input-to-proof/mac-chrome-multithread/oprf_o2__mac_chrome__circom_groth16__cold_local.json,cold_local,1594.05
input-to-proof-v1-mac-multithread-20260812,oprf_o2__mac_chrome__circom_groth16__cold_local-3,2026-08-12T09:36:44.935Z,macbook_m4,MacBook Pro (Apple M4 Max),26.6.1 (25G76),arm64,browser_wasm,Google Chrome 151.0.7922.109,oprf_nullifier,O2-world-id-nullifier,85aeeef539961cae5a63de794997b507a5975717,circom_groth16,circom,snarkjs-groth16-browser-wasm-workers,circom-witness-wasm,measured,3,ok,2.62,128.85,1496.065,6.195,1627.535,3508.15625,723,39203507,38279392,39203507,,input-to-proof-v1-multithread,85aeeef539961cae5a63de794997b507a5975717,"{""circom"":""2.2.2"",""snarkjs"":""0.7.6"",""execution_policy"":""workers""};execution_policy=multithread;threads_requested=16;threads_effective=16;witness_backend=circom_runtime_wasm_single;prover_backend=snarkjs_0.7.6_browser_wasm_workers","{""raw_evidence_sha256"":""09e6402c01ecd284d9fc00a9aaf61ed19dbb5d801d94f89c7a1a8239db17c396""}",,"Matched O2 profile: World ID nullifier statement and frozen semantic inputs, including the same public nullifier. Browser execution policy: multithread; requested threads=16, effective threads=16; witness generation remains circom_runtime_wasm_single, prover backend=snarkjs_0.7.6_browser_wasm_workers.",,,/Users/dcbuilder/Code/world/.worktrees/provekit-v1-cross-device-campaign/target/v1-benchmarks/input-to-proof/mac-chrome-multithread/oprf_o2__mac_chrome__circom_groth16__cold_local.json,cold_local,1627.535
input-to-proof-v1-mac-multithread-20260812,oprf_o2__mac_chrome__circom_groth16__cold_local-4,2026-08-12T09:36:44.935Z,macbook_m4,MacBook Pro (Apple M4 Max),26.6.1 (25G76),arm64,browser_wasm,Google Chrome 151.0.7922.109,oprf_nullifier,O2-world-id-nullifier,85aeeef539961cae5a63de794997b507a5975717,circom_groth16,circom,snarkjs-groth16-browser-wasm-workers,circom-witness-wasm,measured,4,ok,3.255,126.655,1409.1,6.745,1539.01,3634.0625,723,39203507,38279392,39203507,,input-to-proof-v1-multithread,85aeeef539961cae5a63de794997b507a5975717,"{""circom"":""2.2.2"",""snarkjs"":""0.7.6"",""execution_policy"":""workers""};execution_policy=multithread;threads_requested=16;threads_effective=16;witness_backend=circom_runtime_wasm_single;prover_backend=snarkjs_0.7.6_browser_wasm_workers","{""raw_evidence_sha256"":""09e6402c01ecd284d9fc00a9aaf61ed19dbb5d801d94f89c7a1a8239db17c396""}",,"Matched O2 profile: World ID nullifier statement and frozen semantic inputs, including the same public nullifier. Browser execution policy: multithread; requested threads=16, effective threads=16; witness generation remains circom_runtime_wasm_single, prover backend=snarkjs_0.7.6_browser_wasm_workers.",,,/Users/dcbuilder/Code/world/.worktrees/provekit-v1-cross-device-campaign/target/v1-benchmarks/input-to-proof/mac-chrome-multithread/oprf_o2__mac_chrome__circom_groth16__cold_local.json,cold_local,1539.01
input-to-proof-v1-mac-multithread-20260812,oprf_o2__mac_chrome__circom_groth16__cold_local-5,2026-08-12T09:36:44.935Z,macbook_m4,MacBook Pro (Apple M4 Max),26.6.1 (25G76),arm64,browser_wasm,Google Chrome 151.0.7922.109,oprf_nullifier,O2-world-id-nullifier,85aeeef539961cae5a63de794997b507a5975717,circom_groth16,circom,snarkjs-groth16-browser-wasm-workers,circom-witness-wasm,measured,5,ok,2.675,126.475,1428.03,6.395,1557.18,3583.21875,724,39203507,38279392,39203507,,input-to-proof-v1-multithread,85aeeef539961cae5a63de794997b507a5975717,"{""circom"":""2.2.2"",""snarkjs"":""0.7.6"",""execution_policy"":""workers""};execution_policy=multithread;threads_requested=16;threads_effective=16;witness_backend=circom_runtime_wasm_single;prover_backend=snarkjs_0.7.6_browser_wasm_workers","{""raw_evidence_sha256"":""09e6402c01ecd284d9fc00a9aaf61ed19dbb5d801d94f89c7a1a8239db17c396""}",,"Matched O2 profile: World ID nullifier statement and frozen semantic inputs, including the same public nullifier. Browser execution policy: multithread; requested threads=16, effective threads=16; witness generation remains circom_runtime_wasm_single, prover backend=snarkjs_0.7.6_browser_wasm_workers.",,,/Users/dcbuilder/Code/world/.worktrees/provekit-v1-cross-device-campaign/target/v1-benchmarks/input-to-proof/mac-chrome-multithread/oprf_o2__mac_chrome__circom_groth16__cold_local.json,cold_local,1557.18
input-to-proof-v1-mac-multithread-20260812,oprf_o2__mac_chrome__circom_groth16__warm_reuse-0,2026-08-12T09:35:39.033Z,macbook_m4,MacBook Pro (Apple M4 Max),26.6.1 (25G76),arm64,browser_wasm,Google Chrome 151.0.7922.109,oprf_nullifier,O2-world-id-nullifier,85aeeef539961cae5a63de794997b507a5975717,circom_groth16,circom,snarkjs-groth16-browser-wasm-workers,circom-witness-wasm,warmup,0,ok,0,159.36,2469.265,16.525,2629,3146.125,719,39203507,38279392,39203507,,input-to-proof-v1-multithread,85aeeef539961cae5a63de794997b507a5975717,"{""circom"":""2.2.2"",""snarkjs"":""0.7.6"",""execution_policy"":""workers""};execution_policy=multithread;threads_requested=16;threads_effective=16;witness_backend=circom_runtime_wasm_single;prover_backend=snarkjs_0.7.6_browser_wasm_workers","{""raw_evidence_sha256"":""1ff20872a6084168dfd9e403cb03bdd8ff86a789fe6ee2a31c69bb9d6b84bbc5""}",,"Matched O2 profile: World ID nullifier statement and frozen semantic inputs, including the same public nullifier. Browser execution policy: multithread; requested threads=16, effective threads=16; witness generation remains circom_runtime_wasm_single, prover backend=snarkjs_0.7.6_browser_wasm_workers.",,,/Users/dcbuilder/Code/world/.worktrees/provekit-v1-cross-device-campaign/target/v1-benchmarks/input-to-proof/mac-chrome-multithread/oprf_o2__mac_chrome__circom_groth16__warm_reuse.json,warm_reuse,2629
input-to-proof-v1-mac-multithread-20260812,oprf_o2__mac_chrome__circom_groth16__warm_reuse-1,2026-08-12T09:35:39.033Z,macbook_m4,MacBook Pro (Apple M4 Max),26.6.1 (25G76),arm64,browser_wasm,Google Chrome 151.0.7922.109,oprf_nullifier,O2-world-id-nullifier,85aeeef539961cae5a63de794997b507a5975717,circom_groth16,circom,snarkjs-groth16-browser-wasm-workers,circom-witness-wasm,measured,1,ok,0,160.285,2422.51,7.935,2584.965,3146.125,725,39203507,38279392,39203507,,input-to-proof-v1-multithread,85aeeef539961cae5a63de794997b507a5975717,"{""circom"":""2.2.2"",""snarkjs"":""0.7.6"",""execution_policy"":""workers""};execution_policy=multithread;threads_requested=16;threads_effective=16;witness_backend=circom_runtime_wasm_single;prover_backend=snarkjs_0.7.6_browser_wasm_workers","{""raw_evidence_sha256"":""1ff20872a6084168dfd9e403cb03bdd8ff86a789fe6ee2a31c69bb9d6b84bbc5""}",,"Matched O2 profile: World ID nullifier statement and frozen semantic inputs, including the same public nullifier. Browser execution policy: multithread; requested threads=16, effective threads=16; witness generation remains circom_runtime_wasm_single, prover backend=snarkjs_0.7.6_browser_wasm_workers.",,,/Users/dcbuilder/Code/world/.worktrees/provekit-v1-cross-device-campaign/target/v1-benchmarks/input-to-proof/mac-chrome-multithread/oprf_o2__mac_chrome__circom_groth16__warm_reuse.json,warm_reuse,2584.965
input-to-proof-v1-mac-multithread-20260812,oprf_o2__mac_chrome__circom_groth16__warm_reuse-2,2026-08-12T09:35:39.033Z,macbook_m4,MacBook Pro (Apple M4 Max),26.6.1 (25G76),arm64,browser_wasm,Google Chrome 151.0.7922.109,oprf_nullifier,O2-world-id-nullifier,85aeeef539961cae5a63de794997b507a5975717,circom_groth16,circom,snarkjs-groth16-browser-wasm-workers,circom-witness-wasm,measured,2,ok,0,162.16,2274.925,7.71,2439.33,3146.125,726,39203507,38279392,39203507,,input-to-proof-v1-multithread,85aeeef539961cae5a63de794997b507a5975717,"{""circom"":""2.2.2"",""snarkjs"":""0.7.6"",""execution_policy"":""workers""};execution_policy=multithread;threads_requested=16;threads_effective=16;witness_backend=circom_runtime_wasm_single;prover_backend=snarkjs_0.7.6_browser_wasm_workers","{""raw_evidence_sha256"":""1ff20872a6084168dfd9e403cb03bdd8ff86a789fe6ee2a31c69bb9d6b84bbc5""}",,"Matched O2 profile: World ID nullifier statement and frozen semantic inputs, including the same public nullifier. Browser execution policy: multithread; requested threads=16, effective threads=16; witness generation remains circom_runtime_wasm_single, prover backend=snarkjs_0.7.6_browser_wasm_workers.",,,/Users/dcbuilder/Code/world/.worktrees/provekit-v1-cross-device-campaign/target/v1-benchmarks/input-to-proof/mac-chrome-multithread/oprf_o2__mac_chrome__circom_groth16__warm_reuse.json,warm_reuse,2439.33
input-to-proof-v1-mac-multithread-20260812,oprf_o2__mac_chrome__circom_groth16__warm_reuse-3,2026-08-12T09:35:39.033Z,macbook_m4,MacBook Pro (Apple M4 Max),26.6.1 (25G76),arm64,browser_wasm,Google Chrome 151.0.7922.109,oprf_nullifier,O2-world-id-nullifier,85aeeef539961cae5a63de794997b507a5975717,circom_groth16,circom,snarkjs-groth16-browser-wasm-workers,circom-witness-wasm,measured,3,ok,0,164.61,2992.42,9.57,3159.6,3146.125,722,39203507,38279392,39203507,,input-to-proof-v1-multithread,85aeeef539961cae5a63de794997b507a5975717,"{""circom"":""2.2.2"",""snarkjs"":""0.7.6"",""execution_policy"":""workers""};execution_policy=multithread;threads_requested=16;threads_effective=16;witness_backend=circom_runtime_wasm_single;prover_backend=snarkjs_0.7.6_browser_wasm_workers","{""raw_evidence_sha256"":""1ff20872a6084168dfd9e403cb03bdd8ff86a789fe6ee2a31c69bb9d6b84bbc5""}",,"Matched O2 profile: World ID nullifier statement and frozen semantic inputs, including the same public nullifier. Browser execution policy: multithread; requested threads=16, effective threads=16; witness generation remains circom_runtime_wasm_single, prover backend=snarkjs_0.7.6_browser_wasm_workers.",,,/Users/dcbuilder/Code/world/.worktrees/provekit-v1-cross-device-campaign/target/v1-benchmarks/input-to-proof/mac-chrome-multithread/oprf_o2__mac_chrome__circom_groth16__warm_reuse.json,warm_reuse,3159.6
input-to-proof-v1-mac-multithread-20260812,oprf_o2__mac_chrome__circom_groth16__warm_reuse-4,2026-08-12T09:35:39.033Z,macbook_m4,MacBook Pro (Apple M4 Max),26.6.1 (25G76),arm64,browser_wasm,Google Chrome 151.0.7922.109,oprf_nullifier,O2-world-id-nullifier,85aeeef539961cae5a63de794997b507a5975717,circom_groth16,circom,snarkjs-groth16-browser-wasm-workers,circom-witness-wasm,measured,4,ok,0,242.64,1926.65,7.175,2169.96,3146.125,724,39203507,38279392,39203507,,input-to-proof-v1-multithread,85aeeef539961cae5a63de794997b507a5975717,"{""circom"":""2.2.2"",""snarkjs"":""0.7.6"",""execution_policy"":""workers""};execution_policy=multithread;threads_requested=16;threads_effective=16;witness_backend=circom_runtime_wasm_single;prover_backend=snarkjs_0.7.6_browser_wasm_workers","{""raw_evidence_sha256"":""1ff20872a6084168dfd9e403cb03bdd8ff86a789fe6ee2a31c69bb9d6b84bbc5""}",,"Matched O2 profile: World ID nullifier statement and frozen semantic inputs, including the same public nullifier. Browser execution policy: multithread; requested threads=16, effective threads=16; witness generation remains circom_runtime_wasm_single, prover backend=snarkjs_0.7.6_browser_wasm_workers.",,,/Users/dcbuilder/Code/world/.worktrees/provekit-v1-cross-device-campaign/target/v1-benchmarks/input-to-proof/mac-chrome-multithread/oprf_o2__mac_chrome__circom_groth16__warm_reuse.json,warm_reuse,2169.96
input-to-proof-v1-mac-multithread-20260812,oprf_o2__mac_chrome__circom_groth16__warm_reuse-5,2026-08-12T09:35:39.033Z,macbook_m4,MacBook Pro (Apple M4 Max),26.6.1 (25G76),arm64,browser_wasm,Google Chrome 151.0.7922.109,oprf_nullifier,O2-world-id-nullifier,85aeeef539961cae5a63de794997b507a5975717,circom_groth16,circom,snarkjs-groth16-browser-wasm-workers,circom-witness-wasm,measured,5,ok,0,151.78,1567.245,7.145,1719.785,3146.125,725,39203507,38279392,39203507,,input-to-proof-v1-multithread,85aeeef539961cae5a63de794997b507a5975717,"{""circom"":""2.2.2"",""snarkjs"":""0.7.6"",""execution_policy"":""workers""};execution_policy=multithread;threads_requested=16;threads_effective=16;witness_backend=circom_runtime_wasm_single;prover_backend=snarkjs_0.7.6_browser_wasm_workers","{""raw_evidence_sha256"":""1ff20872a6084168dfd9e403cb03bdd8ff86a789fe6ee2a31c69bb9d6b84bbc5""}",,"Matched O2 profile: World ID nullifier statement and frozen semantic inputs, including the same public nullifier. Browser execution policy: multithread; requested threads=16, effective threads=16; witness generation remains circom_runtime_wasm_single, prover backend=snarkjs_0.7.6_browser_wasm_workers.",,,/Users/dcbuilder/Code/world/.worktrees/provekit-v1-cross-device-campaign/target/v1-benchmarks/input-to-proof/mac-chrome-multithread/oprf_o2__mac_chrome__circom_groth16__warm_reuse.json,warm_reuse,1719.785
input-to-proof-v1-mac-multithread-20260812,webauthn_closest_analogue__mac_chrome__provekit_v1__cold_local-0,2026-08-12T08:55:08.927Z,macbook_m4,MacBook Pro (Apple M4 Max),26.6.1 (25G76),arm64,browser_wasm,Google Chrome 151.0.7922.109,webauthn,closest-analogue,0fb5b4aa1398281c2fd3dbe14db147e05b61f201,provekit_v1,noir,provekit-v1-whir-wasm-workers,@noir-lang/noir_js@1.0.0-beta.11,warmup,0,ok,1610.2050000000745,1646.7549999998882,1996.3449999997392,88.43999999994412,5253.304999999702,949.328125,971640,2271295,2263464,15906430,389181,input-to-proof-v1-multithread,9b2a6f37c67691eab4b0cec6c35e35c520e93285,"{""provekit"":""9b2a6f37c67691eab4b0cec6c35e35c520e93285"",""noir_js"":""1.0.0-beta.11"",""execution_policy"":""workers""};execution_policy=multithread;threads_requested=auto;threads_effective=8;witness_backend=single;prover_backend=provekit_v1_branch_9b2a6f_wasm_rayon_threaded","{""raw_evidence_sha256"":""07c9de831423a5154070a59e38617b145de8575b8f6f74b00313e861f0d35c52""}",,"Closest analogue, not equivalent: Noir binds challenge, type, origin, RP-ID hash, flags, and public key; the Circom counterpart omits several bindings. Browser execution policy: multithread; requested threads=auto, effective threads=8; witness generation remains single, prover backend=provekit_v1_branch_9b2a6f_wasm_rayon_threaded.",,,/Users/dcbuilder/Code/world/.worktrees/provekit-v1-cross-device-campaign/target/v1-benchmarks/input-to-proof/mac-chrome-multithread/webauthn_closest_analogue__mac_chrome__provekit_v1__cold_local.json,cold_local,5253.304999999702
input-to-proof-v1-mac-multithread-20260812,webauthn_closest_analogue__mac_chrome__provekit_v1__cold_local-1,2026-08-12T08:55:08.927Z,macbook_m4,MacBook Pro (Apple M4 Max),26.6.1 (25G76),arm64,browser_wasm,Google Chrome 151.0.7922.109,webauthn,closest-analogue,0fb5b4aa1398281c2fd3dbe14db147e05b61f201,provekit_v1,noir,provekit-v1-whir-wasm-workers,@noir-lang/noir_js@1.0.0-beta.11,measured,1,ok,1614.5949999997392,1643.3650000002235,1982.7549999998882,87.64500000001863,5240.714999999851,950.96875,971640,2271295,2263464,15906430,389181,input-to-proof-v1-multithread,9b2a6f37c67691eab4b0cec6c35e35c520e93285,"{""provekit"":""9b2a6f37c67691eab4b0cec6c35e35c520e93285"",""noir_js"":""1.0.0-beta.11"",""execution_policy"":""workers""};execution_policy=multithread;threads_requested=auto;threads_effective=8;witness_backend=single;prover_backend=provekit_v1_branch_9b2a6f_wasm_rayon_threaded","{""raw_evidence_sha256"":""07c9de831423a5154070a59e38617b145de8575b8f6f74b00313e861f0d35c52""}",,"Closest analogue, not equivalent: Noir binds challenge, type, origin, RP-ID hash, flags, and public key; the Circom counterpart omits several bindings. Browser execution policy: multithread; requested threads=auto, effective threads=8; witness generation remains single, prover backend=provekit_v1_branch_9b2a6f_wasm_rayon_threaded.",,,/Users/dcbuilder/Code/world/.worktrees/provekit-v1-cross-device-campaign/target/v1-benchmarks/input-to-proof/mac-chrome-multithread/webauthn_closest_analogue__mac_chrome__provekit_v1__cold_local.json,cold_local,5240.714999999851
input-to-proof-v1-mac-multithread-20260812,webauthn_closest_analogue__mac_chrome__provekit_v1__cold_local-2,2026-08-12T08:55:08.927Z,macbook_m4,MacBook Pro (Apple M4 Max),26.6.1 (25G76),arm64,browser_wasm,Google Chrome 151.0.7922.109,webauthn,closest-analogue,0fb5b4aa1398281c2fd3dbe14db147e05b61f201,provekit_v1,noir,provekit-v1-whir-wasm-workers,@noir-lang/noir_js@1.0.0-beta.11,measured,2,ok,1629.2599999997765,1628.4300000001676,1993.7599999997765,88.20999999996275,5251.449999999721,951.21875,974756,2271295,2263464,15906430,389181,input-to-proof-v1-multithread,9b2a6f37c67691eab4b0cec6c35e35c520e93285,"{""provekit"":""9b2a6f37c67691eab4b0cec6c35e35c520e93285"",""noir_js"":""1.0.0-beta.11"",""execution_policy"":""workers""};execution_policy=multithread;threads_requested=auto;threads_effective=8;witness_backend=single;prover_backend=provekit_v1_branch_9b2a6f_wasm_rayon_threaded","{""raw_evidence_sha256"":""07c9de831423a5154070a59e38617b145de8575b8f6f74b00313e861f0d35c52""}",,"Closest analogue, not equivalent: Noir binds challenge, type, origin, RP-ID hash, flags, and public key; the Circom counterpart omits several bindings. Browser execution policy: multithread; requested threads=auto, effective threads=8; witness generation remains single, prover backend=provekit_v1_branch_9b2a6f_wasm_rayon_threaded.",,,/Users/dcbuilder/Code/world/.worktrees/provekit-v1-cross-device-campaign/target/v1-benchmarks/input-to-proof/mac-chrome-multithread/webauthn_closest_analogue__mac_chrome__provekit_v1__cold_local.json,cold_local,5251.449999999721
input-to-proof-v1-mac-multithread-20260812,webauthn_closest_analogue__mac_chrome__provekit_v1__cold_local-3,2026-08-12T08:55:08.927Z,macbook_m4,MacBook Pro (Apple M4 Max),26.6.1 (25G76),arm64,browser_wasm,Google Chrome 151.0.7922.109,webauthn,closest-analogue,0fb5b4aa1398281c2fd3dbe14db147e05b61f201,provekit_v1,noir,provekit-v1-whir-wasm-workers,@noir-lang/noir_js@1.0.0-beta.11,measured,3,ok,1609.6099999998696,1636.6500000003725,1974.625,88.98499999986961,5220.885000000242,950.9375,973732,2271295,2263464,15906430,389181,input-to-proof-v1-multithread,9b2a6f37c67691eab4b0cec6c35e35c520e93285,"{""provekit"":""9b2a6f37c67691eab4b0cec6c35e35c520e93285"",""noir_js"":""1.0.0-beta.11"",""execution_policy"":""workers""};execution_policy=multithread;threads_requested=auto;threads_effective=8;witness_backend=single;prover_backend=provekit_v1_branch_9b2a6f_wasm_rayon_threaded","{""raw_evidence_sha256"":""07c9de831423a5154070a59e38617b145de8575b8f6f74b00313e861f0d35c52""}",,"Closest analogue, not equivalent: Noir binds challenge, type, origin, RP-ID hash, flags, and public key; the Circom counterpart omits several bindings. Browser execution policy: multithread; requested threads=auto, effective threads=8; witness generation remains single, prover backend=provekit_v1_branch_9b2a6f_wasm_rayon_threaded.",,,/Users/dcbuilder/Code/world/.worktrees/provekit-v1-cross-device-campaign/target/v1-benchmarks/input-to-proof/mac-chrome-multithread/webauthn_closest_analogue__mac_chrome__provekit_v1__cold_local.json,cold_local,5220.885000000242
input-to-proof-v1-mac-multithread-20260812,webauthn_closest_analogue__mac_chrome__provekit_v1__cold_local-4,2026-08-12T08:55:08.927Z,macbook_m4,MacBook Pro (Apple M4 Max),26.6.1 (25G76),arm64,browser_wasm,Google Chrome 151.0.7922.109,webauthn,closest-analogue,0fb5b4aa1398281c2fd3dbe14db147e05b61f201,provekit_v1,noir,provekit-v1-whir-wasm-workers,@noir-lang/noir_js@1.0.0-beta.11,measured,4,ok,1609.9950000001118,1631.429999999702,1979.5100000002421,89.10000000009313,5220.935000000056,949.375,971044,2271295,2263464,15906430,389181,input-to-proof-v1-multithread,9b2a6f37c67691eab4b0cec6c35e35c520e93285,"{""provekit"":""9b2a6f37c67691eab4b0cec6c35e35c520e93285"",""noir_js"":""1.0.0-beta.11"",""execution_policy"":""workers""};execution_policy=multithread;threads_requested=auto;threads_effective=8;witness_backend=single;prover_backend=provekit_v1_branch_9b2a6f_wasm_rayon_threaded","{""raw_evidence_sha256"":""07c9de831423a5154070a59e38617b145de8575b8f6f74b00313e861f0d35c52""}",,"Closest analogue, not equivalent: Noir binds challenge, type, origin, RP-ID hash, flags, and public key; the Circom counterpart omits several bindings. Browser execution policy: multithread; requested threads=auto, effective threads=8; witness generation remains single, prover backend=provekit_v1_branch_9b2a6f_wasm_rayon_threaded.",,,/Users/dcbuilder/Code/world/.worktrees/provekit-v1-cross-device-campaign/target/v1-benchmarks/input-to-proof/mac-chrome-multithread/webauthn_closest_analogue__mac_chrome__provekit_v1__cold_local.json,cold_local,5220.935000000056
input-to-proof-v1-mac-multithread-20260812,webauthn_closest_analogue__mac_chrome__provekit_v1__cold_local-5,2026-08-12T08:55:08.927Z,macbook_m4,MacBook Pro (Apple M4 Max),26.6.1 (25G76),arm64,browser_wasm,Google Chrome 151.0.7922.109,webauthn,closest-analogue,0fb5b4aa1398281c2fd3dbe14db147e05b61f201,provekit_v1,noir,provekit-v1-whir-wasm-workers,@noir-lang/noir_js@1.0.0-beta.11,measured,5,ok,1593.910000000149,1619.5449999999255,1994.8199999998324,88.2050000000745,5208.274999999907,953.53125,973304,2271295,2263464,15906430,389181,input-to-proof-v1-multithread,9b2a6f37c67691eab4b0cec6c35e35c520e93285,"{""provekit"":""9b2a6f37c67691eab4b0cec6c35e35c520e93285"",""noir_js"":""1.0.0-beta.11"",""execution_policy"":""workers""};execution_policy=multithread;threads_requested=auto;threads_effective=8;witness_backend=single;prover_backend=provekit_v1_branch_9b2a6f_wasm_rayon_threaded","{""raw_evidence_sha256"":""07c9de831423a5154070a59e38617b145de8575b8f6f74b00313e861f0d35c52""}",,"Closest analogue, not equivalent: Noir binds challenge, type, origin, RP-ID hash, flags, and public key; the Circom counterpart omits several bindings. Browser execution policy: multithread; requested threads=auto, effective threads=8; witness generation remains single, prover backend=provekit_v1_branch_9b2a6f_wasm_rayon_threaded.",,,/Users/dcbuilder/Code/world/.worktrees/provekit-v1-cross-device-campaign/target/v1-benchmarks/input-to-proof/mac-chrome-multithread/webauthn_closest_analogue__mac_chrome__provekit_v1__cold_local.json,cold_local,5208.274999999907
input-to-proof-v1-mac-multithread-20260812,webauthn_closest_analogue__mac_chrome__provekit_v1__warm_reuse-0,2026-08-12T08:55:55.588Z,macbook_m4,MacBook Pro (Apple M4 Max),26.6.1 (25G76),arm64,browser_wasm,Google Chrome 151.0.7922.109,webauthn,closest-analogue,0fb5b4aa1398281c2fd3dbe14db147e05b61f201,provekit_v1,noir,provekit-v1-whir-wasm-workers,@noir-lang/noir_js@1.0.0-beta.11,warmup,0,ok,599.8599999998696,1629.6099999998696,1983.5749999997206,87.48499999986961,4213.049999999814,1039.5,974328,2271295,2263464,15906430,389181,input-to-proof-v1-multithread,9b2a6f37c67691eab4b0cec6c35e35c520e93285,"{""provekit"":""9b2a6f37c67691eab4b0cec6c35e35c520e93285"",""noir_js"":""1.0.0-beta.11"",""execution_policy"":""workers""};execution_policy=multithread;threads_requested=auto;threads_effective=8;witness_backend=single;prover_backend=provekit_v1_branch_9b2a6f_wasm_rayon_threaded","{""raw_evidence_sha256"":""b7d8e6e2cfd73bb22645833dae8b41174acb3858b99e60f792500d2e463c2b8a""}",,"Closest analogue, not equivalent: Noir binds challenge, type, origin, RP-ID hash, flags, and public key; the Circom counterpart omits several bindings. Browser execution policy: multithread; requested threads=auto, effective threads=8; witness generation remains single, prover backend=provekit_v1_branch_9b2a6f_wasm_rayon_threaded.",,,/Users/dcbuilder/Code/world/.worktrees/provekit-v1-cross-device-campaign/target/v1-benchmarks/input-to-proof/mac-chrome-multithread/webauthn_closest_analogue__mac_chrome__provekit_v1__warm_reuse.json,warm_reuse,4213.049999999814
input-to-proof-v1-mac-multithread-20260812,webauthn_closest_analogue__mac_chrome__provekit_v1__warm_reuse-1,2026-08-12T08:55:55.588Z,macbook_m4,MacBook Pro (Apple M4 Max),26.6.1 (25G76),arm64,browser_wasm,Google Chrome 151.0.7922.109,webauthn,closest-analogue,0fb5b4aa1398281c2fd3dbe14db147e05b61f201,provekit_v1,noir,provekit-v1-whir-wasm-workers,@noir-lang/noir_js@1.0.0-beta.11,measured,1,ok,588.3650000002235,1214.9950000001118,1874.1949999998324,81.93999999994412,3677.5550000001676,1039.5,972880,2271295,2263464,15906430,389181,input-to-proof-v1-multithread,9b2a6f37c67691eab4b0cec6c35e35c520e93285,"{""provekit"":""9b2a6f37c67691eab4b0cec6c35e35c520e93285"",""noir_js"":""1.0.0-beta.11"",""execution_policy"":""workers""};execution_policy=multithread;threads_requested=auto;threads_effective=8;witness_backend=single;prover_backend=provekit_v1_branch_9b2a6f_wasm_rayon_threaded","{""raw_evidence_sha256"":""b7d8e6e2cfd73bb22645833dae8b41174acb3858b99e60f792500d2e463c2b8a""}",,"Closest analogue, not equivalent: Noir binds challenge, type, origin, RP-ID hash, flags, and public key; the Circom counterpart omits several bindings. Browser execution policy: multithread; requested threads=auto, effective threads=8; witness generation remains single, prover backend=provekit_v1_branch_9b2a6f_wasm_rayon_threaded.",,,/Users/dcbuilder/Code/world/.worktrees/provekit-v1-cross-device-campaign/target/v1-benchmarks/input-to-proof/mac-chrome-multithread/webauthn_closest_analogue__mac_chrome__provekit_v1__warm_reuse.json,warm_reuse,3677.5550000001676
input-to-proof-v1-mac-multithread-20260812,webauthn_closest_analogue__mac_chrome__provekit_v1__warm_reuse-2,2026-08-12T08:55:55.588Z,macbook_m4,MacBook Pro (Apple M4 Max),26.6.1 (25G76),arm64,browser_wasm,Google Chrome 151.0.7922.109,webauthn,closest-analogue,0fb5b4aa1398281c2fd3dbe14db147e05b61f201,provekit_v1,noir,provekit-v1-whir-wasm-workers,@noir-lang/noir_js@1.0.0-beta.11,measured,2,ok,588.4950000001118,1211.2599999997765,1868.0250000003725,80.77000000001863,3667.785000000149,1039.5,975140,2271295,2263464,15906430,389181,input-to-proof-v1-multithread,9b2a6f37c67691eab4b0cec6c35e35c520e93285,"{""provekit"":""9b2a6f37c67691eab4b0cec6c35e35c520e93285"",""noir_js"":""1.0.0-beta.11"",""execution_policy"":""workers""};execution_policy=multithread;threads_requested=auto;threads_effective=8;witness_backend=single;prover_backend=provekit_v1_branch_9b2a6f_wasm_rayon_threaded","{""raw_evidence_sha256"":""b7d8e6e2cfd73bb22645833dae8b41174acb3858b99e60f792500d2e463c2b8a""}",,"Closest analogue, not equivalent: Noir binds challenge, type, origin, RP-ID hash, flags, and public key; the Circom counterpart omits several bindings. Browser execution policy: multithread; requested threads=auto, effective threads=8; witness generation remains single, prover backend=provekit_v1_branch_9b2a6f_wasm_rayon_threaded.",,,/Users/dcbuilder/Code/world/.worktrees/provekit-v1-cross-device-campaign/target/v1-benchmarks/input-to-proof/mac-chrome-multithread/webauthn_closest_analogue__mac_chrome__provekit_v1__warm_reuse.json,warm_reuse,3667.785000000149
input-to-proof-v1-mac-multithread-20260812,webauthn_closest_analogue__mac_chrome__provekit_v1__warm_reuse-3,2026-08-12T08:55:55.588Z,macbook_m4,MacBook Pro (Apple M4 Max),26.6.1 (25G76),arm64,browser_wasm,Google Chrome 151.0.7922.109,webauthn,closest-analogue,0fb5b4aa1398281c2fd3dbe14db147e05b61f201,provekit_v1,noir,provekit-v1-whir-wasm-workers,@noir-lang/noir_js@1.0.0-beta.11,measured,3,ok,592.0800000000745,1209,1871.6899999999441,80.19499999983236,3672.774999999907,1039.5,970020,2271295,2263464,15906430,389181,input-to-proof-v1-multithread,9b2a6f37c67691eab4b0cec6c35e35c520e93285,"{""provekit"":""9b2a6f37c67691eab4b0cec6c35e35c520e93285"",""noir_js"":""1.0.0-beta.11"",""execution_policy"":""workers""};execution_policy=multithread;threads_requested=auto;threads_effective=8;witness_backend=single;prover_backend=provekit_v1_branch_9b2a6f_wasm_rayon_threaded","{""raw_evidence_sha256"":""b7d8e6e2cfd73bb22645833dae8b41174acb3858b99e60f792500d2e463c2b8a""}",,"Closest analogue, not equivalent: Noir binds challenge, type, origin, RP-ID hash, flags, and public key; the Circom counterpart omits several bindings. Browser execution policy: multithread; requested threads=auto, effective threads=8; witness generation remains single, prover backend=provekit_v1_branch_9b2a6f_wasm_rayon_threaded.",,,/Users/dcbuilder/Code/world/.worktrees/provekit-v1-cross-device-campaign/target/v1-benchmarks/input-to-proof/mac-chrome-multithread/webauthn_closest_analogue__mac_chrome__provekit_v1__warm_reuse.json,warm_reuse,3672.774999999907
input-to-proof-v1-mac-multithread-20260812,webauthn_closest_analogue__mac_chrome__provekit_v1__warm_reuse-4,2026-08-12T08:55:55.588Z,macbook_m4,MacBook Pro (Apple M4 Max),26.6.1 (25G76),arm64,browser_wasm,Google Chrome 151.0.7922.109,webauthn,closest-analogue,0fb5b4aa1398281c2fd3dbe14db147e05b61f201,provekit_v1,noir,provekit-v1-whir-wasm-workers,@noir-lang/noir_js@1.0.0-beta.11,measured,4,ok,590.4350000000559,1214.9350000000559,1870.3050000001676,80.11499999975786,3675.689999999944,1039.5,973944,2271295,2263464,15906430,389181,input-to-proof-v1-multithread,9b2a6f37c67691eab4b0cec6c35e35c520e93285,"{""provekit"":""9b2a6f37c67691eab4b0cec6c35e35c520e93285"",""noir_js"":""1.0.0-beta.11"",""execution_policy"":""workers""};execution_policy=multithread;threads_requested=auto;threads_effective=8;witness_backend=single;prover_backend=provekit_v1_branch_9b2a6f_wasm_rayon_threaded","{""raw_evidence_sha256"":""b7d8e6e2cfd73bb22645833dae8b41174acb3858b99e60f792500d2e463c2b8a""}",,"Closest analogue, not equivalent: Noir binds challenge, type, origin, RP-ID hash, flags, and public key; the Circom counterpart omits several bindings. Browser execution policy: multithread; requested threads=auto, effective threads=8; witness generation remains single, prover backend=provekit_v1_branch_9b2a6f_wasm_rayon_threaded.",,,/Users/dcbuilder/Code/world/.worktrees/provekit-v1-cross-device-campaign/target/v1-benchmarks/input-to-proof/mac-chrome-multithread/webauthn_closest_analogue__mac_chrome__provekit_v1__warm_reuse.json,warm_reuse,3675.689999999944
input-to-proof-v1-mac-multithread-20260812,webauthn_closest_analogue__mac_chrome__provekit_v1__warm_reuse-5,2026-08-12T08:55:55.588Z,macbook_m4,MacBook Pro (Apple M4 Max),26.6.1 (25G76),arm64,browser_wasm,Google Chrome 151.0.7922.109,webauthn,closest-analogue,0fb5b4aa1398281c2fd3dbe14db147e05b61f201,provekit_v1,noir,provekit-v1-whir-wasm-workers,@noir-lang/noir_js@1.0.0-beta.11,measured,5,ok,589.9449999998324,1211.8850000002421,1868.2000000001863,81.28499999968335,3670.0300000002608,1039.5,974628,2271295,2263464,15906430,389181,input-to-proof-v1-multithread,9b2a6f37c67691eab4b0cec6c35e35c520e93285,"{""provekit"":""9b2a6f37c67691eab4b0cec6c35e35c520e93285"",""noir_js"":""1.0.0-beta.11"",""execution_policy"":""workers""};execution_policy=multithread;threads_requested=auto;threads_effective=8;witness_backend=single;prover_backend=provekit_v1_branch_9b2a6f_wasm_rayon_threaded","{""raw_evidence_sha256"":""b7d8e6e2cfd73bb22645833dae8b41174acb3858b99e60f792500d2e463c2b8a""}",,"Closest analogue, not equivalent: Noir binds challenge, type, origin, RP-ID hash, flags, and public key; the Circom counterpart omits several bindings. Browser execution policy: multithread; requested threads=auto, effective threads=8; witness generation remains single, prover backend=provekit_v1_branch_9b2a6f_wasm_rayon_threaded.",,,/Users/dcbuilder/Code/world/.worktrees/provekit-v1-cross-device-campaign/target/v1-benchmarks/input-to-proof/mac-chrome-multithread/webauthn_closest_analogue__mac_chrome__provekit_v1__warm_reuse.json,warm_reuse,3670.0300000002608
input-to-proof-v1-mac-multithread-20260812,webauthn_closest_analogue__mac_chrome__noir_barretenberg__cold_local-0,2026-08-12T08:56:43.678Z,macbook_m4,MacBook Pro (Apple M4 Max),26.6.1 (25G76),arm64,browser_wasm,Google Chrome 151.0.7922.109,webauthn,closest-analogue,0fb5b4aa1398281c2fd3dbe14db147e05b61f201,noir_barretenberg,noir,barretenberg-ultrahonk-wasm-workers,@noir-lang/noir_js@1.0.0-beta.19,warmup,0,ok,2166.25,1254.675,1991.605,608.835,5412.53,1417.75,16000,74003114,73995283,74003114,,input-to-proof-v1-multithread,0fb5b4aa1398281c2fd3dbe14db147e05b61f201,"{""bb_js"":""4.2.0-aztecnr-rc.2"",""noir_js"":""1.0.0-beta.19"",""execution_policy"":""workers""};execution_policy=multithread;threads_requested=32;threads_effective=16;witness_backend=single;prover_backend=barretenberg_4.2.0-aztecnr-rc.2_wasm_workers","{""raw_evidence_sha256"":""c2d0bb3f112c0dbcb21d8e85f32ea4e7097650537bf28bf4bf63b726751d4d01""}",,"Closest analogue, not equivalent: Noir binds challenge, type, origin, RP-ID hash, flags, and public key; the Circom counterpart omits several bindings. Browser execution policy: multithread; requested threads=32, effective threads=16; witness generation remains single, prover backend=barretenberg_4.2.0-aztecnr-rc.2_wasm_workers.",,,/Users/dcbuilder/Code/world/.worktrees/provekit-v1-cross-device-campaign/target/v1-benchmarks/input-to-proof/mac-chrome-multithread/webauthn_closest_analogue__mac_chrome__noir_barretenberg__cold_local.json,cold_local,5412.53
input-to-proof-v1-mac-multithread-20260812,webauthn_closest_analogue__mac_chrome__noir_barretenberg__cold_local-1,2026-08-12T08:56:43.678Z,macbook_m4,MacBook Pro (Apple M4 Max),26.6.1 (25G76),arm64,browser_wasm,Google Chrome 151.0.7922.109,webauthn,closest-analogue,0fb5b4aa1398281c2fd3dbe14db147e05b61f201,noir_barretenberg,noir,barretenberg-ultrahonk-wasm-workers,@noir-lang/noir_js@1.0.0-beta.19,measured,1,ok,2296.025,1258.35,1949.755,614.8,5504.13,1464.65625,16000,74003114,73995283,74003114,,input-to-proof-v1-multithread,0fb5b4aa1398281c2fd3dbe14db147e05b61f201,"{""bb_js"":""4.2.0-aztecnr-rc.2"",""noir_js"":""1.0.0-beta.19"",""execution_policy"":""workers""};execution_policy=multithread;threads_requested=32;threads_effective=16;witness_backend=single;prover_backend=barretenberg_4.2.0-aztecnr-rc.2_wasm_workers","{""raw_evidence_sha256"":""c2d0bb3f112c0dbcb21d8e85f32ea4e7097650537bf28bf4bf63b726751d4d01""}",,"Closest analogue, not equivalent: Noir binds challenge, type, origin, RP-ID hash, flags, and public key; the Circom counterpart omits several bindings. Browser execution policy: multithread; requested threads=32, effective threads=16; witness generation remains single, prover backend=barretenberg_4.2.0-aztecnr-rc.2_wasm_workers.",,,/Users/dcbuilder/Code/world/.worktrees/provekit-v1-cross-device-campaign/target/v1-benchmarks/input-to-proof/mac-chrome-multithread/webauthn_closest_analogue__mac_chrome__noir_barretenberg__cold_local.json,cold_local,5504.13
input-to-proof-v1-mac-multithread-20260812,webauthn_closest_analogue__mac_chrome__noir_barretenberg__cold_local-2,2026-08-12T08:56:43.678Z,macbook_m4,MacBook Pro (Apple M4 Max),26.6.1 (25G76),arm64,browser_wasm,Google Chrome 151.0.7922.109,webauthn,closest-analogue,0fb5b4aa1398281c2fd3dbe14db147e05b61f201,noir_barretenberg,noir,barretenberg-ultrahonk-wasm-workers,@noir-lang/noir_js@1.0.0-beta.19,measured,2,ok,2126.02,1256.005,1928.485,614.235,5310.51,1418.046875,16000,74003114,73995283,74003114,,input-to-proof-v1-multithread,0fb5b4aa1398281c2fd3dbe14db147e05b61f201,"{""bb_js"":""4.2.0-aztecnr-rc.2"",""noir_js"":""1.0.0-beta.19"",""execution_policy"":""workers""};execution_policy=multithread;threads_requested=32;threads_effective=16;witness_backend=single;prover_backend=barretenberg_4.2.0-aztecnr-rc.2_wasm_workers","{""raw_evidence_sha256"":""c2d0bb3f112c0dbcb21d8e85f32ea4e7097650537bf28bf4bf63b726751d4d01""}",,"Closest analogue, not equivalent: Noir binds challenge, type, origin, RP-ID hash, flags, and public key; the Circom counterpart omits several bindings. Browser execution policy: multithread; requested threads=32, effective threads=16; witness generation remains single, prover backend=barretenberg_4.2.0-aztecnr-rc.2_wasm_workers.",,,/Users/dcbuilder/Code/world/.worktrees/provekit-v1-cross-device-campaign/target/v1-benchmarks/input-to-proof/mac-chrome-multithread/webauthn_closest_analogue__mac_chrome__noir_barretenberg__cold_local.json,cold_local,5310.51
input-to-proof-v1-mac-multithread-20260812,webauthn_closest_analogue__mac_chrome__noir_barretenberg__cold_local-3,2026-08-12T08:56:43.678Z,macbook_m4,MacBook Pro (Apple M4 Max),26.6.1 (25G76),arm64,browser_wasm,Google Chrome 151.0.7922.109,webauthn,closest-analogue,0fb5b4aa1398281c2fd3dbe14db147e05b61f201,noir_barretenberg,noir,barretenberg-ultrahonk-wasm-workers,@noir-lang/noir_js@1.0.0-beta.19,measured,3,ok,2122.025,1251.41,1939.475,606.375,5312.91,1417.578125,16000,74003114,73995283,74003114,,input-to-proof-v1-multithread,0fb5b4aa1398281c2fd3dbe14db147e05b61f201,"{""bb_js"":""4.2.0-aztecnr-rc.2"",""noir_js"":""1.0.0-beta.19"",""execution_policy"":""workers""};execution_policy=multithread;threads_requested=32;threads_effective=16;witness_backend=single;prover_backend=barretenberg_4.2.0-aztecnr-rc.2_wasm_workers","{""raw_evidence_sha256"":""c2d0bb3f112c0dbcb21d8e85f32ea4e7097650537bf28bf4bf63b726751d4d01""}",,"Closest analogue, not equivalent: Noir binds challenge, type, origin, RP-ID hash, flags, and public key; the Circom counterpart omits several bindings. Browser execution policy: multithread; requested threads=32, effective threads=16; witness generation remains single, prover backend=barretenberg_4.2.0-aztecnr-rc.2_wasm_workers.",,,/Users/dcbuilder/Code/world/.worktrees/provekit-v1-cross-device-campaign/target/v1-benchmarks/input-to-proof/mac-chrome-multithread/webauthn_closest_analogue__mac_chrome__noir_barretenberg__cold_local.json,cold_local,5312.91
input-to-proof-v1-mac-multithread-20260812,webauthn_closest_analogue__mac_chrome__noir_barretenberg__cold_local-4,2026-08-12T08:56:43.678Z,macbook_m4,MacBook Pro (Apple M4 Max),26.6.1 (25G76),arm64,browser_wasm,Google Chrome 151.0.7922.109,webauthn,closest-analogue,0fb5b4aa1398281c2fd3dbe14db147e05b61f201,noir_barretenberg,noir,barretenberg-ultrahonk-wasm-workers,@noir-lang/noir_js@1.0.0-beta.19,measured,4,ok,4385.805,1253.86,1947.295,604.89,7586.96,1483.234375,16000,74003114,73995283,74003114,,input-to-proof-v1-multithread,0fb5b4aa1398281c2fd3dbe14db147e05b61f201,"{""bb_js"":""4.2.0-aztecnr-rc.2"",""noir_js"":""1.0.0-beta.19"",""execution_policy"":""workers""};execution_policy=multithread;threads_requested=32;threads_effective=16;witness_backend=single;prover_backend=barretenberg_4.2.0-aztecnr-rc.2_wasm_workers","{""raw_evidence_sha256"":""c2d0bb3f112c0dbcb21d8e85f32ea4e7097650537bf28bf4bf63b726751d4d01""}",,"Closest analogue, not equivalent: Noir binds challenge, type, origin, RP-ID hash, flags, and public key; the Circom counterpart omits several bindings. Browser execution policy: multithread; requested threads=32, effective threads=16; witness generation remains single, prover backend=barretenberg_4.2.0-aztecnr-rc.2_wasm_workers.",,,/Users/dcbuilder/Code/world/.worktrees/provekit-v1-cross-device-campaign/target/v1-benchmarks/input-to-proof/mac-chrome-multithread/webauthn_closest_analogue__mac_chrome__noir_barretenberg__cold_local.json,cold_local,7586.96
input-to-proof-v1-mac-multithread-20260812,webauthn_closest_analogue__mac_chrome__noir_barretenberg__cold_local-5,2026-08-12T08:56:43.678Z,macbook_m4,MacBook Pro (Apple M4 Max),26.6.1 (25G76),arm64,browser_wasm,Google Chrome 151.0.7922.109,webauthn,closest-analogue,0fb5b4aa1398281c2fd3dbe14db147e05b61f201,noir_barretenberg,noir,barretenberg-ultrahonk-wasm-workers,@noir-lang/noir_js@1.0.0-beta.19,measured,5,ok,2526.53,1263.12,1955.26,616.9,5744.91,1465.046875,16000,74003114,73995283,74003114,,input-to-proof-v1-multithread,0fb5b4aa1398281c2fd3dbe14db147e05b61f201,"{""bb_js"":""4.2.0-aztecnr-rc.2"",""noir_js"":""1.0.0-beta.19"",""execution_policy"":""workers""};execution_policy=multithread;threads_requested=32;threads_effective=16;witness_backend=single;prover_backend=barretenberg_4.2.0-aztecnr-rc.2_wasm_workers","{""raw_evidence_sha256"":""c2d0bb3f112c0dbcb21d8e85f32ea4e7097650537bf28bf4bf63b726751d4d01""}",,"Closest analogue, not equivalent: Noir binds challenge, type, origin, RP-ID hash, flags, and public key; the Circom counterpart omits several bindings. Browser execution policy: multithread; requested threads=32, effective threads=16; witness generation remains single, prover backend=barretenberg_4.2.0-aztecnr-rc.2_wasm_workers.",,,/Users/dcbuilder/Code/world/.worktrees/provekit-v1-cross-device-campaign/target/v1-benchmarks/input-to-proof/mac-chrome-multithread/webauthn_closest_analogue__mac_chrome__noir_barretenberg__cold_local.json,cold_local,5744.91
input-to-proof-v1-mac-multithread-20260812,webauthn_closest_analogue__mac_chrome__noir_barretenberg__warm_reuse-0,2026-08-12T08:57:29.968Z,macbook_m4,MacBook Pro (Apple M4 Max),26.6.1 (25G76),arm64,browser_wasm,Google Chrome 151.0.7922.109,webauthn,closest-analogue,0fb5b4aa1398281c2fd3dbe14db147e05b61f201,noir_barretenberg,noir,barretenberg-ultrahonk-wasm-workers,@noir-lang/noir_js@1.0.0-beta.19,warmup,0,ok,0,1029.425,1777.02,0,2806.47,1928.8125,16000,74003114,73995283,74003114,,input-to-proof-v1-multithread,0fb5b4aa1398281c2fd3dbe14db147e05b61f201,"{""bb_js"":""4.2.0-aztecnr-rc.2"",""noir_js"":""1.0.0-beta.19"",""execution_policy"":""workers""};execution_policy=multithread;threads_requested=32;threads_effective=16;witness_backend=single;prover_backend=barretenberg_4.2.0-aztecnr-rc.2_wasm_workers","{""raw_evidence_sha256"":""6e9e5739932390f925bc851f099d79064284bfaad0c3c2fc1a8b249469e415b9""}",,"Closest analogue, not equivalent: Noir binds challenge, type, origin, RP-ID hash, flags, and public key; the Circom counterpart omits several bindings. Browser execution policy: multithread; requested threads=32, effective threads=16; witness generation remains single, prover backend=barretenberg_4.2.0-aztecnr-rc.2_wasm_workers.",,,/Users/dcbuilder/Code/world/.worktrees/provekit-v1-cross-device-campaign/target/v1-benchmarks/input-to-proof/mac-chrome-multithread/webauthn_closest_analogue__mac_chrome__noir_barretenberg__warm_reuse.json,warm_reuse,2806.47
input-to-proof-v1-mac-multithread-20260812,webauthn_closest_analogue__mac_chrome__noir_barretenberg__warm_reuse-1,2026-08-12T08:57:29.968Z,macbook_m4,MacBook Pro (Apple M4 Max),26.6.1 (25G76),arm64,browser_wasm,Google Chrome 151.0.7922.109,webauthn,closest-analogue,0fb5b4aa1398281c2fd3dbe14db147e05b61f201,noir_barretenberg,noir,barretenberg-ultrahonk-wasm-workers,@noir-lang/noir_js@1.0.0-beta.19,measured,1,ok,0,1023.83,1768.65,0,2792.52,1928.8125,16000,74003114,73995283,74003114,,input-to-proof-v1-multithread,0fb5b4aa1398281c2fd3dbe14db147e05b61f201,"{""bb_js"":""4.2.0-aztecnr-rc.2"",""noir_js"":""1.0.0-beta.19"",""execution_policy"":""workers""};execution_policy=multithread;threads_requested=32;threads_effective=16;witness_backend=single;prover_backend=barretenberg_4.2.0-aztecnr-rc.2_wasm_workers","{""raw_evidence_sha256"":""6e9e5739932390f925bc851f099d79064284bfaad0c3c2fc1a8b249469e415b9""}",,"Closest analogue, not equivalent: Noir binds challenge, type, origin, RP-ID hash, flags, and public key; the Circom counterpart omits several bindings. Browser execution policy: multithread; requested threads=32, effective threads=16; witness generation remains single, prover backend=barretenberg_4.2.0-aztecnr-rc.2_wasm_workers.",,,/Users/dcbuilder/Code/world/.worktrees/provekit-v1-cross-device-campaign/target/v1-benchmarks/input-to-proof/mac-chrome-multithread/webauthn_closest_analogue__mac_chrome__noir_barretenberg__warm_reuse.json,warm_reuse,2792.52
input-to-proof-v1-mac-multithread-20260812,webauthn_closest_analogue__mac_chrome__noir_barretenberg__warm_reuse-2,2026-08-12T08:57:29.968Z,macbook_m4,MacBook Pro (Apple M4 Max),26.6.1 (25G76),arm64,browser_wasm,Google Chrome 151.0.7922.109,webauthn,closest-analogue,0fb5b4aa1398281c2fd3dbe14db147e05b61f201,noir_barretenberg,noir,barretenberg-ultrahonk-wasm-workers,@noir-lang/noir_js@1.0.0-beta.19,measured,2,ok,0,1026.015,1772.52,0,2798.56,1928.8125,16000,74003114,73995283,74003114,,input-to-proof-v1-multithread,0fb5b4aa1398281c2fd3dbe14db147e05b61f201,"{""bb_js"":""4.2.0-aztecnr-rc.2"",""noir_js"":""1.0.0-beta.19"",""execution_policy"":""workers""};execution_policy=multithread;threads_requested=32;threads_effective=16;witness_backend=single;prover_backend=barretenberg_4.2.0-aztecnr-rc.2_wasm_workers","{""raw_evidence_sha256"":""6e9e5739932390f925bc851f099d79064284bfaad0c3c2fc1a8b249469e415b9""}",,"Closest analogue, not equivalent: Noir binds challenge, type, origin, RP-ID hash, flags, and public key; the Circom counterpart omits several bindings. Browser execution policy: multithread; requested threads=32, effective threads=16; witness generation remains single, prover backend=barretenberg_4.2.0-aztecnr-rc.2_wasm_workers.",,,/Users/dcbuilder/Code/world/.worktrees/provekit-v1-cross-device-campaign/target/v1-benchmarks/input-to-proof/mac-chrome-multithread/webauthn_closest_analogue__mac_chrome__noir_barretenberg__warm_reuse.json,warm_reuse,2798.56
input-to-proof-v1-mac-multithread-20260812,webauthn_closest_analogue__mac_chrome__noir_barretenberg__warm_reuse-3,2026-08-12T08:57:29.968Z,macbook_m4,MacBook Pro (Apple M4 Max),26.6.1 (25G76),arm64,browser_wasm,Google Chrome 151.0.7922.109,webauthn,closest-analogue,0fb5b4aa1398281c2fd3dbe14db147e05b61f201,noir_barretenberg,noir,barretenberg-ultrahonk-wasm-workers,@noir-lang/noir_js@1.0.0-beta.19,measured,3,ok,0,1021.57,1796.53,0,2818.135,1928.8125,16000,74003114,73995283,74003114,,input-to-proof-v1-multithread,0fb5b4aa1398281c2fd3dbe14db147e05b61f201,"{""bb_js"":""4.2.0-aztecnr-rc.2"",""noir_js"":""1.0.0-beta.19"",""execution_policy"":""workers""};execution_policy=multithread;threads_requested=32;threads_effective=16;witness_backend=single;prover_backend=barretenberg_4.2.0-aztecnr-rc.2_wasm_workers","{""raw_evidence_sha256"":""6e9e5739932390f925bc851f099d79064284bfaad0c3c2fc1a8b249469e415b9""}",,"Closest analogue, not equivalent: Noir binds challenge, type, origin, RP-ID hash, flags, and public key; the Circom counterpart omits several bindings. Browser execution policy: multithread; requested threads=32, effective threads=16; witness generation remains single, prover backend=barretenberg_4.2.0-aztecnr-rc.2_wasm_workers.",,,/Users/dcbuilder/Code/world/.worktrees/provekit-v1-cross-device-campaign/target/v1-benchmarks/input-to-proof/mac-chrome-multithread/webauthn_closest_analogue__mac_chrome__noir_barretenberg__warm_reuse.json,warm_reuse,2818.135
input-to-proof-v1-mac-multithread-20260812,webauthn_closest_analogue__mac_chrome__noir_barretenberg__warm_reuse-4,2026-08-12T08:57:29.968Z,macbook_m4,MacBook Pro (Apple M4 Max),26.6.1 (25G76),arm64,browser_wasm,Google Chrome 151.0.7922.109,webauthn,closest-analogue,0fb5b4aa1398281c2fd3dbe14db147e05b61f201,noir_barretenberg,noir,barretenberg-ultrahonk-wasm-workers,@noir-lang/noir_js@1.0.0-beta.19,measured,4,ok,0,1030.085,1795.645,0,2825.76,1928.8125,16000,74003114,73995283,74003114,,input-to-proof-v1-multithread,0fb5b4aa1398281c2fd3dbe14db147e05b61f201,"{""bb_js"":""4.2.0-aztecnr-rc.2"",""noir_js"":""1.0.0-beta.19"",""execution_policy"":""workers""};execution_policy=multithread;threads_requested=32;threads_effective=16;witness_backend=single;prover_backend=barretenberg_4.2.0-aztecnr-rc.2_wasm_workers","{""raw_evidence_sha256"":""6e9e5739932390f925bc851f099d79064284bfaad0c3c2fc1a8b249469e415b9""}",,"Closest analogue, not equivalent: Noir binds challenge, type, origin, RP-ID hash, flags, and public key; the Circom counterpart omits several bindings. Browser execution policy: multithread; requested threads=32, effective threads=16; witness generation remains single, prover backend=barretenberg_4.2.0-aztecnr-rc.2_wasm_workers.",,,/Users/dcbuilder/Code/world/.worktrees/provekit-v1-cross-device-campaign/target/v1-benchmarks/input-to-proof/mac-chrome-multithread/webauthn_closest_analogue__mac_chrome__noir_barretenberg__warm_reuse.json,warm_reuse,2825.76
input-to-proof-v1-mac-multithread-20260812,webauthn_closest_analogue__mac_chrome__noir_barretenberg__warm_reuse-5,2026-08-12T08:57:29.968Z,macbook_m4,MacBook Pro (Apple M4 Max),26.6.1 (25G76),arm64,browser_wasm,Google Chrome 151.0.7922.109,webauthn,closest-analogue,0fb5b4aa1398281c2fd3dbe14db147e05b61f201,noir_barretenberg,noir,barretenberg-ultrahonk-wasm-workers,@noir-lang/noir_js@1.0.0-beta.19,measured,5,ok,0,1023.425,1764.955,0,2788.405,1928.8125,16000,74003114,73995283,74003114,,input-to-proof-v1-multithread,0fb5b4aa1398281c2fd3dbe14db147e05b61f201,"{""bb_js"":""4.2.0-aztecnr-rc.2"",""noir_js"":""1.0.0-beta.19"",""execution_policy"":""workers""};execution_policy=multithread;threads_requested=32;threads_effective=16;witness_backend=single;prover_backend=barretenberg_4.2.0-aztecnr-rc.2_wasm_workers","{""raw_evidence_sha256"":""6e9e5739932390f925bc851f099d79064284bfaad0c3c2fc1a8b249469e415b9""}",,"Closest analogue, not equivalent: Noir binds challenge, type, origin, RP-ID hash, flags, and public key; the Circom counterpart omits several bindings. Browser execution policy: multithread; requested threads=32, effective threads=16; witness generation remains single, prover backend=barretenberg_4.2.0-aztecnr-rc.2_wasm_workers.",,,/Users/dcbuilder/Code/world/.worktrees/provekit-v1-cross-device-campaign/target/v1-benchmarks/input-to-proof/mac-chrome-multithread/webauthn_closest_analogue__mac_chrome__noir_barretenberg__warm_reuse.json,warm_reuse,2788.405
input-to-proof-v1-mac-multithread-20260812,webauthn_closest_analogue__mac_chrome__circom_groth16__cold_local-0,2026-08-12T09:14:43.579Z,macbook_m4,MacBook Pro (Apple M4 Max),26.6.1 (25G76),arm64,browser_wasm,Google Chrome 151.0.7922.109,webauthn,closest-analogue,0fb5b4aa1398281c2fd3dbe14db147e05b61f201,circom_groth16,circom,snarkjs-groth16-browser-wasm-workers,circom-witness-wasm,warmup,0,ok,3.035,63175.365,53206.565,7.685,116384.965,22292.234375,723,1753618376,1733145772,1753618376,,input-to-proof-v1-multithread,0fb5b4aa1398281c2fd3dbe14db147e05b61f201,"{""circom"":""2.2.2"",""snarkjs"":""0.7.6"",""execution_policy"":""workers""};execution_policy=multithread;threads_requested=4;threads_effective=4;witness_backend=circom_runtime_wasm_single;prover_backend=snarkjs_0.7.6_browser_wasm_workers","{""raw_evidence_sha256"":""8e7e3c1223361692753d5b81b96a5d137d0547d0aaa13aeaa762e052ebf8815b""}",,"Closest analogue, not equivalent: Noir binds challenge, type, origin, RP-ID hash, flags, and public key; the Circom counterpart omits several bindings. Browser execution policy: multithread; requested threads=4, effective threads=4; witness generation remains circom_runtime_wasm_single, prover backend=snarkjs_0.7.6_browser_wasm_workers.",,,/Users/dcbuilder/Code/world/.worktrees/provekit-v1-cross-device-campaign/target/v1-benchmarks/input-to-proof/mac-chrome-multithread/webauthn_closest_analogue__mac_chrome__circom_groth16__cold_local.json,cold_local,116384.965
input-to-proof-v1-mac-multithread-20260812,webauthn_closest_analogue__mac_chrome__circom_groth16__cold_local-1,2026-08-12T09:14:43.579Z,macbook_m4,MacBook Pro (Apple M4 Max),26.6.1 (25G76),arm64,browser_wasm,Google Chrome 151.0.7922.109,webauthn,closest-analogue,0fb5b4aa1398281c2fd3dbe14db147e05b61f201,circom_groth16,circom,snarkjs-groth16-browser-wasm-workers,circom-witness-wasm,measured,1,ok,2.735,63264.915,53901.2,7.985,117168.85,22313.140625,727,1753618376,1733145772,1753618376,,input-to-proof-v1-multithread,0fb5b4aa1398281c2fd3dbe14db147e05b61f201,"{""circom"":""2.2.2"",""snarkjs"":""0.7.6"",""execution_policy"":""workers""};execution_policy=multithread;threads_requested=4;threads_effective=4;witness_backend=circom_runtime_wasm_single;prover_backend=snarkjs_0.7.6_browser_wasm_workers","{""raw_evidence_sha256"":""8e7e3c1223361692753d5b81b96a5d137d0547d0aaa13aeaa762e052ebf8815b""}",,"Closest analogue, not equivalent: Noir binds challenge, type, origin, RP-ID hash, flags, and public key; the Circom counterpart omits several bindings. Browser execution policy: multithread; requested threads=4, effective threads=4; witness generation remains circom_runtime_wasm_single, prover backend=snarkjs_0.7.6_browser_wasm_workers.",,,/Users/dcbuilder/Code/world/.worktrees/provekit-v1-cross-device-campaign/target/v1-benchmarks/input-to-proof/mac-chrome-multithread/webauthn_closest_analogue__mac_chrome__circom_groth16__cold_local.json,cold_local,117168.85
input-to-proof-v1-mac-multithread-20260812,webauthn_closest_analogue__mac_chrome__circom_groth16__cold_local-2,2026-08-12T09:14:43.579Z,macbook_m4,MacBook Pro (Apple M4 Max),26.6.1 (25G76),arm64,browser_wasm,Google Chrome 151.0.7922.109,webauthn,closest-analogue,0fb5b4aa1398281c2fd3dbe14db147e05b61f201,circom_groth16,circom,snarkjs-groth16-browser-wasm-workers,circom-witness-wasm,measured,2,ok,3.745,63196.165,53501.4,16.685,116701.31,22290.34375,725,1753618376,1733145772,1753618376,,input-to-proof-v1-multithread,0fb5b4aa1398281c2fd3dbe14db147e05b61f201,"{""circom"":""2.2.2"",""snarkjs"":""0.7.6"",""execution_policy"":""workers""};execution_policy=multithread;threads_requested=4;threads_effective=4;witness_backend=circom_runtime_wasm_single;prover_backend=snarkjs_0.7.6_browser_wasm_workers","{""raw_evidence_sha256"":""8e7e3c1223361692753d5b81b96a5d137d0547d0aaa13aeaa762e052ebf8815b""}",,"Closest analogue, not equivalent: Noir binds challenge, type, origin, RP-ID hash, flags, and public key; the Circom counterpart omits several bindings. Browser execution policy: multithread; requested threads=4, effective threads=4; witness generation remains circom_runtime_wasm_single, prover backend=snarkjs_0.7.6_browser_wasm_workers.",,,/Users/dcbuilder/Code/world/.worktrees/provekit-v1-cross-device-campaign/target/v1-benchmarks/input-to-proof/mac-chrome-multithread/webauthn_closest_analogue__mac_chrome__circom_groth16__cold_local.json,cold_local,116701.31
input-to-proof-v1-mac-multithread-20260812,webauthn_closest_analogue__mac_chrome__circom_groth16__cold_local-3,2026-08-12T09:14:43.579Z,macbook_m4,MacBook Pro (Apple M4 Max),26.6.1 (25G76),arm64,browser_wasm,Google Chrome 151.0.7922.109,webauthn,closest-analogue,0fb5b4aa1398281c2fd3dbe14db147e05b61f201,circom_groth16,circom,snarkjs-groth16-browser-wasm-workers,circom-witness-wasm,measured,3,ok,5.82,63338.975,53181.76,7.74,116526.555,22302.234375,723,1753618376,1733145772,1753618376,,input-to-proof-v1-multithread,0fb5b4aa1398281c2fd3dbe14db147e05b61f201,"{""circom"":""2.2.2"",""snarkjs"":""0.7.6"",""execution_policy"":""workers""};execution_policy=multithread;threads_requested=4;threads_effective=4;witness_backend=circom_runtime_wasm_single;prover_backend=snarkjs_0.7.6_browser_wasm_workers","{""raw_evidence_sha256"":""8e7e3c1223361692753d5b81b96a5d137d0547d0aaa13aeaa762e052ebf8815b""}",,"Closest analogue, not equivalent: Noir binds challenge, type, origin, RP-ID hash, flags, and public key; the Circom counterpart omits several bindings. Browser execution policy: multithread; requested threads=4, effective threads=4; witness generation remains circom_runtime_wasm_single, prover backend=snarkjs_0.7.6_browser_wasm_workers.",,,/Users/dcbuilder/Code/world/.worktrees/provekit-v1-cross-device-campaign/target/v1-benchmarks/input-to-proof/mac-chrome-multithread/webauthn_closest_analogue__mac_chrome__circom_groth16__cold_local.json,cold_local,116526.555
input-to-proof-v1-mac-multithread-20260812,webauthn_closest_analogue__mac_chrome__circom_groth16__cold_local-4,2026-08-12T09:14:43.579Z,macbook_m4,MacBook Pro (Apple M4 Max),26.6.1 (25G76),arm64,browser_wasm,Google Chrome 151.0.7922.109,webauthn,closest-analogue,0fb5b4aa1398281c2fd3dbe14db147e05b61f201,circom_groth16,circom,snarkjs-groth16-browser-wasm-workers,circom-witness-wasm,measured,4,ok,3.545,62986.715,53262.85,7.065,116253.11,22299.921875,723,1753618376,1733145772,1753618376,,input-to-proof-v1-multithread,0fb5b4aa1398281c2fd3dbe14db147e05b61f201,"{""circom"":""2.2.2"",""snarkjs"":""0.7.6"",""execution_policy"":""workers""};execution_policy=multithread;threads_requested=4;threads_effective=4;witness_backend=circom_runtime_wasm_single;prover_backend=snarkjs_0.7.6_browser_wasm_workers","{""raw_evidence_sha256"":""8e7e3c1223361692753d5b81b96a5d137d0547d0aaa13aeaa762e052ebf8815b""}",,"Closest analogue, not equivalent: Noir binds challenge, type, origin, RP-ID hash, flags, and public key; the Circom counterpart omits several bindings. Browser execution policy: multithread; requested threads=4, effective threads=4; witness generation remains circom_runtime_wasm_single, prover backend=snarkjs_0.7.6_browser_wasm_workers.",,,/Users/dcbuilder/Code/world/.worktrees/provekit-v1-cross-device-campaign/target/v1-benchmarks/input-to-proof/mac-chrome-multithread/webauthn_closest_analogue__mac_chrome__circom_groth16__cold_local.json,cold_local,116253.11
input-to-proof-v1-mac-multithread-20260812,webauthn_closest_analogue__mac_chrome__circom_groth16__cold_local-5,2026-08-12T09:14:43.579Z,macbook_m4,MacBook Pro (Apple M4 Max),26.6.1 (25G76),arm64,browser_wasm,Google Chrome 151.0.7922.109,webauthn,closest-analogue,0fb5b4aa1398281c2fd3dbe14db147e05b61f201,circom_groth16,circom,snarkjs-groth16-browser-wasm-workers,circom-witness-wasm,measured,5,ok,3.77,63422.265,53410.92,16.595,116836.955,22286.375,721,1753618376,1733145772,1753618376,,input-to-proof-v1-multithread,0fb5b4aa1398281c2fd3dbe14db147e05b61f201,"{""circom"":""2.2.2"",""snarkjs"":""0.7.6"",""execution_policy"":""workers""};execution_policy=multithread;threads_requested=4;threads_effective=4;witness_backend=circom_runtime_wasm_single;prover_backend=snarkjs_0.7.6_browser_wasm_workers","{""raw_evidence_sha256"":""8e7e3c1223361692753d5b81b96a5d137d0547d0aaa13aeaa762e052ebf8815b""}",,"Closest analogue, not equivalent: Noir binds challenge, type, origin, RP-ID hash, flags, and public key; the Circom counterpart omits several bindings. Browser execution policy: multithread; requested threads=4, effective threads=4; witness generation remains circom_runtime_wasm_single, prover backend=snarkjs_0.7.6_browser_wasm_workers.",,,/Users/dcbuilder/Code/world/.worktrees/provekit-v1-cross-device-campaign/target/v1-benchmarks/input-to-proof/mac-chrome-multithread/webauthn_closest_analogue__mac_chrome__circom_groth16__cold_local.json,cold_local,116836.955
input-to-proof-v1-mac-multithread-20260812,webauthn_closest_analogue__mac_chrome__circom_groth16__warm_reuse-0,2026-08-12T09:26:41.042Z,macbook_m4,MacBook Pro (Apple M4 Max),26.6.1 (25G76),arm64,browser_wasm,Google Chrome 151.0.7922.109,webauthn,closest-analogue,0fb5b4aa1398281c2fd3dbe14db147e05b61f201,circom_groth16,circom,snarkjs-groth16-browser-wasm-workers,circom-witness-wasm,warmup,0,ok,0,63257.39,53521.215,15.485,116779.38,22291.9375,723,1753618376,1733145772,1753618376,,input-to-proof-v1-multithread,0fb5b4aa1398281c2fd3dbe14db147e05b61f201,"{""circom"":""2.2.2"",""snarkjs"":""0.7.6"",""execution_policy"":""workers""};execution_policy=multithread;threads_requested=4;threads_effective=4;witness_backend=circom_runtime_wasm_single;prover_backend=snarkjs_0.7.6_browser_wasm_workers","{""raw_evidence_sha256"":""32753ac1e182fa992f70c700ae24698ff25cd1369260a237904f721ca128e500""}",,"Closest analogue, not equivalent: Noir binds challenge, type, origin, RP-ID hash, flags, and public key; the Circom counterpart omits several bindings. Browser execution policy: multithread; requested threads=4, effective threads=4; witness generation remains circom_runtime_wasm_single, prover backend=snarkjs_0.7.6_browser_wasm_workers.",,,/Users/dcbuilder/Code/world/.worktrees/provekit-v1-cross-device-campaign/target/v1-benchmarks/input-to-proof/mac-chrome-multithread/webauthn_closest_analogue__mac_chrome__circom_groth16__warm_reuse.json,warm_reuse,116779.38
input-to-proof-v1-mac-multithread-20260812,webauthn_closest_analogue__mac_chrome__circom_groth16__warm_reuse-1,2026-08-12T09:26:41.042Z,macbook_m4,MacBook Pro (Apple M4 Max),26.6.1 (25G76),arm64,browser_wasm,Google Chrome 151.0.7922.109,webauthn,closest-analogue,0fb5b4aa1398281c2fd3dbe14db147e05b61f201,circom_groth16,circom,snarkjs-groth16-browser-wasm-workers,circom-witness-wasm,measured,1,ok,0,63118.3,53057.075,7.545,116175.5,22291.9375,723,1753618376,1733145772,1753618376,,input-to-proof-v1-multithread,0fb5b4aa1398281c2fd3dbe14db147e05b61f201,"{""circom"":""2.2.2"",""snarkjs"":""0.7.6"",""execution_policy"":""workers""};execution_policy=multithread;threads_requested=4;threads_effective=4;witness_backend=circom_runtime_wasm_single;prover_backend=snarkjs_0.7.6_browser_wasm_workers","{""raw_evidence_sha256"":""32753ac1e182fa992f70c700ae24698ff25cd1369260a237904f721ca128e500""}",,"Closest analogue, not equivalent: Noir binds challenge, type, origin, RP-ID hash, flags, and public key; the Circom counterpart omits several bindings. Browser execution policy: multithread; requested threads=4, effective threads=4; witness generation remains circom_runtime_wasm_single, prover backend=snarkjs_0.7.6_browser_wasm_workers.",,,/Users/dcbuilder/Code/world/.worktrees/provekit-v1-cross-device-campaign/target/v1-benchmarks/input-to-proof/mac-chrome-multithread/webauthn_closest_analogue__mac_chrome__circom_groth16__warm_reuse.json,warm_reuse,116175.5
input-to-proof-v1-mac-multithread-20260812,webauthn_closest_analogue__mac_chrome__circom_groth16__warm_reuse-2,2026-08-12T09:26:41.042Z,macbook_m4,MacBook Pro (Apple M4 Max),26.6.1 (25G76),arm64,browser_wasm,Google Chrome 151.0.7922.109,webauthn,closest-analogue,0fb5b4aa1398281c2fd3dbe14db147e05b61f201,circom_groth16,circom,snarkjs-groth16-browser-wasm-workers,circom-witness-wasm,measured,2,ok,0,63275.53,53749.825,8.235,117025.475,22291.9375,723,1753618376,1733145772,1753618376,,input-to-proof-v1-multithread,0fb5b4aa1398281c2fd3dbe14db147e05b61f201,"{""circom"":""2.2.2"",""snarkjs"":""0.7.6"",""execution_policy"":""workers""};execution_policy=multithread;threads_requested=4;threads_effective=4;witness_backend=circom_runtime_wasm_single;prover_backend=snarkjs_0.7.6_browser_wasm_workers","{""raw_evidence_sha256"":""32753ac1e182fa992f70c700ae24698ff25cd1369260a237904f721ca128e500""}",,"Closest analogue, not equivalent: Noir binds challenge, type, origin, RP-ID hash, flags, and public key; the Circom counterpart omits several bindings. Browser execution policy: multithread; requested threads=4, effective threads=4; witness generation remains circom_runtime_wasm_single, prover backend=snarkjs_0.7.6_browser_wasm_workers.",,,/Users/dcbuilder/Code/world/.worktrees/provekit-v1-cross-device-campaign/target/v1-benchmarks/input-to-proof/mac-chrome-multithread/webauthn_closest_analogue__mac_chrome__circom_groth16__warm_reuse.json,warm_reuse,117025.475
input-to-proof-v1-mac-multithread-20260812,webauthn_closest_analogue__mac_chrome__circom_groth16__warm_reuse-3,2026-08-12T09:26:41.042Z,macbook_m4,MacBook Pro (Apple M4 Max),26.6.1 (25G76),arm64,browser_wasm,Google Chrome 151.0.7922.109,webauthn,closest-analogue,0fb5b4aa1398281c2fd3dbe14db147e05b61f201,circom_groth16,circom,snarkjs-groth16-browser-wasm-workers,circom-witness-wasm,measured,3,ok,0,62934.11,54451.96,8.93,117386.19,22291.9375,722,1753618376,1733145772,1753618376,,input-to-proof-v1-multithread,0fb5b4aa1398281c2fd3dbe14db147e05b61f201,"{""circom"":""2.2.2"",""snarkjs"":""0.7.6"",""execution_policy"":""workers""};execution_policy=multithread;threads_requested=4;threads_effective=4;witness_backend=circom_runtime_wasm_single;prover_backend=snarkjs_0.7.6_browser_wasm_workers","{""raw_evidence_sha256"":""32753ac1e182fa992f70c700ae24698ff25cd1369260a237904f721ca128e500""}",,"Closest analogue, not equivalent: Noir binds challenge, type, origin, RP-ID hash, flags, and public key; the Circom counterpart omits several bindings. Browser execution policy: multithread; requested threads=4, effective threads=4; witness generation remains circom_runtime_wasm_single, prover backend=snarkjs_0.7.6_browser_wasm_workers.",,,/Users/dcbuilder/Code/world/.worktrees/provekit-v1-cross-device-campaign/target/v1-benchmarks/input-to-proof/mac-chrome-multithread/webauthn_closest_analogue__mac_chrome__circom_groth16__warm_reuse.json,warm_reuse,117386.19
input-to-proof-v1-mac-multithread-20260812,webauthn_closest_analogue__mac_chrome__circom_groth16__warm_reuse-4,2026-08-12T09:26:41.042Z,macbook_m4,MacBook Pro (Apple M4 Max),26.6.1 (25G76),arm64,browser_wasm,Google Chrome 151.0.7922.109,webauthn,closest-analogue,0fb5b4aa1398281c2fd3dbe14db147e05b61f201,circom_groth16,circom,snarkjs-groth16-browser-wasm-workers,circom-witness-wasm,measured,4,ok,0,62906.065,54016.835,7.89,116923.02,22291.9375,722,1753618376,1733145772,1753618376,,input-to-proof-v1-multithread,0fb5b4aa1398281c2fd3dbe14db147e05b61f201,"{""circom"":""2.2.2"",""snarkjs"":""0.7.6"",""execution_policy"":""workers""};execution_policy=multithread;threads_requested=4;threads_effective=4;witness_backend=circom_runtime_wasm_single;prover_backend=snarkjs_0.7.6_browser_wasm_workers","{""raw_evidence_sha256"":""32753ac1e182fa992f70c700ae24698ff25cd1369260a237904f721ca128e500""}",,"Closest analogue, not equivalent: Noir binds challenge, type, origin, RP-ID hash, flags, and public key; the Circom counterpart omits several bindings. Browser execution policy: multithread; requested threads=4, effective threads=4; witness generation remains circom_runtime_wasm_single, prover backend=snarkjs_0.7.6_browser_wasm_workers.",,,/Users/dcbuilder/Code/world/.worktrees/provekit-v1-cross-device-campaign/target/v1-benchmarks/input-to-proof/mac-chrome-multithread/webauthn_closest_analogue__mac_chrome__circom_groth16__warm_reuse.json,warm_reuse,116923.02
input-to-proof-v1-mac-multithread-20260812,webauthn_closest_analogue__mac_chrome__circom_groth16__warm_reuse-5,2026-08-12T09:26:41.042Z,macbook_m4,MacBook Pro (Apple M4 Max),26.6.1 (25G76),arm64,browser_wasm,Google Chrome 151.0.7922.109,webauthn,closest-analogue,0fb5b4aa1398281c2fd3dbe14db147e05b61f201,circom_groth16,circom,snarkjs-groth16-browser-wasm-workers,circom-witness-wasm,measured,5,ok,0,62516.09,52972.2,7.075,115488.405,22291.9375,725,1753618376,1733145772,1753618376,,input-to-proof-v1-multithread,0fb5b4aa1398281c2fd3dbe14db147e05b61f201,"{""circom"":""2.2.2"",""snarkjs"":""0.7.6"",""execution_policy"":""workers""};execution_policy=multithread;threads_requested=4;threads_effective=4;witness_backend=circom_runtime_wasm_single;prover_backend=snarkjs_0.7.6_browser_wasm_workers","{""raw_evidence_sha256"":""32753ac1e182fa992f70c700ae24698ff25cd1369260a237904f721ca128e500""}",,"Closest analogue, not equivalent: Noir binds challenge, type, origin, RP-ID hash, flags, and public key; the Circom counterpart omits several bindings. Browser execution policy: multithread; requested threads=4, effective threads=4; witness generation remains circom_runtime_wasm_single, prover backend=snarkjs_0.7.6_browser_wasm_workers.",,,/Users/dcbuilder/Code/world/.worktrees/provekit-v1-cross-device-campaign/target/v1-benchmarks/input-to-proof/mac-chrome-multithread/webauthn_closest_analogue__mac_chrome__circom_groth16__warm_reuse.json,warm_reuse,115488.405
