campaign_id,attempt_id,recorded_at_utc,hardware,device_model,os_version,abi,runtime,browser,circuit,circuit_variant,circuit_commit,prover,frontend,prover_backend,witness_backend,sample_kind,sample_index,status,initialization_time_ms,witness_time_ms,prover_time_ms,verify_time_ms,total_time_ms,peak_memory_mib,proof_size_bytes,circuit_size_bytes,artifact_size_bytes,bundle_size_bytes,constraint_count,artifact_version,source_commit,package_versions,artifact_hashes,session_id,non_equivalence_note,failure_code,failure_detail,evidence_path,timing_mode,input_to_proof_time_ms
input-to-proof-v1-mac-multithread-16-20260812,passport_complete_age_check__mac_chrome__provekit_v1__cold_local-0,2026-08-12T12:24:57.427Z,macbook_m4,MacBook Pro (Apple M4 Max),26.6.1 (25G76),arm64,browser_wasm,Google Chrome 151.0.7922.138,passport_complete_age_check,historical-monolithic-age-integrity,9b2a6f37c67691eab4b0cec6c35e35c520e93285,provekit_v1,noir,provekit-v1-whir-wasm-workers,@noir-lang/noir_js@1.0.0-beta.11,warmup,0,ok,2842.120000001043,1049.1049999985844,3412.5250000003725,117.99000000022352,7303.75,1416.921875,993532,4056714,4015100,22025968,711664,input-to-proof-v1-multithread,9b2a6f37c67691eab4b0cec6c35e35c520e93285,"{""provekit"":""9b2a6f37c67691eab4b0cec6c35e35c520e93285"",""noir_js"":""1.0.0-beta.11"",""execution_policy"":""workers""};execution_policy=multithread;threads_requested=16;threads_effective=16;witness_backend=single;prover_backend=provekit_v1_branch_9b2a6f_wasm_rayon_threaded","{""raw_evidence_sha256"":""23ccc0627c3a190d081d48c95e8722baf12ff4bd80164cf0fc5ea872c6053ee9""}",,"Historical monolithic Passport age and integrity lane retained separately from the additional exact P1 source pair. Browser execution policy: multithread; requested threads=16, effective threads=16; witness generation remains single, prover backend=provekit_v1_branch_9b2a6f_wasm_rayon_threaded.",,,/Users/dcbuilder/Code/world/.worktrees/provekit-v1-cross-device-campaign/target/v1-benchmarks/input-to-proof/mac-chrome-multithread-16/passport_complete_age_check__mac_chrome__provekit_v1__cold_local.json,cold_local,7303.75
input-to-proof-v1-mac-multithread-16-20260812,passport_complete_age_check__mac_chrome__provekit_v1__cold_local-1,2026-08-12T12:24:57.427Z,macbook_m4,MacBook Pro (Apple M4 Max),26.6.1 (25G76),arm64,browser_wasm,Google Chrome 151.0.7922.138,passport_complete_age_check,historical-monolithic-age-integrity,9b2a6f37c67691eab4b0cec6c35e35c520e93285,provekit_v1,noir,provekit-v1-whir-wasm-workers,@noir-lang/noir_js@1.0.0-beta.11,measured,1,ok,2843.0149999987334,1054.925000000745,3336.464999999851,115.00499999895692,7234.404999999329,1413.21875,992764,4056714,4015100,22025968,711664,input-to-proof-v1-multithread,9b2a6f37c67691eab4b0cec6c35e35c520e93285,"{""provekit"":""9b2a6f37c67691eab4b0cec6c35e35c520e93285"",""noir_js"":""1.0.0-beta.11"",""execution_policy"":""workers""};execution_policy=multithread;threads_requested=16;threads_effective=16;witness_backend=single;prover_backend=provekit_v1_branch_9b2a6f_wasm_rayon_threaded","{""raw_evidence_sha256"":""23ccc0627c3a190d081d48c95e8722baf12ff4bd80164cf0fc5ea872c6053ee9""}",,"Historical monolithic Passport age and integrity lane retained separately from the additional exact P1 source pair. Browser execution policy: multithread; requested threads=16, effective threads=16; witness generation remains single, prover backend=provekit_v1_branch_9b2a6f_wasm_rayon_threaded.",,,/Users/dcbuilder/Code/world/.worktrees/provekit-v1-cross-device-campaign/target/v1-benchmarks/input-to-proof/mac-chrome-multithread-16/passport_complete_age_check__mac_chrome__provekit_v1__cold_local.json,cold_local,7234.404999999329
input-to-proof-v1-mac-multithread-16-20260812,passport_complete_age_check__mac_chrome__provekit_v1__cold_local-2,2026-08-12T12:24:57.427Z,macbook_m4,MacBook Pro (Apple M4 Max),26.6.1 (25G76),arm64,browser_wasm,Google Chrome 151.0.7922.138,passport_complete_age_check,historical-monolithic-age-integrity,9b2a6f37c67691eab4b0cec6c35e35c520e93285,provekit_v1,noir,provekit-v1-whir-wasm-workers,@noir-lang/noir_js@1.0.0-beta.11,measured,2,ok,2966.2099999990314,1293.480000000447,5916.785000000149,248.48499999940395,10176.474999999627,1420.65625,992976,4056714,4015100,22025968,711664,input-to-proof-v1-multithread,9b2a6f37c67691eab4b0cec6c35e35c520e93285,"{""provekit"":""9b2a6f37c67691eab4b0cec6c35e35c520e93285"",""noir_js"":""1.0.0-beta.11"",""execution_policy"":""workers""};execution_policy=multithread;threads_requested=16;threads_effective=16;witness_backend=single;prover_backend=provekit_v1_branch_9b2a6f_wasm_rayon_threaded","{""raw_evidence_sha256"":""23ccc0627c3a190d081d48c95e8722baf12ff4bd80164cf0fc5ea872c6053ee9""}",,"Historical monolithic Passport age and integrity lane retained separately from the additional exact P1 source pair. Browser execution policy: multithread; requested threads=16, effective threads=16; witness generation remains single, prover backend=provekit_v1_branch_9b2a6f_wasm_rayon_threaded.",,,/Users/dcbuilder/Code/world/.worktrees/provekit-v1-cross-device-campaign/target/v1-benchmarks/input-to-proof/mac-chrome-multithread-16/passport_complete_age_check__mac_chrome__provekit_v1__cold_local.json,cold_local,10176.474999999627
input-to-proof-v1-mac-multithread-16-20260812,passport_complete_age_check__mac_chrome__provekit_v1__cold_local-3,2026-08-12T12:24:57.427Z,macbook_m4,MacBook Pro (Apple M4 Max),26.6.1 (25G76),arm64,browser_wasm,Google Chrome 151.0.7922.138,passport_complete_age_check,historical-monolithic-age-integrity,9b2a6f37c67691eab4b0cec6c35e35c520e93285,provekit_v1,noir,provekit-v1-whir-wasm-workers,@noir-lang/noir_js@1.0.0-beta.11,measured,3,ok,3724.609999999404,1383.6300000008196,4081.754999998957,158.14499999955297,9189.99499999918,1419.609375,994300,4056714,4015100,22025968,711664,input-to-proof-v1-multithread,9b2a6f37c67691eab4b0cec6c35e35c520e93285,"{""provekit"":""9b2a6f37c67691eab4b0cec6c35e35c520e93285"",""noir_js"":""1.0.0-beta.11"",""execution_policy"":""workers""};execution_policy=multithread;threads_requested=16;threads_effective=16;witness_backend=single;prover_backend=provekit_v1_branch_9b2a6f_wasm_rayon_threaded","{""raw_evidence_sha256"":""23ccc0627c3a190d081d48c95e8722baf12ff4bd80164cf0fc5ea872c6053ee9""}",,"Historical monolithic Passport age and integrity lane retained separately from the additional exact P1 source pair. Browser execution policy: multithread; requested threads=16, effective threads=16; witness generation remains single, prover backend=provekit_v1_branch_9b2a6f_wasm_rayon_threaded.",,,/Users/dcbuilder/Code/world/.worktrees/provekit-v1-cross-device-campaign/target/v1-benchmarks/input-to-proof/mac-chrome-multithread-16/passport_complete_age_check__mac_chrome__provekit_v1__cold_local.json,cold_local,9189.99499999918
input-to-proof-v1-mac-multithread-16-20260812,passport_complete_age_check__mac_chrome__provekit_v1__cold_local-4,2026-08-12T12:24:57.427Z,macbook_m4,MacBook Pro (Apple M4 Max),26.6.1 (25G76),arm64,browser_wasm,Google Chrome 151.0.7922.138,passport_complete_age_check,historical-monolithic-age-integrity,9b2a6f37c67691eab4b0cec6c35e35c520e93285,provekit_v1,noir,provekit-v1-whir-wasm-workers,@noir-lang/noir_js@1.0.0-beta.11,measured,4,ok,2845.2599999997765,1049.1100000012666,7035.0999999996275,183.36500000022352,10929.47000000067,1419.28125,993444,4056714,4015100,22025968,711664,input-to-proof-v1-multithread,9b2a6f37c67691eab4b0cec6c35e35c520e93285,"{""provekit"":""9b2a6f37c67691eab4b0cec6c35e35c520e93285"",""noir_js"":""1.0.0-beta.11"",""execution_policy"":""workers""};execution_policy=multithread;threads_requested=16;threads_effective=16;witness_backend=single;prover_backend=provekit_v1_branch_9b2a6f_wasm_rayon_threaded","{""raw_evidence_sha256"":""23ccc0627c3a190d081d48c95e8722baf12ff4bd80164cf0fc5ea872c6053ee9""}",,"Historical monolithic Passport age and integrity lane retained separately from the additional exact P1 source pair. Browser execution policy: multithread; requested threads=16, effective threads=16; witness generation remains single, prover backend=provekit_v1_branch_9b2a6f_wasm_rayon_threaded.",,,/Users/dcbuilder/Code/world/.worktrees/provekit-v1-cross-device-campaign/target/v1-benchmarks/input-to-proof/mac-chrome-multithread-16/passport_complete_age_check__mac_chrome__provekit_v1__cold_local.json,cold_local,10929.47000000067
input-to-proof-v1-mac-multithread-16-20260812,passport_complete_age_check__mac_chrome__provekit_v1__cold_local-5,2026-08-12T12:24:57.427Z,macbook_m4,MacBook Pro (Apple M4 Max),26.6.1 (25G76),arm64,browser_wasm,Google Chrome 151.0.7922.138,passport_complete_age_check,historical-monolithic-age-integrity,9b2a6f37c67691eab4b0cec6c35e35c520e93285,provekit_v1,noir,provekit-v1-whir-wasm-workers,@noir-lang/noir_js@1.0.0-beta.11,measured,5,ok,2926.5499999988824,1043.7250000014901,4237.64999999851,176.7299999985844,8207.924999998882,1420.109375,992764,4056714,4015100,22025968,711664,input-to-proof-v1-multithread,9b2a6f37c67691eab4b0cec6c35e35c520e93285,"{""provekit"":""9b2a6f37c67691eab4b0cec6c35e35c520e93285"",""noir_js"":""1.0.0-beta.11"",""execution_policy"":""workers""};execution_policy=multithread;threads_requested=16;threads_effective=16;witness_backend=single;prover_backend=provekit_v1_branch_9b2a6f_wasm_rayon_threaded","{""raw_evidence_sha256"":""23ccc0627c3a190d081d48c95e8722baf12ff4bd80164cf0fc5ea872c6053ee9""}",,"Historical monolithic Passport age and integrity lane retained separately from the additional exact P1 source pair. Browser execution policy: multithread; requested threads=16, effective threads=16; witness generation remains single, prover backend=provekit_v1_branch_9b2a6f_wasm_rayon_threaded.",,,/Users/dcbuilder/Code/world/.worktrees/provekit-v1-cross-device-campaign/target/v1-benchmarks/input-to-proof/mac-chrome-multithread-16/passport_complete_age_check__mac_chrome__provekit_v1__cold_local.json,cold_local,8207.924999998882
input-to-proof-v1-mac-multithread-16-20260812,passport_complete_age_check__mac_chrome__provekit_v1__warm_reuse-0,2026-08-12T12:25:44.117Z,macbook_m4,MacBook Pro (Apple M4 Max),26.6.1 (25G76),arm64,browser_wasm,Google Chrome 151.0.7922.138,passport_complete_age_check,historical-monolithic-age-integrity,9b2a6f37c67691eab4b0cec6c35e35c520e93285,provekit_v1,noir,provekit-v1-whir-wasm-workers,@noir-lang/noir_js@1.0.0-beta.11,warmup,0,ok,1102.394999999553,1050.0649999994785,4727.995000001043,212.54000000096858,6880.4550000000745,1608.015625,999632,4056714,4015100,22025968,711664,input-to-proof-v1-multithread,9b2a6f37c67691eab4b0cec6c35e35c520e93285,"{""provekit"":""9b2a6f37c67691eab4b0cec6c35e35c520e93285"",""noir_js"":""1.0.0-beta.11"",""execution_policy"":""workers""};execution_policy=multithread;threads_requested=16;threads_effective=16;witness_backend=single;prover_backend=provekit_v1_branch_9b2a6f_wasm_rayon_threaded","{""raw_evidence_sha256"":""d5eee6b12c46bc81ef9c2d72240276e2b16212a08c11b91ef5643b53fe184106""}",,"Historical monolithic Passport age and integrity lane retained separately from the additional exact P1 source pair. Browser execution policy: multithread; requested threads=16, effective threads=16; witness generation remains single, prover backend=provekit_v1_branch_9b2a6f_wasm_rayon_threaded.",,,/Users/dcbuilder/Code/world/.worktrees/provekit-v1-cross-device-campaign/target/v1-benchmarks/input-to-proof/mac-chrome-multithread-16/passport_complete_age_check__mac_chrome__provekit_v1__warm_reuse.json,warm_reuse,6880.4550000000745
input-to-proof-v1-mac-multithread-16-20260812,passport_complete_age_check__mac_chrome__provekit_v1__warm_reuse-1,2026-08-12T12:25:44.117Z,macbook_m4,MacBook Pro (Apple M4 Max),26.6.1 (25G76),arm64,browser_wasm,Google Chrome 151.0.7922.138,passport_complete_age_check,historical-monolithic-age-integrity,9b2a6f37c67691eab4b0cec6c35e35c520e93285,provekit_v1,noir,provekit-v1-whir-wasm-workers,@noir-lang/noir_js@1.0.0-beta.11,measured,1,ok,1278,845.375,5043.015000000596,193.625,7166.390000000596,1608.015625,991652,4056714,4015100,22025968,711664,input-to-proof-v1-multithread,9b2a6f37c67691eab4b0cec6c35e35c520e93285,"{""provekit"":""9b2a6f37c67691eab4b0cec6c35e35c520e93285"",""noir_js"":""1.0.0-beta.11"",""execution_policy"":""workers""};execution_policy=multithread;threads_requested=16;threads_effective=16;witness_backend=single;prover_backend=provekit_v1_branch_9b2a6f_wasm_rayon_threaded","{""raw_evidence_sha256"":""d5eee6b12c46bc81ef9c2d72240276e2b16212a08c11b91ef5643b53fe184106""}",,"Historical monolithic Passport age and integrity lane retained separately from the additional exact P1 source pair. Browser execution policy: multithread; requested threads=16, effective threads=16; witness generation remains single, prover backend=provekit_v1_branch_9b2a6f_wasm_rayon_threaded.",,,/Users/dcbuilder/Code/world/.worktrees/provekit-v1-cross-device-campaign/target/v1-benchmarks/input-to-proof/mac-chrome-multithread-16/passport_complete_age_check__mac_chrome__provekit_v1__warm_reuse.json,warm_reuse,7166.390000000596
input-to-proof-v1-mac-multithread-16-20260812,passport_complete_age_check__mac_chrome__provekit_v1__warm_reuse-2,2026-08-12T12:25:44.117Z,macbook_m4,MacBook Pro (Apple M4 Max),26.6.1 (25G76),arm64,browser_wasm,Google Chrome 151.0.7922.138,passport_complete_age_check,historical-monolithic-age-integrity,9b2a6f37c67691eab4b0cec6c35e35c520e93285,provekit_v1,noir,provekit-v1-whir-wasm-workers,@noir-lang/noir_js@1.0.0-beta.11,measured,2,ok,1296.464999999851,837.320000000298,5037,188.37000000104308,7170.790000000969,1608.015625,994596,4056714,4015100,22025968,711664,input-to-proof-v1-multithread,9b2a6f37c67691eab4b0cec6c35e35c520e93285,"{""provekit"":""9b2a6f37c67691eab4b0cec6c35e35c520e93285"",""noir_js"":""1.0.0-beta.11"",""execution_policy"":""workers""};execution_policy=multithread;threads_requested=16;threads_effective=16;witness_backend=single;prover_backend=provekit_v1_branch_9b2a6f_wasm_rayon_threaded","{""raw_evidence_sha256"":""d5eee6b12c46bc81ef9c2d72240276e2b16212a08c11b91ef5643b53fe184106""}",,"Historical monolithic Passport age and integrity lane retained separately from the additional exact P1 source pair. Browser execution policy: multithread; requested threads=16, effective threads=16; witness generation remains single, prover backend=provekit_v1_branch_9b2a6f_wasm_rayon_threaded.",,,/Users/dcbuilder/Code/world/.worktrees/provekit-v1-cross-device-campaign/target/v1-benchmarks/input-to-proof/mac-chrome-multithread-16/passport_complete_age_check__mac_chrome__provekit_v1__warm_reuse.json,warm_reuse,7170.790000000969
input-to-proof-v1-mac-multithread-16-20260812,passport_complete_age_check__mac_chrome__provekit_v1__warm_reuse-3,2026-08-12T12:25:44.117Z,macbook_m4,MacBook Pro (Apple M4 Max),26.6.1 (25G76),arm64,browser_wasm,Google Chrome 151.0.7922.138,passport_complete_age_check,historical-monolithic-age-integrity,9b2a6f37c67691eab4b0cec6c35e35c520e93285,provekit_v1,noir,provekit-v1-whir-wasm-workers,@noir-lang/noir_js@1.0.0-beta.11,measured,3,ok,1419.265000000596,847.160000000149,4606.530000001192,203.87999999895692,6872.960000000894,1608.015625,993188,4056714,4015100,22025968,711664,input-to-proof-v1-multithread,9b2a6f37c67691eab4b0cec6c35e35c520e93285,"{""provekit"":""9b2a6f37c67691eab4b0cec6c35e35c520e93285"",""noir_js"":""1.0.0-beta.11"",""execution_policy"":""workers""};execution_policy=multithread;threads_requested=16;threads_effective=16;witness_backend=single;prover_backend=provekit_v1_branch_9b2a6f_wasm_rayon_threaded","{""raw_evidence_sha256"":""d5eee6b12c46bc81ef9c2d72240276e2b16212a08c11b91ef5643b53fe184106""}",,"Historical monolithic Passport age and integrity lane retained separately from the additional exact P1 source pair. Browser execution policy: multithread; requested threads=16, effective threads=16; witness generation remains single, prover backend=provekit_v1_branch_9b2a6f_wasm_rayon_threaded.",,,/Users/dcbuilder/Code/world/.worktrees/provekit-v1-cross-device-campaign/target/v1-benchmarks/input-to-proof/mac-chrome-multithread-16/passport_complete_age_check__mac_chrome__provekit_v1__warm_reuse.json,warm_reuse,6872.960000000894
input-to-proof-v1-mac-multithread-16-20260812,passport_complete_age_check__mac_chrome__provekit_v1__warm_reuse-4,2026-08-12T12:25:44.117Z,macbook_m4,MacBook Pro (Apple M4 Max),26.6.1 (25G76),arm64,browser_wasm,Google Chrome 151.0.7922.138,passport_complete_age_check,historical-monolithic-age-integrity,9b2a6f37c67691eab4b0cec6c35e35c520e93285,provekit_v1,noir,provekit-v1-whir-wasm-workers,@noir-lang/noir_js@1.0.0-beta.11,measured,4,ok,1471.960000000894,856.9949999991804,4651.714999999851,276.445000000298,6980.680000001565,1608.015625,995280,4056714,4015100,22025968,711664,input-to-proof-v1-multithread,9b2a6f37c67691eab4b0cec6c35e35c520e93285,"{""provekit"":""9b2a6f37c67691eab4b0cec6c35e35c520e93285"",""noir_js"":""1.0.0-beta.11"",""execution_policy"":""workers""};execution_policy=multithread;threads_requested=16;threads_effective=16;witness_backend=single;prover_backend=provekit_v1_branch_9b2a6f_wasm_rayon_threaded","{""raw_evidence_sha256"":""d5eee6b12c46bc81ef9c2d72240276e2b16212a08c11b91ef5643b53fe184106""}",,"Historical monolithic Passport age and integrity lane retained separately from the additional exact P1 source pair. Browser execution policy: multithread; requested threads=16, effective threads=16; witness generation remains single, prover backend=provekit_v1_branch_9b2a6f_wasm_rayon_threaded.",,,/Users/dcbuilder/Code/world/.worktrees/provekit-v1-cross-device-campaign/target/v1-benchmarks/input-to-proof/mac-chrome-multithread-16/passport_complete_age_check__mac_chrome__provekit_v1__warm_reuse.json,warm_reuse,6980.680000001565
input-to-proof-v1-mac-multithread-16-20260812,passport_complete_age_check__mac_chrome__provekit_v1__warm_reuse-5,2026-08-12T12:25:44.117Z,macbook_m4,MacBook Pro (Apple M4 Max),26.6.1 (25G76),arm64,browser_wasm,Google Chrome 151.0.7922.138,passport_complete_age_check,historical-monolithic-age-integrity,9b2a6f37c67691eab4b0cec6c35e35c520e93285,provekit_v1,noir,provekit-v1-whir-wasm-workers,@noir-lang/noir_js@1.0.0-beta.11,measured,5,ok,1389.769999999553,853.2999999988824,4474.6850000005215,171.2649999987334,6717.754999998957,1608.015625,994212,4056714,4015100,22025968,711664,input-to-proof-v1-multithread,9b2a6f37c67691eab4b0cec6c35e35c520e93285,"{""provekit"":""9b2a6f37c67691eab4b0cec6c35e35c520e93285"",""noir_js"":""1.0.0-beta.11"",""execution_policy"":""workers""};execution_policy=multithread;threads_requested=16;threads_effective=16;witness_backend=single;prover_backend=provekit_v1_branch_9b2a6f_wasm_rayon_threaded","{""raw_evidence_sha256"":""d5eee6b12c46bc81ef9c2d72240276e2b16212a08c11b91ef5643b53fe184106""}",,"Historical monolithic Passport age and integrity lane retained separately from the additional exact P1 source pair. Browser execution policy: multithread; requested threads=16, effective threads=16; witness generation remains single, prover backend=provekit_v1_branch_9b2a6f_wasm_rayon_threaded.",,,/Users/dcbuilder/Code/world/.worktrees/provekit-v1-cross-device-campaign/target/v1-benchmarks/input-to-proof/mac-chrome-multithread-16/passport_complete_age_check__mac_chrome__provekit_v1__warm_reuse.json,warm_reuse,6717.754999998957
input-to-proof-v1-mac-multithread-16-20260812,passport_complete_age_check__mac_chrome__noir_barretenberg__cold_local-0,2026-08-12T12:27:08.738Z,macbook_m4,MacBook Pro (Apple M4 Max),26.6.1 (25G76),arm64,browser_wasm,Google Chrome 151.0.7922.138,passport_complete_age_check,historical-monolithic-age-integrity,9b2a6f37c67691eab4b0cec6c35e35c520e93285,noir_barretenberg,noir,barretenberg-ultrahonk-wasm-workers,@noir-lang/noir_js@1.0.0-beta.19,warmup,0,ok,4348.745,712.235,4976.885,1633.795,10037.865,1735.34375,16000,73375498,73333886,73375498,,input-to-proof-v1-multithread,9b2a6f37c67691eab4b0cec6c35e35c520e93285,"{""bb_js"":""4.2.0-aztecnr-rc.2"",""noir_js"":""1.0.0-beta.19"",""execution_policy"":""workers""};execution_policy=multithread;threads_requested=32;threads_effective=16;witness_backend=single;prover_backend=barretenberg_4.2.0-aztecnr-rc.2_wasm_workers","{""raw_evidence_sha256"":""591c154ba0f4effb22b571e260aa1542d3c71a6d34d4a0bfd82c9ef911fdeed7""}",,"Historical monolithic Passport age and integrity lane retained separately from the additional exact P1 source pair. Browser execution policy: multithread; requested threads=32, effective threads=16; witness generation remains single, prover backend=barretenberg_4.2.0-aztecnr-rc.2_wasm_workers.",,,/Users/dcbuilder/Code/world/.worktrees/provekit-v1-cross-device-campaign/target/v1-benchmarks/input-to-proof/mac-chrome-multithread-16/passport_complete_age_check__mac_chrome__noir_barretenberg__cold_local.json,cold_local,10037.865
input-to-proof-v1-mac-multithread-16-20260812,passport_complete_age_check__mac_chrome__noir_barretenberg__cold_local-1,2026-08-12T12:27:08.738Z,macbook_m4,MacBook Pro (Apple M4 Max),26.6.1 (25G76),arm64,browser_wasm,Google Chrome 151.0.7922.138,passport_complete_age_check,historical-monolithic-age-integrity,9b2a6f37c67691eab4b0cec6c35e35c520e93285,noir_barretenberg,noir,barretenberg-ultrahonk-wasm-workers,@noir-lang/noir_js@1.0.0-beta.19,measured,1,ok,2858.755,710.165,8026.005,1542.55,11594.925,1723,16000,73375498,73333886,73375498,,input-to-proof-v1-multithread,9b2a6f37c67691eab4b0cec6c35e35c520e93285,"{""bb_js"":""4.2.0-aztecnr-rc.2"",""noir_js"":""1.0.0-beta.19"",""execution_policy"":""workers""};execution_policy=multithread;threads_requested=32;threads_effective=16;witness_backend=single;prover_backend=barretenberg_4.2.0-aztecnr-rc.2_wasm_workers","{""raw_evidence_sha256"":""591c154ba0f4effb22b571e260aa1542d3c71a6d34d4a0bfd82c9ef911fdeed7""}",,"Historical monolithic Passport age and integrity lane retained separately from the additional exact P1 source pair. Browser execution policy: multithread; requested threads=32, effective threads=16; witness generation remains single, prover backend=barretenberg_4.2.0-aztecnr-rc.2_wasm_workers.",,,/Users/dcbuilder/Code/world/.worktrees/provekit-v1-cross-device-campaign/target/v1-benchmarks/input-to-proof/mac-chrome-multithread-16/passport_complete_age_check__mac_chrome__noir_barretenberg__cold_local.json,cold_local,11594.925
input-to-proof-v1-mac-multithread-16-20260812,passport_complete_age_check__mac_chrome__noir_barretenberg__cold_local-2,2026-08-12T12:27:08.738Z,macbook_m4,MacBook Pro (Apple M4 Max),26.6.1 (25G76),arm64,browser_wasm,Google Chrome 151.0.7922.138,passport_complete_age_check,historical-monolithic-age-integrity,9b2a6f37c67691eab4b0cec6c35e35c520e93285,noir_barretenberg,noir,barretenberg-ultrahonk-wasm-workers,@noir-lang/noir_js@1.0.0-beta.19,measured,2,ok,2587.665,760.585,5524.04,1231.715,8872.29,1796.5,16000,73375498,73333886,73375498,,input-to-proof-v1-multithread,9b2a6f37c67691eab4b0cec6c35e35c520e93285,"{""bb_js"":""4.2.0-aztecnr-rc.2"",""noir_js"":""1.0.0-beta.19"",""execution_policy"":""workers""};execution_policy=multithread;threads_requested=32;threads_effective=16;witness_backend=single;prover_backend=barretenberg_4.2.0-aztecnr-rc.2_wasm_workers","{""raw_evidence_sha256"":""591c154ba0f4effb22b571e260aa1542d3c71a6d34d4a0bfd82c9ef911fdeed7""}",,"Historical monolithic Passport age and integrity lane retained separately from the additional exact P1 source pair. Browser execution policy: multithread; requested threads=32, effective threads=16; witness generation remains single, prover backend=barretenberg_4.2.0-aztecnr-rc.2_wasm_workers.",,,/Users/dcbuilder/Code/world/.worktrees/provekit-v1-cross-device-campaign/target/v1-benchmarks/input-to-proof/mac-chrome-multithread-16/passport_complete_age_check__mac_chrome__noir_barretenberg__cold_local.json,cold_local,8872.29
input-to-proof-v1-mac-multithread-16-20260812,passport_complete_age_check__mac_chrome__noir_barretenberg__cold_local-3,2026-08-12T12:27:08.738Z,macbook_m4,MacBook Pro (Apple M4 Max),26.6.1 (25G76),arm64,browser_wasm,Google Chrome 151.0.7922.138,passport_complete_age_check,historical-monolithic-age-integrity,9b2a6f37c67691eab4b0cec6c35e35c520e93285,noir_barretenberg,noir,barretenberg-ultrahonk-wasm-workers,@noir-lang/noir_js@1.0.0-beta.19,measured,3,ok,3637.7,709.45,6380.82,1819.1,10727.97,1726.03125,16000,73375498,73333886,73375498,,input-to-proof-v1-multithread,9b2a6f37c67691eab4b0cec6c35e35c520e93285,"{""bb_js"":""4.2.0-aztecnr-rc.2"",""noir_js"":""1.0.0-beta.19"",""execution_policy"":""workers""};execution_policy=multithread;threads_requested=32;threads_effective=16;witness_backend=single;prover_backend=barretenberg_4.2.0-aztecnr-rc.2_wasm_workers","{""raw_evidence_sha256"":""591c154ba0f4effb22b571e260aa1542d3c71a6d34d4a0bfd82c9ef911fdeed7""}",,"Historical monolithic Passport age and integrity lane retained separately from the additional exact P1 source pair. Browser execution policy: multithread; requested threads=32, effective threads=16; witness generation remains single, prover backend=barretenberg_4.2.0-aztecnr-rc.2_wasm_workers.",,,/Users/dcbuilder/Code/world/.worktrees/provekit-v1-cross-device-campaign/target/v1-benchmarks/input-to-proof/mac-chrome-multithread-16/passport_complete_age_check__mac_chrome__noir_barretenberg__cold_local.json,cold_local,10727.97
input-to-proof-v1-mac-multithread-16-20260812,passport_complete_age_check__mac_chrome__noir_barretenberg__cold_local-4,2026-08-12T12:27:08.738Z,macbook_m4,MacBook Pro (Apple M4 Max),26.6.1 (25G76),arm64,browser_wasm,Google Chrome 151.0.7922.138,passport_complete_age_check,historical-monolithic-age-integrity,9b2a6f37c67691eab4b0cec6c35e35c520e93285,noir_barretenberg,noir,barretenberg-ultrahonk-wasm-workers,@noir-lang/noir_js@1.0.0-beta.19,measured,4,ok,2077.69,711.37,3863.43,1273.755,6652.49,1792.515625,16000,73375498,73333886,73375498,,input-to-proof-v1-multithread,9b2a6f37c67691eab4b0cec6c35e35c520e93285,"{""bb_js"":""4.2.0-aztecnr-rc.2"",""noir_js"":""1.0.0-beta.19"",""execution_policy"":""workers""};execution_policy=multithread;threads_requested=32;threads_effective=16;witness_backend=single;prover_backend=barretenberg_4.2.0-aztecnr-rc.2_wasm_workers","{""raw_evidence_sha256"":""591c154ba0f4effb22b571e260aa1542d3c71a6d34d4a0bfd82c9ef911fdeed7""}",,"Historical monolithic Passport age and integrity lane retained separately from the additional exact P1 source pair. Browser execution policy: multithread; requested threads=32, effective threads=16; witness generation remains single, prover backend=barretenberg_4.2.0-aztecnr-rc.2_wasm_workers.",,,/Users/dcbuilder/Code/world/.worktrees/provekit-v1-cross-device-campaign/target/v1-benchmarks/input-to-proof/mac-chrome-multithread-16/passport_complete_age_check__mac_chrome__noir_barretenberg__cold_local.json,cold_local,6652.49
input-to-proof-v1-mac-multithread-16-20260812,passport_complete_age_check__mac_chrome__noir_barretenberg__cold_local-5,2026-08-12T12:27:08.738Z,macbook_m4,MacBook Pro (Apple M4 Max),26.6.1 (25G76),arm64,browser_wasm,Google Chrome 151.0.7922.138,passport_complete_age_check,historical-monolithic-age-integrity,9b2a6f37c67691eab4b0cec6c35e35c520e93285,noir_barretenberg,noir,barretenberg-ultrahonk-wasm-workers,@noir-lang/noir_js@1.0.0-beta.19,measured,5,ok,2128.095,706.23,6831.17,1896.58,9665.495,1734.90625,16000,73375498,73333886,73375498,,input-to-proof-v1-multithread,9b2a6f37c67691eab4b0cec6c35e35c520e93285,"{""bb_js"":""4.2.0-aztecnr-rc.2"",""noir_js"":""1.0.0-beta.19"",""execution_policy"":""workers""};execution_policy=multithread;threads_requested=32;threads_effective=16;witness_backend=single;prover_backend=barretenberg_4.2.0-aztecnr-rc.2_wasm_workers","{""raw_evidence_sha256"":""591c154ba0f4effb22b571e260aa1542d3c71a6d34d4a0bfd82c9ef911fdeed7""}",,"Historical monolithic Passport age and integrity lane retained separately from the additional exact P1 source pair. Browser execution policy: multithread; requested threads=32, effective threads=16; witness generation remains single, prover backend=barretenberg_4.2.0-aztecnr-rc.2_wasm_workers.",,,/Users/dcbuilder/Code/world/.worktrees/provekit-v1-cross-device-campaign/target/v1-benchmarks/input-to-proof/mac-chrome-multithread-16/passport_complete_age_check__mac_chrome__noir_barretenberg__cold_local.json,cold_local,9665.495
input-to-proof-v1-mac-multithread-16-20260812,passport_complete_age_check__mac_chrome__noir_barretenberg__warm_reuse-0,2026-08-12T12:28:02.015Z,macbook_m4,MacBook Pro (Apple M4 Max),26.6.1 (25G76),arm64,browser_wasm,Google Chrome 151.0.7922.138,passport_complete_age_check,historical-monolithic-age-integrity,9b2a6f37c67691eab4b0cec6c35e35c520e93285,noir_barretenberg,noir,barretenberg-ultrahonk-wasm-workers,@noir-lang/noir_js@1.0.0-beta.19,warmup,0,ok,0,745.05,4944.695,0,5689.8,2270.578125,16000,73375498,73333886,73375498,,input-to-proof-v1-multithread,9b2a6f37c67691eab4b0cec6c35e35c520e93285,"{""bb_js"":""4.2.0-aztecnr-rc.2"",""noir_js"":""1.0.0-beta.19"",""execution_policy"":""workers""};execution_policy=multithread;threads_requested=32;threads_effective=16;witness_backend=single;prover_backend=barretenberg_4.2.0-aztecnr-rc.2_wasm_workers","{""raw_evidence_sha256"":""2ec31b98a722c5528ac50e0d7e2d0e450d976b56f53be5b8a454e7b05c5f26ef""}",,"Historical monolithic Passport age and integrity lane retained separately from the additional exact P1 source pair. Browser execution policy: multithread; requested threads=32, effective threads=16; witness generation remains single, prover backend=barretenberg_4.2.0-aztecnr-rc.2_wasm_workers.",,,/Users/dcbuilder/Code/world/.worktrees/provekit-v1-cross-device-campaign/target/v1-benchmarks/input-to-proof/mac-chrome-multithread-16/passport_complete_age_check__mac_chrome__noir_barretenberg__warm_reuse.json,warm_reuse,5689.8
input-to-proof-v1-mac-multithread-16-20260812,passport_complete_age_check__mac_chrome__noir_barretenberg__warm_reuse-1,2026-08-12T12:28:02.015Z,macbook_m4,MacBook Pro (Apple M4 Max),26.6.1 (25G76),arm64,browser_wasm,Google Chrome 151.0.7922.138,passport_complete_age_check,historical-monolithic-age-integrity,9b2a6f37c67691eab4b0cec6c35e35c520e93285,noir_barretenberg,noir,barretenberg-ultrahonk-wasm-workers,@noir-lang/noir_js@1.0.0-beta.19,measured,1,ok,0,645.265,5698.31,0,6343.62,2270.578125,16000,73375498,73333886,73375498,,input-to-proof-v1-multithread,9b2a6f37c67691eab4b0cec6c35e35c520e93285,"{""bb_js"":""4.2.0-aztecnr-rc.2"",""noir_js"":""1.0.0-beta.19"",""execution_policy"":""workers""};execution_policy=multithread;threads_requested=32;threads_effective=16;witness_backend=single;prover_backend=barretenberg_4.2.0-aztecnr-rc.2_wasm_workers","{""raw_evidence_sha256"":""2ec31b98a722c5528ac50e0d7e2d0e450d976b56f53be5b8a454e7b05c5f26ef""}",,"Historical monolithic Passport age and integrity lane retained separately from the additional exact P1 source pair. Browser execution policy: multithread; requested threads=32, effective threads=16; witness generation remains single, prover backend=barretenberg_4.2.0-aztecnr-rc.2_wasm_workers.",,,/Users/dcbuilder/Code/world/.worktrees/provekit-v1-cross-device-campaign/target/v1-benchmarks/input-to-proof/mac-chrome-multithread-16/passport_complete_age_check__mac_chrome__noir_barretenberg__warm_reuse.json,warm_reuse,6343.62
input-to-proof-v1-mac-multithread-16-20260812,passport_complete_age_check__mac_chrome__noir_barretenberg__warm_reuse-2,2026-08-12T12:28:02.015Z,macbook_m4,MacBook Pro (Apple M4 Max),26.6.1 (25G76),arm64,browser_wasm,Google Chrome 151.0.7922.138,passport_complete_age_check,historical-monolithic-age-integrity,9b2a6f37c67691eab4b0cec6c35e35c520e93285,noir_barretenberg,noir,barretenberg-ultrahonk-wasm-workers,@noir-lang/noir_js@1.0.0-beta.19,measured,2,ok,0,725.91,5898.43,0,6624.385,2270.578125,16000,73375498,73333886,73375498,,input-to-proof-v1-multithread,9b2a6f37c67691eab4b0cec6c35e35c520e93285,"{""bb_js"":""4.2.0-aztecnr-rc.2"",""noir_js"":""1.0.0-beta.19"",""execution_policy"":""workers""};execution_policy=multithread;threads_requested=32;threads_effective=16;witness_backend=single;prover_backend=barretenberg_4.2.0-aztecnr-rc.2_wasm_workers","{""raw_evidence_sha256"":""2ec31b98a722c5528ac50e0d7e2d0e450d976b56f53be5b8a454e7b05c5f26ef""}",,"Historical monolithic Passport age and integrity lane retained separately from the additional exact P1 source pair. Browser execution policy: multithread; requested threads=32, effective threads=16; witness generation remains single, prover backend=barretenberg_4.2.0-aztecnr-rc.2_wasm_workers.",,,/Users/dcbuilder/Code/world/.worktrees/provekit-v1-cross-device-campaign/target/v1-benchmarks/input-to-proof/mac-chrome-multithread-16/passport_complete_age_check__mac_chrome__noir_barretenberg__warm_reuse.json,warm_reuse,6624.385
input-to-proof-v1-mac-multithread-16-20260812,passport_complete_age_check__mac_chrome__noir_barretenberg__warm_reuse-3,2026-08-12T12:28:02.015Z,macbook_m4,MacBook Pro (Apple M4 Max),26.6.1 (25G76),arm64,browser_wasm,Google Chrome 151.0.7922.138,passport_complete_age_check,historical-monolithic-age-integrity,9b2a6f37c67691eab4b0cec6c35e35c520e93285,noir_barretenberg,noir,barretenberg-ultrahonk-wasm-workers,@noir-lang/noir_js@1.0.0-beta.19,measured,3,ok,0,924.91,5710.09,0,6635.05,2270.578125,16000,73375498,73333886,73375498,,input-to-proof-v1-multithread,9b2a6f37c67691eab4b0cec6c35e35c520e93285,"{""bb_js"":""4.2.0-aztecnr-rc.2"",""noir_js"":""1.0.0-beta.19"",""execution_policy"":""workers""};execution_policy=multithread;threads_requested=32;threads_effective=16;witness_backend=single;prover_backend=barretenberg_4.2.0-aztecnr-rc.2_wasm_workers","{""raw_evidence_sha256"":""2ec31b98a722c5528ac50e0d7e2d0e450d976b56f53be5b8a454e7b05c5f26ef""}",,"Historical monolithic Passport age and integrity lane retained separately from the additional exact P1 source pair. Browser execution policy: multithread; requested threads=32, effective threads=16; witness generation remains single, prover backend=barretenberg_4.2.0-aztecnr-rc.2_wasm_workers.",,,/Users/dcbuilder/Code/world/.worktrees/provekit-v1-cross-device-campaign/target/v1-benchmarks/input-to-proof/mac-chrome-multithread-16/passport_complete_age_check__mac_chrome__noir_barretenberg__warm_reuse.json,warm_reuse,6635.05
input-to-proof-v1-mac-multithread-16-20260812,passport_complete_age_check__mac_chrome__noir_barretenberg__warm_reuse-4,2026-08-12T12:28:02.015Z,macbook_m4,MacBook Pro (Apple M4 Max),26.6.1 (25G76),arm64,browser_wasm,Google Chrome 151.0.7922.138,passport_complete_age_check,historical-monolithic-age-integrity,9b2a6f37c67691eab4b0cec6c35e35c520e93285,noir_barretenberg,noir,barretenberg-ultrahonk-wasm-workers,@noir-lang/noir_js@1.0.0-beta.19,measured,4,ok,0,678.5,6780.515,0,7459.05,2270.578125,16000,73375498,73333886,73375498,,input-to-proof-v1-multithread,9b2a6f37c67691eab4b0cec6c35e35c520e93285,"{""bb_js"":""4.2.0-aztecnr-rc.2"",""noir_js"":""1.0.0-beta.19"",""execution_policy"":""workers""};execution_policy=multithread;threads_requested=32;threads_effective=16;witness_backend=single;prover_backend=barretenberg_4.2.0-aztecnr-rc.2_wasm_workers","{""raw_evidence_sha256"":""2ec31b98a722c5528ac50e0d7e2d0e450d976b56f53be5b8a454e7b05c5f26ef""}",,"Historical monolithic Passport age and integrity lane retained separately from the additional exact P1 source pair. Browser execution policy: multithread; requested threads=32, effective threads=16; witness generation remains single, prover backend=barretenberg_4.2.0-aztecnr-rc.2_wasm_workers.",,,/Users/dcbuilder/Code/world/.worktrees/provekit-v1-cross-device-campaign/target/v1-benchmarks/input-to-proof/mac-chrome-multithread-16/passport_complete_age_check__mac_chrome__noir_barretenberg__warm_reuse.json,warm_reuse,7459.05
input-to-proof-v1-mac-multithread-16-20260812,passport_complete_age_check__mac_chrome__noir_barretenberg__warm_reuse-5,2026-08-12T12:28:02.015Z,macbook_m4,MacBook Pro (Apple M4 Max),26.6.1 (25G76),arm64,browser_wasm,Google Chrome 151.0.7922.138,passport_complete_age_check,historical-monolithic-age-integrity,9b2a6f37c67691eab4b0cec6c35e35c520e93285,noir_barretenberg,noir,barretenberg-ultrahonk-wasm-workers,@noir-lang/noir_js@1.0.0-beta.19,measured,5,ok,0,733.24,5886.9,0,6620.185,2270.578125,16000,73375498,73333886,73375498,,input-to-proof-v1-multithread,9b2a6f37c67691eab4b0cec6c35e35c520e93285,"{""bb_js"":""4.2.0-aztecnr-rc.2"",""noir_js"":""1.0.0-beta.19"",""execution_policy"":""workers""};execution_policy=multithread;threads_requested=32;threads_effective=16;witness_backend=single;prover_backend=barretenberg_4.2.0-aztecnr-rc.2_wasm_workers","{""raw_evidence_sha256"":""2ec31b98a722c5528ac50e0d7e2d0e450d976b56f53be5b8a454e7b05c5f26ef""}",,"Historical monolithic Passport age and integrity lane retained separately from the additional exact P1 source pair. Browser execution policy: multithread; requested threads=32, effective threads=16; witness generation remains single, prover backend=barretenberg_4.2.0-aztecnr-rc.2_wasm_workers.",,,/Users/dcbuilder/Code/world/.worktrees/provekit-v1-cross-device-campaign/target/v1-benchmarks/input-to-proof/mac-chrome-multithread-16/passport_complete_age_check__mac_chrome__noir_barretenberg__warm_reuse.json,warm_reuse,6620.185
input-to-proof-v1-mac-multithread-16-20260812,passport_complete_age_check__mac_chrome__circom_groth16__cold_local-0,2026-08-12T12:31:15.953Z,macbook_m4,MacBook Pro (Apple M4 Max),26.6.1 (25G76),arm64,browser_wasm,Google Chrome 151.0.7922.138,passport_complete_age_check,historical-monolithic-age-integrity,9b2a6f37c67691eab4b0cec6c35e35c520e93285,circom_groth16,circom,snarkjs-groth16-browser-wasm-workers,circom-witness-wasm,warmup,0,ok,11.4,4416.835,16579.795,19.46,21008.03,14760.9375,1441,588352242,568828944,588352242,,input-to-proof-v1-multithread,9b2a6f37c67691eab4b0cec6c35e35c520e93285,"{""circom"":""2.2.2"",""snarkjs"":""0.7.6"",""execution_policy"":""workers""};execution_policy=multithread;threads_requested=16;threads_effective=16;witness_backend=circom_runtime_wasm_single;prover_backend=snarkjs_0.7.6_browser_wasm_workers","{""raw_evidence_sha256"":""f7e45a5d2f1eaf8bb6836541342a5ef2c398e9c1d307a7e8432e3ccc1c4cfa6c""}",,"Historical monolithic Passport age and integrity lane retained separately from the additional exact P1 source pair. Browser execution policy: multithread; requested threads=16, effective threads=16; witness generation remains circom_runtime_wasm_single, prover backend=snarkjs_0.7.6_browser_wasm_workers.",,,/Users/dcbuilder/Code/world/.worktrees/provekit-v1-cross-device-campaign/target/v1-benchmarks/input-to-proof/mac-chrome-multithread-16/passport_complete_age_check__mac_chrome__circom_groth16__cold_local.json,cold_local,21008.03
input-to-proof-v1-mac-multithread-16-20260812,passport_complete_age_check__mac_chrome__circom_groth16__cold_local-1,2026-08-12T12:31:15.953Z,macbook_m4,MacBook Pro (Apple M4 Max),26.6.1 (25G76),arm64,browser_wasm,Google Chrome 151.0.7922.138,passport_complete_age_check,historical-monolithic-age-integrity,9b2a6f37c67691eab4b0cec6c35e35c520e93285,circom_groth16,circom,snarkjs-groth16-browser-wasm-workers,circom-witness-wasm,measured,1,ok,7.95,4300.735,13689.82,17.665,17998.505,15044.921875,1446,588352242,568828944,588352242,,input-to-proof-v1-multithread,9b2a6f37c67691eab4b0cec6c35e35c520e93285,"{""circom"":""2.2.2"",""snarkjs"":""0.7.6"",""execution_policy"":""workers""};execution_policy=multithread;threads_requested=16;threads_effective=16;witness_backend=circom_runtime_wasm_single;prover_backend=snarkjs_0.7.6_browser_wasm_workers","{""raw_evidence_sha256"":""f7e45a5d2f1eaf8bb6836541342a5ef2c398e9c1d307a7e8432e3ccc1c4cfa6c""}",,"Historical monolithic Passport age and integrity lane retained separately from the additional exact P1 source pair. Browser execution policy: multithread; requested threads=16, effective threads=16; witness generation remains circom_runtime_wasm_single, prover backend=snarkjs_0.7.6_browser_wasm_workers.",,,/Users/dcbuilder/Code/world/.worktrees/provekit-v1-cross-device-campaign/target/v1-benchmarks/input-to-proof/mac-chrome-multithread-16/passport_complete_age_check__mac_chrome__circom_groth16__cold_local.json,cold_local,17998.505
input-to-proof-v1-mac-multithread-16-20260812,passport_complete_age_check__mac_chrome__circom_groth16__cold_local-2,2026-08-12T12:31:15.953Z,macbook_m4,MacBook Pro (Apple M4 Max),26.6.1 (25G76),arm64,browser_wasm,Google Chrome 151.0.7922.138,passport_complete_age_check,historical-monolithic-age-integrity,9b2a6f37c67691eab4b0cec6c35e35c520e93285,circom_groth16,circom,snarkjs-groth16-browser-wasm-workers,circom-witness-wasm,measured,2,ok,6.095,4306.37,12557.965,16.465,16870.43,15168.8125,1446,588352242,568828944,588352242,,input-to-proof-v1-multithread,9b2a6f37c67691eab4b0cec6c35e35c520e93285,"{""circom"":""2.2.2"",""snarkjs"":""0.7.6"",""execution_policy"":""workers""};execution_policy=multithread;threads_requested=16;threads_effective=16;witness_backend=circom_runtime_wasm_single;prover_backend=snarkjs_0.7.6_browser_wasm_workers","{""raw_evidence_sha256"":""f7e45a5d2f1eaf8bb6836541342a5ef2c398e9c1d307a7e8432e3ccc1c4cfa6c""}",,"Historical monolithic Passport age and integrity lane retained separately from the additional exact P1 source pair. Browser execution policy: multithread; requested threads=16, effective threads=16; witness generation remains circom_runtime_wasm_single, prover backend=snarkjs_0.7.6_browser_wasm_workers.",,,/Users/dcbuilder/Code/world/.worktrees/provekit-v1-cross-device-campaign/target/v1-benchmarks/input-to-proof/mac-chrome-multithread-16/passport_complete_age_check__mac_chrome__circom_groth16__cold_local.json,cold_local,16870.43
input-to-proof-v1-mac-multithread-16-20260812,passport_complete_age_check__mac_chrome__circom_groth16__cold_local-3,2026-08-12T12:31:15.953Z,macbook_m4,MacBook Pro (Apple M4 Max),26.6.1 (25G76),arm64,browser_wasm,Google Chrome 151.0.7922.138,passport_complete_age_check,historical-monolithic-age-integrity,9b2a6f37c67691eab4b0cec6c35e35c520e93285,circom_groth16,circom,snarkjs-groth16-browser-wasm-workers,circom-witness-wasm,measured,3,ok,9.255,4454.065,15041.63,18.3,19504.95,14813.609375,1441,588352242,568828944,588352242,,input-to-proof-v1-multithread,9b2a6f37c67691eab4b0cec6c35e35c520e93285,"{""circom"":""2.2.2"",""snarkjs"":""0.7.6"",""execution_policy"":""workers""};execution_policy=multithread;threads_requested=16;threads_effective=16;witness_backend=circom_runtime_wasm_single;prover_backend=snarkjs_0.7.6_browser_wasm_workers","{""raw_evidence_sha256"":""f7e45a5d2f1eaf8bb6836541342a5ef2c398e9c1d307a7e8432e3ccc1c4cfa6c""}",,"Historical monolithic Passport age and integrity lane retained separately from the additional exact P1 source pair. Browser execution policy: multithread; requested threads=16, effective threads=16; witness generation remains circom_runtime_wasm_single, prover backend=snarkjs_0.7.6_browser_wasm_workers.",,,/Users/dcbuilder/Code/world/.worktrees/provekit-v1-cross-device-campaign/target/v1-benchmarks/input-to-proof/mac-chrome-multithread-16/passport_complete_age_check__mac_chrome__circom_groth16__cold_local.json,cold_local,19504.95
input-to-proof-v1-mac-multithread-16-20260812,passport_complete_age_check__mac_chrome__circom_groth16__cold_local-4,2026-08-12T12:31:15.953Z,macbook_m4,MacBook Pro (Apple M4 Max),26.6.1 (25G76),arm64,browser_wasm,Google Chrome 151.0.7922.138,passport_complete_age_check,historical-monolithic-age-integrity,9b2a6f37c67691eab4b0cec6c35e35c520e93285,circom_groth16,circom,snarkjs-groth16-browser-wasm-workers,circom-witness-wasm,measured,4,ok,5.645,4261.645,11047.29,11.54,15314.58,15569.78125,1446,588352242,568828944,588352242,,input-to-proof-v1-multithread,9b2a6f37c67691eab4b0cec6c35e35c520e93285,"{""circom"":""2.2.2"",""snarkjs"":""0.7.6"",""execution_policy"":""workers""};execution_policy=multithread;threads_requested=16;threads_effective=16;witness_backend=circom_runtime_wasm_single;prover_backend=snarkjs_0.7.6_browser_wasm_workers","{""raw_evidence_sha256"":""f7e45a5d2f1eaf8bb6836541342a5ef2c398e9c1d307a7e8432e3ccc1c4cfa6c""}",,"Historical monolithic Passport age and integrity lane retained separately from the additional exact P1 source pair. Browser execution policy: multithread; requested threads=16, effective threads=16; witness generation remains circom_runtime_wasm_single, prover backend=snarkjs_0.7.6_browser_wasm_workers.",,,/Users/dcbuilder/Code/world/.worktrees/provekit-v1-cross-device-campaign/target/v1-benchmarks/input-to-proof/mac-chrome-multithread-16/passport_complete_age_check__mac_chrome__circom_groth16__cold_local.json,cold_local,15314.58
input-to-proof-v1-mac-multithread-16-20260812,passport_complete_age_check__mac_chrome__circom_groth16__cold_local-5,2026-08-12T12:31:15.953Z,macbook_m4,MacBook Pro (Apple M4 Max),26.6.1 (25G76),arm64,browser_wasm,Google Chrome 151.0.7922.138,passport_complete_age_check,historical-monolithic-age-integrity,9b2a6f37c67691eab4b0cec6c35e35c520e93285,circom_groth16,circom,snarkjs-groth16-browser-wasm-workers,circom-witness-wasm,measured,5,ok,7.26,4299.855,16407.645,15.345,20714.76,15893.671875,1450,588352242,568828944,588352242,,input-to-proof-v1-multithread,9b2a6f37c67691eab4b0cec6c35e35c520e93285,"{""circom"":""2.2.2"",""snarkjs"":""0.7.6"",""execution_policy"":""workers""};execution_policy=multithread;threads_requested=16;threads_effective=16;witness_backend=circom_runtime_wasm_single;prover_backend=snarkjs_0.7.6_browser_wasm_workers","{""raw_evidence_sha256"":""f7e45a5d2f1eaf8bb6836541342a5ef2c398e9c1d307a7e8432e3ccc1c4cfa6c""}",,"Historical monolithic Passport age and integrity lane retained separately from the additional exact P1 source pair. Browser execution policy: multithread; requested threads=16, effective threads=16; witness generation remains circom_runtime_wasm_single, prover backend=snarkjs_0.7.6_browser_wasm_workers.",,,/Users/dcbuilder/Code/world/.worktrees/provekit-v1-cross-device-campaign/target/v1-benchmarks/input-to-proof/mac-chrome-multithread-16/passport_complete_age_check__mac_chrome__circom_groth16__cold_local.json,cold_local,20714.76
input-to-proof-v1-mac-multithread-16-20260812,passport_complete_age_check__mac_chrome__circom_groth16__warm_reuse-0,2026-08-12T12:33:09.060Z,macbook_m4,MacBook Pro (Apple M4 Max),26.6.1 (25G76),arm64,browser_wasm,Google Chrome 151.0.7922.138,passport_complete_age_check,historical-monolithic-age-integrity,9b2a6f37c67691eab4b0cec6c35e35c520e93285,circom_groth16,circom,snarkjs-groth16-browser-wasm-workers,circom-witness-wasm,warmup,0,ok,0,4364.78,15077.205,21.55,19442.24,15174.21875,1445,588352242,568828944,588352242,,input-to-proof-v1-multithread,9b2a6f37c67691eab4b0cec6c35e35c520e93285,"{""circom"":""2.2.2"",""snarkjs"":""0.7.6"",""execution_policy"":""workers""};execution_policy=multithread;threads_requested=16;threads_effective=16;witness_backend=circom_runtime_wasm_single;prover_backend=snarkjs_0.7.6_browser_wasm_workers","{""raw_evidence_sha256"":""2c88d34c11ed77b3443804513985cdcefee5ed53787a66020551b90a637e429b""}",,"Historical monolithic Passport age and integrity lane retained separately from the additional exact P1 source pair. Browser execution policy: multithread; requested threads=16, effective threads=16; witness generation remains circom_runtime_wasm_single, prover backend=snarkjs_0.7.6_browser_wasm_workers.",,,/Users/dcbuilder/Code/world/.worktrees/provekit-v1-cross-device-campaign/target/v1-benchmarks/input-to-proof/mac-chrome-multithread-16/passport_complete_age_check__mac_chrome__circom_groth16__warm_reuse.json,warm_reuse,19442.24
input-to-proof-v1-mac-multithread-16-20260812,passport_complete_age_check__mac_chrome__circom_groth16__warm_reuse-1,2026-08-12T12:33:09.060Z,macbook_m4,MacBook Pro (Apple M4 Max),26.6.1 (25G76),arm64,browser_wasm,Google Chrome 151.0.7922.138,passport_complete_age_check,historical-monolithic-age-integrity,9b2a6f37c67691eab4b0cec6c35e35c520e93285,circom_groth16,circom,snarkjs-groth16-browser-wasm-workers,circom-witness-wasm,measured,1,ok,0,5048.455,16275.19,12.84,21323.915,15174.21875,1446,588352242,568828944,588352242,,input-to-proof-v1-multithread,9b2a6f37c67691eab4b0cec6c35e35c520e93285,"{""circom"":""2.2.2"",""snarkjs"":""0.7.6"",""execution_policy"":""workers""};execution_policy=multithread;threads_requested=16;threads_effective=16;witness_backend=circom_runtime_wasm_single;prover_backend=snarkjs_0.7.6_browser_wasm_workers","{""raw_evidence_sha256"":""2c88d34c11ed77b3443804513985cdcefee5ed53787a66020551b90a637e429b""}",,"Historical monolithic Passport age and integrity lane retained separately from the additional exact P1 source pair. Browser execution policy: multithread; requested threads=16, effective threads=16; witness generation remains circom_runtime_wasm_single, prover backend=snarkjs_0.7.6_browser_wasm_workers.",,,/Users/dcbuilder/Code/world/.worktrees/provekit-v1-cross-device-campaign/target/v1-benchmarks/input-to-proof/mac-chrome-multithread-16/passport_complete_age_check__mac_chrome__circom_groth16__warm_reuse.json,warm_reuse,21323.915
input-to-proof-v1-mac-multithread-16-20260812,passport_complete_age_check__mac_chrome__circom_groth16__warm_reuse-2,2026-08-12T12:33:09.060Z,macbook_m4,MacBook Pro (Apple M4 Max),26.6.1 (25G76),arm64,browser_wasm,Google Chrome 151.0.7922.138,passport_complete_age_check,historical-monolithic-age-integrity,9b2a6f37c67691eab4b0cec6c35e35c520e93285,circom_groth16,circom,snarkjs-groth16-browser-wasm-workers,circom-witness-wasm,measured,2,ok,0,4316.945,11655.63,11.43,15972.8,15174.21875,1444,588352242,568828944,588352242,,input-to-proof-v1-multithread,9b2a6f37c67691eab4b0cec6c35e35c520e93285,"{""circom"":""2.2.2"",""snarkjs"":""0.7.6"",""execution_policy"":""workers""};execution_policy=multithread;threads_requested=16;threads_effective=16;witness_backend=circom_runtime_wasm_single;prover_backend=snarkjs_0.7.6_browser_wasm_workers","{""raw_evidence_sha256"":""2c88d34c11ed77b3443804513985cdcefee5ed53787a66020551b90a637e429b""}",,"Historical monolithic Passport age and integrity lane retained separately from the additional exact P1 source pair. Browser execution policy: multithread; requested threads=16, effective threads=16; witness generation remains circom_runtime_wasm_single, prover backend=snarkjs_0.7.6_browser_wasm_workers.",,,/Users/dcbuilder/Code/world/.worktrees/provekit-v1-cross-device-campaign/target/v1-benchmarks/input-to-proof/mac-chrome-multithread-16/passport_complete_age_check__mac_chrome__circom_groth16__warm_reuse.json,warm_reuse,15972.8
input-to-proof-v1-mac-multithread-16-20260812,passport_complete_age_check__mac_chrome__circom_groth16__warm_reuse-3,2026-08-12T12:33:09.060Z,macbook_m4,MacBook Pro (Apple M4 Max),26.6.1 (25G76),arm64,browser_wasm,Google Chrome 151.0.7922.138,passport_complete_age_check,historical-monolithic-age-integrity,9b2a6f37c67691eab4b0cec6c35e35c520e93285,circom_groth16,circom,snarkjs-groth16-browser-wasm-workers,circom-witness-wasm,measured,3,ok,0,4267.2,14298.215,21.66,18565.625,15174.21875,1444,588352242,568828944,588352242,,input-to-proof-v1-multithread,9b2a6f37c67691eab4b0cec6c35e35c520e93285,"{""circom"":""2.2.2"",""snarkjs"":""0.7.6"",""execution_policy"":""workers""};execution_policy=multithread;threads_requested=16;threads_effective=16;witness_backend=circom_runtime_wasm_single;prover_backend=snarkjs_0.7.6_browser_wasm_workers","{""raw_evidence_sha256"":""2c88d34c11ed77b3443804513985cdcefee5ed53787a66020551b90a637e429b""}",,"Historical monolithic Passport age and integrity lane retained separately from the additional exact P1 source pair. Browser execution policy: multithread; requested threads=16, effective threads=16; witness generation remains circom_runtime_wasm_single, prover backend=snarkjs_0.7.6_browser_wasm_workers.",,,/Users/dcbuilder/Code/world/.worktrees/provekit-v1-cross-device-campaign/target/v1-benchmarks/input-to-proof/mac-chrome-multithread-16/passport_complete_age_check__mac_chrome__circom_groth16__warm_reuse.json,warm_reuse,18565.625
input-to-proof-v1-mac-multithread-16-20260812,passport_complete_age_check__mac_chrome__circom_groth16__warm_reuse-4,2026-08-12T12:33:09.060Z,macbook_m4,MacBook Pro (Apple M4 Max),26.6.1 (25G76),arm64,browser_wasm,Google Chrome 151.0.7922.138,passport_complete_age_check,historical-monolithic-age-integrity,9b2a6f37c67691eab4b0cec6c35e35c520e93285,circom_groth16,circom,snarkjs-groth16-browser-wasm-workers,circom-witness-wasm,measured,4,ok,0,4448.685,12469.445,18.435,16918.345,15174.21875,1444,588352242,568828944,588352242,,input-to-proof-v1-multithread,9b2a6f37c67691eab4b0cec6c35e35c520e93285,"{""circom"":""2.2.2"",""snarkjs"":""0.7.6"",""execution_policy"":""workers""};execution_policy=multithread;threads_requested=16;threads_effective=16;witness_backend=circom_runtime_wasm_single;prover_backend=snarkjs_0.7.6_browser_wasm_workers","{""raw_evidence_sha256"":""2c88d34c11ed77b3443804513985cdcefee5ed53787a66020551b90a637e429b""}",,"Historical monolithic Passport age and integrity lane retained separately from the additional exact P1 source pair. Browser execution policy: multithread; requested threads=16, effective threads=16; witness generation remains circom_runtime_wasm_single, prover backend=snarkjs_0.7.6_browser_wasm_workers.",,,/Users/dcbuilder/Code/world/.worktrees/provekit-v1-cross-device-campaign/target/v1-benchmarks/input-to-proof/mac-chrome-multithread-16/passport_complete_age_check__mac_chrome__circom_groth16__warm_reuse.json,warm_reuse,16918.345
input-to-proof-v1-mac-multithread-16-20260812,passport_complete_age_check__mac_chrome__circom_groth16__warm_reuse-5,2026-08-12T12:33:09.060Z,macbook_m4,MacBook Pro (Apple M4 Max),26.6.1 (25G76),arm64,browser_wasm,Google Chrome 151.0.7922.138,passport_complete_age_check,historical-monolithic-age-integrity,9b2a6f37c67691eab4b0cec6c35e35c520e93285,circom_groth16,circom,snarkjs-groth16-browser-wasm-workers,circom-witness-wasm,measured,5,ok,0,4656.93,14999.81,15.19,19660.13,15174.21875,1445,588352242,568828944,588352242,,input-to-proof-v1-multithread,9b2a6f37c67691eab4b0cec6c35e35c520e93285,"{""circom"":""2.2.2"",""snarkjs"":""0.7.6"",""execution_policy"":""workers""};execution_policy=multithread;threads_requested=16;threads_effective=16;witness_backend=circom_runtime_wasm_single;prover_backend=snarkjs_0.7.6_browser_wasm_workers","{""raw_evidence_sha256"":""2c88d34c11ed77b3443804513985cdcefee5ed53787a66020551b90a637e429b""}",,"Historical monolithic Passport age and integrity lane retained separately from the additional exact P1 source pair. Browser execution policy: multithread; requested threads=16, effective threads=16; witness generation remains circom_runtime_wasm_single, prover backend=snarkjs_0.7.6_browser_wasm_workers.",,,/Users/dcbuilder/Code/world/.worktrees/provekit-v1-cross-device-campaign/target/v1-benchmarks/input-to-proof/mac-chrome-multithread-16/passport_complete_age_check__mac_chrome__circom_groth16__warm_reuse.json,warm_reuse,19660.13
input-to-proof-v1-mac-multithread-16-20260812,passport_p1__mac_chrome__provekit_v1__cold_local-0,2026-08-12T12:33:49.296Z,macbook_m4,MacBook Pro (Apple M4 Max),26.6.1 (25G76),arm64,browser_wasm,Google Chrome 151.0.7922.138,passport_age_integrity,P1-matched-monolithic-RSA4096,092621d721cfef9ff39b0787f5ba2c1f07eb6d95,provekit_v1,noir,provekit-v1-whir-wasm-workers,@noir-lang/noir_js@1.0.0-beta.11,warmup,0,ok,1622.155000001192,821.625,1708.1150000002235,91.07000000029802,4151.895000001416,887.65625,961017,2292299,2261616,14993274,294402,input-to-proof-v1-multithread,9b2a6f37c67691eab4b0cec6c35e35c520e93285,"{""provekit"":""9b2a6f37c67691eab4b0cec6c35e35c520e93285"",""noir_js"":""1.0.0-beta.11"",""execution_policy"":""workers""};execution_policy=multithread;threads_requested=16;threads_effective=16;witness_backend=single;prover_backend=provekit_v1_branch_9b2a6f_wasm_rayon_threaded","{""raw_evidence_sha256"":""08c38e5b28821c29c170216309b32db935c530da407d1e14ad069dfedbf9b08f""}",,"Matched P1 profile: monolithic RSA-4096 passport integrity, registry authorization, DG1 validity, and minimum-age assertion. Browser execution policy: multithread; requested threads=16, effective threads=16; witness generation remains single, prover backend=provekit_v1_branch_9b2a6f_wasm_rayon_threaded.",,,/Users/dcbuilder/Code/world/.worktrees/provekit-v1-cross-device-campaign/target/v1-benchmarks/input-to-proof/mac-chrome-multithread-16/passport_p1__mac_chrome__provekit_v1__cold_local.json,cold_local,4151.895000001416
input-to-proof-v1-mac-multithread-16-20260812,passport_p1__mac_chrome__provekit_v1__cold_local-1,2026-08-12T12:33:49.296Z,macbook_m4,MacBook Pro (Apple M4 Max),26.6.1 (25G76),arm64,browser_wasm,Google Chrome 151.0.7922.138,passport_age_integrity,P1-matched-monolithic-RSA4096,092621d721cfef9ff39b0787f5ba2c1f07eb6d95,provekit_v1,noir,provekit-v1-whir-wasm-workers,@noir-lang/noir_js@1.0.0-beta.11,measured,1,ok,1876.5550000015646,863.4749999996275,2735.339999999851,157,5475.370000001043,885.640625,960377,2292299,2261616,14993274,294402,input-to-proof-v1-multithread,9b2a6f37c67691eab4b0cec6c35e35c520e93285,"{""provekit"":""9b2a6f37c67691eab4b0cec6c35e35c520e93285"",""noir_js"":""1.0.0-beta.11"",""execution_policy"":""workers""};execution_policy=multithread;threads_requested=16;threads_effective=16;witness_backend=single;prover_backend=provekit_v1_branch_9b2a6f_wasm_rayon_threaded","{""raw_evidence_sha256"":""08c38e5b28821c29c170216309b32db935c530da407d1e14ad069dfedbf9b08f""}",,"Matched P1 profile: monolithic RSA-4096 passport integrity, registry authorization, DG1 validity, and minimum-age assertion. Browser execution policy: multithread; requested threads=16, effective threads=16; witness generation remains single, prover backend=provekit_v1_branch_9b2a6f_wasm_rayon_threaded.",,,/Users/dcbuilder/Code/world/.worktrees/provekit-v1-cross-device-campaign/target/v1-benchmarks/input-to-proof/mac-chrome-multithread-16/passport_p1__mac_chrome__provekit_v1__cold_local.json,cold_local,5475.370000001043
input-to-proof-v1-mac-multithread-16-20260812,passport_p1__mac_chrome__provekit_v1__cold_local-2,2026-08-12T12:33:49.296Z,macbook_m4,MacBook Pro (Apple M4 Max),26.6.1 (25G76),arm64,browser_wasm,Google Chrome 151.0.7922.138,passport_age_integrity,P1-matched-monolithic-RSA4096,092621d721cfef9ff39b0787f5ba2c1f07eb6d95,provekit_v1,noir,provekit-v1-whir-wasm-workers,@noir-lang/noir_js@1.0.0-beta.11,measured,2,ok,1978.160000000149,858.0500000007451,2795.269999999553,137.18500000052154,5631.480000000447,884.828125,962809,2292299,2261616,14993274,294402,input-to-proof-v1-multithread,9b2a6f37c67691eab4b0cec6c35e35c520e93285,"{""provekit"":""9b2a6f37c67691eab4b0cec6c35e35c520e93285"",""noir_js"":""1.0.0-beta.11"",""execution_policy"":""workers""};execution_policy=multithread;threads_requested=16;threads_effective=16;witness_backend=single;prover_backend=provekit_v1_branch_9b2a6f_wasm_rayon_threaded","{""raw_evidence_sha256"":""08c38e5b28821c29c170216309b32db935c530da407d1e14ad069dfedbf9b08f""}",,"Matched P1 profile: monolithic RSA-4096 passport integrity, registry authorization, DG1 validity, and minimum-age assertion. Browser execution policy: multithread; requested threads=16, effective threads=16; witness generation remains single, prover backend=provekit_v1_branch_9b2a6f_wasm_rayon_threaded.",,,/Users/dcbuilder/Code/world/.worktrees/provekit-v1-cross-device-campaign/target/v1-benchmarks/input-to-proof/mac-chrome-multithread-16/passport_p1__mac_chrome__provekit_v1__cold_local.json,cold_local,5631.480000000447
input-to-proof-v1-mac-multithread-16-20260812,passport_p1__mac_chrome__provekit_v1__cold_local-3,2026-08-12T12:33:49.296Z,macbook_m4,MacBook Pro (Apple M4 Max),26.6.1 (25G76),arm64,browser_wasm,Google Chrome 151.0.7922.138,passport_age_integrity,P1-matched-monolithic-RSA4096,092621d721cfef9ff39b0787f5ba2c1f07eb6d95,provekit_v1,noir,provekit-v1-whir-wasm-workers,@noir-lang/noir_js@1.0.0-beta.11,measured,3,ok,2322.0200000014156,924.875,2671.699999999255,130.57499999925494,5918.595000000671,885.421875,960721,2292299,2261616,14993274,294402,input-to-proof-v1-multithread,9b2a6f37c67691eab4b0cec6c35e35c520e93285,"{""provekit"":""9b2a6f37c67691eab4b0cec6c35e35c520e93285"",""noir_js"":""1.0.0-beta.11"",""execution_policy"":""workers""};execution_policy=multithread;threads_requested=16;threads_effective=16;witness_backend=single;prover_backend=provekit_v1_branch_9b2a6f_wasm_rayon_threaded","{""raw_evidence_sha256"":""08c38e5b28821c29c170216309b32db935c530da407d1e14ad069dfedbf9b08f""}",,"Matched P1 profile: monolithic RSA-4096 passport integrity, registry authorization, DG1 validity, and minimum-age assertion. Browser execution policy: multithread; requested threads=16, effective threads=16; witness generation remains single, prover backend=provekit_v1_branch_9b2a6f_wasm_rayon_threaded.",,,/Users/dcbuilder/Code/world/.worktrees/provekit-v1-cross-device-campaign/target/v1-benchmarks/input-to-proof/mac-chrome-multithread-16/passport_p1__mac_chrome__provekit_v1__cold_local.json,cold_local,5918.595000000671
input-to-proof-v1-mac-multithread-16-20260812,passport_p1__mac_chrome__provekit_v1__cold_local-4,2026-08-12T12:33:49.296Z,macbook_m4,MacBook Pro (Apple M4 Max),26.6.1 (25G76),arm64,browser_wasm,Google Chrome 151.0.7922.138,passport_age_integrity,P1-matched-monolithic-RSA4096,092621d721cfef9ff39b0787f5ba2c1f07eb6d95,provekit_v1,noir,provekit-v1-whir-wasm-workers,@noir-lang/noir_js@1.0.0-beta.11,measured,4,ok,1575.8499999996275,789.035000000149,2135.5200000014156,103.67999999970198,4500.405000001192,886.015625,960549,2292299,2261616,14993274,294402,input-to-proof-v1-multithread,9b2a6f37c67691eab4b0cec6c35e35c520e93285,"{""provekit"":""9b2a6f37c67691eab4b0cec6c35e35c520e93285"",""noir_js"":""1.0.0-beta.11"",""execution_policy"":""workers""};execution_policy=multithread;threads_requested=16;threads_effective=16;witness_backend=single;prover_backend=provekit_v1_branch_9b2a6f_wasm_rayon_threaded","{""raw_evidence_sha256"":""08c38e5b28821c29c170216309b32db935c530da407d1e14ad069dfedbf9b08f""}",,"Matched P1 profile: monolithic RSA-4096 passport integrity, registry authorization, DG1 validity, and minimum-age assertion. Browser execution policy: multithread; requested threads=16, effective threads=16; witness generation remains single, prover backend=provekit_v1_branch_9b2a6f_wasm_rayon_threaded.",,,/Users/dcbuilder/Code/world/.worktrees/provekit-v1-cross-device-campaign/target/v1-benchmarks/input-to-proof/mac-chrome-multithread-16/passport_p1__mac_chrome__provekit_v1__cold_local.json,cold_local,4500.405000001192
input-to-proof-v1-mac-multithread-16-20260812,passport_p1__mac_chrome__provekit_v1__cold_local-5,2026-08-12T12:33:49.296Z,macbook_m4,MacBook Pro (Apple M4 Max),26.6.1 (25G76),arm64,browser_wasm,Google Chrome 151.0.7922.138,passport_age_integrity,P1-matched-monolithic-RSA4096,092621d721cfef9ff39b0787f5ba2c1f07eb6d95,provekit_v1,noir,provekit-v1-whir-wasm-workers,@noir-lang/noir_js@1.0.0-beta.11,measured,5,ok,1558.5550000015646,790.3249999992549,2642.1199999991804,177.17999999970198,4991,881.140625,963833,2292299,2261616,14993274,294402,input-to-proof-v1-multithread,9b2a6f37c67691eab4b0cec6c35e35c520e93285,"{""provekit"":""9b2a6f37c67691eab4b0cec6c35e35c520e93285"",""noir_js"":""1.0.0-beta.11"",""execution_policy"":""workers""};execution_policy=multithread;threads_requested=16;threads_effective=16;witness_backend=single;prover_backend=provekit_v1_branch_9b2a6f_wasm_rayon_threaded","{""raw_evidence_sha256"":""08c38e5b28821c29c170216309b32db935c530da407d1e14ad069dfedbf9b08f""}",,"Matched P1 profile: monolithic RSA-4096 passport integrity, registry authorization, DG1 validity, and minimum-age assertion. Browser execution policy: multithread; requested threads=16, effective threads=16; witness generation remains single, prover backend=provekit_v1_branch_9b2a6f_wasm_rayon_threaded.",,,/Users/dcbuilder/Code/world/.worktrees/provekit-v1-cross-device-campaign/target/v1-benchmarks/input-to-proof/mac-chrome-multithread-16/passport_p1__mac_chrome__provekit_v1__cold_local.json,cold_local,4991
input-to-proof-v1-mac-multithread-16-20260812,passport_p1__mac_chrome__provekit_v1__warm_reuse-0,2026-08-12T12:34:35.034Z,macbook_m4,MacBook Pro (Apple M4 Max),26.6.1 (25G76),arm64,browser_wasm,Google Chrome 151.0.7922.138,passport_age_integrity,P1-matched-monolithic-RSA4096,092621d721cfef9ff39b0787f5ba2c1f07eb6d95,provekit_v1,noir,provekit-v1-whir-wasm-workers,@noir-lang/noir_js@1.0.0-beta.11,warmup,0,ok,554.570000000298,791.8149999994785,2604.7599999997765,100.02500000037253,3951.1500000003725,1033.078125,962085,2292299,2261616,14993274,294402,input-to-proof-v1-multithread,9b2a6f37c67691eab4b0cec6c35e35c520e93285,"{""provekit"":""9b2a6f37c67691eab4b0cec6c35e35c520e93285"",""noir_js"":""1.0.0-beta.11"",""execution_policy"":""workers""};execution_policy=multithread;threads_requested=16;threads_effective=16;witness_backend=single;prover_backend=provekit_v1_branch_9b2a6f_wasm_rayon_threaded","{""raw_evidence_sha256"":""d4e17833dc9485d6bd1c864a87def556d7b302334f349581f1d7ab7a1d51fd23""}",,"Matched P1 profile: monolithic RSA-4096 passport integrity, registry authorization, DG1 validity, and minimum-age assertion. Browser execution policy: multithread; requested threads=16, effective threads=16; witness generation remains single, prover backend=provekit_v1_branch_9b2a6f_wasm_rayon_threaded.",,,/Users/dcbuilder/Code/world/.worktrees/provekit-v1-cross-device-campaign/target/v1-benchmarks/input-to-proof/mac-chrome-multithread-16/passport_p1__mac_chrome__provekit_v1__warm_reuse.json,warm_reuse,3951.1500000003725
input-to-proof-v1-mac-multithread-16-20260812,passport_p1__mac_chrome__provekit_v1__warm_reuse-1,2026-08-12T12:34:35.034Z,macbook_m4,MacBook Pro (Apple M4 Max),26.6.1 (25G76),arm64,browser_wasm,Google Chrome 151.0.7922.138,passport_age_integrity,P1-matched-monolithic-RSA4096,092621d721cfef9ff39b0787f5ba2c1f07eb6d95,provekit_v1,noir,provekit-v1-whir-wasm-workers,@noir-lang/noir_js@1.0.0-beta.11,measured,1,ok,627.5750000011176,641.9700000006706,1930.6199999991804,89.50499999895692,3200.1699999999255,1033.078125,967377,2292299,2261616,14993274,294402,input-to-proof-v1-multithread,9b2a6f37c67691eab4b0cec6c35e35c520e93285,"{""provekit"":""9b2a6f37c67691eab4b0cec6c35e35c520e93285"",""noir_js"":""1.0.0-beta.11"",""execution_policy"":""workers""};execution_policy=multithread;threads_requested=16;threads_effective=16;witness_backend=single;prover_backend=provekit_v1_branch_9b2a6f_wasm_rayon_threaded","{""raw_evidence_sha256"":""d4e17833dc9485d6bd1c864a87def556d7b302334f349581f1d7ab7a1d51fd23""}",,"Matched P1 profile: monolithic RSA-4096 passport integrity, registry authorization, DG1 validity, and minimum-age assertion. Browser execution policy: multithread; requested threads=16, effective threads=16; witness generation remains single, prover backend=provekit_v1_branch_9b2a6f_wasm_rayon_threaded.",,,/Users/dcbuilder/Code/world/.worktrees/provekit-v1-cross-device-campaign/target/v1-benchmarks/input-to-proof/mac-chrome-multithread-16/passport_p1__mac_chrome__provekit_v1__warm_reuse.json,warm_reuse,3200.1699999999255
input-to-proof-v1-mac-multithread-16-20260812,passport_p1__mac_chrome__provekit_v1__warm_reuse-2,2026-08-12T12:34:35.034Z,macbook_m4,MacBook Pro (Apple M4 Max),26.6.1 (25G76),arm64,browser_wasm,Google Chrome 151.0.7922.138,passport_age_integrity,P1-matched-monolithic-RSA4096,092621d721cfef9ff39b0787f5ba2c1f07eb6d95,provekit_v1,noir,provekit-v1-whir-wasm-workers,@noir-lang/noir_js@1.0.0-beta.11,measured,2,ok,622.910000000149,638.0800000000745,1897.769999999553,122.30000000074506,3158.765000000596,1033.078125,965157,2292299,2261616,14993274,294402,input-to-proof-v1-multithread,9b2a6f37c67691eab4b0cec6c35e35c520e93285,"{""provekit"":""9b2a6f37c67691eab4b0cec6c35e35c520e93285"",""noir_js"":""1.0.0-beta.11"",""execution_policy"":""workers""};execution_policy=multithread;threads_requested=16;threads_effective=16;witness_backend=single;prover_backend=provekit_v1_branch_9b2a6f_wasm_rayon_threaded","{""raw_evidence_sha256"":""d4e17833dc9485d6bd1c864a87def556d7b302334f349581f1d7ab7a1d51fd23""}",,"Matched P1 profile: monolithic RSA-4096 passport integrity, registry authorization, DG1 validity, and minimum-age assertion. Browser execution policy: multithread; requested threads=16, effective threads=16; witness generation remains single, prover backend=provekit_v1_branch_9b2a6f_wasm_rayon_threaded.",,,/Users/dcbuilder/Code/world/.worktrees/provekit-v1-cross-device-campaign/target/v1-benchmarks/input-to-proof/mac-chrome-multithread-16/passport_p1__mac_chrome__provekit_v1__warm_reuse.json,warm_reuse,3158.765000000596
input-to-proof-v1-mac-multithread-16-20260812,passport_p1__mac_chrome__provekit_v1__warm_reuse-3,2026-08-12T12:34:35.034Z,macbook_m4,MacBook Pro (Apple M4 Max),26.6.1 (25G76),arm64,browser_wasm,Google Chrome 151.0.7922.138,passport_age_integrity,P1-matched-monolithic-RSA4096,092621d721cfef9ff39b0787f5ba2c1f07eb6d95,provekit_v1,noir,provekit-v1-whir-wasm-workers,@noir-lang/noir_js@1.0.0-beta.11,measured,3,ok,709.3000000007451,696.6549999993294,2027.339999999851,88.50500000081956,3433.2949999999255,1033.078125,967121,2292299,2261616,14993274,294402,input-to-proof-v1-multithread,9b2a6f37c67691eab4b0cec6c35e35c520e93285,"{""provekit"":""9b2a6f37c67691eab4b0cec6c35e35c520e93285"",""noir_js"":""1.0.0-beta.11"",""execution_policy"":""workers""};execution_policy=multithread;threads_requested=16;threads_effective=16;witness_backend=single;prover_backend=provekit_v1_branch_9b2a6f_wasm_rayon_threaded","{""raw_evidence_sha256"":""d4e17833dc9485d6bd1c864a87def556d7b302334f349581f1d7ab7a1d51fd23""}",,"Matched P1 profile: monolithic RSA-4096 passport integrity, registry authorization, DG1 validity, and minimum-age assertion. Browser execution policy: multithread; requested threads=16, effective threads=16; witness generation remains single, prover backend=provekit_v1_branch_9b2a6f_wasm_rayon_threaded.",,,/Users/dcbuilder/Code/world/.worktrees/provekit-v1-cross-device-campaign/target/v1-benchmarks/input-to-proof/mac-chrome-multithread-16/passport_p1__mac_chrome__provekit_v1__warm_reuse.json,warm_reuse,3433.2949999999255
input-to-proof-v1-mac-multithread-16-20260812,passport_p1__mac_chrome__provekit_v1__warm_reuse-4,2026-08-12T12:34:35.034Z,macbook_m4,MacBook Pro (Apple M4 Max),26.6.1 (25G76),arm64,browser_wasm,Google Chrome 151.0.7922.138,passport_age_integrity,P1-matched-monolithic-RSA4096,092621d721cfef9ff39b0787f5ba2c1f07eb6d95,provekit_v1,noir,provekit-v1-whir-wasm-workers,@noir-lang/noir_js@1.0.0-beta.11,measured,4,ok,629.6500000003725,626.6699999999255,1691.1150000002235,87.52999999932945,2947.4350000005215,1033.078125,960081,2292299,2261616,14993274,294402,input-to-proof-v1-multithread,9b2a6f37c67691eab4b0cec6c35e35c520e93285,"{""provekit"":""9b2a6f37c67691eab4b0cec6c35e35c520e93285"",""noir_js"":""1.0.0-beta.11"",""execution_policy"":""workers""};execution_policy=multithread;threads_requested=16;threads_effective=16;witness_backend=single;prover_backend=provekit_v1_branch_9b2a6f_wasm_rayon_threaded","{""raw_evidence_sha256"":""d4e17833dc9485d6bd1c864a87def556d7b302334f349581f1d7ab7a1d51fd23""}",,"Matched P1 profile: monolithic RSA-4096 passport integrity, registry authorization, DG1 validity, and minimum-age assertion. Browser execution policy: multithread; requested threads=16, effective threads=16; witness generation remains single, prover backend=provekit_v1_branch_9b2a6f_wasm_rayon_threaded.",,,/Users/dcbuilder/Code/world/.worktrees/provekit-v1-cross-device-campaign/target/v1-benchmarks/input-to-proof/mac-chrome-multithread-16/passport_p1__mac_chrome__provekit_v1__warm_reuse.json,warm_reuse,2947.4350000005215
input-to-proof-v1-mac-multithread-16-20260812,passport_p1__mac_chrome__provekit_v1__warm_reuse-5,2026-08-12T12:34:35.034Z,macbook_m4,MacBook Pro (Apple M4 Max),26.6.1 (25G76),arm64,browser_wasm,Google Chrome 151.0.7922.138,passport_age_integrity,P1-matched-monolithic-RSA4096,092621d721cfef9ff39b0787f5ba2c1f07eb6d95,provekit_v1,noir,provekit-v1-whir-wasm-workers,@noir-lang/noir_js@1.0.0-beta.11,measured,5,ok,621.5750000011176,626.6300000008196,1825.390000000596,82.08499999903142,3073.605000000447,1033.078125,960165,2292299,2261616,14993274,294402,input-to-proof-v1-multithread,9b2a6f37c67691eab4b0cec6c35e35c520e93285,"{""provekit"":""9b2a6f37c67691eab4b0cec6c35e35c520e93285"",""noir_js"":""1.0.0-beta.11"",""execution_policy"":""workers""};execution_policy=multithread;threads_requested=16;threads_effective=16;witness_backend=single;prover_backend=provekit_v1_branch_9b2a6f_wasm_rayon_threaded","{""raw_evidence_sha256"":""d4e17833dc9485d6bd1c864a87def556d7b302334f349581f1d7ab7a1d51fd23""}",,"Matched P1 profile: monolithic RSA-4096 passport integrity, registry authorization, DG1 validity, and minimum-age assertion. Browser execution policy: multithread; requested threads=16, effective threads=16; witness generation remains single, prover backend=provekit_v1_branch_9b2a6f_wasm_rayon_threaded.",,,/Users/dcbuilder/Code/world/.worktrees/provekit-v1-cross-device-campaign/target/v1-benchmarks/input-to-proof/mac-chrome-multithread-16/passport_p1__mac_chrome__provekit_v1__warm_reuse.json,warm_reuse,3073.605000000447
input-to-proof-v1-mac-multithread-16-20260812,passport_p1__mac_chrome__noir_barretenberg__cold_local-0,2026-08-12T12:35:19.884Z,macbook_m4,MacBook Pro (Apple M4 Max),26.6.1 (25G76),arm64,browser_wasm,Google Chrome 151.0.7922.138,passport_age_integrity,P1-matched-monolithic-RSA4096,092621d721cfef9ff39b0787f5ba2c1f07eb6d95,noir_barretenberg,noir,barretenberg-ultrahonk-wasm-workers,@noir-lang/noir_js@1.0.0-beta.19,warmup,0,ok,2916.98,552.065,2213.25,702.77,5682.295,1430.578125,16000,74595035,74564360,74595035,,input-to-proof-v1-multithread,092621d721cfef9ff39b0787f5ba2c1f07eb6d95,"{""bb_js"":""4.2.0-aztecnr-rc.2"",""noir_js"":""1.0.0-beta.19"",""execution_policy"":""workers""};execution_policy=multithread;threads_requested=32;threads_effective=16;witness_backend=single;prover_backend=barretenberg_4.2.0-aztecnr-rc.2_wasm_workers","{""raw_evidence_sha256"":""46724fd127966c508a3e0bb63ac55da8c43b3d64a62f26f6ae869d136fa2f67d""}",,"Matched P1 profile: monolithic RSA-4096 passport integrity, registry authorization, DG1 validity, and minimum-age assertion. Browser execution policy: multithread; requested threads=32, effective threads=16; witness generation remains single, prover backend=barretenberg_4.2.0-aztecnr-rc.2_wasm_workers.",,,/Users/dcbuilder/Code/world/.worktrees/provekit-v1-cross-device-campaign/target/v1-benchmarks/input-to-proof/mac-chrome-multithread-16/passport_p1__mac_chrome__noir_barretenberg__cold_local.json,cold_local,5682.295
input-to-proof-v1-mac-multithread-16-20260812,passport_p1__mac_chrome__noir_barretenberg__cold_local-1,2026-08-12T12:35:19.884Z,macbook_m4,MacBook Pro (Apple M4 Max),26.6.1 (25G76),arm64,browser_wasm,Google Chrome 151.0.7922.138,passport_age_integrity,P1-matched-monolithic-RSA4096,092621d721cfef9ff39b0787f5ba2c1f07eb6d95,noir_barretenberg,noir,barretenberg-ultrahonk-wasm-workers,@noir-lang/noir_js@1.0.0-beta.19,measured,1,ok,2141.505,536.83,2088.175,668.555,4766.51,1403.203125,16000,74595035,74564360,74595035,,input-to-proof-v1-multithread,092621d721cfef9ff39b0787f5ba2c1f07eb6d95,"{""bb_js"":""4.2.0-aztecnr-rc.2"",""noir_js"":""1.0.0-beta.19"",""execution_policy"":""workers""};execution_policy=multithread;threads_requested=32;threads_effective=16;witness_backend=single;prover_backend=barretenberg_4.2.0-aztecnr-rc.2_wasm_workers","{""raw_evidence_sha256"":""46724fd127966c508a3e0bb63ac55da8c43b3d64a62f26f6ae869d136fa2f67d""}",,"Matched P1 profile: monolithic RSA-4096 passport integrity, registry authorization, DG1 validity, and minimum-age assertion. Browser execution policy: multithread; requested threads=32, effective threads=16; witness generation remains single, prover backend=barretenberg_4.2.0-aztecnr-rc.2_wasm_workers.",,,/Users/dcbuilder/Code/world/.worktrees/provekit-v1-cross-device-campaign/target/v1-benchmarks/input-to-proof/mac-chrome-multithread-16/passport_p1__mac_chrome__noir_barretenberg__cold_local.json,cold_local,4766.51
input-to-proof-v1-mac-multithread-16-20260812,passport_p1__mac_chrome__noir_barretenberg__cold_local-2,2026-08-12T12:35:19.884Z,macbook_m4,MacBook Pro (Apple M4 Max),26.6.1 (25G76),arm64,browser_wasm,Google Chrome 151.0.7922.138,passport_age_integrity,P1-matched-monolithic-RSA4096,092621d721cfef9ff39b0787f5ba2c1f07eb6d95,noir_barretenberg,noir,barretenberg-ultrahonk-wasm-workers,@noir-lang/noir_js@1.0.0-beta.19,measured,2,ok,2354.715,535.86,2067.005,660.255,4957.58,1403.03125,16000,74595035,74564360,74595035,,input-to-proof-v1-multithread,092621d721cfef9ff39b0787f5ba2c1f07eb6d95,"{""bb_js"":""4.2.0-aztecnr-rc.2"",""noir_js"":""1.0.0-beta.19"",""execution_policy"":""workers""};execution_policy=multithread;threads_requested=32;threads_effective=16;witness_backend=single;prover_backend=barretenberg_4.2.0-aztecnr-rc.2_wasm_workers","{""raw_evidence_sha256"":""46724fd127966c508a3e0bb63ac55da8c43b3d64a62f26f6ae869d136fa2f67d""}",,"Matched P1 profile: monolithic RSA-4096 passport integrity, registry authorization, DG1 validity, and minimum-age assertion. Browser execution policy: multithread; requested threads=32, effective threads=16; witness generation remains single, prover backend=barretenberg_4.2.0-aztecnr-rc.2_wasm_workers.",,,/Users/dcbuilder/Code/world/.worktrees/provekit-v1-cross-device-campaign/target/v1-benchmarks/input-to-proof/mac-chrome-multithread-16/passport_p1__mac_chrome__noir_barretenberg__cold_local.json,cold_local,4957.58
input-to-proof-v1-mac-multithread-16-20260812,passport_p1__mac_chrome__noir_barretenberg__cold_local-3,2026-08-12T12:35:19.884Z,macbook_m4,MacBook Pro (Apple M4 Max),26.6.1 (25G76),arm64,browser_wasm,Google Chrome 151.0.7922.138,passport_age_integrity,P1-matched-monolithic-RSA4096,092621d721cfef9ff39b0787f5ba2c1f07eb6d95,noir_barretenberg,noir,barretenberg-ultrahonk-wasm-workers,@noir-lang/noir_js@1.0.0-beta.19,measured,3,ok,2234.14,544.745,2088.39,659.525,4867.275,1400.828125,16000,74595035,74564360,74595035,,input-to-proof-v1-multithread,092621d721cfef9ff39b0787f5ba2c1f07eb6d95,"{""bb_js"":""4.2.0-aztecnr-rc.2"",""noir_js"":""1.0.0-beta.19"",""execution_policy"":""workers""};execution_policy=multithread;threads_requested=32;threads_effective=16;witness_backend=single;prover_backend=barretenberg_4.2.0-aztecnr-rc.2_wasm_workers","{""raw_evidence_sha256"":""46724fd127966c508a3e0bb63ac55da8c43b3d64a62f26f6ae869d136fa2f67d""}",,"Matched P1 profile: monolithic RSA-4096 passport integrity, registry authorization, DG1 validity, and minimum-age assertion. Browser execution policy: multithread; requested threads=32, effective threads=16; witness generation remains single, prover backend=barretenberg_4.2.0-aztecnr-rc.2_wasm_workers.",,,/Users/dcbuilder/Code/world/.worktrees/provekit-v1-cross-device-campaign/target/v1-benchmarks/input-to-proof/mac-chrome-multithread-16/passport_p1__mac_chrome__noir_barretenberg__cold_local.json,cold_local,4867.275
input-to-proof-v1-mac-multithread-16-20260812,passport_p1__mac_chrome__noir_barretenberg__cold_local-4,2026-08-12T12:35:19.884Z,macbook_m4,MacBook Pro (Apple M4 Max),26.6.1 (25G76),arm64,browser_wasm,Google Chrome 151.0.7922.138,passport_age_integrity,P1-matched-monolithic-RSA4096,092621d721cfef9ff39b0787f5ba2c1f07eb6d95,noir_barretenberg,noir,barretenberg-ultrahonk-wasm-workers,@noir-lang/noir_js@1.0.0-beta.19,measured,4,ok,2889.57,544.465,2114.875,660.43,5548.91,1402.609375,16000,74595035,74564360,74595035,,input-to-proof-v1-multithread,092621d721cfef9ff39b0787f5ba2c1f07eb6d95,"{""bb_js"":""4.2.0-aztecnr-rc.2"",""noir_js"":""1.0.0-beta.19"",""execution_policy"":""workers""};execution_policy=multithread;threads_requested=32;threads_effective=16;witness_backend=single;prover_backend=barretenberg_4.2.0-aztecnr-rc.2_wasm_workers","{""raw_evidence_sha256"":""46724fd127966c508a3e0bb63ac55da8c43b3d64a62f26f6ae869d136fa2f67d""}",,"Matched P1 profile: monolithic RSA-4096 passport integrity, registry authorization, DG1 validity, and minimum-age assertion. Browser execution policy: multithread; requested threads=32, effective threads=16; witness generation remains single, prover backend=barretenberg_4.2.0-aztecnr-rc.2_wasm_workers.",,,/Users/dcbuilder/Code/world/.worktrees/provekit-v1-cross-device-campaign/target/v1-benchmarks/input-to-proof/mac-chrome-multithread-16/passport_p1__mac_chrome__noir_barretenberg__cold_local.json,cold_local,5548.91
input-to-proof-v1-mac-multithread-16-20260812,passport_p1__mac_chrome__noir_barretenberg__cold_local-5,2026-08-12T12:35:19.884Z,macbook_m4,MacBook Pro (Apple M4 Max),26.6.1 (25G76),arm64,browser_wasm,Google Chrome 151.0.7922.138,passport_age_integrity,P1-matched-monolithic-RSA4096,092621d721cfef9ff39b0787f5ba2c1f07eb6d95,noir_barretenberg,noir,barretenberg-ultrahonk-wasm-workers,@noir-lang/noir_js@1.0.0-beta.19,measured,5,ok,2350.105,540.185,2061.27,666.545,4951.56,1428.515625,16000,74595035,74564360,74595035,,input-to-proof-v1-multithread,092621d721cfef9ff39b0787f5ba2c1f07eb6d95,"{""bb_js"":""4.2.0-aztecnr-rc.2"",""noir_js"":""1.0.0-beta.19"",""execution_policy"":""workers""};execution_policy=multithread;threads_requested=32;threads_effective=16;witness_backend=single;prover_backend=barretenberg_4.2.0-aztecnr-rc.2_wasm_workers","{""raw_evidence_sha256"":""46724fd127966c508a3e0bb63ac55da8c43b3d64a62f26f6ae869d136fa2f67d""}",,"Matched P1 profile: monolithic RSA-4096 passport integrity, registry authorization, DG1 validity, and minimum-age assertion. Browser execution policy: multithread; requested threads=32, effective threads=16; witness generation remains single, prover backend=barretenberg_4.2.0-aztecnr-rc.2_wasm_workers.",,,/Users/dcbuilder/Code/world/.worktrees/provekit-v1-cross-device-campaign/target/v1-benchmarks/input-to-proof/mac-chrome-multithread-16/passport_p1__mac_chrome__noir_barretenberg__cold_local.json,cold_local,4951.56
input-to-proof-v1-mac-multithread-16-20260812,passport_p1__mac_chrome__noir_barretenberg__warm_reuse-0,2026-08-12T12:36:05.736Z,macbook_m4,MacBook Pro (Apple M4 Max),26.6.1 (25G76),arm64,browser_wasm,Google Chrome 151.0.7922.138,passport_age_integrity,P1-matched-monolithic-RSA4096,092621d721cfef9ff39b0787f5ba2c1f07eb6d95,noir_barretenberg,noir,barretenberg-ultrahonk-wasm-workers,@noir-lang/noir_js@1.0.0-beta.19,warmup,0,ok,0,423.71,1908.505,0,2332.245,1687.953125,16000,74595035,74564360,74595035,,input-to-proof-v1-multithread,092621d721cfef9ff39b0787f5ba2c1f07eb6d95,"{""bb_js"":""4.2.0-aztecnr-rc.2"",""noir_js"":""1.0.0-beta.19"",""execution_policy"":""workers""};execution_policy=multithread;threads_requested=32;threads_effective=16;witness_backend=single;prover_backend=barretenberg_4.2.0-aztecnr-rc.2_wasm_workers","{""raw_evidence_sha256"":""2d9c847a62d785f666141b2d65ecc7e3475ffe5643a7036ddbfd6602fcdc990f""}",,"Matched P1 profile: monolithic RSA-4096 passport integrity, registry authorization, DG1 validity, and minimum-age assertion. Browser execution policy: multithread; requested threads=32, effective threads=16; witness generation remains single, prover backend=barretenberg_4.2.0-aztecnr-rc.2_wasm_workers.",,,/Users/dcbuilder/Code/world/.worktrees/provekit-v1-cross-device-campaign/target/v1-benchmarks/input-to-proof/mac-chrome-multithread-16/passport_p1__mac_chrome__noir_barretenberg__warm_reuse.json,warm_reuse,2332.245
input-to-proof-v1-mac-multithread-16-20260812,passport_p1__mac_chrome__noir_barretenberg__warm_reuse-1,2026-08-12T12:36:05.736Z,macbook_m4,MacBook Pro (Apple M4 Max),26.6.1 (25G76),arm64,browser_wasm,Google Chrome 151.0.7922.138,passport_age_integrity,P1-matched-monolithic-RSA4096,092621d721cfef9ff39b0787f5ba2c1f07eb6d95,noir_barretenberg,noir,barretenberg-ultrahonk-wasm-workers,@noir-lang/noir_js@1.0.0-beta.19,measured,1,ok,0,420.66,1922.74,0,2343.43,1687.953125,16000,74595035,74564360,74595035,,input-to-proof-v1-multithread,092621d721cfef9ff39b0787f5ba2c1f07eb6d95,"{""bb_js"":""4.2.0-aztecnr-rc.2"",""noir_js"":""1.0.0-beta.19"",""execution_policy"":""workers""};execution_policy=multithread;threads_requested=32;threads_effective=16;witness_backend=single;prover_backend=barretenberg_4.2.0-aztecnr-rc.2_wasm_workers","{""raw_evidence_sha256"":""2d9c847a62d785f666141b2d65ecc7e3475ffe5643a7036ddbfd6602fcdc990f""}",,"Matched P1 profile: monolithic RSA-4096 passport integrity, registry authorization, DG1 validity, and minimum-age assertion. Browser execution policy: multithread; requested threads=32, effective threads=16; witness generation remains single, prover backend=barretenberg_4.2.0-aztecnr-rc.2_wasm_workers.",,,/Users/dcbuilder/Code/world/.worktrees/provekit-v1-cross-device-campaign/target/v1-benchmarks/input-to-proof/mac-chrome-multithread-16/passport_p1__mac_chrome__noir_barretenberg__warm_reuse.json,warm_reuse,2343.43
input-to-proof-v1-mac-multithread-16-20260812,passport_p1__mac_chrome__noir_barretenberg__warm_reuse-2,2026-08-12T12:36:05.736Z,macbook_m4,MacBook Pro (Apple M4 Max),26.6.1 (25G76),arm64,browser_wasm,Google Chrome 151.0.7922.138,passport_age_integrity,P1-matched-monolithic-RSA4096,092621d721cfef9ff39b0787f5ba2c1f07eb6d95,noir_barretenberg,noir,barretenberg-ultrahonk-wasm-workers,@noir-lang/noir_js@1.0.0-beta.19,measured,2,ok,0,421.22,1889.3,0,2310.545,1687.953125,16000,74595035,74564360,74595035,,input-to-proof-v1-multithread,092621d721cfef9ff39b0787f5ba2c1f07eb6d95,"{""bb_js"":""4.2.0-aztecnr-rc.2"",""noir_js"":""1.0.0-beta.19"",""execution_policy"":""workers""};execution_policy=multithread;threads_requested=32;threads_effective=16;witness_backend=single;prover_backend=barretenberg_4.2.0-aztecnr-rc.2_wasm_workers","{""raw_evidence_sha256"":""2d9c847a62d785f666141b2d65ecc7e3475ffe5643a7036ddbfd6602fcdc990f""}",,"Matched P1 profile: monolithic RSA-4096 passport integrity, registry authorization, DG1 validity, and minimum-age assertion. Browser execution policy: multithread; requested threads=32, effective threads=16; witness generation remains single, prover backend=barretenberg_4.2.0-aztecnr-rc.2_wasm_workers.",,,/Users/dcbuilder/Code/world/.worktrees/provekit-v1-cross-device-campaign/target/v1-benchmarks/input-to-proof/mac-chrome-multithread-16/passport_p1__mac_chrome__noir_barretenberg__warm_reuse.json,warm_reuse,2310.545
input-to-proof-v1-mac-multithread-16-20260812,passport_p1__mac_chrome__noir_barretenberg__warm_reuse-3,2026-08-12T12:36:05.736Z,macbook_m4,MacBook Pro (Apple M4 Max),26.6.1 (25G76),arm64,browser_wasm,Google Chrome 151.0.7922.138,passport_age_integrity,P1-matched-monolithic-RSA4096,092621d721cfef9ff39b0787f5ba2c1f07eb6d95,noir_barretenberg,noir,barretenberg-ultrahonk-wasm-workers,@noir-lang/noir_js@1.0.0-beta.19,measured,3,ok,0,422.685,1893.075,0,2315.79,1687.953125,16000,74595035,74564360,74595035,,input-to-proof-v1-multithread,092621d721cfef9ff39b0787f5ba2c1f07eb6d95,"{""bb_js"":""4.2.0-aztecnr-rc.2"",""noir_js"":""1.0.0-beta.19"",""execution_policy"":""workers""};execution_policy=multithread;threads_requested=32;threads_effective=16;witness_backend=single;prover_backend=barretenberg_4.2.0-aztecnr-rc.2_wasm_workers","{""raw_evidence_sha256"":""2d9c847a62d785f666141b2d65ecc7e3475ffe5643a7036ddbfd6602fcdc990f""}",,"Matched P1 profile: monolithic RSA-4096 passport integrity, registry authorization, DG1 validity, and minimum-age assertion. Browser execution policy: multithread; requested threads=32, effective threads=16; witness generation remains single, prover backend=barretenberg_4.2.0-aztecnr-rc.2_wasm_workers.",,,/Users/dcbuilder/Code/world/.worktrees/provekit-v1-cross-device-campaign/target/v1-benchmarks/input-to-proof/mac-chrome-multithread-16/passport_p1__mac_chrome__noir_barretenberg__warm_reuse.json,warm_reuse,2315.79
input-to-proof-v1-mac-multithread-16-20260812,passport_p1__mac_chrome__noir_barretenberg__warm_reuse-4,2026-08-12T12:36:05.736Z,macbook_m4,MacBook Pro (Apple M4 Max),26.6.1 (25G76),arm64,browser_wasm,Google Chrome 151.0.7922.138,passport_age_integrity,P1-matched-monolithic-RSA4096,092621d721cfef9ff39b0787f5ba2c1f07eb6d95,noir_barretenberg,noir,barretenberg-ultrahonk-wasm-workers,@noir-lang/noir_js@1.0.0-beta.19,measured,4,ok,0,422.365,1914.91,0,2337.32,1687.953125,16000,74595035,74564360,74595035,,input-to-proof-v1-multithread,092621d721cfef9ff39b0787f5ba2c1f07eb6d95,"{""bb_js"":""4.2.0-aztecnr-rc.2"",""noir_js"":""1.0.0-beta.19"",""execution_policy"":""workers""};execution_policy=multithread;threads_requested=32;threads_effective=16;witness_backend=single;prover_backend=barretenberg_4.2.0-aztecnr-rc.2_wasm_workers","{""raw_evidence_sha256"":""2d9c847a62d785f666141b2d65ecc7e3475ffe5643a7036ddbfd6602fcdc990f""}",,"Matched P1 profile: monolithic RSA-4096 passport integrity, registry authorization, DG1 validity, and minimum-age assertion. Browser execution policy: multithread; requested threads=32, effective threads=16; witness generation remains single, prover backend=barretenberg_4.2.0-aztecnr-rc.2_wasm_workers.",,,/Users/dcbuilder/Code/world/.worktrees/provekit-v1-cross-device-campaign/target/v1-benchmarks/input-to-proof/mac-chrome-multithread-16/passport_p1__mac_chrome__noir_barretenberg__warm_reuse.json,warm_reuse,2337.32
input-to-proof-v1-mac-multithread-16-20260812,passport_p1__mac_chrome__noir_barretenberg__warm_reuse-5,2026-08-12T12:36:05.736Z,macbook_m4,MacBook Pro (Apple M4 Max),26.6.1 (25G76),arm64,browser_wasm,Google Chrome 151.0.7922.138,passport_age_integrity,P1-matched-monolithic-RSA4096,092621d721cfef9ff39b0787f5ba2c1f07eb6d95,noir_barretenberg,noir,barretenberg-ultrahonk-wasm-workers,@noir-lang/noir_js@1.0.0-beta.19,measured,5,ok,0,421.46,1896.29,0,2317.765,1687.953125,16000,74595035,74564360,74595035,,input-to-proof-v1-multithread,092621d721cfef9ff39b0787f5ba2c1f07eb6d95,"{""bb_js"":""4.2.0-aztecnr-rc.2"",""noir_js"":""1.0.0-beta.19"",""execution_policy"":""workers""};execution_policy=multithread;threads_requested=32;threads_effective=16;witness_backend=single;prover_backend=barretenberg_4.2.0-aztecnr-rc.2_wasm_workers","{""raw_evidence_sha256"":""2d9c847a62d785f666141b2d65ecc7e3475ffe5643a7036ddbfd6602fcdc990f""}",,"Matched P1 profile: monolithic RSA-4096 passport integrity, registry authorization, DG1 validity, and minimum-age assertion. Browser execution policy: multithread; requested threads=32, effective threads=16; witness generation remains single, prover backend=barretenberg_4.2.0-aztecnr-rc.2_wasm_workers.",,,/Users/dcbuilder/Code/world/.worktrees/provekit-v1-cross-device-campaign/target/v1-benchmarks/input-to-proof/mac-chrome-multithread-16/passport_p1__mac_chrome__noir_barretenberg__warm_reuse.json,warm_reuse,2317.765
input-to-proof-v1-mac-multithread-16-20260812,passport_p1__mac_chrome__circom_groth16__cold_local-0,2026-08-12T12:37:27.242Z,macbook_m4,MacBook Pro (Apple M4 Max),26.6.1 (25G76),arm64,browser_wasm,Google Chrome 151.0.7922.138,passport_age_integrity,P1-matched-monolithic-RSA4096,092621d721cfef9ff39b0787f5ba2c1f07eb6d95,circom_groth16,circom,snarkjs-groth16-browser-wasm-workers,circom-witness-wasm,warmup,0,ok,4.1,3941.765,8451.815,6.63,12397.68,14436.53125,724,508332927,498212512,508332927,,input-to-proof-v1-multithread,092621d721cfef9ff39b0787f5ba2c1f07eb6d95,"{""circom"":""2.2.2"",""snarkjs"":""0.7.6"",""execution_policy"":""workers""};execution_policy=multithread;threads_requested=16;threads_effective=16;witness_backend=circom_runtime_wasm_single;prover_backend=snarkjs_0.7.6_browser_wasm_workers","{""raw_evidence_sha256"":""640db1f56335257afe51f6f5eec19181c9f7f2a9434ca9e416bac7110793edf3""}",,"Matched P1 profile: monolithic RSA-4096 passport integrity, registry authorization, DG1 validity, and minimum-age assertion. Browser execution policy: multithread; requested threads=16, effective threads=16; witness generation remains circom_runtime_wasm_single, prover backend=snarkjs_0.7.6_browser_wasm_workers.",,,/Users/dcbuilder/Code/world/.worktrees/provekit-v1-cross-device-campaign/target/v1-benchmarks/input-to-proof/mac-chrome-multithread-16/passport_p1__mac_chrome__circom_groth16__cold_local.json,cold_local,12397.68
input-to-proof-v1-mac-multithread-16-20260812,passport_p1__mac_chrome__circom_groth16__cold_local-1,2026-08-12T12:37:27.242Z,macbook_m4,MacBook Pro (Apple M4 Max),26.6.1 (25G76),arm64,browser_wasm,Google Chrome 151.0.7922.138,passport_age_integrity,P1-matched-monolithic-RSA4096,092621d721cfef9ff39b0787f5ba2c1f07eb6d95,circom_groth16,circom,snarkjs-groth16-browser-wasm-workers,circom-witness-wasm,measured,1,ok,2.2,3979.935,8573.535,6.4,12555.67,14977.96875,725,508332927,498212512,508332927,,input-to-proof-v1-multithread,092621d721cfef9ff39b0787f5ba2c1f07eb6d95,"{""circom"":""2.2.2"",""snarkjs"":""0.7.6"",""execution_policy"":""workers""};execution_policy=multithread;threads_requested=16;threads_effective=16;witness_backend=circom_runtime_wasm_single;prover_backend=snarkjs_0.7.6_browser_wasm_workers","{""raw_evidence_sha256"":""640db1f56335257afe51f6f5eec19181c9f7f2a9434ca9e416bac7110793edf3""}",,"Matched P1 profile: monolithic RSA-4096 passport integrity, registry authorization, DG1 validity, and minimum-age assertion. Browser execution policy: multithread; requested threads=16, effective threads=16; witness generation remains circom_runtime_wasm_single, prover backend=snarkjs_0.7.6_browser_wasm_workers.",,,/Users/dcbuilder/Code/world/.worktrees/provekit-v1-cross-device-campaign/target/v1-benchmarks/input-to-proof/mac-chrome-multithread-16/passport_p1__mac_chrome__circom_groth16__cold_local.json,cold_local,12555.67
input-to-proof-v1-mac-multithread-16-20260812,passport_p1__mac_chrome__circom_groth16__cold_local-2,2026-08-12T12:37:27.242Z,macbook_m4,MacBook Pro (Apple M4 Max),26.6.1 (25G76),arm64,browser_wasm,Google Chrome 151.0.7922.138,passport_age_integrity,P1-matched-monolithic-RSA4096,092621d721cfef9ff39b0787f5ba2c1f07eb6d95,circom_groth16,circom,snarkjs-groth16-browser-wasm-workers,circom-witness-wasm,measured,2,ok,2.29,3990.985,8595,6.45,12588.275,14629.671875,723,508332927,498212512,508332927,,input-to-proof-v1-multithread,092621d721cfef9ff39b0787f5ba2c1f07eb6d95,"{""circom"":""2.2.2"",""snarkjs"":""0.7.6"",""execution_policy"":""workers""};execution_policy=multithread;threads_requested=16;threads_effective=16;witness_backend=circom_runtime_wasm_single;prover_backend=snarkjs_0.7.6_browser_wasm_workers","{""raw_evidence_sha256"":""640db1f56335257afe51f6f5eec19181c9f7f2a9434ca9e416bac7110793edf3""}",,"Matched P1 profile: monolithic RSA-4096 passport integrity, registry authorization, DG1 validity, and minimum-age assertion. Browser execution policy: multithread; requested threads=16, effective threads=16; witness generation remains circom_runtime_wasm_single, prover backend=snarkjs_0.7.6_browser_wasm_workers.",,,/Users/dcbuilder/Code/world/.worktrees/provekit-v1-cross-device-campaign/target/v1-benchmarks/input-to-proof/mac-chrome-multithread-16/passport_p1__mac_chrome__circom_groth16__cold_local.json,cold_local,12588.275
input-to-proof-v1-mac-multithread-16-20260812,passport_p1__mac_chrome__circom_groth16__cold_local-3,2026-08-12T12:37:27.242Z,macbook_m4,MacBook Pro (Apple M4 Max),26.6.1 (25G76),arm64,browser_wasm,Google Chrome 151.0.7922.138,passport_age_integrity,P1-matched-monolithic-RSA4096,092621d721cfef9ff39b0787f5ba2c1f07eb6d95,circom_groth16,circom,snarkjs-groth16-browser-wasm-workers,circom-witness-wasm,measured,3,ok,2.6,4003.765,8502.03,7.605,12508.395,14588.578125,725,508332927,498212512,508332927,,input-to-proof-v1-multithread,092621d721cfef9ff39b0787f5ba2c1f07eb6d95,"{""circom"":""2.2.2"",""snarkjs"":""0.7.6"",""execution_policy"":""workers""};execution_policy=multithread;threads_requested=16;threads_effective=16;witness_backend=circom_runtime_wasm_single;prover_backend=snarkjs_0.7.6_browser_wasm_workers","{""raw_evidence_sha256"":""640db1f56335257afe51f6f5eec19181c9f7f2a9434ca9e416bac7110793edf3""}",,"Matched P1 profile: monolithic RSA-4096 passport integrity, registry authorization, DG1 validity, and minimum-age assertion. Browser execution policy: multithread; requested threads=16, effective threads=16; witness generation remains circom_runtime_wasm_single, prover backend=snarkjs_0.7.6_browser_wasm_workers.",,,/Users/dcbuilder/Code/world/.worktrees/provekit-v1-cross-device-campaign/target/v1-benchmarks/input-to-proof/mac-chrome-multithread-16/passport_p1__mac_chrome__circom_groth16__cold_local.json,cold_local,12508.395
input-to-proof-v1-mac-multithread-16-20260812,passport_p1__mac_chrome__circom_groth16__cold_local-4,2026-08-12T12:37:27.242Z,macbook_m4,MacBook Pro (Apple M4 Max),26.6.1 (25G76),arm64,browser_wasm,Google Chrome 151.0.7922.138,passport_age_integrity,P1-matched-monolithic-RSA4096,092621d721cfef9ff39b0787f5ba2c1f07eb6d95,circom_groth16,circom,snarkjs-groth16-browser-wasm-workers,circom-witness-wasm,measured,4,ok,2.835,4043.31,8677.805,6.39,12723.95,14386.03125,723,508332927,498212512,508332927,,input-to-proof-v1-multithread,092621d721cfef9ff39b0787f5ba2c1f07eb6d95,"{""circom"":""2.2.2"",""snarkjs"":""0.7.6"",""execution_policy"":""workers""};execution_policy=multithread;threads_requested=16;threads_effective=16;witness_backend=circom_runtime_wasm_single;prover_backend=snarkjs_0.7.6_browser_wasm_workers","{""raw_evidence_sha256"":""640db1f56335257afe51f6f5eec19181c9f7f2a9434ca9e416bac7110793edf3""}",,"Matched P1 profile: monolithic RSA-4096 passport integrity, registry authorization, DG1 validity, and minimum-age assertion. Browser execution policy: multithread; requested threads=16, effective threads=16; witness generation remains circom_runtime_wasm_single, prover backend=snarkjs_0.7.6_browser_wasm_workers.",,,/Users/dcbuilder/Code/world/.worktrees/provekit-v1-cross-device-campaign/target/v1-benchmarks/input-to-proof/mac-chrome-multithread-16/passport_p1__mac_chrome__circom_groth16__cold_local.json,cold_local,12723.95
input-to-proof-v1-mac-multithread-16-20260812,passport_p1__mac_chrome__circom_groth16__cold_local-5,2026-08-12T12:37:27.242Z,macbook_m4,MacBook Pro (Apple M4 Max),26.6.1 (25G76),arm64,browser_wasm,Google Chrome 151.0.7922.138,passport_age_integrity,P1-matched-monolithic-RSA4096,092621d721cfef9ff39b0787f5ba2c1f07eb6d95,circom_groth16,circom,snarkjs-groth16-browser-wasm-workers,circom-witness-wasm,measured,5,ok,3.035,4000.415,8485.75,6.555,12489.2,15473.25,724,508332927,498212512,508332927,,input-to-proof-v1-multithread,092621d721cfef9ff39b0787f5ba2c1f07eb6d95,"{""circom"":""2.2.2"",""snarkjs"":""0.7.6"",""execution_policy"":""workers""};execution_policy=multithread;threads_requested=16;threads_effective=16;witness_backend=circom_runtime_wasm_single;prover_backend=snarkjs_0.7.6_browser_wasm_workers","{""raw_evidence_sha256"":""640db1f56335257afe51f6f5eec19181c9f7f2a9434ca9e416bac7110793edf3""}",,"Matched P1 profile: monolithic RSA-4096 passport integrity, registry authorization, DG1 validity, and minimum-age assertion. Browser execution policy: multithread; requested threads=16, effective threads=16; witness generation remains circom_runtime_wasm_single, prover backend=snarkjs_0.7.6_browser_wasm_workers.",,,/Users/dcbuilder/Code/world/.worktrees/provekit-v1-cross-device-campaign/target/v1-benchmarks/input-to-proof/mac-chrome-multithread-16/passport_p1__mac_chrome__circom_groth16__cold_local.json,cold_local,12489.2
input-to-proof-v1-mac-multithread-16-20260812,passport_p1__mac_chrome__circom_groth16__warm_reuse-0,2026-08-12T12:38:44.302Z,macbook_m4,MacBook Pro (Apple M4 Max),26.6.1 (25G76),arm64,browser_wasm,Google Chrome 151.0.7922.138,passport_age_integrity,P1-matched-monolithic-RSA4096,092621d721cfef9ff39b0787f5ba2c1f07eb6d95,circom_groth16,circom,snarkjs-groth16-browser-wasm-workers,circom-witness-wasm,warmup,0,ok,0,4012.1,8717.49,6.325,12729.71,15019.90625,720,508332927,498212512,508332927,,input-to-proof-v1-multithread,092621d721cfef9ff39b0787f5ba2c1f07eb6d95,"{""circom"":""2.2.2"",""snarkjs"":""0.7.6"",""execution_policy"":""workers""};execution_policy=multithread;threads_requested=16;threads_effective=16;witness_backend=circom_runtime_wasm_single;prover_backend=snarkjs_0.7.6_browser_wasm_workers","{""raw_evidence_sha256"":""c28d686d07d9c55f7495094001a5631997e1047a07da99c5b8080a6434236fc8""}",,"Matched P1 profile: monolithic RSA-4096 passport integrity, registry authorization, DG1 validity, and minimum-age assertion. Browser execution policy: multithread; requested threads=16, effective threads=16; witness generation remains circom_runtime_wasm_single, prover backend=snarkjs_0.7.6_browser_wasm_workers.",,,/Users/dcbuilder/Code/world/.worktrees/provekit-v1-cross-device-campaign/target/v1-benchmarks/input-to-proof/mac-chrome-multithread-16/passport_p1__mac_chrome__circom_groth16__warm_reuse.json,warm_reuse,12729.71
input-to-proof-v1-mac-multithread-16-20260812,passport_p1__mac_chrome__circom_groth16__warm_reuse-1,2026-08-12T12:38:44.302Z,macbook_m4,MacBook Pro (Apple M4 Max),26.6.1 (25G76),arm64,browser_wasm,Google Chrome 151.0.7922.138,passport_age_integrity,P1-matched-monolithic-RSA4096,092621d721cfef9ff39b0787f5ba2c1f07eb6d95,circom_groth16,circom,snarkjs-groth16-browser-wasm-workers,circom-witness-wasm,measured,1,ok,0,3988.105,8483.55,6.95,12471.8,15019.90625,722,508332927,498212512,508332927,,input-to-proof-v1-multithread,092621d721cfef9ff39b0787f5ba2c1f07eb6d95,"{""circom"":""2.2.2"",""snarkjs"":""0.7.6"",""execution_policy"":""workers""};execution_policy=multithread;threads_requested=16;threads_effective=16;witness_backend=circom_runtime_wasm_single;prover_backend=snarkjs_0.7.6_browser_wasm_workers","{""raw_evidence_sha256"":""c28d686d07d9c55f7495094001a5631997e1047a07da99c5b8080a6434236fc8""}",,"Matched P1 profile: monolithic RSA-4096 passport integrity, registry authorization, DG1 validity, and minimum-age assertion. Browser execution policy: multithread; requested threads=16, effective threads=16; witness generation remains circom_runtime_wasm_single, prover backend=snarkjs_0.7.6_browser_wasm_workers.",,,/Users/dcbuilder/Code/world/.worktrees/provekit-v1-cross-device-campaign/target/v1-benchmarks/input-to-proof/mac-chrome-multithread-16/passport_p1__mac_chrome__circom_groth16__warm_reuse.json,warm_reuse,12471.8
input-to-proof-v1-mac-multithread-16-20260812,passport_p1__mac_chrome__circom_groth16__warm_reuse-2,2026-08-12T12:38:44.302Z,macbook_m4,MacBook Pro (Apple M4 Max),26.6.1 (25G76),arm64,browser_wasm,Google Chrome 151.0.7922.138,passport_age_integrity,P1-matched-monolithic-RSA4096,092621d721cfef9ff39b0787f5ba2c1f07eb6d95,circom_groth16,circom,snarkjs-groth16-browser-wasm-workers,circom-witness-wasm,measured,2,ok,0,4044.51,8580.92,5.825,12625.545,15019.90625,722,508332927,498212512,508332927,,input-to-proof-v1-multithread,092621d721cfef9ff39b0787f5ba2c1f07eb6d95,"{""circom"":""2.2.2"",""snarkjs"":""0.7.6"",""execution_policy"":""workers""};execution_policy=multithread;threads_requested=16;threads_effective=16;witness_backend=circom_runtime_wasm_single;prover_backend=snarkjs_0.7.6_browser_wasm_workers","{""raw_evidence_sha256"":""c28d686d07d9c55f7495094001a5631997e1047a07da99c5b8080a6434236fc8""}",,"Matched P1 profile: monolithic RSA-4096 passport integrity, registry authorization, DG1 validity, and minimum-age assertion. Browser execution policy: multithread; requested threads=16, effective threads=16; witness generation remains circom_runtime_wasm_single, prover backend=snarkjs_0.7.6_browser_wasm_workers.",,,/Users/dcbuilder/Code/world/.worktrees/provekit-v1-cross-device-campaign/target/v1-benchmarks/input-to-proof/mac-chrome-multithread-16/passport_p1__mac_chrome__circom_groth16__warm_reuse.json,warm_reuse,12625.545
input-to-proof-v1-mac-multithread-16-20260812,passport_p1__mac_chrome__circom_groth16__warm_reuse-3,2026-08-12T12:38:44.302Z,macbook_m4,MacBook Pro (Apple M4 Max),26.6.1 (25G76),arm64,browser_wasm,Google Chrome 151.0.7922.138,passport_age_integrity,P1-matched-monolithic-RSA4096,092621d721cfef9ff39b0787f5ba2c1f07eb6d95,circom_groth16,circom,snarkjs-groth16-browser-wasm-workers,circom-witness-wasm,measured,3,ok,0,4018.445,8761.28,5.825,12779.825,15019.90625,724,508332927,498212512,508332927,,input-to-proof-v1-multithread,092621d721cfef9ff39b0787f5ba2c1f07eb6d95,"{""circom"":""2.2.2"",""snarkjs"":""0.7.6"",""execution_policy"":""workers""};execution_policy=multithread;threads_requested=16;threads_effective=16;witness_backend=circom_runtime_wasm_single;prover_backend=snarkjs_0.7.6_browser_wasm_workers","{""raw_evidence_sha256"":""c28d686d07d9c55f7495094001a5631997e1047a07da99c5b8080a6434236fc8""}",,"Matched P1 profile: monolithic RSA-4096 passport integrity, registry authorization, DG1 validity, and minimum-age assertion. Browser execution policy: multithread; requested threads=16, effective threads=16; witness generation remains circom_runtime_wasm_single, prover backend=snarkjs_0.7.6_browser_wasm_workers.",,,/Users/dcbuilder/Code/world/.worktrees/provekit-v1-cross-device-campaign/target/v1-benchmarks/input-to-proof/mac-chrome-multithread-16/passport_p1__mac_chrome__circom_groth16__warm_reuse.json,warm_reuse,12779.825
input-to-proof-v1-mac-multithread-16-20260812,passport_p1__mac_chrome__circom_groth16__warm_reuse-4,2026-08-12T12:38:44.302Z,macbook_m4,MacBook Pro (Apple M4 Max),26.6.1 (25G76),arm64,browser_wasm,Google Chrome 151.0.7922.138,passport_age_integrity,P1-matched-monolithic-RSA4096,092621d721cfef9ff39b0787f5ba2c1f07eb6d95,circom_groth16,circom,snarkjs-groth16-browser-wasm-workers,circom-witness-wasm,measured,4,ok,0,4029.195,8587.455,13.035,12616.765,15019.90625,723,508332927,498212512,508332927,,input-to-proof-v1-multithread,092621d721cfef9ff39b0787f5ba2c1f07eb6d95,"{""circom"":""2.2.2"",""snarkjs"":""0.7.6"",""execution_policy"":""workers""};execution_policy=multithread;threads_requested=16;threads_effective=16;witness_backend=circom_runtime_wasm_single;prover_backend=snarkjs_0.7.6_browser_wasm_workers","{""raw_evidence_sha256"":""c28d686d07d9c55f7495094001a5631997e1047a07da99c5b8080a6434236fc8""}",,"Matched P1 profile: monolithic RSA-4096 passport integrity, registry authorization, DG1 validity, and minimum-age assertion. Browser execution policy: multithread; requested threads=16, effective threads=16; witness generation remains circom_runtime_wasm_single, prover backend=snarkjs_0.7.6_browser_wasm_workers.",,,/Users/dcbuilder/Code/world/.worktrees/provekit-v1-cross-device-campaign/target/v1-benchmarks/input-to-proof/mac-chrome-multithread-16/passport_p1__mac_chrome__circom_groth16__warm_reuse.json,warm_reuse,12616.765
input-to-proof-v1-mac-multithread-16-20260812,passport_p1__mac_chrome__circom_groth16__warm_reuse-5,2026-08-12T12:38:44.302Z,macbook_m4,MacBook Pro (Apple M4 Max),26.6.1 (25G76),arm64,browser_wasm,Google Chrome 151.0.7922.138,passport_age_integrity,P1-matched-monolithic-RSA4096,092621d721cfef9ff39b0787f5ba2c1f07eb6d95,circom_groth16,circom,snarkjs-groth16-browser-wasm-workers,circom-witness-wasm,measured,5,ok,0,4001.05,8682.295,5.76,12683.45,15019.90625,724,508332927,498212512,508332927,,input-to-proof-v1-multithread,092621d721cfef9ff39b0787f5ba2c1f07eb6d95,"{""circom"":""2.2.2"",""snarkjs"":""0.7.6"",""execution_policy"":""workers""};execution_policy=multithread;threads_requested=16;threads_effective=16;witness_backend=circom_runtime_wasm_single;prover_backend=snarkjs_0.7.6_browser_wasm_workers","{""raw_evidence_sha256"":""c28d686d07d9c55f7495094001a5631997e1047a07da99c5b8080a6434236fc8""}",,"Matched P1 profile: monolithic RSA-4096 passport integrity, registry authorization, DG1 validity, and minimum-age assertion. Browser execution policy: multithread; requested threads=16, effective threads=16; witness generation remains circom_runtime_wasm_single, prover backend=snarkjs_0.7.6_browser_wasm_workers.",,,/Users/dcbuilder/Code/world/.worktrees/provekit-v1-cross-device-campaign/target/v1-benchmarks/input-to-proof/mac-chrome-multithread-16/passport_p1__mac_chrome__circom_groth16__warm_reuse.json,warm_reuse,12683.45
input-to-proof-v1-mac-multithread-16-20260812,oprf_o2__mac_chrome__provekit_v1__cold_local-0,2026-08-12T12:39:09.013Z,macbook_m4,MacBook Pro (Apple M4 Max),26.6.1 (25G76),arm64,browser_wasm,Google Chrome 151.0.7922.138,oprf_nullifier,O2-world-id-nullifier,85aeeef539961cae5a63de794997b507a5975717,provekit_v1,noir,provekit-v1-whir-wasm-workers,@noir-lang/noir_js@1.0.0-beta.11,warmup,0,ok,1102.2249999977648,1399.0800000000745,506.47000000067055,49.955000000074506,3007.77499999851,601.46875,845390,1644635,1638340,11878021,95921,input-to-proof-v1-multithread,9b2a6f37c67691eab4b0cec6c35e35c520e93285,"{""provekit"":""9b2a6f37c67691eab4b0cec6c35e35c520e93285"",""noir_js"":""1.0.0-beta.11"",""execution_policy"":""workers""};execution_policy=multithread;threads_requested=16;threads_effective=16;witness_backend=single;prover_backend=provekit_v1_branch_9b2a6f_wasm_rayon_threaded","{""raw_evidence_sha256"":""349e1cc57025ef6a7613ae9ea14b0c396a6a2a756691cdc915391d42e43c8659""}",,"Matched O2 profile: World ID nullifier statement and frozen semantic inputs, including the same public nullifier. Browser execution policy: multithread; requested threads=16, effective threads=16; witness generation remains single, prover backend=provekit_v1_branch_9b2a6f_wasm_rayon_threaded.",,,/Users/dcbuilder/Code/world/.worktrees/provekit-v1-cross-device-campaign/target/v1-benchmarks/input-to-proof/mac-chrome-multithread-16/oprf_o2__mac_chrome__provekit_v1__cold_local.json,cold_local,3007.77499999851
input-to-proof-v1-mac-multithread-16-20260812,oprf_o2__mac_chrome__provekit_v1__cold_local-1,2026-08-12T12:39:09.013Z,macbook_m4,MacBook Pro (Apple M4 Max),26.6.1 (25G76),arm64,browser_wasm,Google Chrome 151.0.7922.138,oprf_nullifier,O2-world-id-nullifier,85aeeef539961cae5a63de794997b507a5975717,provekit_v1,noir,provekit-v1-whir-wasm-workers,@noir-lang/noir_js@1.0.0-beta.11,measured,1,ok,1112.339999999851,1406.695000000298,499.23000000044703,50.93999999947846,3018.265000000596,601.828125,849014,1644635,1638340,11878021,95921,input-to-proof-v1-multithread,9b2a6f37c67691eab4b0cec6c35e35c520e93285,"{""provekit"":""9b2a6f37c67691eab4b0cec6c35e35c520e93285"",""noir_js"":""1.0.0-beta.11"",""execution_policy"":""workers""};execution_policy=multithread;threads_requested=16;threads_effective=16;witness_backend=single;prover_backend=provekit_v1_branch_9b2a6f_wasm_rayon_threaded","{""raw_evidence_sha256"":""349e1cc57025ef6a7613ae9ea14b0c396a6a2a756691cdc915391d42e43c8659""}",,"Matched O2 profile: World ID nullifier statement and frozen semantic inputs, including the same public nullifier. Browser execution policy: multithread; requested threads=16, effective threads=16; witness generation remains single, prover backend=provekit_v1_branch_9b2a6f_wasm_rayon_threaded.",,,/Users/dcbuilder/Code/world/.worktrees/provekit-v1-cross-device-campaign/target/v1-benchmarks/input-to-proof/mac-chrome-multithread-16/oprf_o2__mac_chrome__provekit_v1__cold_local.json,cold_local,3018.265000000596
input-to-proof-v1-mac-multithread-16-20260812,oprf_o2__mac_chrome__provekit_v1__cold_local-2,2026-08-12T12:39:09.013Z,macbook_m4,MacBook Pro (Apple M4 Max),26.6.1 (25G76),arm64,browser_wasm,Google Chrome 151.0.7922.138,oprf_nullifier,O2-world-id-nullifier,85aeeef539961cae5a63de794997b507a5975717,provekit_v1,noir,provekit-v1-whir-wasm-workers,@noir-lang/noir_js@1.0.0-beta.11,measured,2,ok,1122.7799999993294,1401.7249999996275,538.410000000149,48.63499999977648,3062.914999999106,599.890625,848206,1644635,1638340,11878021,95921,input-to-proof-v1-multithread,9b2a6f37c67691eab4b0cec6c35e35c520e93285,"{""provekit"":""9b2a6f37c67691eab4b0cec6c35e35c520e93285"",""noir_js"":""1.0.0-beta.11"",""execution_policy"":""workers""};execution_policy=multithread;threads_requested=16;threads_effective=16;witness_backend=single;prover_backend=provekit_v1_branch_9b2a6f_wasm_rayon_threaded","{""raw_evidence_sha256"":""349e1cc57025ef6a7613ae9ea14b0c396a6a2a756691cdc915391d42e43c8659""}",,"Matched O2 profile: World ID nullifier statement and frozen semantic inputs, including the same public nullifier. Browser execution policy: multithread; requested threads=16, effective threads=16; witness generation remains single, prover backend=provekit_v1_branch_9b2a6f_wasm_rayon_threaded.",,,/Users/dcbuilder/Code/world/.worktrees/provekit-v1-cross-device-campaign/target/v1-benchmarks/input-to-proof/mac-chrome-multithread-16/oprf_o2__mac_chrome__provekit_v1__cold_local.json,cold_local,3062.914999999106
input-to-proof-v1-mac-multithread-16-20260812,oprf_o2__mac_chrome__provekit_v1__cold_local-3,2026-08-12T12:39:09.013Z,macbook_m4,MacBook Pro (Apple M4 Max),26.6.1 (25G76),arm64,browser_wasm,Google Chrome 151.0.7922.138,oprf_nullifier,O2-world-id-nullifier,85aeeef539961cae5a63de794997b507a5975717,provekit_v1,noir,provekit-v1-whir-wasm-workers,@noir-lang/noir_js@1.0.0-beta.11,measured,3,ok,1119.824999999255,1411.894999999553,491.42500000074506,49.11500000022352,3023.144999999553,600.46875,845302,1644635,1638340,11878021,95921,input-to-proof-v1-multithread,9b2a6f37c67691eab4b0cec6c35e35c520e93285,"{""provekit"":""9b2a6f37c67691eab4b0cec6c35e35c520e93285"",""noir_js"":""1.0.0-beta.11"",""execution_policy"":""workers""};execution_policy=multithread;threads_requested=16;threads_effective=16;witness_backend=single;prover_backend=provekit_v1_branch_9b2a6f_wasm_rayon_threaded","{""raw_evidence_sha256"":""349e1cc57025ef6a7613ae9ea14b0c396a6a2a756691cdc915391d42e43c8659""}",,"Matched O2 profile: World ID nullifier statement and frozen semantic inputs, including the same public nullifier. Browser execution policy: multithread; requested threads=16, effective threads=16; witness generation remains single, prover backend=provekit_v1_branch_9b2a6f_wasm_rayon_threaded.",,,/Users/dcbuilder/Code/world/.worktrees/provekit-v1-cross-device-campaign/target/v1-benchmarks/input-to-proof/mac-chrome-multithread-16/oprf_o2__mac_chrome__provekit_v1__cold_local.json,cold_local,3023.144999999553
input-to-proof-v1-mac-multithread-16-20260812,oprf_o2__mac_chrome__provekit_v1__cold_local-4,2026-08-12T12:39:09.013Z,macbook_m4,MacBook Pro (Apple M4 Max),26.6.1 (25G76),arm64,browser_wasm,Google Chrome 151.0.7922.138,oprf_nullifier,O2-world-id-nullifier,85aeeef539961cae5a63de794997b507a5975717,provekit_v1,noir,provekit-v1-whir-wasm-workers,@noir-lang/noir_js@1.0.0-beta.11,measured,4,ok,1125.464999999851,1418.699999999255,498.2450000010431,50.519999999552965,3042.410000000149,601,849826,1644635,1638340,11878021,95921,input-to-proof-v1-multithread,9b2a6f37c67691eab4b0cec6c35e35c520e93285,"{""provekit"":""9b2a6f37c67691eab4b0cec6c35e35c520e93285"",""noir_js"":""1.0.0-beta.11"",""execution_policy"":""workers""};execution_policy=multithread;threads_requested=16;threads_effective=16;witness_backend=single;prover_backend=provekit_v1_branch_9b2a6f_wasm_rayon_threaded","{""raw_evidence_sha256"":""349e1cc57025ef6a7613ae9ea14b0c396a6a2a756691cdc915391d42e43c8659""}",,"Matched O2 profile: World ID nullifier statement and frozen semantic inputs, including the same public nullifier. Browser execution policy: multithread; requested threads=16, effective threads=16; witness generation remains single, prover backend=provekit_v1_branch_9b2a6f_wasm_rayon_threaded.",,,/Users/dcbuilder/Code/world/.worktrees/provekit-v1-cross-device-campaign/target/v1-benchmarks/input-to-proof/mac-chrome-multithread-16/oprf_o2__mac_chrome__provekit_v1__cold_local.json,cold_local,3042.410000000149
input-to-proof-v1-mac-multithread-16-20260812,oprf_o2__mac_chrome__provekit_v1__cold_local-5,2026-08-12T12:39:09.013Z,macbook_m4,MacBook Pro (Apple M4 Max),26.6.1 (25G76),arm64,browser_wasm,Google Chrome 151.0.7922.138,oprf_nullifier,O2-world-id-nullifier,85aeeef539961cae5a63de794997b507a5975717,provekit_v1,noir,provekit-v1-whir-wasm-workers,@noir-lang/noir_js@1.0.0-beta.11,measured,5,ok,1116.035000000149,1412.355000000447,491.714999999851,49.665000000968575,3020.105000000447,600.71875,846454,1644635,1638340,11878021,95921,input-to-proof-v1-multithread,9b2a6f37c67691eab4b0cec6c35e35c520e93285,"{""provekit"":""9b2a6f37c67691eab4b0cec6c35e35c520e93285"",""noir_js"":""1.0.0-beta.11"",""execution_policy"":""workers""};execution_policy=multithread;threads_requested=16;threads_effective=16;witness_backend=single;prover_backend=provekit_v1_branch_9b2a6f_wasm_rayon_threaded","{""raw_evidence_sha256"":""349e1cc57025ef6a7613ae9ea14b0c396a6a2a756691cdc915391d42e43c8659""}",,"Matched O2 profile: World ID nullifier statement and frozen semantic inputs, including the same public nullifier. Browser execution policy: multithread; requested threads=16, effective threads=16; witness generation remains single, prover backend=provekit_v1_branch_9b2a6f_wasm_rayon_threaded.",,,/Users/dcbuilder/Code/world/.worktrees/provekit-v1-cross-device-campaign/target/v1-benchmarks/input-to-proof/mac-chrome-multithread-16/oprf_o2__mac_chrome__provekit_v1__cold_local.json,cold_local,3020.105000000447
input-to-proof-v1-mac-multithread-16-20260812,oprf_o2__mac_chrome__provekit_v1__warm_reuse-0,2026-08-12T12:39:24.172Z,macbook_m4,MacBook Pro (Apple M4 Max),26.6.1 (25G76),arm64,browser_wasm,Google Chrome 151.0.7922.138,oprf_nullifier,O2-world-id-nullifier,85aeeef539961cae5a63de794997b507a5975717,provekit_v1,noir,provekit-v1-whir-wasm-workers,@noir-lang/noir_js@1.0.0-beta.11,warmup,0,ok,364.76999999955297,1398.605000000447,490.695000000298,49.25,2254.0800000000745,744.796875,844918,1644635,1638340,11878021,95921,input-to-proof-v1-multithread,9b2a6f37c67691eab4b0cec6c35e35c520e93285,"{""provekit"":""9b2a6f37c67691eab4b0cec6c35e35c520e93285"",""noir_js"":""1.0.0-beta.11"",""execution_policy"":""workers""};execution_policy=multithread;threads_requested=16;threads_effective=16;witness_backend=single;prover_backend=provekit_v1_branch_9b2a6f_wasm_rayon_threaded","{""raw_evidence_sha256"":""175bef79f195b241fc49c8d25c1383b49828f1d20df599fd9343d6af669e1ede""}",,"Matched O2 profile: World ID nullifier statement and frozen semantic inputs, including the same public nullifier. Browser execution policy: multithread; requested threads=16, effective threads=16; witness generation remains single, prover backend=provekit_v1_branch_9b2a6f_wasm_rayon_threaded.",,,/Users/dcbuilder/Code/world/.worktrees/provekit-v1-cross-device-campaign/target/v1-benchmarks/input-to-proof/mac-chrome-multithread-16/oprf_o2__mac_chrome__provekit_v1__warm_reuse.json,warm_reuse,2254.0800000000745
input-to-proof-v1-mac-multithread-16-20260812,oprf_o2__mac_chrome__provekit_v1__warm_reuse-1,2026-08-12T12:39:24.172Z,macbook_m4,MacBook Pro (Apple M4 Max),26.6.1 (25G76),arm64,browser_wasm,Google Chrome 151.0.7922.138,oprf_nullifier,O2-world-id-nullifier,85aeeef539961cae5a63de794997b507a5975717,provekit_v1,noir,provekit-v1-whir-wasm-workers,@noir-lang/noir_js@1.0.0-beta.11,measured,1,ok,364.5300000011921,1343.714999999851,435.964999999851,44.21499999985099,2144.2200000006706,744.796875,848334,1644635,1638340,11878021,95921,input-to-proof-v1-multithread,9b2a6f37c67691eab4b0cec6c35e35c520e93285,"{""provekit"":""9b2a6f37c67691eab4b0cec6c35e35c520e93285"",""noir_js"":""1.0.0-beta.11"",""execution_policy"":""workers""};execution_policy=multithread;threads_requested=16;threads_effective=16;witness_backend=single;prover_backend=provekit_v1_branch_9b2a6f_wasm_rayon_threaded","{""raw_evidence_sha256"":""175bef79f195b241fc49c8d25c1383b49828f1d20df599fd9343d6af669e1ede""}",,"Matched O2 profile: World ID nullifier statement and frozen semantic inputs, including the same public nullifier. Browser execution policy: multithread; requested threads=16, effective threads=16; witness generation remains single, prover backend=provekit_v1_branch_9b2a6f_wasm_rayon_threaded.",,,/Users/dcbuilder/Code/world/.worktrees/provekit-v1-cross-device-campaign/target/v1-benchmarks/input-to-proof/mac-chrome-multithread-16/oprf_o2__mac_chrome__provekit_v1__warm_reuse.json,warm_reuse,2144.2200000006706
input-to-proof-v1-mac-multithread-16-20260812,oprf_o2__mac_chrome__provekit_v1__warm_reuse-2,2026-08-12T12:39:24.172Z,macbook_m4,MacBook Pro (Apple M4 Max),26.6.1 (25G76),arm64,browser_wasm,Google Chrome 151.0.7922.138,oprf_nullifier,O2-world-id-nullifier,85aeeef539961cae5a63de794997b507a5975717,provekit_v1,noir,provekit-v1-whir-wasm-workers,@noir-lang/noir_js@1.0.0-beta.11,measured,2,ok,373.6150000002235,1333.690000001341,433.195000000298,42.475000001490116,2140.5050000008196,744.796875,848802,1644635,1638340,11878021,95921,input-to-proof-v1-multithread,9b2a6f37c67691eab4b0cec6c35e35c520e93285,"{""provekit"":""9b2a6f37c67691eab4b0cec6c35e35c520e93285"",""noir_js"":""1.0.0-beta.11"",""execution_policy"":""workers""};execution_policy=multithread;threads_requested=16;threads_effective=16;witness_backend=single;prover_backend=provekit_v1_branch_9b2a6f_wasm_rayon_threaded","{""raw_evidence_sha256"":""175bef79f195b241fc49c8d25c1383b49828f1d20df599fd9343d6af669e1ede""}",,"Matched O2 profile: World ID nullifier statement and frozen semantic inputs, including the same public nullifier. Browser execution policy: multithread; requested threads=16, effective threads=16; witness generation remains single, prover backend=provekit_v1_branch_9b2a6f_wasm_rayon_threaded.",,,/Users/dcbuilder/Code/world/.worktrees/provekit-v1-cross-device-campaign/target/v1-benchmarks/input-to-proof/mac-chrome-multithread-16/oprf_o2__mac_chrome__provekit_v1__warm_reuse.json,warm_reuse,2140.5050000008196
input-to-proof-v1-mac-multithread-16-20260812,oprf_o2__mac_chrome__provekit_v1__warm_reuse-3,2026-08-12T12:39:24.172Z,macbook_m4,MacBook Pro (Apple M4 Max),26.6.1 (25G76),arm64,browser_wasm,Google Chrome 151.0.7922.138,oprf_nullifier,O2-world-id-nullifier,85aeeef539961cae5a63de794997b507a5975717,provekit_v1,noir,provekit-v1-whir-wasm-workers,@noir-lang/noir_js@1.0.0-beta.11,measured,3,ok,365.8700000010431,1325.429999999702,427.99499999918044,43.05000000074506,2119.2949999999255,744.796875,848462,1644635,1638340,11878021,95921,input-to-proof-v1-multithread,9b2a6f37c67691eab4b0cec6c35e35c520e93285,"{""provekit"":""9b2a6f37c67691eab4b0cec6c35e35c520e93285"",""noir_js"":""1.0.0-beta.11"",""execution_policy"":""workers""};execution_policy=multithread;threads_requested=16;threads_effective=16;witness_backend=single;prover_backend=provekit_v1_branch_9b2a6f_wasm_rayon_threaded","{""raw_evidence_sha256"":""175bef79f195b241fc49c8d25c1383b49828f1d20df599fd9343d6af669e1ede""}",,"Matched O2 profile: World ID nullifier statement and frozen semantic inputs, including the same public nullifier. Browser execution policy: multithread; requested threads=16, effective threads=16; witness generation remains single, prover backend=provekit_v1_branch_9b2a6f_wasm_rayon_threaded.",,,/Users/dcbuilder/Code/world/.worktrees/provekit-v1-cross-device-campaign/target/v1-benchmarks/input-to-proof/mac-chrome-multithread-16/oprf_o2__mac_chrome__provekit_v1__warm_reuse.json,warm_reuse,2119.2949999999255
input-to-proof-v1-mac-multithread-16-20260812,oprf_o2__mac_chrome__provekit_v1__warm_reuse-4,2026-08-12T12:39:24.172Z,macbook_m4,MacBook Pro (Apple M4 Max),26.6.1 (25G76),arm64,browser_wasm,Google Chrome 151.0.7922.138,oprf_nullifier,O2-world-id-nullifier,85aeeef539961cae5a63de794997b507a5975717,provekit_v1,noir,provekit-v1-whir-wasm-workers,@noir-lang/noir_js@1.0.0-beta.11,measured,4,ok,364.25,1319.949999999255,424.179999999702,41.665000000968575,2108.394999999553,744.796875,847266,1644635,1638340,11878021,95921,input-to-proof-v1-multithread,9b2a6f37c67691eab4b0cec6c35e35c520e93285,"{""provekit"":""9b2a6f37c67691eab4b0cec6c35e35c520e93285"",""noir_js"":""1.0.0-beta.11"",""execution_policy"":""workers""};execution_policy=multithread;threads_requested=16;threads_effective=16;witness_backend=single;prover_backend=provekit_v1_branch_9b2a6f_wasm_rayon_threaded","{""raw_evidence_sha256"":""175bef79f195b241fc49c8d25c1383b49828f1d20df599fd9343d6af669e1ede""}",,"Matched O2 profile: World ID nullifier statement and frozen semantic inputs, including the same public nullifier. Browser execution policy: multithread; requested threads=16, effective threads=16; witness generation remains single, prover backend=provekit_v1_branch_9b2a6f_wasm_rayon_threaded.",,,/Users/dcbuilder/Code/world/.worktrees/provekit-v1-cross-device-campaign/target/v1-benchmarks/input-to-proof/mac-chrome-multithread-16/oprf_o2__mac_chrome__provekit_v1__warm_reuse.json,warm_reuse,2108.394999999553
input-to-proof-v1-mac-multithread-16-20260812,oprf_o2__mac_chrome__provekit_v1__warm_reuse-5,2026-08-12T12:39:24.172Z,macbook_m4,MacBook Pro (Apple M4 Max),26.6.1 (25G76),arm64,browser_wasm,Google Chrome 151.0.7922.138,oprf_nullifier,O2-world-id-nullifier,85aeeef539961cae5a63de794997b507a5975717,provekit_v1,noir,provekit-v1-whir-wasm-workers,@noir-lang/noir_js@1.0.0-beta.11,measured,5,ok,364.7600000016391,1326.844999998808,454.5049999989569,52.91000000014901,2146.1150000002235,744.796875,846414,1644635,1638340,11878021,95921,input-to-proof-v1-multithread,9b2a6f37c67691eab4b0cec6c35e35c520e93285,"{""provekit"":""9b2a6f37c67691eab4b0cec6c35e35c520e93285"",""noir_js"":""1.0.0-beta.11"",""execution_policy"":""workers""};execution_policy=multithread;threads_requested=16;threads_effective=16;witness_backend=single;prover_backend=provekit_v1_branch_9b2a6f_wasm_rayon_threaded","{""raw_evidence_sha256"":""175bef79f195b241fc49c8d25c1383b49828f1d20df599fd9343d6af669e1ede""}",,"Matched O2 profile: World ID nullifier statement and frozen semantic inputs, including the same public nullifier. Browser execution policy: multithread; requested threads=16, effective threads=16; witness generation remains single, prover backend=provekit_v1_branch_9b2a6f_wasm_rayon_threaded.",,,/Users/dcbuilder/Code/world/.worktrees/provekit-v1-cross-device-campaign/target/v1-benchmarks/input-to-proof/mac-chrome-multithread-16/oprf_o2__mac_chrome__provekit_v1__warm_reuse.json,warm_reuse,2146.1150000002235
input-to-proof-v1-mac-multithread-16-20260812,oprf_o2__mac_chrome__noir_barretenberg__cold_local-0,2026-08-12T12:40:01.294Z,macbook_m4,MacBook Pro (Apple M4 Max),26.6.1 (25G76),arm64,browser_wasm,Google Chrome 151.0.7922.138,oprf_nullifier,O2-world-id-nullifier,85aeeef539961cae5a63de794997b507a5975717,noir_barretenberg,noir,barretenberg-ultrahonk-wasm-workers,@noir-lang/noir_js@1.0.0-beta.19,warmup,0,ok,2874.525,609.985,1589.755,512.375,5074.265,1283.734375,16000,73925206,73918911,73925206,,input-to-proof-v1-multithread,85aeeef539961cae5a63de794997b507a5975717,"{""bb_js"":""4.2.0-aztecnr-rc.2"",""noir_js"":""1.0.0-beta.19"",""execution_policy"":""workers""};execution_policy=multithread;threads_requested=32;threads_effective=16;witness_backend=single;prover_backend=barretenberg_4.2.0-aztecnr-rc.2_wasm_workers","{""raw_evidence_sha256"":""3ccbcefb260f1d37f9c64f3686b586b56912cb9fa1c77bc54c60b5851dbb3ded""}",,"Matched O2 profile: World ID nullifier statement and frozen semantic inputs, including the same public nullifier. Browser execution policy: multithread; requested threads=32, effective threads=16; witness generation remains single, prover backend=barretenberg_4.2.0-aztecnr-rc.2_wasm_workers.",,,/Users/dcbuilder/Code/world/.worktrees/provekit-v1-cross-device-campaign/target/v1-benchmarks/input-to-proof/mac-chrome-multithread-16/oprf_o2__mac_chrome__noir_barretenberg__cold_local.json,cold_local,5074.265
input-to-proof-v1-mac-multithread-16-20260812,oprf_o2__mac_chrome__noir_barretenberg__cold_local-1,2026-08-12T12:40:01.294Z,macbook_m4,MacBook Pro (Apple M4 Max),26.6.1 (25G76),arm64,browser_wasm,Google Chrome 151.0.7922.138,oprf_nullifier,O2-world-id-nullifier,85aeeef539961cae5a63de794997b507a5975717,noir_barretenberg,noir,barretenberg-ultrahonk-wasm-workers,@noir-lang/noir_js@1.0.0-beta.19,measured,1,ok,2113.02,592.025,1290.605,411.71,3995.65,1277.78125,16000,73925206,73918911,73925206,,input-to-proof-v1-multithread,85aeeef539961cae5a63de794997b507a5975717,"{""bb_js"":""4.2.0-aztecnr-rc.2"",""noir_js"":""1.0.0-beta.19"",""execution_policy"":""workers""};execution_policy=multithread;threads_requested=32;threads_effective=16;witness_backend=single;prover_backend=barretenberg_4.2.0-aztecnr-rc.2_wasm_workers","{""raw_evidence_sha256"":""3ccbcefb260f1d37f9c64f3686b586b56912cb9fa1c77bc54c60b5851dbb3ded""}",,"Matched O2 profile: World ID nullifier statement and frozen semantic inputs, including the same public nullifier. Browser execution policy: multithread; requested threads=32, effective threads=16; witness generation remains single, prover backend=barretenberg_4.2.0-aztecnr-rc.2_wasm_workers.",,,/Users/dcbuilder/Code/world/.worktrees/provekit-v1-cross-device-campaign/target/v1-benchmarks/input-to-proof/mac-chrome-multithread-16/oprf_o2__mac_chrome__noir_barretenberg__cold_local.json,cold_local,3995.65
input-to-proof-v1-mac-multithread-16-20260812,oprf_o2__mac_chrome__noir_barretenberg__cold_local-2,2026-08-12T12:40:01.294Z,macbook_m4,MacBook Pro (Apple M4 Max),26.6.1 (25G76),arm64,browser_wasm,Google Chrome 151.0.7922.138,oprf_nullifier,O2-world-id-nullifier,85aeeef539961cae5a63de794997b507a5975717,noir_barretenberg,noir,barretenberg-ultrahonk-wasm-workers,@noir-lang/noir_js@1.0.0-beta.19,measured,2,ok,2187.07,586.075,1299.35,402.915,4072.495,1279.1875,16000,73925206,73918911,73925206,,input-to-proof-v1-multithread,85aeeef539961cae5a63de794997b507a5975717,"{""bb_js"":""4.2.0-aztecnr-rc.2"",""noir_js"":""1.0.0-beta.19"",""execution_policy"":""workers""};execution_policy=multithread;threads_requested=32;threads_effective=16;witness_backend=single;prover_backend=barretenberg_4.2.0-aztecnr-rc.2_wasm_workers","{""raw_evidence_sha256"":""3ccbcefb260f1d37f9c64f3686b586b56912cb9fa1c77bc54c60b5851dbb3ded""}",,"Matched O2 profile: World ID nullifier statement and frozen semantic inputs, including the same public nullifier. Browser execution policy: multithread; requested threads=32, effective threads=16; witness generation remains single, prover backend=barretenberg_4.2.0-aztecnr-rc.2_wasm_workers.",,,/Users/dcbuilder/Code/world/.worktrees/provekit-v1-cross-device-campaign/target/v1-benchmarks/input-to-proof/mac-chrome-multithread-16/oprf_o2__mac_chrome__noir_barretenberg__cold_local.json,cold_local,4072.495
input-to-proof-v1-mac-multithread-16-20260812,oprf_o2__mac_chrome__noir_barretenberg__cold_local-3,2026-08-12T12:40:01.294Z,macbook_m4,MacBook Pro (Apple M4 Max),26.6.1 (25G76),arm64,browser_wasm,Google Chrome 151.0.7922.138,oprf_nullifier,O2-world-id-nullifier,85aeeef539961cae5a63de794997b507a5975717,noir_barretenberg,noir,barretenberg-ultrahonk-wasm-workers,@noir-lang/noir_js@1.0.0-beta.19,measured,3,ok,2291.4,590.185,1309.965,409.05,4191.55,1280.671875,16000,73925206,73918911,73925206,,input-to-proof-v1-multithread,85aeeef539961cae5a63de794997b507a5975717,"{""bb_js"":""4.2.0-aztecnr-rc.2"",""noir_js"":""1.0.0-beta.19"",""execution_policy"":""workers""};execution_policy=multithread;threads_requested=32;threads_effective=16;witness_backend=single;prover_backend=barretenberg_4.2.0-aztecnr-rc.2_wasm_workers","{""raw_evidence_sha256"":""3ccbcefb260f1d37f9c64f3686b586b56912cb9fa1c77bc54c60b5851dbb3ded""}",,"Matched O2 profile: World ID nullifier statement and frozen semantic inputs, including the same public nullifier. Browser execution policy: multithread; requested threads=32, effective threads=16; witness generation remains single, prover backend=barretenberg_4.2.0-aztecnr-rc.2_wasm_workers.",,,/Users/dcbuilder/Code/world/.worktrees/provekit-v1-cross-device-campaign/target/v1-benchmarks/input-to-proof/mac-chrome-multithread-16/oprf_o2__mac_chrome__noir_barretenberg__cold_local.json,cold_local,4191.55
input-to-proof-v1-mac-multithread-16-20260812,oprf_o2__mac_chrome__noir_barretenberg__cold_local-4,2026-08-12T12:40:01.294Z,macbook_m4,MacBook Pro (Apple M4 Max),26.6.1 (25G76),arm64,browser_wasm,Google Chrome 151.0.7922.138,oprf_nullifier,O2-world-id-nullifier,85aeeef539961cae5a63de794997b507a5975717,noir_barretenberg,noir,barretenberg-ultrahonk-wasm-workers,@noir-lang/noir_js@1.0.0-beta.19,measured,4,ok,2265.82,590.995,1272.485,407.635,4129.3,1285.4375,16000,73925206,73918911,73925206,,input-to-proof-v1-multithread,85aeeef539961cae5a63de794997b507a5975717,"{""bb_js"":""4.2.0-aztecnr-rc.2"",""noir_js"":""1.0.0-beta.19"",""execution_policy"":""workers""};execution_policy=multithread;threads_requested=32;threads_effective=16;witness_backend=single;prover_backend=barretenberg_4.2.0-aztecnr-rc.2_wasm_workers","{""raw_evidence_sha256"":""3ccbcefb260f1d37f9c64f3686b586b56912cb9fa1c77bc54c60b5851dbb3ded""}",,"Matched O2 profile: World ID nullifier statement and frozen semantic inputs, including the same public nullifier. Browser execution policy: multithread; requested threads=32, effective threads=16; witness generation remains single, prover backend=barretenberg_4.2.0-aztecnr-rc.2_wasm_workers.",,,/Users/dcbuilder/Code/world/.worktrees/provekit-v1-cross-device-campaign/target/v1-benchmarks/input-to-proof/mac-chrome-multithread-16/oprf_o2__mac_chrome__noir_barretenberg__cold_local.json,cold_local,4129.3
input-to-proof-v1-mac-multithread-16-20260812,oprf_o2__mac_chrome__noir_barretenberg__cold_local-5,2026-08-12T12:40:01.294Z,macbook_m4,MacBook Pro (Apple M4 Max),26.6.1 (25G76),arm64,browser_wasm,Google Chrome 151.0.7922.138,oprf_nullifier,O2-world-id-nullifier,85aeeef539961cae5a63de794997b507a5975717,noir_barretenberg,noir,barretenberg-ultrahonk-wasm-workers,@noir-lang/noir_js@1.0.0-beta.19,measured,5,ok,2254.585,590.63,1280.035,433.58,4125.25,1279.1875,16000,73925206,73918911,73925206,,input-to-proof-v1-multithread,85aeeef539961cae5a63de794997b507a5975717,"{""bb_js"":""4.2.0-aztecnr-rc.2"",""noir_js"":""1.0.0-beta.19"",""execution_policy"":""workers""};execution_policy=multithread;threads_requested=32;threads_effective=16;witness_backend=single;prover_backend=barretenberg_4.2.0-aztecnr-rc.2_wasm_workers","{""raw_evidence_sha256"":""3ccbcefb260f1d37f9c64f3686b586b56912cb9fa1c77bc54c60b5851dbb3ded""}",,"Matched O2 profile: World ID nullifier statement and frozen semantic inputs, including the same public nullifier. Browser execution policy: multithread; requested threads=32, effective threads=16; witness generation remains single, prover backend=barretenberg_4.2.0-aztecnr-rc.2_wasm_workers.",,,/Users/dcbuilder/Code/world/.worktrees/provekit-v1-cross-device-campaign/target/v1-benchmarks/input-to-proof/mac-chrome-multithread-16/oprf_o2__mac_chrome__noir_barretenberg__cold_local.json,cold_local,4125.25
input-to-proof-v1-mac-multithread-16-20260812,oprf_o2__mac_chrome__noir_barretenberg__warm_reuse-0,2026-08-12T12:40:18.470Z,macbook_m4,MacBook Pro (Apple M4 Max),26.6.1 (25G76),arm64,browser_wasm,Google Chrome 151.0.7922.138,oprf_nullifier,O2-world-id-nullifier,85aeeef539961cae5a63de794997b507a5975717,noir_barretenberg,noir,barretenberg-ultrahonk-wasm-workers,@noir-lang/noir_js@1.0.0-beta.19,warmup,0,ok,0,527.085,1345.135,0,1872.255,1439.21875,16000,73925206,73918911,73925206,,input-to-proof-v1-multithread,85aeeef539961cae5a63de794997b507a5975717,"{""bb_js"":""4.2.0-aztecnr-rc.2"",""noir_js"":""1.0.0-beta.19"",""execution_policy"":""workers""};execution_policy=multithread;threads_requested=32;threads_effective=16;witness_backend=single;prover_backend=barretenberg_4.2.0-aztecnr-rc.2_wasm_workers","{""raw_evidence_sha256"":""78c41b513c3eed8ea180d4401a893ab993d86313957360cc6c4f840046faffaa""}",,"Matched O2 profile: World ID nullifier statement and frozen semantic inputs, including the same public nullifier. Browser execution policy: multithread; requested threads=32, effective threads=16; witness generation remains single, prover backend=barretenberg_4.2.0-aztecnr-rc.2_wasm_workers.",,,/Users/dcbuilder/Code/world/.worktrees/provekit-v1-cross-device-campaign/target/v1-benchmarks/input-to-proof/mac-chrome-multithread-16/oprf_o2__mac_chrome__noir_barretenberg__warm_reuse.json,warm_reuse,1872.255
input-to-proof-v1-mac-multithread-16-20260812,oprf_o2__mac_chrome__noir_barretenberg__warm_reuse-1,2026-08-12T12:40:18.470Z,macbook_m4,MacBook Pro (Apple M4 Max),26.6.1 (25G76),arm64,browser_wasm,Google Chrome 151.0.7922.138,oprf_nullifier,O2-world-id-nullifier,85aeeef539961cae5a63de794997b507a5975717,noir_barretenberg,noir,barretenberg-ultrahonk-wasm-workers,@noir-lang/noir_js@1.0.0-beta.19,measured,1,ok,0,529.895,1297.735,0,1827.67,1439.21875,16000,73925206,73918911,73925206,,input-to-proof-v1-multithread,85aeeef539961cae5a63de794997b507a5975717,"{""bb_js"":""4.2.0-aztecnr-rc.2"",""noir_js"":""1.0.0-beta.19"",""execution_policy"":""workers""};execution_policy=multithread;threads_requested=32;threads_effective=16;witness_backend=single;prover_backend=barretenberg_4.2.0-aztecnr-rc.2_wasm_workers","{""raw_evidence_sha256"":""78c41b513c3eed8ea180d4401a893ab993d86313957360cc6c4f840046faffaa""}",,"Matched O2 profile: World ID nullifier statement and frozen semantic inputs, including the same public nullifier. Browser execution policy: multithread; requested threads=32, effective threads=16; witness generation remains single, prover backend=barretenberg_4.2.0-aztecnr-rc.2_wasm_workers.",,,/Users/dcbuilder/Code/world/.worktrees/provekit-v1-cross-device-campaign/target/v1-benchmarks/input-to-proof/mac-chrome-multithread-16/oprf_o2__mac_chrome__noir_barretenberg__warm_reuse.json,warm_reuse,1827.67
input-to-proof-v1-mac-multithread-16-20260812,oprf_o2__mac_chrome__noir_barretenberg__warm_reuse-2,2026-08-12T12:40:18.470Z,macbook_m4,MacBook Pro (Apple M4 Max),26.6.1 (25G76),arm64,browser_wasm,Google Chrome 151.0.7922.138,oprf_nullifier,O2-world-id-nullifier,85aeeef539961cae5a63de794997b507a5975717,noir_barretenberg,noir,barretenberg-ultrahonk-wasm-workers,@noir-lang/noir_js@1.0.0-beta.19,measured,2,ok,0,525.56,1253.17,0,1778.755,1439.21875,16000,73925206,73918911,73925206,,input-to-proof-v1-multithread,85aeeef539961cae5a63de794997b507a5975717,"{""bb_js"":""4.2.0-aztecnr-rc.2"",""noir_js"":""1.0.0-beta.19"",""execution_policy"":""workers""};execution_policy=multithread;threads_requested=32;threads_effective=16;witness_backend=single;prover_backend=barretenberg_4.2.0-aztecnr-rc.2_wasm_workers","{""raw_evidence_sha256"":""78c41b513c3eed8ea180d4401a893ab993d86313957360cc6c4f840046faffaa""}",,"Matched O2 profile: World ID nullifier statement and frozen semantic inputs, including the same public nullifier. Browser execution policy: multithread; requested threads=32, effective threads=16; witness generation remains single, prover backend=barretenberg_4.2.0-aztecnr-rc.2_wasm_workers.",,,/Users/dcbuilder/Code/world/.worktrees/provekit-v1-cross-device-campaign/target/v1-benchmarks/input-to-proof/mac-chrome-multithread-16/oprf_o2__mac_chrome__noir_barretenberg__warm_reuse.json,warm_reuse,1778.755
input-to-proof-v1-mac-multithread-16-20260812,oprf_o2__mac_chrome__noir_barretenberg__warm_reuse-3,2026-08-12T12:40:18.470Z,macbook_m4,MacBook Pro (Apple M4 Max),26.6.1 (25G76),arm64,browser_wasm,Google Chrome 151.0.7922.138,oprf_nullifier,O2-world-id-nullifier,85aeeef539961cae5a63de794997b507a5975717,noir_barretenberg,noir,barretenberg-ultrahonk-wasm-workers,@noir-lang/noir_js@1.0.0-beta.19,measured,3,ok,0,530.225,1258.44,0,1788.705,1439.21875,16000,73925206,73918911,73925206,,input-to-proof-v1-multithread,85aeeef539961cae5a63de794997b507a5975717,"{""bb_js"":""4.2.0-aztecnr-rc.2"",""noir_js"":""1.0.0-beta.19"",""execution_policy"":""workers""};execution_policy=multithread;threads_requested=32;threads_effective=16;witness_backend=single;prover_backend=barretenberg_4.2.0-aztecnr-rc.2_wasm_workers","{""raw_evidence_sha256"":""78c41b513c3eed8ea180d4401a893ab993d86313957360cc6c4f840046faffaa""}",,"Matched O2 profile: World ID nullifier statement and frozen semantic inputs, including the same public nullifier. Browser execution policy: multithread; requested threads=32, effective threads=16; witness generation remains single, prover backend=barretenberg_4.2.0-aztecnr-rc.2_wasm_workers.",,,/Users/dcbuilder/Code/world/.worktrees/provekit-v1-cross-device-campaign/target/v1-benchmarks/input-to-proof/mac-chrome-multithread-16/oprf_o2__mac_chrome__noir_barretenberg__warm_reuse.json,warm_reuse,1788.705
input-to-proof-v1-mac-multithread-16-20260812,oprf_o2__mac_chrome__noir_barretenberg__warm_reuse-4,2026-08-12T12:40:18.470Z,macbook_m4,MacBook Pro (Apple M4 Max),26.6.1 (25G76),arm64,browser_wasm,Google Chrome 151.0.7922.138,oprf_nullifier,O2-world-id-nullifier,85aeeef539961cae5a63de794997b507a5975717,noir_barretenberg,noir,barretenberg-ultrahonk-wasm-workers,@noir-lang/noir_js@1.0.0-beta.19,measured,4,ok,0,523.49,1362.685,0,1886.21,1439.21875,16000,73925206,73918911,73925206,,input-to-proof-v1-multithread,85aeeef539961cae5a63de794997b507a5975717,"{""bb_js"":""4.2.0-aztecnr-rc.2"",""noir_js"":""1.0.0-beta.19"",""execution_policy"":""workers""};execution_policy=multithread;threads_requested=32;threads_effective=16;witness_backend=single;prover_backend=barretenberg_4.2.0-aztecnr-rc.2_wasm_workers","{""raw_evidence_sha256"":""78c41b513c3eed8ea180d4401a893ab993d86313957360cc6c4f840046faffaa""}",,"Matched O2 profile: World ID nullifier statement and frozen semantic inputs, including the same public nullifier. Browser execution policy: multithread; requested threads=32, effective threads=16; witness generation remains single, prover backend=barretenberg_4.2.0-aztecnr-rc.2_wasm_workers.",,,/Users/dcbuilder/Code/world/.worktrees/provekit-v1-cross-device-campaign/target/v1-benchmarks/input-to-proof/mac-chrome-multithread-16/oprf_o2__mac_chrome__noir_barretenberg__warm_reuse.json,warm_reuse,1886.21
input-to-proof-v1-mac-multithread-16-20260812,oprf_o2__mac_chrome__noir_barretenberg__warm_reuse-5,2026-08-12T12:40:18.470Z,macbook_m4,MacBook Pro (Apple M4 Max),26.6.1 (25G76),arm64,browser_wasm,Google Chrome 151.0.7922.138,oprf_nullifier,O2-world-id-nullifier,85aeeef539961cae5a63de794997b507a5975717,noir_barretenberg,noir,barretenberg-ultrahonk-wasm-workers,@noir-lang/noir_js@1.0.0-beta.19,measured,5,ok,0,525.145,1343.915,0,1869.085,1439.21875,16000,73925206,73918911,73925206,,input-to-proof-v1-multithread,85aeeef539961cae5a63de794997b507a5975717,"{""bb_js"":""4.2.0-aztecnr-rc.2"",""noir_js"":""1.0.0-beta.19"",""execution_policy"":""workers""};execution_policy=multithread;threads_requested=32;threads_effective=16;witness_backend=single;prover_backend=barretenberg_4.2.0-aztecnr-rc.2_wasm_workers","{""raw_evidence_sha256"":""78c41b513c3eed8ea180d4401a893ab993d86313957360cc6c4f840046faffaa""}",,"Matched O2 profile: World ID nullifier statement and frozen semantic inputs, including the same public nullifier. Browser execution policy: multithread; requested threads=32, effective threads=16; witness generation remains single, prover backend=barretenberg_4.2.0-aztecnr-rc.2_wasm_workers.",,,/Users/dcbuilder/Code/world/.worktrees/provekit-v1-cross-device-campaign/target/v1-benchmarks/input-to-proof/mac-chrome-multithread-16/oprf_o2__mac_chrome__noir_barretenberg__warm_reuse.json,warm_reuse,1869.085
input-to-proof-v1-mac-multithread-16-20260812,oprf_o2__mac_chrome__circom_groth16__cold_local-0,2026-08-12T12:40:39.020Z,macbook_m4,MacBook Pro (Apple M4 Max),26.6.1 (25G76),arm64,browser_wasm,Google Chrome 151.0.7922.138,oprf_nullifier,O2-world-id-nullifier,85aeeef539961cae5a63de794997b507a5975717,circom_groth16,circom,snarkjs-groth16-browser-wasm-workers,circom-witness-wasm,warmup,0,ok,3.825,128.76,1409.79,6.28,1542.375,3642.625,723,39203507,38279392,39203507,,input-to-proof-v1-multithread,85aeeef539961cae5a63de794997b507a5975717,"{""circom"":""2.2.2"",""snarkjs"":""0.7.6"",""execution_policy"":""workers""};execution_policy=multithread;threads_requested=16;threads_effective=16;witness_backend=circom_runtime_wasm_single;prover_backend=snarkjs_0.7.6_browser_wasm_workers","{""raw_evidence_sha256"":""588582de4933fd74fd9ac7488b6b05d1ef1072b1af4a938ab4a3b688216720ba""}",,"Matched O2 profile: World ID nullifier statement and frozen semantic inputs, including the same public nullifier. Browser execution policy: multithread; requested threads=16, effective threads=16; witness generation remains circom_runtime_wasm_single, prover backend=snarkjs_0.7.6_browser_wasm_workers.",,,/Users/dcbuilder/Code/world/.worktrees/provekit-v1-cross-device-campaign/target/v1-benchmarks/input-to-proof/mac-chrome-multithread-16/oprf_o2__mac_chrome__circom_groth16__cold_local.json,cold_local,1542.375
input-to-proof-v1-mac-multithread-16-20260812,oprf_o2__mac_chrome__circom_groth16__cold_local-1,2026-08-12T12:40:39.020Z,macbook_m4,MacBook Pro (Apple M4 Max),26.6.1 (25G76),arm64,browser_wasm,Google Chrome 151.0.7922.138,oprf_nullifier,O2-world-id-nullifier,85aeeef539961cae5a63de794997b507a5975717,circom_groth16,circom,snarkjs-groth16-browser-wasm-workers,circom-witness-wasm,measured,1,ok,2.54,125.145,1407.61,6.205,1535.295,3526.3125,722,39203507,38279392,39203507,,input-to-proof-v1-multithread,85aeeef539961cae5a63de794997b507a5975717,"{""circom"":""2.2.2"",""snarkjs"":""0.7.6"",""execution_policy"":""workers""};execution_policy=multithread;threads_requested=16;threads_effective=16;witness_backend=circom_runtime_wasm_single;prover_backend=snarkjs_0.7.6_browser_wasm_workers","{""raw_evidence_sha256"":""588582de4933fd74fd9ac7488b6b05d1ef1072b1af4a938ab4a3b688216720ba""}",,"Matched O2 profile: World ID nullifier statement and frozen semantic inputs, including the same public nullifier. Browser execution policy: multithread; requested threads=16, effective threads=16; witness generation remains circom_runtime_wasm_single, prover backend=snarkjs_0.7.6_browser_wasm_workers.",,,/Users/dcbuilder/Code/world/.worktrees/provekit-v1-cross-device-campaign/target/v1-benchmarks/input-to-proof/mac-chrome-multithread-16/oprf_o2__mac_chrome__circom_groth16__cold_local.json,cold_local,1535.295
input-to-proof-v1-mac-multithread-16-20260812,oprf_o2__mac_chrome__circom_groth16__cold_local-2,2026-08-12T12:40:39.020Z,macbook_m4,MacBook Pro (Apple M4 Max),26.6.1 (25G76),arm64,browser_wasm,Google Chrome 151.0.7922.138,oprf_nullifier,O2-world-id-nullifier,85aeeef539961cae5a63de794997b507a5975717,circom_groth16,circom,snarkjs-groth16-browser-wasm-workers,circom-witness-wasm,measured,2,ok,2.43,125.14,1357.23,6.185,1484.8,3703.40625,726,39203507,38279392,39203507,,input-to-proof-v1-multithread,85aeeef539961cae5a63de794997b507a5975717,"{""circom"":""2.2.2"",""snarkjs"":""0.7.6"",""execution_policy"":""workers""};execution_policy=multithread;threads_requested=16;threads_effective=16;witness_backend=circom_runtime_wasm_single;prover_backend=snarkjs_0.7.6_browser_wasm_workers","{""raw_evidence_sha256"":""588582de4933fd74fd9ac7488b6b05d1ef1072b1af4a938ab4a3b688216720ba""}",,"Matched O2 profile: World ID nullifier statement and frozen semantic inputs, including the same public nullifier. Browser execution policy: multithread; requested threads=16, effective threads=16; witness generation remains circom_runtime_wasm_single, prover backend=snarkjs_0.7.6_browser_wasm_workers.",,,/Users/dcbuilder/Code/world/.worktrees/provekit-v1-cross-device-campaign/target/v1-benchmarks/input-to-proof/mac-chrome-multithread-16/oprf_o2__mac_chrome__circom_groth16__cold_local.json,cold_local,1484.8
input-to-proof-v1-mac-multithread-16-20260812,oprf_o2__mac_chrome__circom_groth16__cold_local-3,2026-08-12T12:40:39.020Z,macbook_m4,MacBook Pro (Apple M4 Max),26.6.1 (25G76),arm64,browser_wasm,Google Chrome 151.0.7922.138,oprf_nullifier,O2-world-id-nullifier,85aeeef539961cae5a63de794997b507a5975717,circom_groth16,circom,snarkjs-groth16-browser-wasm-workers,circom-witness-wasm,measured,3,ok,2.57,124.77,1383.9,6.375,1511.24,3444.484375,723,39203507,38279392,39203507,,input-to-proof-v1-multithread,85aeeef539961cae5a63de794997b507a5975717,"{""circom"":""2.2.2"",""snarkjs"":""0.7.6"",""execution_policy"":""workers""};execution_policy=multithread;threads_requested=16;threads_effective=16;witness_backend=circom_runtime_wasm_single;prover_backend=snarkjs_0.7.6_browser_wasm_workers","{""raw_evidence_sha256"":""588582de4933fd74fd9ac7488b6b05d1ef1072b1af4a938ab4a3b688216720ba""}",,"Matched O2 profile: World ID nullifier statement and frozen semantic inputs, including the same public nullifier. Browser execution policy: multithread; requested threads=16, effective threads=16; witness generation remains circom_runtime_wasm_single, prover backend=snarkjs_0.7.6_browser_wasm_workers.",,,/Users/dcbuilder/Code/world/.worktrees/provekit-v1-cross-device-campaign/target/v1-benchmarks/input-to-proof/mac-chrome-multithread-16/oprf_o2__mac_chrome__circom_groth16__cold_local.json,cold_local,1511.24
input-to-proof-v1-mac-multithread-16-20260812,oprf_o2__mac_chrome__circom_groth16__cold_local-4,2026-08-12T12:40:39.020Z,macbook_m4,MacBook Pro (Apple M4 Max),26.6.1 (25G76),arm64,browser_wasm,Google Chrome 151.0.7922.138,oprf_nullifier,O2-world-id-nullifier,85aeeef539961cae5a63de794997b507a5975717,circom_groth16,circom,snarkjs-groth16-browser-wasm-workers,circom-witness-wasm,measured,4,ok,2.605,130.03,1409.48,6.205,1542.115,3625.328125,722,39203507,38279392,39203507,,input-to-proof-v1-multithread,85aeeef539961cae5a63de794997b507a5975717,"{""circom"":""2.2.2"",""snarkjs"":""0.7.6"",""execution_policy"":""workers""};execution_policy=multithread;threads_requested=16;threads_effective=16;witness_backend=circom_runtime_wasm_single;prover_backend=snarkjs_0.7.6_browser_wasm_workers","{""raw_evidence_sha256"":""588582de4933fd74fd9ac7488b6b05d1ef1072b1af4a938ab4a3b688216720ba""}",,"Matched O2 profile: World ID nullifier statement and frozen semantic inputs, including the same public nullifier. Browser execution policy: multithread; requested threads=16, effective threads=16; witness generation remains circom_runtime_wasm_single, prover backend=snarkjs_0.7.6_browser_wasm_workers.",,,/Users/dcbuilder/Code/world/.worktrees/provekit-v1-cross-device-campaign/target/v1-benchmarks/input-to-proof/mac-chrome-multithread-16/oprf_o2__mac_chrome__circom_groth16__cold_local.json,cold_local,1542.115
input-to-proof-v1-mac-multithread-16-20260812,oprf_o2__mac_chrome__circom_groth16__cold_local-5,2026-08-12T12:40:39.020Z,macbook_m4,MacBook Pro (Apple M4 Max),26.6.1 (25G76),arm64,browser_wasm,Google Chrome 151.0.7922.138,oprf_nullifier,O2-world-id-nullifier,85aeeef539961cae5a63de794997b507a5975717,circom_groth16,circom,snarkjs-groth16-browser-wasm-workers,circom-witness-wasm,measured,5,ok,2.26,127.155,1428.825,6.09,1558.24,3367.109375,723,39203507,38279392,39203507,,input-to-proof-v1-multithread,85aeeef539961cae5a63de794997b507a5975717,"{""circom"":""2.2.2"",""snarkjs"":""0.7.6"",""execution_policy"":""workers""};execution_policy=multithread;threads_requested=16;threads_effective=16;witness_backend=circom_runtime_wasm_single;prover_backend=snarkjs_0.7.6_browser_wasm_workers","{""raw_evidence_sha256"":""588582de4933fd74fd9ac7488b6b05d1ef1072b1af4a938ab4a3b688216720ba""}",,"Matched O2 profile: World ID nullifier statement and frozen semantic inputs, including the same public nullifier. Browser execution policy: multithread; requested threads=16, effective threads=16; witness generation remains circom_runtime_wasm_single, prover backend=snarkjs_0.7.6_browser_wasm_workers.",,,/Users/dcbuilder/Code/world/.worktrees/provekit-v1-cross-device-campaign/target/v1-benchmarks/input-to-proof/mac-chrome-multithread-16/oprf_o2__mac_chrome__circom_groth16__cold_local.json,cold_local,1558.24
input-to-proof-v1-mac-multithread-16-20260812,oprf_o2__mac_chrome__circom_groth16__warm_reuse-0,2026-08-12T12:40:53.679Z,macbook_m4,MacBook Pro (Apple M4 Max),26.6.1 (25G76),arm64,browser_wasm,Google Chrome 151.0.7922.138,oprf_nullifier,O2-world-id-nullifier,85aeeef539961cae5a63de794997b507a5975717,circom_groth16,circom,snarkjs-groth16-browser-wasm-workers,circom-witness-wasm,warmup,0,ok,0,125.645,1402.39,5.865,1528.385,3240.375,724,39203507,38279392,39203507,,input-to-proof-v1-multithread,85aeeef539961cae5a63de794997b507a5975717,"{""circom"":""2.2.2"",""snarkjs"":""0.7.6"",""execution_policy"":""workers""};execution_policy=multithread;threads_requested=16;threads_effective=16;witness_backend=circom_runtime_wasm_single;prover_backend=snarkjs_0.7.6_browser_wasm_workers","{""raw_evidence_sha256"":""2500e41a9f45d6766e869a523777d6c29fe4f8bc060382fb89edbbb05c85ebc4""}",,"Matched O2 profile: World ID nullifier statement and frozen semantic inputs, including the same public nullifier. Browser execution policy: multithread; requested threads=16, effective threads=16; witness generation remains circom_runtime_wasm_single, prover backend=snarkjs_0.7.6_browser_wasm_workers.",,,/Users/dcbuilder/Code/world/.worktrees/provekit-v1-cross-device-campaign/target/v1-benchmarks/input-to-proof/mac-chrome-multithread-16/oprf_o2__mac_chrome__circom_groth16__warm_reuse.json,warm_reuse,1528.385
input-to-proof-v1-mac-multithread-16-20260812,oprf_o2__mac_chrome__circom_groth16__warm_reuse-1,2026-08-12T12:40:53.679Z,macbook_m4,MacBook Pro (Apple M4 Max),26.6.1 (25G76),arm64,browser_wasm,Google Chrome 151.0.7922.138,oprf_nullifier,O2-world-id-nullifier,85aeeef539961cae5a63de794997b507a5975717,circom_groth16,circom,snarkjs-groth16-browser-wasm-workers,circom-witness-wasm,measured,1,ok,0,126.58,1359.86,5.83,1486.95,3240.375,724,39203507,38279392,39203507,,input-to-proof-v1-multithread,85aeeef539961cae5a63de794997b507a5975717,"{""circom"":""2.2.2"",""snarkjs"":""0.7.6"",""execution_policy"":""workers""};execution_policy=multithread;threads_requested=16;threads_effective=16;witness_backend=circom_runtime_wasm_single;prover_backend=snarkjs_0.7.6_browser_wasm_workers","{""raw_evidence_sha256"":""2500e41a9f45d6766e869a523777d6c29fe4f8bc060382fb89edbbb05c85ebc4""}",,"Matched O2 profile: World ID nullifier statement and frozen semantic inputs, including the same public nullifier. Browser execution policy: multithread; requested threads=16, effective threads=16; witness generation remains circom_runtime_wasm_single, prover backend=snarkjs_0.7.6_browser_wasm_workers.",,,/Users/dcbuilder/Code/world/.worktrees/provekit-v1-cross-device-campaign/target/v1-benchmarks/input-to-proof/mac-chrome-multithread-16/oprf_o2__mac_chrome__circom_groth16__warm_reuse.json,warm_reuse,1486.95
input-to-proof-v1-mac-multithread-16-20260812,oprf_o2__mac_chrome__circom_groth16__warm_reuse-2,2026-08-12T12:40:53.679Z,macbook_m4,MacBook Pro (Apple M4 Max),26.6.1 (25G76),arm64,browser_wasm,Google Chrome 151.0.7922.138,oprf_nullifier,O2-world-id-nullifier,85aeeef539961cae5a63de794997b507a5975717,circom_groth16,circom,snarkjs-groth16-browser-wasm-workers,circom-witness-wasm,measured,2,ok,0,125.71,1353,5.775,1479.255,3240.375,726,39203507,38279392,39203507,,input-to-proof-v1-multithread,85aeeef539961cae5a63de794997b507a5975717,"{""circom"":""2.2.2"",""snarkjs"":""0.7.6"",""execution_policy"":""workers""};execution_policy=multithread;threads_requested=16;threads_effective=16;witness_backend=circom_runtime_wasm_single;prover_backend=snarkjs_0.7.6_browser_wasm_workers","{""raw_evidence_sha256"":""2500e41a9f45d6766e869a523777d6c29fe4f8bc060382fb89edbbb05c85ebc4""}",,"Matched O2 profile: World ID nullifier statement and frozen semantic inputs, including the same public nullifier. Browser execution policy: multithread; requested threads=16, effective threads=16; witness generation remains circom_runtime_wasm_single, prover backend=snarkjs_0.7.6_browser_wasm_workers.",,,/Users/dcbuilder/Code/world/.worktrees/provekit-v1-cross-device-campaign/target/v1-benchmarks/input-to-proof/mac-chrome-multithread-16/oprf_o2__mac_chrome__circom_groth16__warm_reuse.json,warm_reuse,1479.255
input-to-proof-v1-mac-multithread-16-20260812,oprf_o2__mac_chrome__circom_groth16__warm_reuse-3,2026-08-12T12:40:53.679Z,macbook_m4,MacBook Pro (Apple M4 Max),26.6.1 (25G76),arm64,browser_wasm,Google Chrome 151.0.7922.138,oprf_nullifier,O2-world-id-nullifier,85aeeef539961cae5a63de794997b507a5975717,circom_groth16,circom,snarkjs-groth16-browser-wasm-workers,circom-witness-wasm,measured,3,ok,0,126.835,1361.78,5.76,1489.14,3240.375,724,39203507,38279392,39203507,,input-to-proof-v1-multithread,85aeeef539961cae5a63de794997b507a5975717,"{""circom"":""2.2.2"",""snarkjs"":""0.7.6"",""execution_policy"":""workers""};execution_policy=multithread;threads_requested=16;threads_effective=16;witness_backend=circom_runtime_wasm_single;prover_backend=snarkjs_0.7.6_browser_wasm_workers","{""raw_evidence_sha256"":""2500e41a9f45d6766e869a523777d6c29fe4f8bc060382fb89edbbb05c85ebc4""}",,"Matched O2 profile: World ID nullifier statement and frozen semantic inputs, including the same public nullifier. Browser execution policy: multithread; requested threads=16, effective threads=16; witness generation remains circom_runtime_wasm_single, prover backend=snarkjs_0.7.6_browser_wasm_workers.",,,/Users/dcbuilder/Code/world/.worktrees/provekit-v1-cross-device-campaign/target/v1-benchmarks/input-to-proof/mac-chrome-multithread-16/oprf_o2__mac_chrome__circom_groth16__warm_reuse.json,warm_reuse,1489.14
input-to-proof-v1-mac-multithread-16-20260812,oprf_o2__mac_chrome__circom_groth16__warm_reuse-4,2026-08-12T12:40:53.679Z,macbook_m4,MacBook Pro (Apple M4 Max),26.6.1 (25G76),arm64,browser_wasm,Google Chrome 151.0.7922.138,oprf_nullifier,O2-world-id-nullifier,85aeeef539961cae5a63de794997b507a5975717,circom_groth16,circom,snarkjs-groth16-browser-wasm-workers,circom-witness-wasm,measured,4,ok,0,124.985,1369.025,6.115,1494.575,3240.375,725,39203507,38279392,39203507,,input-to-proof-v1-multithread,85aeeef539961cae5a63de794997b507a5975717,"{""circom"":""2.2.2"",""snarkjs"":""0.7.6"",""execution_policy"":""workers""};execution_policy=multithread;threads_requested=16;threads_effective=16;witness_backend=circom_runtime_wasm_single;prover_backend=snarkjs_0.7.6_browser_wasm_workers","{""raw_evidence_sha256"":""2500e41a9f45d6766e869a523777d6c29fe4f8bc060382fb89edbbb05c85ebc4""}",,"Matched O2 profile: World ID nullifier statement and frozen semantic inputs, including the same public nullifier. Browser execution policy: multithread; requested threads=16, effective threads=16; witness generation remains circom_runtime_wasm_single, prover backend=snarkjs_0.7.6_browser_wasm_workers.",,,/Users/dcbuilder/Code/world/.worktrees/provekit-v1-cross-device-campaign/target/v1-benchmarks/input-to-proof/mac-chrome-multithread-16/oprf_o2__mac_chrome__circom_groth16__warm_reuse.json,warm_reuse,1494.575
input-to-proof-v1-mac-multithread-16-20260812,oprf_o2__mac_chrome__circom_groth16__warm_reuse-5,2026-08-12T12:40:53.679Z,macbook_m4,MacBook Pro (Apple M4 Max),26.6.1 (25G76),arm64,browser_wasm,Google Chrome 151.0.7922.138,oprf_nullifier,O2-world-id-nullifier,85aeeef539961cae5a63de794997b507a5975717,circom_groth16,circom,snarkjs-groth16-browser-wasm-workers,circom-witness-wasm,measured,5,ok,0,128,1336.785,5.745,1465.28,3240.375,719,39203507,38279392,39203507,,input-to-proof-v1-multithread,85aeeef539961cae5a63de794997b507a5975717,"{""circom"":""2.2.2"",""snarkjs"":""0.7.6"",""execution_policy"":""workers""};execution_policy=multithread;threads_requested=16;threads_effective=16;witness_backend=circom_runtime_wasm_single;prover_backend=snarkjs_0.7.6_browser_wasm_workers","{""raw_evidence_sha256"":""2500e41a9f45d6766e869a523777d6c29fe4f8bc060382fb89edbbb05c85ebc4""}",,"Matched O2 profile: World ID nullifier statement and frozen semantic inputs, including the same public nullifier. Browser execution policy: multithread; requested threads=16, effective threads=16; witness generation remains circom_runtime_wasm_single, prover backend=snarkjs_0.7.6_browser_wasm_workers.",,,/Users/dcbuilder/Code/world/.worktrees/provekit-v1-cross-device-campaign/target/v1-benchmarks/input-to-proof/mac-chrome-multithread-16/oprf_o2__mac_chrome__circom_groth16__warm_reuse.json,warm_reuse,1465.28
input-to-proof-v1-mac-multithread-16-20260812,webauthn_closest_analogue__mac_chrome__provekit_v1__cold_local-0,2026-08-12T12:41:31.005Z,macbook_m4,MacBook Pro (Apple M4 Max),26.6.1 (25G76),arm64,browser_wasm,Google Chrome 151.0.7922.138,webauthn,closest-analogue,0fb5b4aa1398281c2fd3dbe14db147e05b61f201,provekit_v1,noir,provekit-v1-whir-wasm-workers,@noir-lang/noir_js@1.0.0-beta.11,warmup,0,ok,1616.809999998659,1637.0100000016391,1810.684999998659,88.18999999947846,5064.504999998957,972.234375,975568,2271295,2263464,15906430,389181,input-to-proof-v1-multithread,9b2a6f37c67691eab4b0cec6c35e35c520e93285,"{""provekit"":""9b2a6f37c67691eab4b0cec6c35e35c520e93285"",""noir_js"":""1.0.0-beta.11"",""execution_policy"":""workers""};execution_policy=multithread;threads_requested=16;threads_effective=16;witness_backend=single;prover_backend=provekit_v1_branch_9b2a6f_wasm_rayon_threaded","{""raw_evidence_sha256"":""995bd237c7b4feba72ffc9f7a2a1b69c81bfbbc8990ad1435f479df0a47d7b3e""}",,"Closest analogue, not equivalent: Noir binds challenge, type, origin, RP-ID hash, flags, and public key; the Circom counterpart omits several bindings. Browser execution policy: multithread; requested threads=16, effective threads=16; witness generation remains single, prover backend=provekit_v1_branch_9b2a6f_wasm_rayon_threaded.",,,/Users/dcbuilder/Code/world/.worktrees/provekit-v1-cross-device-campaign/target/v1-benchmarks/input-to-proof/mac-chrome-multithread-16/webauthn_closest_analogue__mac_chrome__provekit_v1__cold_local.json,cold_local,5064.504999998957
input-to-proof-v1-mac-multithread-16-20260812,webauthn_closest_analogue__mac_chrome__provekit_v1__cold_local-1,2026-08-12T12:41:31.005Z,macbook_m4,MacBook Pro (Apple M4 Max),26.6.1 (25G76),arm64,browser_wasm,Google Chrome 151.0.7922.138,webauthn,closest-analogue,0fb5b4aa1398281c2fd3dbe14db147e05b61f201,provekit_v1,noir,provekit-v1-whir-wasm-workers,@noir-lang/noir_js@1.0.0-beta.11,measured,1,ok,1625.339999999851,1645.684999998659,1764.335000000894,83.01500000059605,5035.359999999404,966.484375,969336,2271295,2263464,15906430,389181,input-to-proof-v1-multithread,9b2a6f37c67691eab4b0cec6c35e35c520e93285,"{""provekit"":""9b2a6f37c67691eab4b0cec6c35e35c520e93285"",""noir_js"":""1.0.0-beta.11"",""execution_policy"":""workers""};execution_policy=multithread;threads_requested=16;threads_effective=16;witness_backend=single;prover_backend=provekit_v1_branch_9b2a6f_wasm_rayon_threaded","{""raw_evidence_sha256"":""995bd237c7b4feba72ffc9f7a2a1b69c81bfbbc8990ad1435f479df0a47d7b3e""}",,"Closest analogue, not equivalent: Noir binds challenge, type, origin, RP-ID hash, flags, and public key; the Circom counterpart omits several bindings. Browser execution policy: multithread; requested threads=16, effective threads=16; witness generation remains single, prover backend=provekit_v1_branch_9b2a6f_wasm_rayon_threaded.",,,/Users/dcbuilder/Code/world/.worktrees/provekit-v1-cross-device-campaign/target/v1-benchmarks/input-to-proof/mac-chrome-multithread-16/webauthn_closest_analogue__mac_chrome__provekit_v1__cold_local.json,cold_local,5035.359999999404
input-to-proof-v1-mac-multithread-16-20260812,webauthn_closest_analogue__mac_chrome__provekit_v1__cold_local-2,2026-08-12T12:41:31.005Z,macbook_m4,MacBook Pro (Apple M4 Max),26.6.1 (25G76),arm64,browser_wasm,Google Chrome 151.0.7922.138,webauthn,closest-analogue,0fb5b4aa1398281c2fd3dbe14db147e05b61f201,provekit_v1,noir,provekit-v1-whir-wasm-workers,@noir-lang/noir_js@1.0.0-beta.11,measured,2,ok,1624.2799999993294,1640.5400000009686,1824.894999999553,85.48000000044703,5089.714999999851,969.21875,973092,2271295,2263464,15906430,389181,input-to-proof-v1-multithread,9b2a6f37c67691eab4b0cec6c35e35c520e93285,"{""provekit"":""9b2a6f37c67691eab4b0cec6c35e35c520e93285"",""noir_js"":""1.0.0-beta.11"",""execution_policy"":""workers""};execution_policy=multithread;threads_requested=16;threads_effective=16;witness_backend=single;prover_backend=provekit_v1_branch_9b2a6f_wasm_rayon_threaded","{""raw_evidence_sha256"":""995bd237c7b4feba72ffc9f7a2a1b69c81bfbbc8990ad1435f479df0a47d7b3e""}",,"Closest analogue, not equivalent: Noir binds challenge, type, origin, RP-ID hash, flags, and public key; the Circom counterpart omits several bindings. Browser execution policy: multithread; requested threads=16, effective threads=16; witness generation remains single, prover backend=provekit_v1_branch_9b2a6f_wasm_rayon_threaded.",,,/Users/dcbuilder/Code/world/.worktrees/provekit-v1-cross-device-campaign/target/v1-benchmarks/input-to-proof/mac-chrome-multithread-16/webauthn_closest_analogue__mac_chrome__provekit_v1__cold_local.json,cold_local,5089.714999999851
input-to-proof-v1-mac-multithread-16-20260812,webauthn_closest_analogue__mac_chrome__provekit_v1__cold_local-3,2026-08-12T12:41:31.005Z,macbook_m4,MacBook Pro (Apple M4 Max),26.6.1 (25G76),arm64,browser_wasm,Google Chrome 151.0.7922.138,webauthn,closest-analogue,0fb5b4aa1398281c2fd3dbe14db147e05b61f201,provekit_v1,noir,provekit-v1-whir-wasm-workers,@noir-lang/noir_js@1.0.0-beta.11,measured,3,ok,1610.9700000006706,1636.7649999987334,1841.6000000014901,88.2350000012666,5089.335000000894,970.484375,973604,2271295,2263464,15906430,389181,input-to-proof-v1-multithread,9b2a6f37c67691eab4b0cec6c35e35c520e93285,"{""provekit"":""9b2a6f37c67691eab4b0cec6c35e35c520e93285"",""noir_js"":""1.0.0-beta.11"",""execution_policy"":""workers""};execution_policy=multithread;threads_requested=16;threads_effective=16;witness_backend=single;prover_backend=provekit_v1_branch_9b2a6f_wasm_rayon_threaded","{""raw_evidence_sha256"":""995bd237c7b4feba72ffc9f7a2a1b69c81bfbbc8990ad1435f479df0a47d7b3e""}",,"Closest analogue, not equivalent: Noir binds challenge, type, origin, RP-ID hash, flags, and public key; the Circom counterpart omits several bindings. Browser execution policy: multithread; requested threads=16, effective threads=16; witness generation remains single, prover backend=provekit_v1_branch_9b2a6f_wasm_rayon_threaded.",,,/Users/dcbuilder/Code/world/.worktrees/provekit-v1-cross-device-campaign/target/v1-benchmarks/input-to-proof/mac-chrome-multithread-16/webauthn_closest_analogue__mac_chrome__provekit_v1__cold_local.json,cold_local,5089.335000000894
input-to-proof-v1-mac-multithread-16-20260812,webauthn_closest_analogue__mac_chrome__provekit_v1__cold_local-4,2026-08-12T12:41:31.005Z,macbook_m4,MacBook Pro (Apple M4 Max),26.6.1 (25G76),arm64,browser_wasm,Google Chrome 151.0.7922.138,webauthn,closest-analogue,0fb5b4aa1398281c2fd3dbe14db147e05b61f201,provekit_v1,noir,provekit-v1-whir-wasm-workers,@noir-lang/noir_js@1.0.0-beta.11,measured,4,ok,1614.519999999553,1652.5,1762.0499999988824,83.30499999970198,5029.069999998435,970.859375,972708,2271295,2263464,15906430,389181,input-to-proof-v1-multithread,9b2a6f37c67691eab4b0cec6c35e35c520e93285,"{""provekit"":""9b2a6f37c67691eab4b0cec6c35e35c520e93285"",""noir_js"":""1.0.0-beta.11"",""execution_policy"":""workers""};execution_policy=multithread;threads_requested=16;threads_effective=16;witness_backend=single;prover_backend=provekit_v1_branch_9b2a6f_wasm_rayon_threaded","{""raw_evidence_sha256"":""995bd237c7b4feba72ffc9f7a2a1b69c81bfbbc8990ad1435f479df0a47d7b3e""}",,"Closest analogue, not equivalent: Noir binds challenge, type, origin, RP-ID hash, flags, and public key; the Circom counterpart omits several bindings. Browser execution policy: multithread; requested threads=16, effective threads=16; witness generation remains single, prover backend=provekit_v1_branch_9b2a6f_wasm_rayon_threaded.",,,/Users/dcbuilder/Code/world/.worktrees/provekit-v1-cross-device-campaign/target/v1-benchmarks/input-to-proof/mac-chrome-multithread-16/webauthn_closest_analogue__mac_chrome__provekit_v1__cold_local.json,cold_local,5029.069999998435
input-to-proof-v1-mac-multithread-16-20260812,webauthn_closest_analogue__mac_chrome__provekit_v1__cold_local-5,2026-08-12T12:41:31.005Z,macbook_m4,MacBook Pro (Apple M4 Max),26.6.1 (25G76),arm64,browser_wasm,Google Chrome 151.0.7922.138,webauthn,closest-analogue,0fb5b4aa1398281c2fd3dbe14db147e05b61f201,provekit_v1,noir,provekit-v1-whir-wasm-workers,@noir-lang/noir_js@1.0.0-beta.11,measured,5,ok,1607.535000000149,1635.164999999106,1840.355000000447,84.55499999970198,5083.054999999702,965.53125,972664,2271295,2263464,15906430,389181,input-to-proof-v1-multithread,9b2a6f37c67691eab4b0cec6c35e35c520e93285,"{""provekit"":""9b2a6f37c67691eab4b0cec6c35e35c520e93285"",""noir_js"":""1.0.0-beta.11"",""execution_policy"":""workers""};execution_policy=multithread;threads_requested=16;threads_effective=16;witness_backend=single;prover_backend=provekit_v1_branch_9b2a6f_wasm_rayon_threaded","{""raw_evidence_sha256"":""995bd237c7b4feba72ffc9f7a2a1b69c81bfbbc8990ad1435f479df0a47d7b3e""}",,"Closest analogue, not equivalent: Noir binds challenge, type, origin, RP-ID hash, flags, and public key; the Circom counterpart omits several bindings. Browser execution policy: multithread; requested threads=16, effective threads=16; witness generation remains single, prover backend=provekit_v1_branch_9b2a6f_wasm_rayon_threaded.",,,/Users/dcbuilder/Code/world/.worktrees/provekit-v1-cross-device-campaign/target/v1-benchmarks/input-to-proof/mac-chrome-multithread-16/webauthn_closest_analogue__mac_chrome__provekit_v1__cold_local.json,cold_local,5083.054999999702
input-to-proof-v1-mac-multithread-16-20260812,webauthn_closest_analogue__mac_chrome__provekit_v1__warm_reuse-0,2026-08-12T12:42:16.679Z,macbook_m4,MacBook Pro (Apple M4 Max),26.6.1 (25G76),arm64,browser_wasm,Google Chrome 151.0.7922.138,webauthn,closest-analogue,0fb5b4aa1398281c2fd3dbe14db147e05b61f201,provekit_v1,noir,provekit-v1-whir-wasm-workers,@noir-lang/noir_js@1.0.0-beta.11,warmup,0,ok,597.4350000005215,1611.844999998808,1764.6850000005215,80.91000000014901,3973.964999999851,1057.625,976720,2271295,2263464,15906430,389181,input-to-proof-v1-multithread,9b2a6f37c67691eab4b0cec6c35e35c520e93285,"{""provekit"":""9b2a6f37c67691eab4b0cec6c35e35c520e93285"",""noir_js"":""1.0.0-beta.11"",""execution_policy"":""workers""};execution_policy=multithread;threads_requested=16;threads_effective=16;witness_backend=single;prover_backend=provekit_v1_branch_9b2a6f_wasm_rayon_threaded","{""raw_evidence_sha256"":""74544fb047cc5ed171ec2d751c5d2cf688c1e4651959e33f448eb1d8978c4d33""}",,"Closest analogue, not equivalent: Noir binds challenge, type, origin, RP-ID hash, flags, and public key; the Circom counterpart omits several bindings. Browser execution policy: multithread; requested threads=16, effective threads=16; witness generation remains single, prover backend=provekit_v1_branch_9b2a6f_wasm_rayon_threaded.",,,/Users/dcbuilder/Code/world/.worktrees/provekit-v1-cross-device-campaign/target/v1-benchmarks/input-to-proof/mac-chrome-multithread-16/webauthn_closest_analogue__mac_chrome__provekit_v1__warm_reuse.json,warm_reuse,3973.964999999851
input-to-proof-v1-mac-multithread-16-20260812,webauthn_closest_analogue__mac_chrome__provekit_v1__warm_reuse-1,2026-08-12T12:42:16.679Z,macbook_m4,MacBook Pro (Apple M4 Max),26.6.1 (25G76),arm64,browser_wasm,Google Chrome 151.0.7922.138,webauthn,closest-analogue,0fb5b4aa1398281c2fd3dbe14db147e05b61f201,provekit_v1,noir,provekit-v1-whir-wasm-workers,@noir-lang/noir_js@1.0.0-beta.11,measured,1,ok,594.089999999851,1218.7050000000745,1669.4199999999255,81.71499999985099,3482.214999999851,1057.625,971256,2271295,2263464,15906430,389181,input-to-proof-v1-multithread,9b2a6f37c67691eab4b0cec6c35e35c520e93285,"{""provekit"":""9b2a6f37c67691eab4b0cec6c35e35c520e93285"",""noir_js"":""1.0.0-beta.11"",""execution_policy"":""workers""};execution_policy=multithread;threads_requested=16;threads_effective=16;witness_backend=single;prover_backend=provekit_v1_branch_9b2a6f_wasm_rayon_threaded","{""raw_evidence_sha256"":""74544fb047cc5ed171ec2d751c5d2cf688c1e4651959e33f448eb1d8978c4d33""}",,"Closest analogue, not equivalent: Noir binds challenge, type, origin, RP-ID hash, flags, and public key; the Circom counterpart omits several bindings. Browser execution policy: multithread; requested threads=16, effective threads=16; witness generation remains single, prover backend=provekit_v1_branch_9b2a6f_wasm_rayon_threaded.",,,/Users/dcbuilder/Code/world/.worktrees/provekit-v1-cross-device-campaign/target/v1-benchmarks/input-to-proof/mac-chrome-multithread-16/webauthn_closest_analogue__mac_chrome__provekit_v1__warm_reuse.json,warm_reuse,3482.214999999851
input-to-proof-v1-mac-multithread-16-20260812,webauthn_closest_analogue__mac_chrome__provekit_v1__warm_reuse-2,2026-08-12T12:42:16.679Z,macbook_m4,MacBook Pro (Apple M4 Max),26.6.1 (25G76),arm64,browser_wasm,Google Chrome 151.0.7922.138,webauthn,closest-analogue,0fb5b4aa1398281c2fd3dbe14db147e05b61f201,provekit_v1,noir,provekit-v1-whir-wasm-workers,@noir-lang/noir_js@1.0.0-beta.11,measured,2,ok,592.8300000000745,1223.0499999988824,1678.910000000149,73.68500000052154,3494.7949999999255,1057.625,972112,2271295,2263464,15906430,389181,input-to-proof-v1-multithread,9b2a6f37c67691eab4b0cec6c35e35c520e93285,"{""provekit"":""9b2a6f37c67691eab4b0cec6c35e35c520e93285"",""noir_js"":""1.0.0-beta.11"",""execution_policy"":""workers""};execution_policy=multithread;threads_requested=16;threads_effective=16;witness_backend=single;prover_backend=provekit_v1_branch_9b2a6f_wasm_rayon_threaded","{""raw_evidence_sha256"":""74544fb047cc5ed171ec2d751c5d2cf688c1e4651959e33f448eb1d8978c4d33""}",,"Closest analogue, not equivalent: Noir binds challenge, type, origin, RP-ID hash, flags, and public key; the Circom counterpart omits several bindings. Browser execution policy: multithread; requested threads=16, effective threads=16; witness generation remains single, prover backend=provekit_v1_branch_9b2a6f_wasm_rayon_threaded.",,,/Users/dcbuilder/Code/world/.worktrees/provekit-v1-cross-device-campaign/target/v1-benchmarks/input-to-proof/mac-chrome-multithread-16/webauthn_closest_analogue__mac_chrome__provekit_v1__warm_reuse.json,warm_reuse,3494.7949999999255
input-to-proof-v1-mac-multithread-16-20260812,webauthn_closest_analogue__mac_chrome__provekit_v1__warm_reuse-3,2026-08-12T12:42:16.679Z,macbook_m4,MacBook Pro (Apple M4 Max),26.6.1 (25G76),arm64,browser_wasm,Google Chrome 151.0.7922.138,webauthn,closest-analogue,0fb5b4aa1398281c2fd3dbe14db147e05b61f201,provekit_v1,noir,provekit-v1-whir-wasm-workers,@noir-lang/noir_js@1.0.0-beta.11,measured,3,ok,592.875,1224.1650000009686,1695.5099999997765,73.42999999970198,3512.554999999702,1057.625,972024,2271295,2263464,15906430,389181,input-to-proof-v1-multithread,9b2a6f37c67691eab4b0cec6c35e35c520e93285,"{""provekit"":""9b2a6f37c67691eab4b0cec6c35e35c520e93285"",""noir_js"":""1.0.0-beta.11"",""execution_policy"":""workers""};execution_policy=multithread;threads_requested=16;threads_effective=16;witness_backend=single;prover_backend=provekit_v1_branch_9b2a6f_wasm_rayon_threaded","{""raw_evidence_sha256"":""74544fb047cc5ed171ec2d751c5d2cf688c1e4651959e33f448eb1d8978c4d33""}",,"Closest analogue, not equivalent: Noir binds challenge, type, origin, RP-ID hash, flags, and public key; the Circom counterpart omits several bindings. Browser execution policy: multithread; requested threads=16, effective threads=16; witness generation remains single, prover backend=provekit_v1_branch_9b2a6f_wasm_rayon_threaded.",,,/Users/dcbuilder/Code/world/.worktrees/provekit-v1-cross-device-campaign/target/v1-benchmarks/input-to-proof/mac-chrome-multithread-16/webauthn_closest_analogue__mac_chrome__provekit_v1__warm_reuse.json,warm_reuse,3512.554999999702
input-to-proof-v1-mac-multithread-16-20260812,webauthn_closest_analogue__mac_chrome__provekit_v1__warm_reuse-4,2026-08-12T12:42:16.679Z,macbook_m4,MacBook Pro (Apple M4 Max),26.6.1 (25G76),arm64,browser_wasm,Google Chrome 151.0.7922.138,webauthn,closest-analogue,0fb5b4aa1398281c2fd3dbe14db147e05b61f201,provekit_v1,noir,provekit-v1-whir-wasm-workers,@noir-lang/noir_js@1.0.0-beta.11,measured,4,ok,602.2899999991059,1220.445000000298,1658.9000000003725,73.1699999999255,3481.6349999997765,1057.625,972240,2271295,2263464,15906430,389181,input-to-proof-v1-multithread,9b2a6f37c67691eab4b0cec6c35e35c520e93285,"{""provekit"":""9b2a6f37c67691eab4b0cec6c35e35c520e93285"",""noir_js"":""1.0.0-beta.11"",""execution_policy"":""workers""};execution_policy=multithread;threads_requested=16;threads_effective=16;witness_backend=single;prover_backend=provekit_v1_branch_9b2a6f_wasm_rayon_threaded","{""raw_evidence_sha256"":""74544fb047cc5ed171ec2d751c5d2cf688c1e4651959e33f448eb1d8978c4d33""}",,"Closest analogue, not equivalent: Noir binds challenge, type, origin, RP-ID hash, flags, and public key; the Circom counterpart omits several bindings. Browser execution policy: multithread; requested threads=16, effective threads=16; witness generation remains single, prover backend=provekit_v1_branch_9b2a6f_wasm_rayon_threaded.",,,/Users/dcbuilder/Code/world/.worktrees/provekit-v1-cross-device-campaign/target/v1-benchmarks/input-to-proof/mac-chrome-multithread-16/webauthn_closest_analogue__mac_chrome__provekit_v1__warm_reuse.json,warm_reuse,3481.6349999997765
input-to-proof-v1-mac-multithread-16-20260812,webauthn_closest_analogue__mac_chrome__provekit_v1__warm_reuse-5,2026-08-12T12:42:16.679Z,macbook_m4,MacBook Pro (Apple M4 Max),26.6.1 (25G76),arm64,browser_wasm,Google Chrome 151.0.7922.138,webauthn,closest-analogue,0fb5b4aa1398281c2fd3dbe14db147e05b61f201,provekit_v1,noir,provekit-v1-whir-wasm-workers,@noir-lang/noir_js@1.0.0-beta.11,measured,5,ok,606.5800000000745,1229.515000000596,1702.125,73.20999999903142,3538.2249999996275,1057.625,975096,2271295,2263464,15906430,389181,input-to-proof-v1-multithread,9b2a6f37c67691eab4b0cec6c35e35c520e93285,"{""provekit"":""9b2a6f37c67691eab4b0cec6c35e35c520e93285"",""noir_js"":""1.0.0-beta.11"",""execution_policy"":""workers""};execution_policy=multithread;threads_requested=16;threads_effective=16;witness_backend=single;prover_backend=provekit_v1_branch_9b2a6f_wasm_rayon_threaded","{""raw_evidence_sha256"":""74544fb047cc5ed171ec2d751c5d2cf688c1e4651959e33f448eb1d8978c4d33""}",,"Closest analogue, not equivalent: Noir binds challenge, type, origin, RP-ID hash, flags, and public key; the Circom counterpart omits several bindings. Browser execution policy: multithread; requested threads=16, effective threads=16; witness generation remains single, prover backend=provekit_v1_branch_9b2a6f_wasm_rayon_threaded.",,,/Users/dcbuilder/Code/world/.worktrees/provekit-v1-cross-device-campaign/target/v1-benchmarks/input-to-proof/mac-chrome-multithread-16/webauthn_closest_analogue__mac_chrome__provekit_v1__warm_reuse.json,warm_reuse,3538.2249999996275
input-to-proof-v1-mac-multithread-16-20260812,webauthn_closest_analogue__mac_chrome__noir_barretenberg__cold_local-0,2026-08-12T12:43:04.467Z,macbook_m4,MacBook Pro (Apple M4 Max),26.6.1 (25G76),arm64,browser_wasm,Google Chrome 151.0.7922.138,webauthn,closest-analogue,0fb5b4aa1398281c2fd3dbe14db147e05b61f201,noir_barretenberg,noir,barretenberg-ultrahonk-wasm-workers,@noir-lang/noir_js@1.0.0-beta.19,warmup,0,ok,2310.06,1291.51,2047.705,635.2,5649.275,1415.90625,16000,74003114,73995283,74003114,,input-to-proof-v1-multithread,0fb5b4aa1398281c2fd3dbe14db147e05b61f201,"{""bb_js"":""4.2.0-aztecnr-rc.2"",""noir_js"":""1.0.0-beta.19"",""execution_policy"":""workers""};execution_policy=multithread;threads_requested=32;threads_effective=16;witness_backend=single;prover_backend=barretenberg_4.2.0-aztecnr-rc.2_wasm_workers","{""raw_evidence_sha256"":""581689ddf484bbf164d6b68cc6a8102c774d66051094c028ab5f0d365bdbe8b7""}",,"Closest analogue, not equivalent: Noir binds challenge, type, origin, RP-ID hash, flags, and public key; the Circom counterpart omits several bindings. Browser execution policy: multithread; requested threads=32, effective threads=16; witness generation remains single, prover backend=barretenberg_4.2.0-aztecnr-rc.2_wasm_workers.",,,/Users/dcbuilder/Code/world/.worktrees/provekit-v1-cross-device-campaign/target/v1-benchmarks/input-to-proof/mac-chrome-multithread-16/webauthn_closest_analogue__mac_chrome__noir_barretenberg__cold_local.json,cold_local,5649.275
input-to-proof-v1-mac-multithread-16-20260812,webauthn_closest_analogue__mac_chrome__noir_barretenberg__cold_local-1,2026-08-12T12:43:04.467Z,macbook_m4,MacBook Pro (Apple M4 Max),26.6.1 (25G76),arm64,browser_wasm,Google Chrome 151.0.7922.138,webauthn,closest-analogue,0fb5b4aa1398281c2fd3dbe14db147e05b61f201,noir_barretenberg,noir,barretenberg-ultrahonk-wasm-workers,@noir-lang/noir_js@1.0.0-beta.19,measured,1,ok,2363.25,1290.04,2062.965,635.955,5716.255,1416.578125,16000,74003114,73995283,74003114,,input-to-proof-v1-multithread,0fb5b4aa1398281c2fd3dbe14db147e05b61f201,"{""bb_js"":""4.2.0-aztecnr-rc.2"",""noir_js"":""1.0.0-beta.19"",""execution_policy"":""workers""};execution_policy=multithread;threads_requested=32;threads_effective=16;witness_backend=single;prover_backend=barretenberg_4.2.0-aztecnr-rc.2_wasm_workers","{""raw_evidence_sha256"":""581689ddf484bbf164d6b68cc6a8102c774d66051094c028ab5f0d365bdbe8b7""}",,"Closest analogue, not equivalent: Noir binds challenge, type, origin, RP-ID hash, flags, and public key; the Circom counterpart omits several bindings. Browser execution policy: multithread; requested threads=32, effective threads=16; witness generation remains single, prover backend=barretenberg_4.2.0-aztecnr-rc.2_wasm_workers.",,,/Users/dcbuilder/Code/world/.worktrees/provekit-v1-cross-device-campaign/target/v1-benchmarks/input-to-proof/mac-chrome-multithread-16/webauthn_closest_analogue__mac_chrome__noir_barretenberg__cold_local.json,cold_local,5716.255
input-to-proof-v1-mac-multithread-16-20260812,webauthn_closest_analogue__mac_chrome__noir_barretenberg__cold_local-2,2026-08-12T12:43:04.467Z,macbook_m4,MacBook Pro (Apple M4 Max),26.6.1 (25G76),arm64,browser_wasm,Google Chrome 151.0.7922.138,webauthn,closest-analogue,0fb5b4aa1398281c2fd3dbe14db147e05b61f201,noir_barretenberg,noir,barretenberg-ultrahonk-wasm-workers,@noir-lang/noir_js@1.0.0-beta.19,measured,2,ok,2282.265,1283.095,2083.845,637.12,5649.205,1416.109375,16000,74003114,73995283,74003114,,input-to-proof-v1-multithread,0fb5b4aa1398281c2fd3dbe14db147e05b61f201,"{""bb_js"":""4.2.0-aztecnr-rc.2"",""noir_js"":""1.0.0-beta.19"",""execution_policy"":""workers""};execution_policy=multithread;threads_requested=32;threads_effective=16;witness_backend=single;prover_backend=barretenberg_4.2.0-aztecnr-rc.2_wasm_workers","{""raw_evidence_sha256"":""581689ddf484bbf164d6b68cc6a8102c774d66051094c028ab5f0d365bdbe8b7""}",,"Closest analogue, not equivalent: Noir binds challenge, type, origin, RP-ID hash, flags, and public key; the Circom counterpart omits several bindings. Browser execution policy: multithread; requested threads=32, effective threads=16; witness generation remains single, prover backend=barretenberg_4.2.0-aztecnr-rc.2_wasm_workers.",,,/Users/dcbuilder/Code/world/.worktrees/provekit-v1-cross-device-campaign/target/v1-benchmarks/input-to-proof/mac-chrome-multithread-16/webauthn_closest_analogue__mac_chrome__noir_barretenberg__cold_local.json,cold_local,5649.205
input-to-proof-v1-mac-multithread-16-20260812,webauthn_closest_analogue__mac_chrome__noir_barretenberg__cold_local-3,2026-08-12T12:43:04.467Z,macbook_m4,MacBook Pro (Apple M4 Max),26.6.1 (25G76),arm64,browser_wasm,Google Chrome 151.0.7922.138,webauthn,closest-analogue,0fb5b4aa1398281c2fd3dbe14db147e05b61f201,noir_barretenberg,noir,barretenberg-ultrahonk-wasm-workers,@noir-lang/noir_js@1.0.0-beta.19,measured,3,ok,2092.845,1278.405,2095.845,679.85,5467.095,1441.609375,16000,74003114,73995283,74003114,,input-to-proof-v1-multithread,0fb5b4aa1398281c2fd3dbe14db147e05b61f201,"{""bb_js"":""4.2.0-aztecnr-rc.2"",""noir_js"":""1.0.0-beta.19"",""execution_policy"":""workers""};execution_policy=multithread;threads_requested=32;threads_effective=16;witness_backend=single;prover_backend=barretenberg_4.2.0-aztecnr-rc.2_wasm_workers","{""raw_evidence_sha256"":""581689ddf484bbf164d6b68cc6a8102c774d66051094c028ab5f0d365bdbe8b7""}",,"Closest analogue, not equivalent: Noir binds challenge, type, origin, RP-ID hash, flags, and public key; the Circom counterpart omits several bindings. Browser execution policy: multithread; requested threads=32, effective threads=16; witness generation remains single, prover backend=barretenberg_4.2.0-aztecnr-rc.2_wasm_workers.",,,/Users/dcbuilder/Code/world/.worktrees/provekit-v1-cross-device-campaign/target/v1-benchmarks/input-to-proof/mac-chrome-multithread-16/webauthn_closest_analogue__mac_chrome__noir_barretenberg__cold_local.json,cold_local,5467.095
input-to-proof-v1-mac-multithread-16-20260812,webauthn_closest_analogue__mac_chrome__noir_barretenberg__cold_local-4,2026-08-12T12:43:04.467Z,macbook_m4,MacBook Pro (Apple M4 Max),26.6.1 (25G76),arm64,browser_wasm,Google Chrome 151.0.7922.138,webauthn,closest-analogue,0fb5b4aa1398281c2fd3dbe14db147e05b61f201,noir_barretenberg,noir,barretenberg-ultrahonk-wasm-workers,@noir-lang/noir_js@1.0.0-beta.19,measured,4,ok,2149.255,1277.985,2071.745,639.71,5498.985,1414.421875,16000,74003114,73995283,74003114,,input-to-proof-v1-multithread,0fb5b4aa1398281c2fd3dbe14db147e05b61f201,"{""bb_js"":""4.2.0-aztecnr-rc.2"",""noir_js"":""1.0.0-beta.19"",""execution_policy"":""workers""};execution_policy=multithread;threads_requested=32;threads_effective=16;witness_backend=single;prover_backend=barretenberg_4.2.0-aztecnr-rc.2_wasm_workers","{""raw_evidence_sha256"":""581689ddf484bbf164d6b68cc6a8102c774d66051094c028ab5f0d365bdbe8b7""}",,"Closest analogue, not equivalent: Noir binds challenge, type, origin, RP-ID hash, flags, and public key; the Circom counterpart omits several bindings. Browser execution policy: multithread; requested threads=32, effective threads=16; witness generation remains single, prover backend=barretenberg_4.2.0-aztecnr-rc.2_wasm_workers.",,,/Users/dcbuilder/Code/world/.worktrees/provekit-v1-cross-device-campaign/target/v1-benchmarks/input-to-proof/mac-chrome-multithread-16/webauthn_closest_analogue__mac_chrome__noir_barretenberg__cold_local.json,cold_local,5498.985
input-to-proof-v1-mac-multithread-16-20260812,webauthn_closest_analogue__mac_chrome__noir_barretenberg__cold_local-5,2026-08-12T12:43:04.467Z,macbook_m4,MacBook Pro (Apple M4 Max),26.6.1 (25G76),arm64,browser_wasm,Google Chrome 151.0.7922.138,webauthn,closest-analogue,0fb5b4aa1398281c2fd3dbe14db147e05b61f201,noir_barretenberg,noir,barretenberg-ultrahonk-wasm-workers,@noir-lang/noir_js@1.0.0-beta.19,measured,5,ok,2101.3,1273.695,2074.26,633.575,5449.255,1415.890625,16000,74003114,73995283,74003114,,input-to-proof-v1-multithread,0fb5b4aa1398281c2fd3dbe14db147e05b61f201,"{""bb_js"":""4.2.0-aztecnr-rc.2"",""noir_js"":""1.0.0-beta.19"",""execution_policy"":""workers""};execution_policy=multithread;threads_requested=32;threads_effective=16;witness_backend=single;prover_backend=barretenberg_4.2.0-aztecnr-rc.2_wasm_workers","{""raw_evidence_sha256"":""581689ddf484bbf164d6b68cc6a8102c774d66051094c028ab5f0d365bdbe8b7""}",,"Closest analogue, not equivalent: Noir binds challenge, type, origin, RP-ID hash, flags, and public key; the Circom counterpart omits several bindings. Browser execution policy: multithread; requested threads=32, effective threads=16; witness generation remains single, prover backend=barretenberg_4.2.0-aztecnr-rc.2_wasm_workers.",,,/Users/dcbuilder/Code/world/.worktrees/provekit-v1-cross-device-campaign/target/v1-benchmarks/input-to-proof/mac-chrome-multithread-16/webauthn_closest_analogue__mac_chrome__noir_barretenberg__cold_local.json,cold_local,5449.255
input-to-proof-v1-mac-multithread-16-20260812,webauthn_closest_analogue__mac_chrome__noir_barretenberg__warm_reuse-0,2026-08-12T12:43:49.533Z,macbook_m4,MacBook Pro (Apple M4 Max),26.6.1 (25G76),arm64,browser_wasm,Google Chrome 151.0.7922.138,webauthn,closest-analogue,0fb5b4aa1398281c2fd3dbe14db147e05b61f201,noir_barretenberg,noir,barretenberg-ultrahonk-wasm-workers,@noir-lang/noir_js@1.0.0-beta.19,warmup,0,ok,0,1034.07,1801.57,0,2835.67,1928.109375,16000,74003114,73995283,74003114,,input-to-proof-v1-multithread,0fb5b4aa1398281c2fd3dbe14db147e05b61f201,"{""bb_js"":""4.2.0-aztecnr-rc.2"",""noir_js"":""1.0.0-beta.19"",""execution_policy"":""workers""};execution_policy=multithread;threads_requested=32;threads_effective=16;witness_backend=single;prover_backend=barretenberg_4.2.0-aztecnr-rc.2_wasm_workers","{""raw_evidence_sha256"":""82ab2ecbc6126cbe044146be18bd8b705c4fd5896285423ae3a9e49608e1dc54""}",,"Closest analogue, not equivalent: Noir binds challenge, type, origin, RP-ID hash, flags, and public key; the Circom counterpart omits several bindings. Browser execution policy: multithread; requested threads=32, effective threads=16; witness generation remains single, prover backend=barretenberg_4.2.0-aztecnr-rc.2_wasm_workers.",,,/Users/dcbuilder/Code/world/.worktrees/provekit-v1-cross-device-campaign/target/v1-benchmarks/input-to-proof/mac-chrome-multithread-16/webauthn_closest_analogue__mac_chrome__noir_barretenberg__warm_reuse.json,warm_reuse,2835.67
input-to-proof-v1-mac-multithread-16-20260812,webauthn_closest_analogue__mac_chrome__noir_barretenberg__warm_reuse-1,2026-08-12T12:43:49.533Z,macbook_m4,MacBook Pro (Apple M4 Max),26.6.1 (25G76),arm64,browser_wasm,Google Chrome 151.0.7922.138,webauthn,closest-analogue,0fb5b4aa1398281c2fd3dbe14db147e05b61f201,noir_barretenberg,noir,barretenberg-ultrahonk-wasm-workers,@noir-lang/noir_js@1.0.0-beta.19,measured,1,ok,0,1026.735,1780.15,0,2806.915,1928.109375,16000,74003114,73995283,74003114,,input-to-proof-v1-multithread,0fb5b4aa1398281c2fd3dbe14db147e05b61f201,"{""bb_js"":""4.2.0-aztecnr-rc.2"",""noir_js"":""1.0.0-beta.19"",""execution_policy"":""workers""};execution_policy=multithread;threads_requested=32;threads_effective=16;witness_backend=single;prover_backend=barretenberg_4.2.0-aztecnr-rc.2_wasm_workers","{""raw_evidence_sha256"":""82ab2ecbc6126cbe044146be18bd8b705c4fd5896285423ae3a9e49608e1dc54""}",,"Closest analogue, not equivalent: Noir binds challenge, type, origin, RP-ID hash, flags, and public key; the Circom counterpart omits several bindings. Browser execution policy: multithread; requested threads=32, effective threads=16; witness generation remains single, prover backend=barretenberg_4.2.0-aztecnr-rc.2_wasm_workers.",,,/Users/dcbuilder/Code/world/.worktrees/provekit-v1-cross-device-campaign/target/v1-benchmarks/input-to-proof/mac-chrome-multithread-16/webauthn_closest_analogue__mac_chrome__noir_barretenberg__warm_reuse.json,warm_reuse,2806.915
input-to-proof-v1-mac-multithread-16-20260812,webauthn_closest_analogue__mac_chrome__noir_barretenberg__warm_reuse-2,2026-08-12T12:43:49.533Z,macbook_m4,MacBook Pro (Apple M4 Max),26.6.1 (25G76),arm64,browser_wasm,Google Chrome 151.0.7922.138,webauthn,closest-analogue,0fb5b4aa1398281c2fd3dbe14db147e05b61f201,noir_barretenberg,noir,barretenberg-ultrahonk-wasm-workers,@noir-lang/noir_js@1.0.0-beta.19,measured,2,ok,0,1031.615,1799.2,0,2830.845,1928.109375,16000,74003114,73995283,74003114,,input-to-proof-v1-multithread,0fb5b4aa1398281c2fd3dbe14db147e05b61f201,"{""bb_js"":""4.2.0-aztecnr-rc.2"",""noir_js"":""1.0.0-beta.19"",""execution_policy"":""workers""};execution_policy=multithread;threads_requested=32;threads_effective=16;witness_backend=single;prover_backend=barretenberg_4.2.0-aztecnr-rc.2_wasm_workers","{""raw_evidence_sha256"":""82ab2ecbc6126cbe044146be18bd8b705c4fd5896285423ae3a9e49608e1dc54""}",,"Closest analogue, not equivalent: Noir binds challenge, type, origin, RP-ID hash, flags, and public key; the Circom counterpart omits several bindings. Browser execution policy: multithread; requested threads=32, effective threads=16; witness generation remains single, prover backend=barretenberg_4.2.0-aztecnr-rc.2_wasm_workers.",,,/Users/dcbuilder/Code/world/.worktrees/provekit-v1-cross-device-campaign/target/v1-benchmarks/input-to-proof/mac-chrome-multithread-16/webauthn_closest_analogue__mac_chrome__noir_barretenberg__warm_reuse.json,warm_reuse,2830.845
input-to-proof-v1-mac-multithread-16-20260812,webauthn_closest_analogue__mac_chrome__noir_barretenberg__warm_reuse-3,2026-08-12T12:43:49.533Z,macbook_m4,MacBook Pro (Apple M4 Max),26.6.1 (25G76),arm64,browser_wasm,Google Chrome 151.0.7922.138,webauthn,closest-analogue,0fb5b4aa1398281c2fd3dbe14db147e05b61f201,noir_barretenberg,noir,barretenberg-ultrahonk-wasm-workers,@noir-lang/noir_js@1.0.0-beta.19,measured,3,ok,0,1040.36,2184.33,0,3224.73,1928.109375,16000,74003114,73995283,74003114,,input-to-proof-v1-multithread,0fb5b4aa1398281c2fd3dbe14db147e05b61f201,"{""bb_js"":""4.2.0-aztecnr-rc.2"",""noir_js"":""1.0.0-beta.19"",""execution_policy"":""workers""};execution_policy=multithread;threads_requested=32;threads_effective=16;witness_backend=single;prover_backend=barretenberg_4.2.0-aztecnr-rc.2_wasm_workers","{""raw_evidence_sha256"":""82ab2ecbc6126cbe044146be18bd8b705c4fd5896285423ae3a9e49608e1dc54""}",,"Closest analogue, not equivalent: Noir binds challenge, type, origin, RP-ID hash, flags, and public key; the Circom counterpart omits several bindings. Browser execution policy: multithread; requested threads=32, effective threads=16; witness generation remains single, prover backend=barretenberg_4.2.0-aztecnr-rc.2_wasm_workers.",,,/Users/dcbuilder/Code/world/.worktrees/provekit-v1-cross-device-campaign/target/v1-benchmarks/input-to-proof/mac-chrome-multithread-16/webauthn_closest_analogue__mac_chrome__noir_barretenberg__warm_reuse.json,warm_reuse,3224.73
input-to-proof-v1-mac-multithread-16-20260812,webauthn_closest_analogue__mac_chrome__noir_barretenberg__warm_reuse-4,2026-08-12T12:43:49.533Z,macbook_m4,MacBook Pro (Apple M4 Max),26.6.1 (25G76),arm64,browser_wasm,Google Chrome 151.0.7922.138,webauthn,closest-analogue,0fb5b4aa1398281c2fd3dbe14db147e05b61f201,noir_barretenberg,noir,barretenberg-ultrahonk-wasm-workers,@noir-lang/noir_js@1.0.0-beta.19,measured,4,ok,0,1061.88,1884.545,0,2946.455,1928.109375,16000,74003114,73995283,74003114,,input-to-proof-v1-multithread,0fb5b4aa1398281c2fd3dbe14db147e05b61f201,"{""bb_js"":""4.2.0-aztecnr-rc.2"",""noir_js"":""1.0.0-beta.19"",""execution_policy"":""workers""};execution_policy=multithread;threads_requested=32;threads_effective=16;witness_backend=single;prover_backend=barretenberg_4.2.0-aztecnr-rc.2_wasm_workers","{""raw_evidence_sha256"":""82ab2ecbc6126cbe044146be18bd8b705c4fd5896285423ae3a9e49608e1dc54""}",,"Closest analogue, not equivalent: Noir binds challenge, type, origin, RP-ID hash, flags, and public key; the Circom counterpart omits several bindings. Browser execution policy: multithread; requested threads=32, effective threads=16; witness generation remains single, prover backend=barretenberg_4.2.0-aztecnr-rc.2_wasm_workers.",,,/Users/dcbuilder/Code/world/.worktrees/provekit-v1-cross-device-campaign/target/v1-benchmarks/input-to-proof/mac-chrome-multithread-16/webauthn_closest_analogue__mac_chrome__noir_barretenberg__warm_reuse.json,warm_reuse,2946.455
input-to-proof-v1-mac-multithread-16-20260812,webauthn_closest_analogue__mac_chrome__noir_barretenberg__warm_reuse-5,2026-08-12T12:43:49.533Z,macbook_m4,MacBook Pro (Apple M4 Max),26.6.1 (25G76),arm64,browser_wasm,Google Chrome 151.0.7922.138,webauthn,closest-analogue,0fb5b4aa1398281c2fd3dbe14db147e05b61f201,noir_barretenberg,noir,barretenberg-ultrahonk-wasm-workers,@noir-lang/noir_js@1.0.0-beta.19,measured,5,ok,0,1044.965,1866.935,0,2911.925,1928.109375,16000,74003114,73995283,74003114,,input-to-proof-v1-multithread,0fb5b4aa1398281c2fd3dbe14db147e05b61f201,"{""bb_js"":""4.2.0-aztecnr-rc.2"",""noir_js"":""1.0.0-beta.19"",""execution_policy"":""workers""};execution_policy=multithread;threads_requested=32;threads_effective=16;witness_backend=single;prover_backend=barretenberg_4.2.0-aztecnr-rc.2_wasm_workers","{""raw_evidence_sha256"":""82ab2ecbc6126cbe044146be18bd8b705c4fd5896285423ae3a9e49608e1dc54""}",,"Closest analogue, not equivalent: Noir binds challenge, type, origin, RP-ID hash, flags, and public key; the Circom counterpart omits several bindings. Browser execution policy: multithread; requested threads=32, effective threads=16; witness generation remains single, prover backend=barretenberg_4.2.0-aztecnr-rc.2_wasm_workers.",,,/Users/dcbuilder/Code/world/.worktrees/provekit-v1-cross-device-campaign/target/v1-benchmarks/input-to-proof/mac-chrome-multithread-16/webauthn_closest_analogue__mac_chrome__noir_barretenberg__warm_reuse.json,warm_reuse,2911.925
input-to-proof-v1-mac-multithread-16-20260812,webauthn_closest_analogue__mac_chrome__circom_groth16__cold_local-gap,2026-08-12T12:43:50.009Z,macbook_m4,MacBook Pro (Apple M4 Max),26.6.1 (25G76),arm64,browser_wasm,Google Chrome 151.0.7922.138,webauthn,closest-analogue,0fb5b4aa1398281c2fd3dbe14db147e05b61f201,circom_groth16,circom,snarkjs-groth16-browser-wasm-workers,circom-witness-wasm,gap,,runtime_failed,,,,,,,,,,,,input-to-proof-v1-multithread,0fb5b4aa1398281c2fd3dbe14db147e05b61f201,"{""circom"":""2.2.2"",""snarkjs"":""0.7.6"",""execution_policy"":""workers""};execution_policy=multithread;threads_requested=16;threads_effective=16","{""raw_evidence_sha256"":""b6a994516dc5a9e7f59d2fb67434402197b569ff71a9924d7789bd1b0f54f7ef""}",,"Closest analogue, not equivalent: Noir binds challenge, type, origin, RP-ID hash, flags, and public key; the Circom counterpart omits several bindings. Fixed-16 SnarkJS WebAuthn gap; no prior four-worker timing was substituted.",out_of_memory,"The 16-worker SnarkJS WebAuthn attempt did not produce a proof. The dedicated Chrome renderer reached 14,559,360 KiB RSS (10.4 GiB current physical footprint; 21.7 GiB peak), then remained CPU-idle with all worker threads sleeping for 18 minutes 59 seconds. The attempt was terminated after preserving process evidence; no timing was recorded.",/Users/dcbuilder/Code/world/.worktrees/provekit-v1-cross-device-campaign/target/v1-benchmarks/input-to-proof/mac-chrome-multithread-16/webauthn_closest_analogue__mac_chrome__circom_groth16__cold_local.json,cold_local,
input-to-proof-v1-mac-multithread-16-20260812,webauthn_closest_analogue__mac_chrome__circom_groth16__warm_reuse-gap,2026-08-12T12:43:50.009Z,macbook_m4,MacBook Pro (Apple M4 Max),26.6.1 (25G76),arm64,browser_wasm,Google Chrome 151.0.7922.138,webauthn,closest-analogue,0fb5b4aa1398281c2fd3dbe14db147e05b61f201,circom_groth16,circom,snarkjs-groth16-browser-wasm-workers,circom-witness-wasm,gap,,not_run,,,,,,,,,,,,input-to-proof-v1-multithread,0fb5b4aa1398281c2fd3dbe14db147e05b61f201,"{""circom"":""2.2.2"",""snarkjs"":""0.7.6"",""execution_policy"":""workers""};execution_policy=multithread;threads_requested=16;threads_effective=16","{""raw_evidence_sha256"":""5fbc6616d8d3e872d396948d811baf33977b263da165b0b2e13c840526670f83""}",,"Closest analogue, not equivalent: Noir binds challenge, type, origin, RP-ID hash, flags, and public key; the Circom counterpart omits several bindings. Fixed-16 SnarkJS WebAuthn gap; no prior four-worker timing was substituted.",blocked_by_cold_failure,Warm-reuse measurements were not started because the required fixed-16 cold WebAuthn attempt stalled in the renderer before producing a valid proof.,/Users/dcbuilder/Code/world/.worktrees/provekit-v1-cross-device-campaign/target/v1-benchmarks/input-to-proof/mac-chrome-multithread-16/webauthn_closest_analogue__mac_chrome__circom_groth16__warm_reuse.json,warm_reuse,
input-to-proof-v1-20260807,passport_complete_age_check__iphone_se_2022__provekit_v1__cold_local-0,2026-08-09T10:19:40.000Z,iphone_se_2022,iPhone SE 2022,15.4,arm64,ios_native,,passport_complete_age_check,historical-monolithic-age-integrity,9b2a6f37c67691eab4b0cec6c35e35c520e93285,provekit_v1,noir,provekit-v1-whir-native,integrated-noir-beta11-witness,warmup,0,ok,,,5561.899083,,5561.899083,1012.59375,738899,4246785,3974928,4246785,,input-to-proof-v1,9b2a6f37c67691eab4b0cec6c35e35c520e93285,"{""provekit"":""9b2a6f37c67691eab4b0cec6c35e35c520e93285"",""mobench"":""0.1.48"",""noir"":""1.0.0-beta.11""}","{""raw_evidence_sha256"":[{""report_sha256"":""4ea6255262d3053ce332b889d06c5381b4170ef3b39e027f5b6bbe841a27d8eb"",""session_sha256"":""56f2537e2dc9a209678717ce282d613f12881ec6a816694298c0016df140bf3b"",""build_sha256"":""88091bfe4097f9144e3567321552ef37718ad0ee8fae960e5aff9c07161bf9bb""}]}",59ede0a8fdfa8407cb733d42789bee61a31d6891/de6ca216158ba317cfa49a9b2d67fdea5a3afdee,"Historical monolithic Passport age and integrity lane retained separately from the additional exact P1 source pair. Native ProveKit exposes witness generation and proving as one integrated timed operation, so witness_time_ms is intentionally blank.",,,/Users/dcbuilder/Code/world/.worktrees/provekit-v1-cross-device-campaign/target/v1-benchmarks/input-to-proof/iphone/publication/cold/batch/remaining/59ede0a8fdfa8407cb733d42789bee61a31d6891/session-de6ca216158ba317cfa49a9b2d67fdea5a3afdee/bench-report.json,cold_local,5561.899083
input-to-proof-v1-20260807,passport_complete_age_check__iphone_se_2022__provekit_v1__cold_local-1,2026-08-09T10:19:40.000Z,iphone_se_2022,iPhone SE 2022,15.4,arm64,ios_native,,passport_complete_age_check,historical-monolithic-age-integrity,9b2a6f37c67691eab4b0cec6c35e35c520e93285,provekit_v1,noir,provekit-v1-whir-native,integrated-noir-beta11-witness,measured,1,ok,,,6721.897208,,6721.897208,1032.640625,739119,4242061,3970204,4242061,,input-to-proof-v1,9b2a6f37c67691eab4b0cec6c35e35c520e93285,"{""provekit"":""9b2a6f37c67691eab4b0cec6c35e35c520e93285"",""mobench"":""0.1.48"",""noir"":""1.0.0-beta.11""}","{""raw_evidence_sha256"":[{""report_sha256"":""4ea6255262d3053ce332b889d06c5381b4170ef3b39e027f5b6bbe841a27d8eb"",""session_sha256"":""56f2537e2dc9a209678717ce282d613f12881ec6a816694298c0016df140bf3b"",""build_sha256"":""88091bfe4097f9144e3567321552ef37718ad0ee8fae960e5aff9c07161bf9bb""}]}",59ede0a8fdfa8407cb733d42789bee61a31d6891/de6ca216158ba317cfa49a9b2d67fdea5a3afdee,"Historical monolithic Passport age and integrity lane retained separately from the additional exact P1 source pair. Native ProveKit exposes witness generation and proving as one integrated timed operation, so witness_time_ms is intentionally blank.",,,/Users/dcbuilder/Code/world/.worktrees/provekit-v1-cross-device-campaign/target/v1-benchmarks/input-to-proof/iphone/publication/cold/batch/remaining/59ede0a8fdfa8407cb733d42789bee61a31d6891/session-de6ca216158ba317cfa49a9b2d67fdea5a3afdee/bench-report.json,cold_local,6721.897208
input-to-proof-v1-20260807,passport_complete_age_check__iphone_se_2022__provekit_v1__cold_local-2,2026-08-09T10:19:40.000Z,iphone_se_2022,iPhone SE 2022,15.4,arm64,ios_native,,passport_complete_age_check,historical-monolithic-age-integrity,9b2a6f37c67691eab4b0cec6c35e35c520e93285,provekit_v1,noir,provekit-v1-whir-native,integrated-noir-beta11-witness,measured,2,ok,,,6744.484625,,6744.484625,1021.984375,738515,4297357,4025500,4297357,,input-to-proof-v1,9b2a6f37c67691eab4b0cec6c35e35c520e93285,"{""provekit"":""9b2a6f37c67691eab4b0cec6c35e35c520e93285"",""mobench"":""0.1.48"",""noir"":""1.0.0-beta.11""}","{""raw_evidence_sha256"":[{""report_sha256"":""4ea6255262d3053ce332b889d06c5381b4170ef3b39e027f5b6bbe841a27d8eb"",""session_sha256"":""56f2537e2dc9a209678717ce282d613f12881ec6a816694298c0016df140bf3b"",""build_sha256"":""88091bfe4097f9144e3567321552ef37718ad0ee8fae960e5aff9c07161bf9bb""}]}",59ede0a8fdfa8407cb733d42789bee61a31d6891/de6ca216158ba317cfa49a9b2d67fdea5a3afdee,"Historical monolithic Passport age and integrity lane retained separately from the additional exact P1 source pair. Native ProveKit exposes witness generation and proving as one integrated timed operation, so witness_time_ms is intentionally blank.",,,/Users/dcbuilder/Code/world/.worktrees/provekit-v1-cross-device-campaign/target/v1-benchmarks/input-to-proof/iphone/publication/cold/batch/remaining/59ede0a8fdfa8407cb733d42789bee61a31d6891/session-de6ca216158ba317cfa49a9b2d67fdea5a3afdee/bench-report.json,cold_local,6744.484625
input-to-proof-v1-20260807,passport_complete_age_check__iphone_se_2022__provekit_v1__cold_local-3,2026-08-09T10:19:40.000Z,iphone_se_2022,iPhone SE 2022,15.4,arm64,ios_native,,passport_complete_age_check,historical-monolithic-age-integrity,9b2a6f37c67691eab4b0cec6c35e35c520e93285,provekit_v1,noir,provekit-v1-whir-native,integrated-noir-beta11-witness,measured,3,ok,,,6786.961709,,6786.961709,1018.59375,740692,4280029,4008172,4280029,,input-to-proof-v1,9b2a6f37c67691eab4b0cec6c35e35c520e93285,"{""provekit"":""9b2a6f37c67691eab4b0cec6c35e35c520e93285"",""mobench"":""0.1.48"",""noir"":""1.0.0-beta.11""}","{""raw_evidence_sha256"":[{""report_sha256"":""4ea6255262d3053ce332b889d06c5381b4170ef3b39e027f5b6bbe841a27d8eb"",""session_sha256"":""56f2537e2dc9a209678717ce282d613f12881ec6a816694298c0016df140bf3b"",""build_sha256"":""88091bfe4097f9144e3567321552ef37718ad0ee8fae960e5aff9c07161bf9bb""}]}",59ede0a8fdfa8407cb733d42789bee61a31d6891/de6ca216158ba317cfa49a9b2d67fdea5a3afdee,"Historical monolithic Passport age and integrity lane retained separately from the additional exact P1 source pair. Native ProveKit exposes witness generation and proving as one integrated timed operation, so witness_time_ms is intentionally blank.",,,/Users/dcbuilder/Code/world/.worktrees/provekit-v1-cross-device-campaign/target/v1-benchmarks/input-to-proof/iphone/publication/cold/batch/remaining/59ede0a8fdfa8407cb733d42789bee61a31d6891/session-de6ca216158ba317cfa49a9b2d67fdea5a3afdee/bench-report.json,cold_local,6786.961709
input-to-proof-v1-20260807,passport_complete_age_check__iphone_se_2022__provekit_v1__cold_local-4,2026-08-09T10:19:40.000Z,iphone_se_2022,iPhone SE 2022,15.4,arm64,ios_native,,passport_complete_age_check,historical-monolithic-age-integrity,9b2a6f37c67691eab4b0cec6c35e35c520e93285,provekit_v1,noir,provekit-v1-whir-native,integrated-noir-beta11-witness,measured,4,ok,,,7751.007208,,7751.007208,1028.75,739227,4199409,3927552,4199409,,input-to-proof-v1,9b2a6f37c67691eab4b0cec6c35e35c520e93285,"{""provekit"":""9b2a6f37c67691eab4b0cec6c35e35c520e93285"",""mobench"":""0.1.48"",""noir"":""1.0.0-beta.11""}","{""raw_evidence_sha256"":[{""report_sha256"":""4ea6255262d3053ce332b889d06c5381b4170ef3b39e027f5b6bbe841a27d8eb"",""session_sha256"":""56f2537e2dc9a209678717ce282d613f12881ec6a816694298c0016df140bf3b"",""build_sha256"":""88091bfe4097f9144e3567321552ef37718ad0ee8fae960e5aff9c07161bf9bb""}]}",59ede0a8fdfa8407cb733d42789bee61a31d6891/de6ca216158ba317cfa49a9b2d67fdea5a3afdee,"Historical monolithic Passport age and integrity lane retained separately from the additional exact P1 source pair. Native ProveKit exposes witness generation and proving as one integrated timed operation, so witness_time_ms is intentionally blank.",,,/Users/dcbuilder/Code/world/.worktrees/provekit-v1-cross-device-campaign/target/v1-benchmarks/input-to-proof/iphone/publication/cold/batch/remaining/59ede0a8fdfa8407cb733d42789bee61a31d6891/session-de6ca216158ba317cfa49a9b2d67fdea5a3afdee/bench-report.json,cold_local,7751.007208
input-to-proof-v1-20260807,passport_complete_age_check__iphone_se_2022__provekit_v1__cold_local-5,2026-08-09T10:19:40.000Z,iphone_se_2022,iPhone SE 2022,15.4,arm64,ios_native,,passport_complete_age_check,historical-monolithic-age-integrity,9b2a6f37c67691eab4b0cec6c35e35c520e93285,provekit_v1,noir,provekit-v1-whir-native,integrated-noir-beta11-witness,measured,5,ok,,,7404.360792,,7404.360792,1022.75,739919,4237853,3965996,4237853,,input-to-proof-v1,9b2a6f37c67691eab4b0cec6c35e35c520e93285,"{""provekit"":""9b2a6f37c67691eab4b0cec6c35e35c520e93285"",""mobench"":""0.1.48"",""noir"":""1.0.0-beta.11""}","{""raw_evidence_sha256"":[{""report_sha256"":""4ea6255262d3053ce332b889d06c5381b4170ef3b39e027f5b6bbe841a27d8eb"",""session_sha256"":""56f2537e2dc9a209678717ce282d613f12881ec6a816694298c0016df140bf3b"",""build_sha256"":""88091bfe4097f9144e3567321552ef37718ad0ee8fae960e5aff9c07161bf9bb""}]}",59ede0a8fdfa8407cb733d42789bee61a31d6891/de6ca216158ba317cfa49a9b2d67fdea5a3afdee,"Historical monolithic Passport age and integrity lane retained separately from the additional exact P1 source pair. Native ProveKit exposes witness generation and proving as one integrated timed operation, so witness_time_ms is intentionally blank.",,,/Users/dcbuilder/Code/world/.worktrees/provekit-v1-cross-device-campaign/target/v1-benchmarks/input-to-proof/iphone/publication/cold/batch/remaining/59ede0a8fdfa8407cb733d42789bee61a31d6891/session-de6ca216158ba317cfa49a9b2d67fdea5a3afdee/bench-report.json,cold_local,7404.360792
input-to-proof-v1-20260807,passport_complete_age_check__iphone_se_2022__provekit_v1__warm_reuse-0,2026-08-07T21:03:35.000Z,iphone_se_2022,iPhone SE 2022,15.4,arm64,ios_native,,passport_complete_age_check,historical-monolithic-age-integrity,9b2a6f37c67691eab4b0cec6c35e35c520e93285,provekit_v1,noir,provekit-v1-whir-native,integrated-noir-beta11-witness,warmup,0,ok,,,4706.155042,,4706.155042,,737829,4221081,3949224,4221081,,input-to-proof-v1,9b2a6f37c67691eab4b0cec6c35e35c520e93285,"{""provekit"":""9b2a6f37c67691eab4b0cec6c35e35c520e93285"",""mobench"":""0.1.48"",""noir"":""1.0.0-beta.11""}","{""raw_evidence_sha256"":[{""report_sha256"":""0d3d105010ead7fb5ef86da72e94a1489166ac35dc169c9dccab4fa79a515b8e"",""session_sha256"":""0334b48f738cc964eafa3eaab9e26c79a5088f57b719f4c6be97d0611a5c748a"",""build_sha256"":""dc73d7976573897e7a4291583df02bad092a6911790a4870801bf1b5cd74a938""}]}",b1e5ccd3fa7556b2b15a9ff1cde3484e154c5bd9/39065e1bd4344ac23a8cb16d6c09574f81591946,"Historical monolithic Passport age and integrity lane retained separately from the additional exact P1 source pair. Native ProveKit exposes witness generation and proving as one integrated timed operation, so witness_time_ms is intentionally blank.",,,/Users/dcbuilder/Code/world/.worktrees/provekit-v1-cross-device-campaign/target/v1-benchmarks/input-to-proof/iphone/publication/warm/provekit/browserstack/b1e5ccd3fa7556b2b15a9ff1cde3484e154c5bd9/session-39065e1bd4344ac23a8cb16d6c09574f81591946/bench-report.json,warm_reuse,4706.155042
input-to-proof-v1-20260807,passport_complete_age_check__iphone_se_2022__provekit_v1__warm_reuse-1,2026-08-07T21:03:35.000Z,iphone_se_2022,iPhone SE 2022,15.4,arm64,ios_native,,passport_complete_age_check,historical-monolithic-age-integrity,9b2a6f37c67691eab4b0cec6c35e35c520e93285,provekit_v1,noir,provekit-v1-whir-native,integrated-noir-beta11-witness,measured,1,ok,,,6449.621417,,6449.621417,1036.625,741414,4221081,3949224,4221081,,input-to-proof-v1,9b2a6f37c67691eab4b0cec6c35e35c520e93285,"{""provekit"":""9b2a6f37c67691eab4b0cec6c35e35c520e93285"",""mobench"":""0.1.48"",""noir"":""1.0.0-beta.11""}","{""raw_evidence_sha256"":[{""report_sha256"":""0d3d105010ead7fb5ef86da72e94a1489166ac35dc169c9dccab4fa79a515b8e"",""session_sha256"":""0334b48f738cc964eafa3eaab9e26c79a5088f57b719f4c6be97d0611a5c748a"",""build_sha256"":""dc73d7976573897e7a4291583df02bad092a6911790a4870801bf1b5cd74a938""}]}",b1e5ccd3fa7556b2b15a9ff1cde3484e154c5bd9/39065e1bd4344ac23a8cb16d6c09574f81591946,"Historical monolithic Passport age and integrity lane retained separately from the additional exact P1 source pair. Native ProveKit exposes witness generation and proving as one integrated timed operation, so witness_time_ms is intentionally blank.",,,/Users/dcbuilder/Code/world/.worktrees/provekit-v1-cross-device-campaign/target/v1-benchmarks/input-to-proof/iphone/publication/warm/provekit/browserstack/b1e5ccd3fa7556b2b15a9ff1cde3484e154c5bd9/session-39065e1bd4344ac23a8cb16d6c09574f81591946/bench-report.json,warm_reuse,6449.621417
input-to-proof-v1-20260807,passport_complete_age_check__iphone_se_2022__provekit_v1__warm_reuse-2,2026-08-07T21:03:35.000Z,iphone_se_2022,iPhone SE 2022,15.4,arm64,ios_native,,passport_complete_age_check,historical-monolithic-age-integrity,9b2a6f37c67691eab4b0cec6c35e35c520e93285,provekit_v1,noir,provekit-v1-whir-native,integrated-noir-beta11-witness,measured,2,ok,,,6485.354208,,6485.354208,1058.1875,739392,4221081,3949224,4221081,,input-to-proof-v1,9b2a6f37c67691eab4b0cec6c35e35c520e93285,"{""provekit"":""9b2a6f37c67691eab4b0cec6c35e35c520e93285"",""mobench"":""0.1.48"",""noir"":""1.0.0-beta.11""}","{""raw_evidence_sha256"":[{""report_sha256"":""0d3d105010ead7fb5ef86da72e94a1489166ac35dc169c9dccab4fa79a515b8e"",""session_sha256"":""0334b48f738cc964eafa3eaab9e26c79a5088f57b719f4c6be97d0611a5c748a"",""build_sha256"":""dc73d7976573897e7a4291583df02bad092a6911790a4870801bf1b5cd74a938""}]}",b1e5ccd3fa7556b2b15a9ff1cde3484e154c5bd9/39065e1bd4344ac23a8cb16d6c09574f81591946,"Historical monolithic Passport age and integrity lane retained separately from the additional exact P1 source pair. Native ProveKit exposes witness generation and proving as one integrated timed operation, so witness_time_ms is intentionally blank.",,,/Users/dcbuilder/Code/world/.worktrees/provekit-v1-cross-device-campaign/target/v1-benchmarks/input-to-proof/iphone/publication/warm/provekit/browserstack/b1e5ccd3fa7556b2b15a9ff1cde3484e154c5bd9/session-39065e1bd4344ac23a8cb16d6c09574f81591946/bench-report.json,warm_reuse,6485.354208
input-to-proof-v1-20260807,passport_complete_age_check__iphone_se_2022__provekit_v1__warm_reuse-3,2026-08-07T21:03:35.000Z,iphone_se_2022,iPhone SE 2022,15.4,arm64,ios_native,,passport_complete_age_check,historical-monolithic-age-integrity,9b2a6f37c67691eab4b0cec6c35e35c520e93285,provekit_v1,noir,provekit-v1-whir-native,integrated-noir-beta11-witness,measured,3,ok,,,6428.335125,,6428.335125,1074,740525,4221081,3949224,4221081,,input-to-proof-v1,9b2a6f37c67691eab4b0cec6c35e35c520e93285,"{""provekit"":""9b2a6f37c67691eab4b0cec6c35e35c520e93285"",""mobench"":""0.1.48"",""noir"":""1.0.0-beta.11""}","{""raw_evidence_sha256"":[{""report_sha256"":""0d3d105010ead7fb5ef86da72e94a1489166ac35dc169c9dccab4fa79a515b8e"",""session_sha256"":""0334b48f738cc964eafa3eaab9e26c79a5088f57b719f4c6be97d0611a5c748a"",""build_sha256"":""dc73d7976573897e7a4291583df02bad092a6911790a4870801bf1b5cd74a938""}]}",b1e5ccd3fa7556b2b15a9ff1cde3484e154c5bd9/39065e1bd4344ac23a8cb16d6c09574f81591946,"Historical monolithic Passport age and integrity lane retained separately from the additional exact P1 source pair. Native ProveKit exposes witness generation and proving as one integrated timed operation, so witness_time_ms is intentionally blank.",,,/Users/dcbuilder/Code/world/.worktrees/provekit-v1-cross-device-campaign/target/v1-benchmarks/input-to-proof/iphone/publication/warm/provekit/browserstack/b1e5ccd3fa7556b2b15a9ff1cde3484e154c5bd9/session-39065e1bd4344ac23a8cb16d6c09574f81591946/bench-report.json,warm_reuse,6428.335125
input-to-proof-v1-20260807,passport_complete_age_check__iphone_se_2022__provekit_v1__warm_reuse-4,2026-08-07T21:03:35.000Z,iphone_se_2022,iPhone SE 2022,15.4,arm64,ios_native,,passport_complete_age_check,historical-monolithic-age-integrity,9b2a6f37c67691eab4b0cec6c35e35c520e93285,provekit_v1,noir,provekit-v1-whir-native,integrated-noir-beta11-witness,measured,4,ok,,,6479.023709,,6479.023709,1090.65625,738544,4221081,3949224,4221081,,input-to-proof-v1,9b2a6f37c67691eab4b0cec6c35e35c520e93285,"{""provekit"":""9b2a6f37c67691eab4b0cec6c35e35c520e93285"",""mobench"":""0.1.48"",""noir"":""1.0.0-beta.11""}","{""raw_evidence_sha256"":[{""report_sha256"":""0d3d105010ead7fb5ef86da72e94a1489166ac35dc169c9dccab4fa79a515b8e"",""session_sha256"":""0334b48f738cc964eafa3eaab9e26c79a5088f57b719f4c6be97d0611a5c748a"",""build_sha256"":""dc73d7976573897e7a4291583df02bad092a6911790a4870801bf1b5cd74a938""}]}",b1e5ccd3fa7556b2b15a9ff1cde3484e154c5bd9/39065e1bd4344ac23a8cb16d6c09574f81591946,"Historical monolithic Passport age and integrity lane retained separately from the additional exact P1 source pair. Native ProveKit exposes witness generation and proving as one integrated timed operation, so witness_time_ms is intentionally blank.",,,/Users/dcbuilder/Code/world/.worktrees/provekit-v1-cross-device-campaign/target/v1-benchmarks/input-to-proof/iphone/publication/warm/provekit/browserstack/b1e5ccd3fa7556b2b15a9ff1cde3484e154c5bd9/session-39065e1bd4344ac23a8cb16d6c09574f81591946/bench-report.json,warm_reuse,6479.023709
input-to-proof-v1-20260807,passport_complete_age_check__iphone_se_2022__provekit_v1__warm_reuse-5,2026-08-07T21:03:35.000Z,iphone_se_2022,iPhone SE 2022,15.4,arm64,ios_native,,passport_complete_age_check,historical-monolithic-age-integrity,9b2a6f37c67691eab4b0cec6c35e35c520e93285,provekit_v1,noir,provekit-v1-whir-native,integrated-noir-beta11-witness,measured,5,ok,,,6415.690167,,6415.690167,1096.0625,742373,4221081,3949224,4221081,,input-to-proof-v1,9b2a6f37c67691eab4b0cec6c35e35c520e93285,"{""provekit"":""9b2a6f37c67691eab4b0cec6c35e35c520e93285"",""mobench"":""0.1.48"",""noir"":""1.0.0-beta.11""}","{""raw_evidence_sha256"":[{""report_sha256"":""0d3d105010ead7fb5ef86da72e94a1489166ac35dc169c9dccab4fa79a515b8e"",""session_sha256"":""0334b48f738cc964eafa3eaab9e26c79a5088f57b719f4c6be97d0611a5c748a"",""build_sha256"":""dc73d7976573897e7a4291583df02bad092a6911790a4870801bf1b5cd74a938""}]}",b1e5ccd3fa7556b2b15a9ff1cde3484e154c5bd9/39065e1bd4344ac23a8cb16d6c09574f81591946,"Historical monolithic Passport age and integrity lane retained separately from the additional exact P1 source pair. Native ProveKit exposes witness generation and proving as one integrated timed operation, so witness_time_ms is intentionally blank.",,,/Users/dcbuilder/Code/world/.worktrees/provekit-v1-cross-device-campaign/target/v1-benchmarks/input-to-proof/iphone/publication/warm/provekit/browserstack/b1e5ccd3fa7556b2b15a9ff1cde3484e154c5bd9/session-39065e1bd4344ac23a8cb16d6c09574f81591946/bench-report.json,warm_reuse,6415.690167
input-to-proof-v1-20260807,passport_complete_age_check__iphone_se_2022__noir_barretenberg__cold_local-0,2026-08-09T10:54:13.000Z,iphone_se_2022,iPhone SE 2022,15.4,arm64,ios_native,,passport_complete_age_check,historical-monolithic-age-integrity,9b2a6f37c67691eab4b0cec6c35e35c520e93285,noir_barretenberg,noir,barretenberg-rs-4.2.0-aztecnr-rc.2,acvm-beta19,warmup,0,ok,,452.420083,6643.58075,,7096.001,862.4375,16100,270482218,270465982,270482218,,input-to-proof-v1,9b2a6f37c67691eab4b0cec6c35e35c520e93285,"{""mopro"":""0.3.7"",""barretenberg_rs"":""4.2.0-aztecnr-rc.2"",""noir"":""1.0.0-beta.19""}","{""raw_evidence_sha256"":[{""report_sha256"":""a8396e36494447199bc887a4b9b384ef9d287a50955df684ea719045b0e19547"",""session_sha256"":""269d645c36f3044ca24661bce576315479866988232930de7ed4bf0a7dcff8b8"",""build_sha256"":""2cba1dbb861a5af2a723f9a929598c8a9a94e640a63535bac2a9ae29c4dab644""}]}",3ecb537628abb1a3d2adeca3b8a96323d1543548/848c866210b16592d24339c5fa3beb73b4d4a254,Historical monolithic Passport age and integrity lane retained separately from the additional exact P1 source pair.,,,/Users/dcbuilder/Code/world/.worktrees/provekit-v1-cross-device-campaign/target/v1-benchmarks/input-to-proof/iphone/publication/cold/batch/remaining/3ecb537628abb1a3d2adeca3b8a96323d1543548/session-848c866210b16592d24339c5fa3beb73b4d4a254/bench-report.json,cold_local,7096.001
input-to-proof-v1-20260807,passport_complete_age_check__iphone_se_2022__noir_barretenberg__cold_local-1,2026-08-09T10:54:13.000Z,iphone_se_2022,iPhone SE 2022,15.4,arm64,ios_native,,passport_complete_age_check,historical-monolithic-age-integrity,9b2a6f37c67691eab4b0cec6c35e35c520e93285,noir_barretenberg,noir,barretenberg-rs-4.2.0-aztecnr-rc.2,acvm-beta19,measured,1,ok,,503.480542,7514.892833,,8018.373459,859.15625,16100,270482218,270465982,270482218,,input-to-proof-v1,9b2a6f37c67691eab4b0cec6c35e35c520e93285,"{""mopro"":""0.3.7"",""barretenberg_rs"":""4.2.0-aztecnr-rc.2"",""noir"":""1.0.0-beta.19""}","{""raw_evidence_sha256"":[{""report_sha256"":""a8396e36494447199bc887a4b9b384ef9d287a50955df684ea719045b0e19547"",""session_sha256"":""269d645c36f3044ca24661bce576315479866988232930de7ed4bf0a7dcff8b8"",""build_sha256"":""2cba1dbb861a5af2a723f9a929598c8a9a94e640a63535bac2a9ae29c4dab644""}]}",3ecb537628abb1a3d2adeca3b8a96323d1543548/848c866210b16592d24339c5fa3beb73b4d4a254,Historical monolithic Passport age and integrity lane retained separately from the additional exact P1 source pair.,,,/Users/dcbuilder/Code/world/.worktrees/provekit-v1-cross-device-campaign/target/v1-benchmarks/input-to-proof/iphone/publication/cold/batch/remaining/3ecb537628abb1a3d2adeca3b8a96323d1543548/session-848c866210b16592d24339c5fa3beb73b4d4a254/bench-report.json,cold_local,8018.373459
input-to-proof-v1-20260807,passport_complete_age_check__iphone_se_2022__noir_barretenberg__cold_local-2,2026-08-09T10:54:13.000Z,iphone_se_2022,iPhone SE 2022,15.4,arm64,ios_native,,passport_complete_age_check,historical-monolithic-age-integrity,9b2a6f37c67691eab4b0cec6c35e35c520e93285,noir_barretenberg,noir,barretenberg-rs-4.2.0-aztecnr-rc.2,acvm-beta19,measured,2,ok,,503.247291,7648.712417,,8151.95975,872.140625,16100,270482218,270465982,270482218,,input-to-proof-v1,9b2a6f37c67691eab4b0cec6c35e35c520e93285,"{""mopro"":""0.3.7"",""barretenberg_rs"":""4.2.0-aztecnr-rc.2"",""noir"":""1.0.0-beta.19""}","{""raw_evidence_sha256"":[{""report_sha256"":""a8396e36494447199bc887a4b9b384ef9d287a50955df684ea719045b0e19547"",""session_sha256"":""269d645c36f3044ca24661bce576315479866988232930de7ed4bf0a7dcff8b8"",""build_sha256"":""2cba1dbb861a5af2a723f9a929598c8a9a94e640a63535bac2a9ae29c4dab644""}]}",3ecb537628abb1a3d2adeca3b8a96323d1543548/848c866210b16592d24339c5fa3beb73b4d4a254,Historical monolithic Passport age and integrity lane retained separately from the additional exact P1 source pair.,,,/Users/dcbuilder/Code/world/.worktrees/provekit-v1-cross-device-campaign/target/v1-benchmarks/input-to-proof/iphone/publication/cold/batch/remaining/3ecb537628abb1a3d2adeca3b8a96323d1543548/session-848c866210b16592d24339c5fa3beb73b4d4a254/bench-report.json,cold_local,8151.95975
input-to-proof-v1-20260807,passport_complete_age_check__iphone_se_2022__noir_barretenberg__cold_local-3,2026-08-09T10:54:13.000Z,iphone_se_2022,iPhone SE 2022,15.4,arm64,ios_native,,passport_complete_age_check,historical-monolithic-age-integrity,9b2a6f37c67691eab4b0cec6c35e35c520e93285,noir_barretenberg,noir,barretenberg-rs-4.2.0-aztecnr-rc.2,acvm-beta19,measured,3,ok,,503.200875,7473.9845,,7977.1855,857.0625,16100,270482218,270465982,270482218,,input-to-proof-v1,9b2a6f37c67691eab4b0cec6c35e35c520e93285,"{""mopro"":""0.3.7"",""barretenberg_rs"":""4.2.0-aztecnr-rc.2"",""noir"":""1.0.0-beta.19""}","{""raw_evidence_sha256"":[{""report_sha256"":""a8396e36494447199bc887a4b9b384ef9d287a50955df684ea719045b0e19547"",""session_sha256"":""269d645c36f3044ca24661bce576315479866988232930de7ed4bf0a7dcff8b8"",""build_sha256"":""2cba1dbb861a5af2a723f9a929598c8a9a94e640a63535bac2a9ae29c4dab644""}]}",3ecb537628abb1a3d2adeca3b8a96323d1543548/848c866210b16592d24339c5fa3beb73b4d4a254,Historical monolithic Passport age and integrity lane retained separately from the additional exact P1 source pair.,,,/Users/dcbuilder/Code/world/.worktrees/provekit-v1-cross-device-campaign/target/v1-benchmarks/input-to-proof/iphone/publication/cold/batch/remaining/3ecb537628abb1a3d2adeca3b8a96323d1543548/session-848c866210b16592d24339c5fa3beb73b4d4a254/bench-report.json,cold_local,7977.1855
input-to-proof-v1-20260807,passport_complete_age_check__iphone_se_2022__noir_barretenberg__cold_local-4,2026-08-09T10:54:13.000Z,iphone_se_2022,iPhone SE 2022,15.4,arm64,ios_native,,passport_complete_age_check,historical-monolithic-age-integrity,9b2a6f37c67691eab4b0cec6c35e35c520e93285,noir_barretenberg,noir,barretenberg-rs-4.2.0-aztecnr-rc.2,acvm-beta19,measured,4,ok,,521.086042,7572.189625,,8093.275709,853.5,16100,270482218,270465982,270482218,,input-to-proof-v1,9b2a6f37c67691eab4b0cec6c35e35c520e93285,"{""mopro"":""0.3.7"",""barretenberg_rs"":""4.2.0-aztecnr-rc.2"",""noir"":""1.0.0-beta.19""}","{""raw_evidence_sha256"":[{""report_sha256"":""a8396e36494447199bc887a4b9b384ef9d287a50955df684ea719045b0e19547"",""session_sha256"":""269d645c36f3044ca24661bce576315479866988232930de7ed4bf0a7dcff8b8"",""build_sha256"":""2cba1dbb861a5af2a723f9a929598c8a9a94e640a63535bac2a9ae29c4dab644""}]}",3ecb537628abb1a3d2adeca3b8a96323d1543548/848c866210b16592d24339c5fa3beb73b4d4a254,Historical monolithic Passport age and integrity lane retained separately from the additional exact P1 source pair.,,,/Users/dcbuilder/Code/world/.worktrees/provekit-v1-cross-device-campaign/target/v1-benchmarks/input-to-proof/iphone/publication/cold/batch/remaining/3ecb537628abb1a3d2adeca3b8a96323d1543548/session-848c866210b16592d24339c5fa3beb73b4d4a254/bench-report.json,cold_local,8093.275709
input-to-proof-v1-20260807,passport_complete_age_check__iphone_se_2022__noir_barretenberg__cold_local-5,2026-08-09T10:54:13.000Z,iphone_se_2022,iPhone SE 2022,15.4,arm64,ios_native,,passport_complete_age_check,historical-monolithic-age-integrity,9b2a6f37c67691eab4b0cec6c35e35c520e93285,noir_barretenberg,noir,barretenberg-rs-4.2.0-aztecnr-rc.2,acvm-beta19,measured,5,ok,,503.777375,7113.808542,,7617.586041,855.5,16100,270482218,270465982,270482218,,input-to-proof-v1,9b2a6f37c67691eab4b0cec6c35e35c520e93285,"{""mopro"":""0.3.7"",""barretenberg_rs"":""4.2.0-aztecnr-rc.2"",""noir"":""1.0.0-beta.19""}","{""raw_evidence_sha256"":[{""report_sha256"":""a8396e36494447199bc887a4b9b384ef9d287a50955df684ea719045b0e19547"",""session_sha256"":""269d645c36f3044ca24661bce576315479866988232930de7ed4bf0a7dcff8b8"",""build_sha256"":""2cba1dbb861a5af2a723f9a929598c8a9a94e640a63535bac2a9ae29c4dab644""}]}",3ecb537628abb1a3d2adeca3b8a96323d1543548/848c866210b16592d24339c5fa3beb73b4d4a254,Historical monolithic Passport age and integrity lane retained separately from the additional exact P1 source pair.,,,/Users/dcbuilder/Code/world/.worktrees/provekit-v1-cross-device-campaign/target/v1-benchmarks/input-to-proof/iphone/publication/cold/batch/remaining/3ecb537628abb1a3d2adeca3b8a96323d1543548/session-848c866210b16592d24339c5fa3beb73b4d4a254/bench-report.json,cold_local,7617.586041
input-to-proof-v1-20260807,passport_complete_age_check__iphone_se_2022__noir_barretenberg__warm_reuse-0,2026-08-07T21:14:12.000Z,iphone_se_2022,iPhone SE 2022,15.4,arm64,ios_native,,passport_complete_age_check,historical-monolithic-age-integrity,9b2a6f37c67691eab4b0cec6c35e35c520e93285,noir_barretenberg,noir,barretenberg-rs-4.2.0-aztecnr-rc.2,acvm-beta19,warmup,0,ok,,457.751292,7447.586333,,7905.337833,,16100,270482218,270465982,270482218,,input-to-proof-v1,9b2a6f37c67691eab4b0cec6c35e35c520e93285,"{""mopro"":""0.3.7"",""barretenberg_rs"":""4.2.0-aztecnr-rc.2"",""noir"":""1.0.0-beta.19""}","{""raw_evidence_sha256"":[{""report_sha256"":""fb4ddd25d9e988d65d1ec2bfc7cd3ca04014528c52369e97cf9979eed061ee20"",""session_sha256"":""f3021c1620053b2d3a47c69d02f79c9524a853f4a8a9615fca65391cb0e9a543"",""build_sha256"":""b8dd725870051fa3522e746d1111b82a2cfa1c0bfd140471cc1d78f3e782cd5f""}]}",4859c9ff6d9c01236cdd5246bb4062d982187dbd/9e106c9f7e6a90f732d65d2d0d1554ad71a9cef2,Historical monolithic Passport age and integrity lane retained separately from the additional exact P1 source pair.,,,/Users/dcbuilder/Code/world/.worktrees/provekit-v1-cross-device-campaign/target/v1-benchmarks/input-to-proof/iphone/publication/warm/noir/browserstack/4859c9ff6d9c01236cdd5246bb4062d982187dbd/session-9e106c9f7e6a90f732d65d2d0d1554ad71a9cef2/bench-report.json,warm_reuse,7905.337833
input-to-proof-v1-20260807,passport_complete_age_check__iphone_se_2022__noir_barretenberg__warm_reuse-1,2026-08-07T21:14:12.000Z,iphone_se_2022,iPhone SE 2022,15.4,arm64,ios_native,,passport_complete_age_check,historical-monolithic-age-integrity,9b2a6f37c67691eab4b0cec6c35e35c520e93285,noir_barretenberg,noir,barretenberg-rs-4.2.0-aztecnr-rc.2,acvm-beta19,measured,1,ok,,482.815042,7496.62,,7979.435125,884.5625,16100,270482218,270465982,270482218,,input-to-proof-v1,9b2a6f37c67691eab4b0cec6c35e35c520e93285,"{""mopro"":""0.3.7"",""barretenberg_rs"":""4.2.0-aztecnr-rc.2"",""noir"":""1.0.0-beta.19""}","{""raw_evidence_sha256"":[{""report_sha256"":""fb4ddd25d9e988d65d1ec2bfc7cd3ca04014528c52369e97cf9979eed061ee20"",""session_sha256"":""f3021c1620053b2d3a47c69d02f79c9524a853f4a8a9615fca65391cb0e9a543"",""build_sha256"":""b8dd725870051fa3522e746d1111b82a2cfa1c0bfd140471cc1d78f3e782cd5f""}]}",4859c9ff6d9c01236cdd5246bb4062d982187dbd/9e106c9f7e6a90f732d65d2d0d1554ad71a9cef2,Historical monolithic Passport age and integrity lane retained separately from the additional exact P1 source pair.,,,/Users/dcbuilder/Code/world/.worktrees/provekit-v1-cross-device-campaign/target/v1-benchmarks/input-to-proof/iphone/publication/warm/noir/browserstack/4859c9ff6d9c01236cdd5246bb4062d982187dbd/session-9e106c9f7e6a90f732d65d2d0d1554ad71a9cef2/bench-report.json,warm_reuse,7979.435125
input-to-proof-v1-20260807,passport_complete_age_check__iphone_se_2022__noir_barretenberg__warm_reuse-2,2026-08-07T21:14:12.000Z,iphone_se_2022,iPhone SE 2022,15.4,arm64,ios_native,,passport_complete_age_check,historical-monolithic-age-integrity,9b2a6f37c67691eab4b0cec6c35e35c520e93285,noir_barretenberg,noir,barretenberg-rs-4.2.0-aztecnr-rc.2,acvm-beta19,measured,2,ok,,515.780959,7643.547334,,8159.328416,891.953125,16100,270482218,270465982,270482218,,input-to-proof-v1,9b2a6f37c67691eab4b0cec6c35e35c520e93285,"{""mopro"":""0.3.7"",""barretenberg_rs"":""4.2.0-aztecnr-rc.2"",""noir"":""1.0.0-beta.19""}","{""raw_evidence_sha256"":[{""report_sha256"":""fb4ddd25d9e988d65d1ec2bfc7cd3ca04014528c52369e97cf9979eed061ee20"",""session_sha256"":""f3021c1620053b2d3a47c69d02f79c9524a853f4a8a9615fca65391cb0e9a543"",""build_sha256"":""b8dd725870051fa3522e746d1111b82a2cfa1c0bfd140471cc1d78f3e782cd5f""}]}",4859c9ff6d9c01236cdd5246bb4062d982187dbd/9e106c9f7e6a90f732d65d2d0d1554ad71a9cef2,Historical monolithic Passport age and integrity lane retained separately from the additional exact P1 source pair.,,,/Users/dcbuilder/Code/world/.worktrees/provekit-v1-cross-device-campaign/target/v1-benchmarks/input-to-proof/iphone/publication/warm/noir/browserstack/4859c9ff6d9c01236cdd5246bb4062d982187dbd/session-9e106c9f7e6a90f732d65d2d0d1554ad71a9cef2/bench-report.json,warm_reuse,8159.328416
input-to-proof-v1-20260807,passport_complete_age_check__iphone_se_2022__noir_barretenberg__warm_reuse-3,2026-08-07T21:14:12.000Z,iphone_se_2022,iPhone SE 2022,15.4,arm64,ios_native,,passport_complete_age_check,historical-monolithic-age-integrity,9b2a6f37c67691eab4b0cec6c35e35c520e93285,noir_barretenberg,noir,barretenberg-rs-4.2.0-aztecnr-rc.2,acvm-beta19,measured,3,ok,,504.39725,7713.985542,,8218.382875,891.890625,16100,270482218,270465982,270482218,,input-to-proof-v1,9b2a6f37c67691eab4b0cec6c35e35c520e93285,"{""mopro"":""0.3.7"",""barretenberg_rs"":""4.2.0-aztecnr-rc.2"",""noir"":""1.0.0-beta.19""}","{""raw_evidence_sha256"":[{""report_sha256"":""fb4ddd25d9e988d65d1ec2bfc7cd3ca04014528c52369e97cf9979eed061ee20"",""session_sha256"":""f3021c1620053b2d3a47c69d02f79c9524a853f4a8a9615fca65391cb0e9a543"",""build_sha256"":""b8dd725870051fa3522e746d1111b82a2cfa1c0bfd140471cc1d78f3e782cd5f""}]}",4859c9ff6d9c01236cdd5246bb4062d982187dbd/9e106c9f7e6a90f732d65d2d0d1554ad71a9cef2,Historical monolithic Passport age and integrity lane retained separately from the additional exact P1 source pair.,,,/Users/dcbuilder/Code/world/.worktrees/provekit-v1-cross-device-campaign/target/v1-benchmarks/input-to-proof/iphone/publication/warm/noir/browserstack/4859c9ff6d9c01236cdd5246bb4062d982187dbd/session-9e106c9f7e6a90f732d65d2d0d1554ad71a9cef2/bench-report.json,warm_reuse,8218.382875
input-to-proof-v1-20260807,passport_complete_age_check__iphone_se_2022__noir_barretenberg__warm_reuse-4,2026-08-07T21:14:12.000Z,iphone_se_2022,iPhone SE 2022,15.4,arm64,ios_native,,passport_complete_age_check,historical-monolithic-age-integrity,9b2a6f37c67691eab4b0cec6c35e35c520e93285,noir_barretenberg,noir,barretenberg-rs-4.2.0-aztecnr-rc.2,acvm-beta19,measured,4,ok,,511.586792,7285.887125,,7797.474042,891.96875,16100,270482218,270465982,270482218,,input-to-proof-v1,9b2a6f37c67691eab4b0cec6c35e35c520e93285,"{""mopro"":""0.3.7"",""barretenberg_rs"":""4.2.0-aztecnr-rc.2"",""noir"":""1.0.0-beta.19""}","{""raw_evidence_sha256"":[{""report_sha256"":""fb4ddd25d9e988d65d1ec2bfc7cd3ca04014528c52369e97cf9979eed061ee20"",""session_sha256"":""f3021c1620053b2d3a47c69d02f79c9524a853f4a8a9615fca65391cb0e9a543"",""build_sha256"":""b8dd725870051fa3522e746d1111b82a2cfa1c0bfd140471cc1d78f3e782cd5f""}]}",4859c9ff6d9c01236cdd5246bb4062d982187dbd/9e106c9f7e6a90f732d65d2d0d1554ad71a9cef2,Historical monolithic Passport age and integrity lane retained separately from the additional exact P1 source pair.,,,/Users/dcbuilder/Code/world/.worktrees/provekit-v1-cross-device-campaign/target/v1-benchmarks/input-to-proof/iphone/publication/warm/noir/browserstack/4859c9ff6d9c01236cdd5246bb4062d982187dbd/session-9e106c9f7e6a90f732d65d2d0d1554ad71a9cef2/bench-report.json,warm_reuse,7797.474042
input-to-proof-v1-20260807,passport_complete_age_check__iphone_se_2022__noir_barretenberg__warm_reuse-5,2026-08-07T21:14:12.000Z,iphone_se_2022,iPhone SE 2022,15.4,arm64,ios_native,,passport_complete_age_check,historical-monolithic-age-integrity,9b2a6f37c67691eab4b0cec6c35e35c520e93285,noir_barretenberg,noir,barretenberg-rs-4.2.0-aztecnr-rc.2,acvm-beta19,measured,5,ok,,509.84,7720.695958,,8230.536,891.921875,16100,270482218,270465982,270482218,,input-to-proof-v1,9b2a6f37c67691eab4b0cec6c35e35c520e93285,"{""mopro"":""0.3.7"",""barretenberg_rs"":""4.2.0-aztecnr-rc.2"",""noir"":""1.0.0-beta.19""}","{""raw_evidence_sha256"":[{""report_sha256"":""fb4ddd25d9e988d65d1ec2bfc7cd3ca04014528c52369e97cf9979eed061ee20"",""session_sha256"":""f3021c1620053b2d3a47c69d02f79c9524a853f4a8a9615fca65391cb0e9a543"",""build_sha256"":""b8dd725870051fa3522e746d1111b82a2cfa1c0bfd140471cc1d78f3e782cd5f""}]}",4859c9ff6d9c01236cdd5246bb4062d982187dbd/9e106c9f7e6a90f732d65d2d0d1554ad71a9cef2,Historical monolithic Passport age and integrity lane retained separately from the additional exact P1 source pair.,,,/Users/dcbuilder/Code/world/.worktrees/provekit-v1-cross-device-campaign/target/v1-benchmarks/input-to-proof/iphone/publication/warm/noir/browserstack/4859c9ff6d9c01236cdd5246bb4062d982187dbd/session-9e106c9f7e6a90f732d65d2d0d1554ad71a9cef2/bench-report.json,warm_reuse,8230.536
input-to-proof-v1-20260807,passport_complete_age_check__iphone_se_2022__circom_groth16__cold_local-0,2026-08-10T06:45:57.000Z,iphone_se_2022,iPhone SE 2022,15.4,arm64,ios_native,,passport_complete_age_check,historical-monolithic-age-integrity,9b2a6f37c67691eab4b0cec6c35e35c520e93285,circom_groth16,circom,rust-rapidsnark-0.1.4,rust-witness-0.1.6,warmup,0,ok,,6204.0834589999995,12047.987208,,18252.071,292.15625,2503,588352242,568828944,588352242,,input-to-proof-v1,9b2a6f37c67691eab4b0cec6c35e35c520e93285,"{""rust_rapidsnark"":""0.1.4"",""rust_witness"":""0.1.6"",""circom"":""2.2.2""}","{""raw_evidence_sha256"":[{""report_sha256"":""f15435d7eea73d90fd4ba48d1973332befab2942e678a2d1c9ba97025ee8e47a"",""session_sha256"":""a6cb544430ac889396c197e5911935405973c3b58dc72f4927b38e04a7371a5c"",""build_sha256"":""57646c86fcfa271858e72600fbe83068a7e267f1b19ceb22fc804a9431f58bbc""},{""report_sha256"":""6eb68f4417771dbcfc1adaacf302737ca34abea84bfe6c375a22a69a38d4f796"",""session_sha256"":""68ffa79ea3669cb1a9ed54bd96247419d5aace532fbf22100bf475cb82cf61a1"",""build_sha256"":""daa3f348d35de6f071b436aebad2a4bf0b7204231cf38380d16ba1a34154c62b""}]}",appium-3e98af9d0a87e21ddcbe8d4b8a21f5e7a9e323dd/3e98af9d0a87e21ddcbe8d4b8a21f5e7a9e323dd;0cfedf3f137d5f7a4ba35cb5d0c1a5703a1aeb45/16850982dd3bf0fbdeaced7c317995c643f14920,Historical monolithic Passport age and integrity lane retained separately from the additional exact P1 source pair.,,,/Users/dcbuilder/Code/world/.worktrees/provekit-v1-cross-device-campaign/target/v1-benchmarks/input-to-proof/iphone/publication/cold/run-0/circom-register-verified/appium-3e98af9d0a87e21ddcbe8d4b8a21f5e7a9e323dd/session-3e98af9d0a87e21ddcbe8d4b8a21f5e7a9e323dd/bench-report.json;/Users/dcbuilder/Code/world/.worktrees/provekit-v1-cross-device-campaign/target/v1-benchmarks/input-to-proof/iphone/publication/cold/batch/circom/0cfedf3f137d5f7a4ba35cb5d0c1a5703a1aeb45/session-16850982dd3bf0fbdeaced7c317995c643f14920/bench-report.json,cold_local,18252.071
input-to-proof-v1-20260807,passport_complete_age_check__iphone_se_2022__circom_groth16__cold_local-1,2026-08-10T06:47:17.000Z,iphone_se_2022,iPhone SE 2022,15.4,arm64,ios_native,,passport_complete_age_check,historical-monolithic-age-integrity,9b2a6f37c67691eab4b0cec6c35e35c520e93285,circom_groth16,circom,rust-rapidsnark-0.1.4,rust-witness-0.1.6,measured,1,ok,,6195.8720410000005,11553.437291000002,,17749.309458,292.109375,2500,588352242,568828944,588352242,,input-to-proof-v1,9b2a6f37c67691eab4b0cec6c35e35c520e93285,"{""rust_rapidsnark"":""0.1.4"",""rust_witness"":""0.1.6"",""circom"":""2.2.2""}","{""raw_evidence_sha256"":[{""report_sha256"":""b8d3f501b6ada217a8ed3fa88253b6fb470fddec16049e946f20592c74737d2d"",""session_sha256"":""484488bae00495d20f19b231d3236ad024e8082be83943d8a04a74d63a71135c"",""build_sha256"":""239f31d606340cc6dcb7f4003b087b2e8997d4c4338cbc6d84764b3069a073ce""},{""report_sha256"":""6eb68f4417771dbcfc1adaacf302737ca34abea84bfe6c375a22a69a38d4f796"",""session_sha256"":""68ffa79ea3669cb1a9ed54bd96247419d5aace532fbf22100bf475cb82cf61a1"",""build_sha256"":""daa3f348d35de6f071b436aebad2a4bf0b7204231cf38380d16ba1a34154c62b""}]}",appium-d0cc69cff747b3205e2988f8429ad3a074625c9d/d0cc69cff747b3205e2988f8429ad3a074625c9d;0cfedf3f137d5f7a4ba35cb5d0c1a5703a1aeb45/16850982dd3bf0fbdeaced7c317995c643f14920,Historical monolithic Passport age and integrity lane retained separately from the additional exact P1 source pair.,,,/Users/dcbuilder/Code/world/.worktrees/provekit-v1-cross-device-campaign/target/v1-benchmarks/input-to-proof/iphone/publication/cold/run-1/circom-register-verified/appium-d0cc69cff747b3205e2988f8429ad3a074625c9d/session-d0cc69cff747b3205e2988f8429ad3a074625c9d/bench-report.json;/Users/dcbuilder/Code/world/.worktrees/provekit-v1-cross-device-campaign/target/v1-benchmarks/input-to-proof/iphone/publication/cold/batch/circom/0cfedf3f137d5f7a4ba35cb5d0c1a5703a1aeb45/session-16850982dd3bf0fbdeaced7c317995c643f14920/bench-report.json,cold_local,17749.309458
input-to-proof-v1-20260807,passport_complete_age_check__iphone_se_2022__circom_groth16__cold_local-2,2026-08-10T06:48:38.000Z,iphone_se_2022,iPhone SE 2022,15.4,arm64,ios_native,,passport_complete_age_check,historical-monolithic-age-integrity,9b2a6f37c67691eab4b0cec6c35e35c520e93285,circom_groth16,circom,rust-rapidsnark-0.1.4,rust-witness-0.1.6,measured,2,ok,,6185.364084,11846.453625,,18031.817875,292.171875,2499,588352242,568828944,588352242,,input-to-proof-v1,9b2a6f37c67691eab4b0cec6c35e35c520e93285,"{""rust_rapidsnark"":""0.1.4"",""rust_witness"":""0.1.6"",""circom"":""2.2.2""}","{""raw_evidence_sha256"":[{""report_sha256"":""aeaf9b2f942364bec89faf8ecedb9c8f93f4afabad49d1de325c7ef3c4614443"",""session_sha256"":""f13eaf78f614e66fdc1cf46584214ebc633026846b05570da4036762e6b16b56"",""build_sha256"":""be1a34897581ba40522b77c4519e7f2c475e425ab186cb02f14287a8efea8a84""},{""report_sha256"":""6eb68f4417771dbcfc1adaacf302737ca34abea84bfe6c375a22a69a38d4f796"",""session_sha256"":""68ffa79ea3669cb1a9ed54bd96247419d5aace532fbf22100bf475cb82cf61a1"",""build_sha256"":""daa3f348d35de6f071b436aebad2a4bf0b7204231cf38380d16ba1a34154c62b""}]}",appium-f30a96f15aa4f591963a4feae1e7f3966d357a33/f30a96f15aa4f591963a4feae1e7f3966d357a33;0cfedf3f137d5f7a4ba35cb5d0c1a5703a1aeb45/16850982dd3bf0fbdeaced7c317995c643f14920,Historical monolithic Passport age and integrity lane retained separately from the additional exact P1 source pair.,,,/Users/dcbuilder/Code/world/.worktrees/provekit-v1-cross-device-campaign/target/v1-benchmarks/input-to-proof/iphone/publication/cold/run-2/circom-register-verified/appium-f30a96f15aa4f591963a4feae1e7f3966d357a33/session-f30a96f15aa4f591963a4feae1e7f3966d357a33/bench-report.json;/Users/dcbuilder/Code/world/.worktrees/provekit-v1-cross-device-campaign/target/v1-benchmarks/input-to-proof/iphone/publication/cold/batch/circom/0cfedf3f137d5f7a4ba35cb5d0c1a5703a1aeb45/session-16850982dd3bf0fbdeaced7c317995c643f14920/bench-report.json,cold_local,18031.817875
input-to-proof-v1-20260807,passport_complete_age_check__iphone_se_2022__circom_groth16__cold_local-3,2026-08-10T06:49:46.000Z,iphone_se_2022,iPhone SE 2022,15.4,arm64,ios_native,,passport_complete_age_check,historical-monolithic-age-integrity,9b2a6f37c67691eab4b0cec6c35e35c520e93285,circom_groth16,circom,rust-rapidsnark-0.1.4,rust-witness-0.1.6,measured,3,ok,,6216.887,11949.56025,,18166.447374,292.296875,2498,588352242,568828944,588352242,,input-to-proof-v1,9b2a6f37c67691eab4b0cec6c35e35c520e93285,"{""rust_rapidsnark"":""0.1.4"",""rust_witness"":""0.1.6"",""circom"":""2.2.2""}","{""raw_evidence_sha256"":[{""report_sha256"":""bad22c058133b58cb7addea28485fe705279d136be1cfd816cc541a6e254570e"",""session_sha256"":""011e8c4336cad753523c687f98f32fe1ca633722a6f59a8f06e58d8b925960e4"",""build_sha256"":""1524ad1b29605dbce9e37268ab3a8f85f499cc005969e592d651056f5c6e6edb""},{""report_sha256"":""6eb68f4417771dbcfc1adaacf302737ca34abea84bfe6c375a22a69a38d4f796"",""session_sha256"":""68ffa79ea3669cb1a9ed54bd96247419d5aace532fbf22100bf475cb82cf61a1"",""build_sha256"":""daa3f348d35de6f071b436aebad2a4bf0b7204231cf38380d16ba1a34154c62b""}]}",appium-7009179e108287e74bf3a9df29ec22d930291a89/7009179e108287e74bf3a9df29ec22d930291a89;0cfedf3f137d5f7a4ba35cb5d0c1a5703a1aeb45/16850982dd3bf0fbdeaced7c317995c643f14920,Historical monolithic Passport age and integrity lane retained separately from the additional exact P1 source pair.,,,/Users/dcbuilder/Code/world/.worktrees/provekit-v1-cross-device-campaign/target/v1-benchmarks/input-to-proof/iphone/publication/cold/run-3/circom-register-verified/appium-7009179e108287e74bf3a9df29ec22d930291a89/session-7009179e108287e74bf3a9df29ec22d930291a89/bench-report.json;/Users/dcbuilder/Code/world/.worktrees/provekit-v1-cross-device-campaign/target/v1-benchmarks/input-to-proof/iphone/publication/cold/batch/circom/0cfedf3f137d5f7a4ba35cb5d0c1a5703a1aeb45/session-16850982dd3bf0fbdeaced7c317995c643f14920/bench-report.json,cold_local,18166.447374
input-to-proof-v1-20260807,passport_complete_age_check__iphone_se_2022__circom_groth16__cold_local-4,2026-08-10T06:50:40.000Z,iphone_se_2022,iPhone SE 2022,15.4,arm64,ios_native,,passport_complete_age_check,historical-monolithic-age-integrity,9b2a6f37c67691eab4b0cec6c35e35c520e93285,circom_groth16,circom,rust-rapidsnark-0.1.4,rust-witness-0.1.6,measured,4,ok,,6207.269458,11582.274332,,17789.544,292.28125,2505,588352242,568828944,588352242,,input-to-proof-v1,9b2a6f37c67691eab4b0cec6c35e35c520e93285,"{""rust_rapidsnark"":""0.1.4"",""rust_witness"":""0.1.6"",""circom"":""2.2.2""}","{""raw_evidence_sha256"":[{""report_sha256"":""aac371ceb2b71c3b1b026f3454bab51fe48a9a29b38068459d6af62f04abbd0c"",""session_sha256"":""dc1d5e6917f5bd4b97a03bec97f6c308078ad6c87322359e55e463e0c91d1a33"",""build_sha256"":""8c48e0207a4a33ca620a0cae925fc3775c862cc521f98e93a9bdeb42a03b010e""},{""report_sha256"":""6eb68f4417771dbcfc1adaacf302737ca34abea84bfe6c375a22a69a38d4f796"",""session_sha256"":""68ffa79ea3669cb1a9ed54bd96247419d5aace532fbf22100bf475cb82cf61a1"",""build_sha256"":""daa3f348d35de6f071b436aebad2a4bf0b7204231cf38380d16ba1a34154c62b""}]}",appium-e8421f4be5aa264d4cc7856838b3aa3c3d8acda7/e8421f4be5aa264d4cc7856838b3aa3c3d8acda7;0cfedf3f137d5f7a4ba35cb5d0c1a5703a1aeb45/16850982dd3bf0fbdeaced7c317995c643f14920,Historical monolithic Passport age and integrity lane retained separately from the additional exact P1 source pair.,,,/Users/dcbuilder/Code/world/.worktrees/provekit-v1-cross-device-campaign/target/v1-benchmarks/input-to-proof/iphone/publication/cold/run-4/circom-register-verified/appium-e8421f4be5aa264d4cc7856838b3aa3c3d8acda7/session-e8421f4be5aa264d4cc7856838b3aa3c3d8acda7/bench-report.json;/Users/dcbuilder/Code/world/.worktrees/provekit-v1-cross-device-campaign/target/v1-benchmarks/input-to-proof/iphone/publication/cold/batch/circom/0cfedf3f137d5f7a4ba35cb5d0c1a5703a1aeb45/session-16850982dd3bf0fbdeaced7c317995c643f14920/bench-report.json,cold_local,17789.544
input-to-proof-v1-20260807,passport_complete_age_check__iphone_se_2022__circom_groth16__cold_local-5,2026-08-10T06:51:39.000Z,iphone_se_2022,iPhone SE 2022,15.4,arm64,ios_native,,passport_complete_age_check,historical-monolithic-age-integrity,9b2a6f37c67691eab4b0cec6c35e35c520e93285,circom_groth16,circom,rust-rapidsnark-0.1.4,rust-witness-0.1.6,measured,5,ok,,6208.870208,11830.389833000001,,18039.26025,292.21875,2498,588352242,568828944,588352242,,input-to-proof-v1,9b2a6f37c67691eab4b0cec6c35e35c520e93285,"{""rust_rapidsnark"":""0.1.4"",""rust_witness"":""0.1.6"",""circom"":""2.2.2""}","{""raw_evidence_sha256"":[{""report_sha256"":""8055b1bf76302f0375633f84231c619ef95129e9bae4dc9218c5a4021ab25d29"",""session_sha256"":""ddf1b655ac6f35f43ba018ede47f22ef9cba21111cddbae201c60423c5dcbe87"",""build_sha256"":""016fce7a56fab3dc0f5a40371ef960db9ea92032a4897752d1de6ca33c876d81""},{""report_sha256"":""6eb68f4417771dbcfc1adaacf302737ca34abea84bfe6c375a22a69a38d4f796"",""session_sha256"":""68ffa79ea3669cb1a9ed54bd96247419d5aace532fbf22100bf475cb82cf61a1"",""build_sha256"":""daa3f348d35de6f071b436aebad2a4bf0b7204231cf38380d16ba1a34154c62b""}]}",appium-d03af49f0f1418a0b40a8743f05857ef189383f7/d03af49f0f1418a0b40a8743f05857ef189383f7;0cfedf3f137d5f7a4ba35cb5d0c1a5703a1aeb45/16850982dd3bf0fbdeaced7c317995c643f14920,Historical monolithic Passport age and integrity lane retained separately from the additional exact P1 source pair.,,,/Users/dcbuilder/Code/world/.worktrees/provekit-v1-cross-device-campaign/target/v1-benchmarks/input-to-proof/iphone/publication/cold/run-5/circom-register-verified/appium-d03af49f0f1418a0b40a8743f05857ef189383f7/session-d03af49f0f1418a0b40a8743f05857ef189383f7/bench-report.json;/Users/dcbuilder/Code/world/.worktrees/provekit-v1-cross-device-campaign/target/v1-benchmarks/input-to-proof/iphone/publication/cold/batch/circom/0cfedf3f137d5f7a4ba35cb5d0c1a5703a1aeb45/session-16850982dd3bf0fbdeaced7c317995c643f14920/bench-report.json,cold_local,18039.26025
input-to-proof-v1-20260807,passport_complete_age_check__iphone_se_2022__circom_groth16__warm_reuse-0,2026-08-09T09:53:37.000Z,iphone_se_2022,iPhone SE 2022,15.4,arm64,ios_native,,passport_complete_age_check,historical-monolithic-age-integrity,9b2a6f37c67691eab4b0cec6c35e35c520e93285,circom_groth16,circom,rust-rapidsnark-0.1.4,rust-witness-0.1.6,warmup,0,ok,,6132.7222919999995,11035.131125,,17167.853751,,2505,588352242,568828944,588352242,,input-to-proof-v1,9b2a6f37c67691eab4b0cec6c35e35c520e93285,"{""rust_rapidsnark"":""0.1.4"",""rust_witness"":""0.1.6"",""circom"":""2.2.2""}","{""raw_evidence_sha256"":[{""report_sha256"":""31ecf6a655d66fa13e0356c4975b9f4220ebef96e7cd7c3d1ffcee5c30bf4864"",""session_sha256"":""a848e9fa3b30c123cbef834199a4f8799c3fc6e44ee5c18c01a53da1239ac520"",""build_sha256"":""9f2b7c1614434a45b3912430c8e7116efc0c51d4250de3ef4bf98dc0598ad22c""},{""report_sha256"":""7a3d56ba6ac8f25b3614eacf62872d82301e6fbd093a5e8079f2d4e57f9e3004"",""session_sha256"":""62e48458321e5e9b974089f1308ccbb6bc2c550b2371db2ca0d7b418a0bab2e4"",""build_sha256"":""3764cc0a8a9a5c956f7820ee53f41ea47b733c212114219ffdd75026a55100cc""}]}",69bdcd9e678722b46af512daa6526f1e736fbb4a/20e2dc5b59381b668a6448a99351ab9454069ce7;ed93cc01e6c2bd8037b41e75111e0d42e2642541/d321c03c0eb324fe88d2e84b2e24bf9cebf60190,Historical monolithic Passport age and integrity lane retained separately from the additional exact P1 source pair.,,,/Users/dcbuilder/Code/world/.worktrees/provekit-v1-cross-device-campaign/target/v1-benchmarks/input-to-proof/iphone/publication/warm/circom-register/69bdcd9e678722b46af512daa6526f1e736fbb4a/session-20e2dc5b59381b668a6448a99351ab9454069ce7/bench-report.json;/Users/dcbuilder/Code/world/.worktrees/provekit-v1-cross-device-campaign/target/v1-benchmarks/input-to-proof/iphone/publication/warm/circom-core/ed93cc01e6c2bd8037b41e75111e0d42e2642541/session-d321c03c0eb324fe88d2e84b2e24bf9cebf60190/bench-report.json,warm_reuse,17167.853751
input-to-proof-v1-20260807,passport_complete_age_check__iphone_se_2022__circom_groth16__warm_reuse-1,2026-08-09T09:53:37.000Z,iphone_se_2022,iPhone SE 2022,15.4,arm64,ios_native,,passport_complete_age_check,historical-monolithic-age-integrity,9b2a6f37c67691eab4b0cec6c35e35c520e93285,circom_groth16,circom,rust-rapidsnark-0.1.4,rust-witness-0.1.6,measured,1,ok,,6154.406542,11329.655666999999,,17484.062375,289.75,2500,588352242,568828944,588352242,,input-to-proof-v1,9b2a6f37c67691eab4b0cec6c35e35c520e93285,"{""rust_rapidsnark"":""0.1.4"",""rust_witness"":""0.1.6"",""circom"":""2.2.2""}","{""raw_evidence_sha256"":[{""report_sha256"":""31ecf6a655d66fa13e0356c4975b9f4220ebef96e7cd7c3d1ffcee5c30bf4864"",""session_sha256"":""a848e9fa3b30c123cbef834199a4f8799c3fc6e44ee5c18c01a53da1239ac520"",""build_sha256"":""9f2b7c1614434a45b3912430c8e7116efc0c51d4250de3ef4bf98dc0598ad22c""},{""report_sha256"":""7a3d56ba6ac8f25b3614eacf62872d82301e6fbd093a5e8079f2d4e57f9e3004"",""session_sha256"":""62e48458321e5e9b974089f1308ccbb6bc2c550b2371db2ca0d7b418a0bab2e4"",""build_sha256"":""3764cc0a8a9a5c956f7820ee53f41ea47b733c212114219ffdd75026a55100cc""}]}",69bdcd9e678722b46af512daa6526f1e736fbb4a/20e2dc5b59381b668a6448a99351ab9454069ce7;ed93cc01e6c2bd8037b41e75111e0d42e2642541/d321c03c0eb324fe88d2e84b2e24bf9cebf60190,Historical monolithic Passport age and integrity lane retained separately from the additional exact P1 source pair.,,,/Users/dcbuilder/Code/world/.worktrees/provekit-v1-cross-device-campaign/target/v1-benchmarks/input-to-proof/iphone/publication/warm/circom-register/69bdcd9e678722b46af512daa6526f1e736fbb4a/session-20e2dc5b59381b668a6448a99351ab9454069ce7/bench-report.json;/Users/dcbuilder/Code/world/.worktrees/provekit-v1-cross-device-campaign/target/v1-benchmarks/input-to-proof/iphone/publication/warm/circom-core/ed93cc01e6c2bd8037b41e75111e0d42e2642541/session-d321c03c0eb324fe88d2e84b2e24bf9cebf60190/bench-report.json,warm_reuse,17484.062375
input-to-proof-v1-20260807,passport_complete_age_check__iphone_se_2022__circom_groth16__warm_reuse-2,2026-08-09T09:53:37.000Z,iphone_se_2022,iPhone SE 2022,15.4,arm64,ios_native,,passport_complete_age_check,historical-monolithic-age-integrity,9b2a6f37c67691eab4b0cec6c35e35c520e93285,circom_groth16,circom,rust-rapidsnark-0.1.4,rust-witness-0.1.6,measured,2,ok,,6159.8206660000005,11483.373458000002,,17643.194292,289.796875,2505,588352242,568828944,588352242,,input-to-proof-v1,9b2a6f37c67691eab4b0cec6c35e35c520e93285,"{""rust_rapidsnark"":""0.1.4"",""rust_witness"":""0.1.6"",""circom"":""2.2.2""}","{""raw_evidence_sha256"":[{""report_sha256"":""31ecf6a655d66fa13e0356c4975b9f4220ebef96e7cd7c3d1ffcee5c30bf4864"",""session_sha256"":""a848e9fa3b30c123cbef834199a4f8799c3fc6e44ee5c18c01a53da1239ac520"",""build_sha256"":""9f2b7c1614434a45b3912430c8e7116efc0c51d4250de3ef4bf98dc0598ad22c""},{""report_sha256"":""7a3d56ba6ac8f25b3614eacf62872d82301e6fbd093a5e8079f2d4e57f9e3004"",""session_sha256"":""62e48458321e5e9b974089f1308ccbb6bc2c550b2371db2ca0d7b418a0bab2e4"",""build_sha256"":""3764cc0a8a9a5c956f7820ee53f41ea47b733c212114219ffdd75026a55100cc""}]}",69bdcd9e678722b46af512daa6526f1e736fbb4a/20e2dc5b59381b668a6448a99351ab9454069ce7;ed93cc01e6c2bd8037b41e75111e0d42e2642541/d321c03c0eb324fe88d2e84b2e24bf9cebf60190,Historical monolithic Passport age and integrity lane retained separately from the additional exact P1 source pair.,,,/Users/dcbuilder/Code/world/.worktrees/provekit-v1-cross-device-campaign/target/v1-benchmarks/input-to-proof/iphone/publication/warm/circom-register/69bdcd9e678722b46af512daa6526f1e736fbb4a/session-20e2dc5b59381b668a6448a99351ab9454069ce7/bench-report.json;/Users/dcbuilder/Code/world/.worktrees/provekit-v1-cross-device-campaign/target/v1-benchmarks/input-to-proof/iphone/publication/warm/circom-core/ed93cc01e6c2bd8037b41e75111e0d42e2642541/session-d321c03c0eb324fe88d2e84b2e24bf9cebf60190/bench-report.json,warm_reuse,17643.194292
input-to-proof-v1-20260807,passport_complete_age_check__iphone_se_2022__circom_groth16__warm_reuse-3,2026-08-09T09:53:37.000Z,iphone_se_2022,iPhone SE 2022,15.4,arm64,ios_native,,passport_complete_age_check,historical-monolithic-age-integrity,9b2a6f37c67691eab4b0cec6c35e35c520e93285,circom_groth16,circom,rust-rapidsnark-0.1.4,rust-witness-0.1.6,measured,3,ok,,6162.827834,11630.165292000002,,17792.993334,289.875,2504,588352242,568828944,588352242,,input-to-proof-v1,9b2a6f37c67691eab4b0cec6c35e35c520e93285,"{""rust_rapidsnark"":""0.1.4"",""rust_witness"":""0.1.6"",""circom"":""2.2.2""}","{""raw_evidence_sha256"":[{""report_sha256"":""31ecf6a655d66fa13e0356c4975b9f4220ebef96e7cd7c3d1ffcee5c30bf4864"",""session_sha256"":""a848e9fa3b30c123cbef834199a4f8799c3fc6e44ee5c18c01a53da1239ac520"",""build_sha256"":""9f2b7c1614434a45b3912430c8e7116efc0c51d4250de3ef4bf98dc0598ad22c""},{""report_sha256"":""7a3d56ba6ac8f25b3614eacf62872d82301e6fbd093a5e8079f2d4e57f9e3004"",""session_sha256"":""62e48458321e5e9b974089f1308ccbb6bc2c550b2371db2ca0d7b418a0bab2e4"",""build_sha256"":""3764cc0a8a9a5c956f7820ee53f41ea47b733c212114219ffdd75026a55100cc""}]}",69bdcd9e678722b46af512daa6526f1e736fbb4a/20e2dc5b59381b668a6448a99351ab9454069ce7;ed93cc01e6c2bd8037b41e75111e0d42e2642541/d321c03c0eb324fe88d2e84b2e24bf9cebf60190,Historical monolithic Passport age and integrity lane retained separately from the additional exact P1 source pair.,,,/Users/dcbuilder/Code/world/.worktrees/provekit-v1-cross-device-campaign/target/v1-benchmarks/input-to-proof/iphone/publication/warm/circom-register/69bdcd9e678722b46af512daa6526f1e736fbb4a/session-20e2dc5b59381b668a6448a99351ab9454069ce7/bench-report.json;/Users/dcbuilder/Code/world/.worktrees/provekit-v1-cross-device-campaign/target/v1-benchmarks/input-to-proof/iphone/publication/warm/circom-core/ed93cc01e6c2bd8037b41e75111e0d42e2642541/session-d321c03c0eb324fe88d2e84b2e24bf9cebf60190/bench-report.json,warm_reuse,17792.993334
input-to-proof-v1-20260807,passport_complete_age_check__iphone_se_2022__circom_groth16__warm_reuse-4,2026-08-09T09:53:37.000Z,iphone_se_2022,iPhone SE 2022,15.4,arm64,ios_native,,passport_complete_age_check,historical-monolithic-age-integrity,9b2a6f37c67691eab4b0cec6c35e35c520e93285,circom_groth16,circom,rust-rapidsnark-0.1.4,rust-witness-0.1.6,measured,4,ok,,6188.240625,11671.697417,,17859.938209,289.875,2498,588352242,568828944,588352242,,input-to-proof-v1,9b2a6f37c67691eab4b0cec6c35e35c520e93285,"{""rust_rapidsnark"":""0.1.4"",""rust_witness"":""0.1.6"",""circom"":""2.2.2""}","{""raw_evidence_sha256"":[{""report_sha256"":""31ecf6a655d66fa13e0356c4975b9f4220ebef96e7cd7c3d1ffcee5c30bf4864"",""session_sha256"":""a848e9fa3b30c123cbef834199a4f8799c3fc6e44ee5c18c01a53da1239ac520"",""build_sha256"":""9f2b7c1614434a45b3912430c8e7116efc0c51d4250de3ef4bf98dc0598ad22c""},{""report_sha256"":""7a3d56ba6ac8f25b3614eacf62872d82301e6fbd093a5e8079f2d4e57f9e3004"",""session_sha256"":""62e48458321e5e9b974089f1308ccbb6bc2c550b2371db2ca0d7b418a0bab2e4"",""build_sha256"":""3764cc0a8a9a5c956f7820ee53f41ea47b733c212114219ffdd75026a55100cc""}]}",69bdcd9e678722b46af512daa6526f1e736fbb4a/20e2dc5b59381b668a6448a99351ab9454069ce7;ed93cc01e6c2bd8037b41e75111e0d42e2642541/d321c03c0eb324fe88d2e84b2e24bf9cebf60190,Historical monolithic Passport age and integrity lane retained separately from the additional exact P1 source pair.,,,/Users/dcbuilder/Code/world/.worktrees/provekit-v1-cross-device-campaign/target/v1-benchmarks/input-to-proof/iphone/publication/warm/circom-register/69bdcd9e678722b46af512daa6526f1e736fbb4a/session-20e2dc5b59381b668a6448a99351ab9454069ce7/bench-report.json;/Users/dcbuilder/Code/world/.worktrees/provekit-v1-cross-device-campaign/target/v1-benchmarks/input-to-proof/iphone/publication/warm/circom-core/ed93cc01e6c2bd8037b41e75111e0d42e2642541/session-d321c03c0eb324fe88d2e84b2e24bf9cebf60190/bench-report.json,warm_reuse,17859.938209
input-to-proof-v1-20260807,passport_complete_age_check__iphone_se_2022__circom_groth16__warm_reuse-5,2026-08-09T09:53:37.000Z,iphone_se_2022,iPhone SE 2022,15.4,arm64,ios_native,,passport_complete_age_check,historical-monolithic-age-integrity,9b2a6f37c67691eab4b0cec6c35e35c520e93285,circom_groth16,circom,rust-rapidsnark-0.1.4,rust-witness-0.1.6,measured,5,ok,,6198.617625,11754.712708000001,,17953.330709,289.875,2502,588352242,568828944,588352242,,input-to-proof-v1,9b2a6f37c67691eab4b0cec6c35e35c520e93285,"{""rust_rapidsnark"":""0.1.4"",""rust_witness"":""0.1.6"",""circom"":""2.2.2""}","{""raw_evidence_sha256"":[{""report_sha256"":""31ecf6a655d66fa13e0356c4975b9f4220ebef96e7cd7c3d1ffcee5c30bf4864"",""session_sha256"":""a848e9fa3b30c123cbef834199a4f8799c3fc6e44ee5c18c01a53da1239ac520"",""build_sha256"":""9f2b7c1614434a45b3912430c8e7116efc0c51d4250de3ef4bf98dc0598ad22c""},{""report_sha256"":""7a3d56ba6ac8f25b3614eacf62872d82301e6fbd093a5e8079f2d4e57f9e3004"",""session_sha256"":""62e48458321e5e9b974089f1308ccbb6bc2c550b2371db2ca0d7b418a0bab2e4"",""build_sha256"":""3764cc0a8a9a5c956f7820ee53f41ea47b733c212114219ffdd75026a55100cc""}]}",69bdcd9e678722b46af512daa6526f1e736fbb4a/20e2dc5b59381b668a6448a99351ab9454069ce7;ed93cc01e6c2bd8037b41e75111e0d42e2642541/d321c03c0eb324fe88d2e84b2e24bf9cebf60190,Historical monolithic Passport age and integrity lane retained separately from the additional exact P1 source pair.,,,/Users/dcbuilder/Code/world/.worktrees/provekit-v1-cross-device-campaign/target/v1-benchmarks/input-to-proof/iphone/publication/warm/circom-register/69bdcd9e678722b46af512daa6526f1e736fbb4a/session-20e2dc5b59381b668a6448a99351ab9454069ce7/bench-report.json;/Users/dcbuilder/Code/world/.worktrees/provekit-v1-cross-device-campaign/target/v1-benchmarks/input-to-proof/iphone/publication/warm/circom-core/ed93cc01e6c2bd8037b41e75111e0d42e2642541/session-d321c03c0eb324fe88d2e84b2e24bf9cebf60190/bench-report.json,warm_reuse,17953.330709
input-to-proof-v1-20260807,passport_p1__iphone_se_2022__provekit_v1__cold_local-0,2026-08-09T10:35:07.000Z,iphone_se_2022,iPhone SE 2022,15.4,arm64,ios_native,,passport_age_integrity,P1-matched-monolithic-RSA4096,092621d721cfef9ff39b0787f5ba2c1f07eb6d95,provekit_v1,noir,provekit-v1-whir-native,integrated-noir-beta11-witness,warmup,0,ok,,,2172.8525,,2172.8525,530.65625,716750,2578799,2331760,2578799,,input-to-proof-v1,9b2a6f37c67691eab4b0cec6c35e35c520e93285,"{""provekit"":""9b2a6f37c67691eab4b0cec6c35e35c520e93285"",""mobench"":""0.1.48"",""noir"":""1.0.0-beta.11""}","{""raw_evidence_sha256"":[{""report_sha256"":""2fac9f84021ad6846ac29b54588b6557d21c89040a3ce82fea6eb7184bd83690"",""session_sha256"":""0bf31c2e1f726894208bd223d38b8eb6ea9a76de2a81f4984c0172754a3c6a3b"",""build_sha256"":""a4cfd230d1d3741ac48781c9d5eba0b81a2efeaca16ece68b9c1788a129be672""}]}",ee67db274e3809e95af215a5c744b25be006b6d1/1933dc94f98688456525e69437a433797fb3c918,"Matched P1 profile: monolithic RSA-4096 passport integrity, registry authorization, DG1 validity, and minimum-age assertion. Native ProveKit exposes witness generation and proving as one integrated timed operation, so witness_time_ms is intentionally blank.",,,/Users/dcbuilder/Code/world/.worktrees/provekit-v1-cross-device-campaign/target/v1-benchmarks/input-to-proof/iphone/publication/cold/batch/remaining/ee67db274e3809e95af215a5c744b25be006b6d1/session-1933dc94f98688456525e69437a433797fb3c918/bench-report.json,cold_local,2172.8525
input-to-proof-v1-20260807,passport_p1__iphone_se_2022__provekit_v1__cold_local-1,2026-08-09T10:35:07.000Z,iphone_se_2022,iPhone SE 2022,15.4,arm64,ios_native,,passport_age_integrity,P1-matched-monolithic-RSA4096,092621d721cfef9ff39b0787f5ba2c1f07eb6d95,provekit_v1,noir,provekit-v1-whir-native,integrated-noir-beta11-witness,measured,1,ok,,,2242.035291,,2242.035291,527.359375,716187,2514819,2267780,2514819,,input-to-proof-v1,9b2a6f37c67691eab4b0cec6c35e35c520e93285,"{""provekit"":""9b2a6f37c67691eab4b0cec6c35e35c520e93285"",""mobench"":""0.1.48"",""noir"":""1.0.0-beta.11""}","{""raw_evidence_sha256"":[{""report_sha256"":""2fac9f84021ad6846ac29b54588b6557d21c89040a3ce82fea6eb7184bd83690"",""session_sha256"":""0bf31c2e1f726894208bd223d38b8eb6ea9a76de2a81f4984c0172754a3c6a3b"",""build_sha256"":""a4cfd230d1d3741ac48781c9d5eba0b81a2efeaca16ece68b9c1788a129be672""}]}",ee67db274e3809e95af215a5c744b25be006b6d1/1933dc94f98688456525e69437a433797fb3c918,"Matched P1 profile: monolithic RSA-4096 passport integrity, registry authorization, DG1 validity, and minimum-age assertion. Native ProveKit exposes witness generation and proving as one integrated timed operation, so witness_time_ms is intentionally blank.",,,/Users/dcbuilder/Code/world/.worktrees/provekit-v1-cross-device-campaign/target/v1-benchmarks/input-to-proof/iphone/publication/cold/batch/remaining/ee67db274e3809e95af215a5c744b25be006b6d1/session-1933dc94f98688456525e69437a433797fb3c918/bench-report.json,cold_local,2242.035291
input-to-proof-v1-20260807,passport_p1__iphone_se_2022__provekit_v1__cold_local-2,2026-08-09T10:35:07.000Z,iphone_se_2022,iPhone SE 2022,15.4,arm64,ios_native,,passport_age_integrity,P1-matched-monolithic-RSA4096,092621d721cfef9ff39b0787f5ba2c1f07eb6d95,provekit_v1,noir,provekit-v1-whir-native,integrated-noir-beta11-witness,measured,2,ok,,,2898.778958,,2898.778958,526.703125,715938,2573939,2326900,2573939,,input-to-proof-v1,9b2a6f37c67691eab4b0cec6c35e35c520e93285,"{""provekit"":""9b2a6f37c67691eab4b0cec6c35e35c520e93285"",""mobench"":""0.1.48"",""noir"":""1.0.0-beta.11""}","{""raw_evidence_sha256"":[{""report_sha256"":""2fac9f84021ad6846ac29b54588b6557d21c89040a3ce82fea6eb7184bd83690"",""session_sha256"":""0bf31c2e1f726894208bd223d38b8eb6ea9a76de2a81f4984c0172754a3c6a3b"",""build_sha256"":""a4cfd230d1d3741ac48781c9d5eba0b81a2efeaca16ece68b9c1788a129be672""}]}",ee67db274e3809e95af215a5c744b25be006b6d1/1933dc94f98688456525e69437a433797fb3c918,"Matched P1 profile: monolithic RSA-4096 passport integrity, registry authorization, DG1 validity, and minimum-age assertion. Native ProveKit exposes witness generation and proving as one integrated timed operation, so witness_time_ms is intentionally blank.",,,/Users/dcbuilder/Code/world/.worktrees/provekit-v1-cross-device-campaign/target/v1-benchmarks/input-to-proof/iphone/publication/cold/batch/remaining/ee67db274e3809e95af215a5c744b25be006b6d1/session-1933dc94f98688456525e69437a433797fb3c918/bench-report.json,cold_local,2898.778958
input-to-proof-v1-20260807,passport_p1__iphone_se_2022__provekit_v1__cold_local-3,2026-08-09T10:35:07.000Z,iphone_se_2022,iPhone SE 2022,15.4,arm64,ios_native,,passport_age_integrity,P1-matched-monolithic-RSA4096,092621d721cfef9ff39b0787f5ba2c1f07eb6d95,provekit_v1,noir,provekit-v1-whir-native,integrated-noir-beta11-witness,measured,3,ok,,,2410.340917,,2410.340917,530.140625,714941,2565007,2317968,2565007,,input-to-proof-v1,9b2a6f37c67691eab4b0cec6c35e35c520e93285,"{""provekit"":""9b2a6f37c67691eab4b0cec6c35e35c520e93285"",""mobench"":""0.1.48"",""noir"":""1.0.0-beta.11""}","{""raw_evidence_sha256"":[{""report_sha256"":""2fac9f84021ad6846ac29b54588b6557d21c89040a3ce82fea6eb7184bd83690"",""session_sha256"":""0bf31c2e1f726894208bd223d38b8eb6ea9a76de2a81f4984c0172754a3c6a3b"",""build_sha256"":""a4cfd230d1d3741ac48781c9d5eba0b81a2efeaca16ece68b9c1788a129be672""}]}",ee67db274e3809e95af215a5c744b25be006b6d1/1933dc94f98688456525e69437a433797fb3c918,"Matched P1 profile: monolithic RSA-4096 passport integrity, registry authorization, DG1 validity, and minimum-age assertion. Native ProveKit exposes witness generation and proving as one integrated timed operation, so witness_time_ms is intentionally blank.",,,/Users/dcbuilder/Code/world/.worktrees/provekit-v1-cross-device-campaign/target/v1-benchmarks/input-to-proof/iphone/publication/cold/batch/remaining/ee67db274e3809e95af215a5c744b25be006b6d1/session-1933dc94f98688456525e69437a433797fb3c918/bench-report.json,cold_local,2410.340917
input-to-proof-v1-20260807,passport_p1__iphone_se_2022__provekit_v1__cold_local-4,2026-08-09T10:35:07.000Z,iphone_se_2022,iPhone SE 2022,15.4,arm64,ios_native,,passport_age_integrity,P1-matched-monolithic-RSA4096,092621d721cfef9ff39b0787f5ba2c1f07eb6d95,provekit_v1,noir,provekit-v1-whir-native,integrated-noir-beta11-witness,measured,4,ok,,,2929.068875,,2929.068875,530.640625,715885,2547371,2300332,2547371,,input-to-proof-v1,9b2a6f37c67691eab4b0cec6c35e35c520e93285,"{""provekit"":""9b2a6f37c67691eab4b0cec6c35e35c520e93285"",""mobench"":""0.1.48"",""noir"":""1.0.0-beta.11""}","{""raw_evidence_sha256"":[{""report_sha256"":""2fac9f84021ad6846ac29b54588b6557d21c89040a3ce82fea6eb7184bd83690"",""session_sha256"":""0bf31c2e1f726894208bd223d38b8eb6ea9a76de2a81f4984c0172754a3c6a3b"",""build_sha256"":""a4cfd230d1d3741ac48781c9d5eba0b81a2efeaca16ece68b9c1788a129be672""}]}",ee67db274e3809e95af215a5c744b25be006b6d1/1933dc94f98688456525e69437a433797fb3c918,"Matched P1 profile: monolithic RSA-4096 passport integrity, registry authorization, DG1 validity, and minimum-age assertion. Native ProveKit exposes witness generation and proving as one integrated timed operation, so witness_time_ms is intentionally blank.",,,/Users/dcbuilder/Code/world/.worktrees/provekit-v1-cross-device-campaign/target/v1-benchmarks/input-to-proof/iphone/publication/cold/batch/remaining/ee67db274e3809e95af215a5c744b25be006b6d1/session-1933dc94f98688456525e69437a433797fb3c918/bench-report.json,cold_local,2929.068875
input-to-proof-v1-20260807,passport_p1__iphone_se_2022__provekit_v1__cold_local-5,2026-08-09T10:35:07.000Z,iphone_se_2022,iPhone SE 2022,15.4,arm64,ios_native,,passport_age_integrity,P1-matched-monolithic-RSA4096,092621d721cfef9ff39b0787f5ba2c1f07eb6d95,provekit_v1,noir,provekit-v1-whir-native,integrated-noir-beta11-witness,measured,5,ok,,,2426.808625,,2426.808625,536.59375,715147,2519239,2272200,2519239,,input-to-proof-v1,9b2a6f37c67691eab4b0cec6c35e35c520e93285,"{""provekit"":""9b2a6f37c67691eab4b0cec6c35e35c520e93285"",""mobench"":""0.1.48"",""noir"":""1.0.0-beta.11""}","{""raw_evidence_sha256"":[{""report_sha256"":""2fac9f84021ad6846ac29b54588b6557d21c89040a3ce82fea6eb7184bd83690"",""session_sha256"":""0bf31c2e1f726894208bd223d38b8eb6ea9a76de2a81f4984c0172754a3c6a3b"",""build_sha256"":""a4cfd230d1d3741ac48781c9d5eba0b81a2efeaca16ece68b9c1788a129be672""}]}",ee67db274e3809e95af215a5c744b25be006b6d1/1933dc94f98688456525e69437a433797fb3c918,"Matched P1 profile: monolithic RSA-4096 passport integrity, registry authorization, DG1 validity, and minimum-age assertion. Native ProveKit exposes witness generation and proving as one integrated timed operation, so witness_time_ms is intentionally blank.",,,/Users/dcbuilder/Code/world/.worktrees/provekit-v1-cross-device-campaign/target/v1-benchmarks/input-to-proof/iphone/publication/cold/batch/remaining/ee67db274e3809e95af215a5c744b25be006b6d1/session-1933dc94f98688456525e69437a433797fb3c918/bench-report.json,cold_local,2426.808625
input-to-proof-v1-20260807,passport_p1__iphone_se_2022__provekit_v1__warm_reuse-0,2026-08-07T21:16:56.000Z,iphone_se_2022,iPhone SE 2022,15.4,arm64,ios_native,,passport_age_integrity,P1-matched-monolithic-RSA4096,092621d721cfef9ff39b0787f5ba2c1f07eb6d95,provekit_v1,noir,provekit-v1-whir-native,integrated-noir-beta11-witness,warmup,0,ok,,,2137.248125,,2137.248125,,717410,2539811,2292772,2539811,,input-to-proof-v1,9b2a6f37c67691eab4b0cec6c35e35c520e93285,"{""provekit"":""9b2a6f37c67691eab4b0cec6c35e35c520e93285"",""mobench"":""0.1.48"",""noir"":""1.0.0-beta.11""}","{""raw_evidence_sha256"":[{""report_sha256"":""143088b17165db8578e4983ab96aabca71ecac22098ea8438746f091ce8d114c"",""session_sha256"":""c0283d9d01d6ae93beebc5eb0b968612694c1a975395948189107efb39f5b8a4"",""build_sha256"":""e9d4dd36b5182dd375894b63b62e07f96fd5d63b851d9736af2e91e6782e1dc3""}]}",c7577b09dea478eb7abb1a8378feac929929af69/6786df4010f93ec42074908be3cd9c40bc9a8fe8,"Matched P1 profile: monolithic RSA-4096 passport integrity, registry authorization, DG1 validity, and minimum-age assertion. Native ProveKit exposes witness generation and proving as one integrated timed operation, so witness_time_ms is intentionally blank.",,,/Users/dcbuilder/Code/world/.worktrees/provekit-v1-cross-device-campaign/target/v1-benchmarks/input-to-proof/iphone/publication/warm/provekit/browserstack/c7577b09dea478eb7abb1a8378feac929929af69/session-6786df4010f93ec42074908be3cd9c40bc9a8fe8/bench-report.json,warm_reuse,2137.248125
input-to-proof-v1-20260807,passport_p1__iphone_se_2022__provekit_v1__warm_reuse-1,2026-08-07T21:16:56.000Z,iphone_se_2022,iPhone SE 2022,15.4,arm64,ios_native,,passport_age_integrity,P1-matched-monolithic-RSA4096,092621d721cfef9ff39b0787f5ba2c1f07eb6d95,provekit_v1,noir,provekit-v1-whir-native,integrated-noir-beta11-witness,measured,1,ok,,,2242.047,,2242.047,538.09375,714730,2539811,2292772,2539811,,input-to-proof-v1,9b2a6f37c67691eab4b0cec6c35e35c520e93285,"{""provekit"":""9b2a6f37c67691eab4b0cec6c35e35c520e93285"",""mobench"":""0.1.48"",""noir"":""1.0.0-beta.11""}","{""raw_evidence_sha256"":[{""report_sha256"":""143088b17165db8578e4983ab96aabca71ecac22098ea8438746f091ce8d114c"",""session_sha256"":""c0283d9d01d6ae93beebc5eb0b968612694c1a975395948189107efb39f5b8a4"",""build_sha256"":""e9d4dd36b5182dd375894b63b62e07f96fd5d63b851d9736af2e91e6782e1dc3""}]}",c7577b09dea478eb7abb1a8378feac929929af69/6786df4010f93ec42074908be3cd9c40bc9a8fe8,"Matched P1 profile: monolithic RSA-4096 passport integrity, registry authorization, DG1 validity, and minimum-age assertion. Native ProveKit exposes witness generation and proving as one integrated timed operation, so witness_time_ms is intentionally blank.",,,/Users/dcbuilder/Code/world/.worktrees/provekit-v1-cross-device-campaign/target/v1-benchmarks/input-to-proof/iphone/publication/warm/provekit/browserstack/c7577b09dea478eb7abb1a8378feac929929af69/session-6786df4010f93ec42074908be3cd9c40bc9a8fe8/bench-report.json,warm_reuse,2242.047
input-to-proof-v1-20260807,passport_p1__iphone_se_2022__provekit_v1__warm_reuse-2,2026-08-07T21:16:56.000Z,iphone_se_2022,iPhone SE 2022,15.4,arm64,ios_native,,passport_age_integrity,P1-matched-monolithic-RSA4096,092621d721cfef9ff39b0787f5ba2c1f07eb6d95,provekit_v1,noir,provekit-v1-whir-native,integrated-noir-beta11-witness,measured,2,ok,,,2244.620417,,2244.620417,556.046875,718955,2539811,2292772,2539811,,input-to-proof-v1,9b2a6f37c67691eab4b0cec6c35e35c520e93285,"{""provekit"":""9b2a6f37c67691eab4b0cec6c35e35c520e93285"",""mobench"":""0.1.48"",""noir"":""1.0.0-beta.11""}","{""raw_evidence_sha256"":[{""report_sha256"":""143088b17165db8578e4983ab96aabca71ecac22098ea8438746f091ce8d114c"",""session_sha256"":""c0283d9d01d6ae93beebc5eb0b968612694c1a975395948189107efb39f5b8a4"",""build_sha256"":""e9d4dd36b5182dd375894b63b62e07f96fd5d63b851d9736af2e91e6782e1dc3""}]}",c7577b09dea478eb7abb1a8378feac929929af69/6786df4010f93ec42074908be3cd9c40bc9a8fe8,"Matched P1 profile: monolithic RSA-4096 passport integrity, registry authorization, DG1 validity, and minimum-age assertion. Native ProveKit exposes witness generation and proving as one integrated timed operation, so witness_time_ms is intentionally blank.",,,/Users/dcbuilder/Code/world/.worktrees/provekit-v1-cross-device-campaign/target/v1-benchmarks/input-to-proof/iphone/publication/warm/provekit/browserstack/c7577b09dea478eb7abb1a8378feac929929af69/session-6786df4010f93ec42074908be3cd9c40bc9a8fe8/bench-report.json,warm_reuse,2244.620417
input-to-proof-v1-20260807,passport_p1__iphone_se_2022__provekit_v1__warm_reuse-3,2026-08-07T21:16:56.000Z,iphone_se_2022,iPhone SE 2022,15.4,arm64,ios_native,,passport_age_integrity,P1-matched-monolithic-RSA4096,092621d721cfef9ff39b0787f5ba2c1f07eb6d95,provekit_v1,noir,provekit-v1-whir-native,integrated-noir-beta11-witness,measured,3,ok,,,2315.447916,,2315.447916,568.015625,713994,2539811,2292772,2539811,,input-to-proof-v1,9b2a6f37c67691eab4b0cec6c35e35c520e93285,"{""provekit"":""9b2a6f37c67691eab4b0cec6c35e35c520e93285"",""mobench"":""0.1.48"",""noir"":""1.0.0-beta.11""}","{""raw_evidence_sha256"":[{""report_sha256"":""143088b17165db8578e4983ab96aabca71ecac22098ea8438746f091ce8d114c"",""session_sha256"":""c0283d9d01d6ae93beebc5eb0b968612694c1a975395948189107efb39f5b8a4"",""build_sha256"":""e9d4dd36b5182dd375894b63b62e07f96fd5d63b851d9736af2e91e6782e1dc3""}]}",c7577b09dea478eb7abb1a8378feac929929af69/6786df4010f93ec42074908be3cd9c40bc9a8fe8,"Matched P1 profile: monolithic RSA-4096 passport integrity, registry authorization, DG1 validity, and minimum-age assertion. Native ProveKit exposes witness generation and proving as one integrated timed operation, so witness_time_ms is intentionally blank.",,,/Users/dcbuilder/Code/world/.worktrees/provekit-v1-cross-device-campaign/target/v1-benchmarks/input-to-proof/iphone/publication/warm/provekit/browserstack/c7577b09dea478eb7abb1a8378feac929929af69/session-6786df4010f93ec42074908be3cd9c40bc9a8fe8/bench-report.json,warm_reuse,2315.447916
input-to-proof-v1-20260807,passport_p1__iphone_se_2022__provekit_v1__warm_reuse-4,2026-08-07T21:16:56.000Z,iphone_se_2022,iPhone SE 2022,15.4,arm64,ios_native,,passport_age_integrity,P1-matched-monolithic-RSA4096,092621d721cfef9ff39b0787f5ba2c1f07eb6d95,provekit_v1,noir,provekit-v1-whir-native,integrated-noir-beta11-witness,measured,4,ok,,,2304.393875,,2304.393875,573.609375,717286,2539811,2292772,2539811,,input-to-proof-v1,9b2a6f37c67691eab4b0cec6c35e35c520e93285,"{""provekit"":""9b2a6f37c67691eab4b0cec6c35e35c520e93285"",""mobench"":""0.1.48"",""noir"":""1.0.0-beta.11""}","{""raw_evidence_sha256"":[{""report_sha256"":""143088b17165db8578e4983ab96aabca71ecac22098ea8438746f091ce8d114c"",""session_sha256"":""c0283d9d01d6ae93beebc5eb0b968612694c1a975395948189107efb39f5b8a4"",""build_sha256"":""e9d4dd36b5182dd375894b63b62e07f96fd5d63b851d9736af2e91e6782e1dc3""}]}",c7577b09dea478eb7abb1a8378feac929929af69/6786df4010f93ec42074908be3cd9c40bc9a8fe8,"Matched P1 profile: monolithic RSA-4096 passport integrity, registry authorization, DG1 validity, and minimum-age assertion. Native ProveKit exposes witness generation and proving as one integrated timed operation, so witness_time_ms is intentionally blank.",,,/Users/dcbuilder/Code/world/.worktrees/provekit-v1-cross-device-campaign/target/v1-benchmarks/input-to-proof/iphone/publication/warm/provekit/browserstack/c7577b09dea478eb7abb1a8378feac929929af69/session-6786df4010f93ec42074908be3cd9c40bc9a8fe8/bench-report.json,warm_reuse,2304.393875
input-to-proof-v1-20260807,passport_p1__iphone_se_2022__provekit_v1__warm_reuse-5,2026-08-07T21:16:56.000Z,iphone_se_2022,iPhone SE 2022,15.4,arm64,ios_native,,passport_age_integrity,P1-matched-monolithic-RSA4096,092621d721cfef9ff39b0787f5ba2c1f07eb6d95,provekit_v1,noir,provekit-v1-whir-native,integrated-noir-beta11-witness,measured,5,ok,,,2322.712625,,2322.712625,575.828125,717635,2539811,2292772,2539811,,input-to-proof-v1,9b2a6f37c67691eab4b0cec6c35e35c520e93285,"{""provekit"":""9b2a6f37c67691eab4b0cec6c35e35c520e93285"",""mobench"":""0.1.48"",""noir"":""1.0.0-beta.11""}","{""raw_evidence_sha256"":[{""report_sha256"":""143088b17165db8578e4983ab96aabca71ecac22098ea8438746f091ce8d114c"",""session_sha256"":""c0283d9d01d6ae93beebc5eb0b968612694c1a975395948189107efb39f5b8a4"",""build_sha256"":""e9d4dd36b5182dd375894b63b62e07f96fd5d63b851d9736af2e91e6782e1dc3""}]}",c7577b09dea478eb7abb1a8378feac929929af69/6786df4010f93ec42074908be3cd9c40bc9a8fe8,"Matched P1 profile: monolithic RSA-4096 passport integrity, registry authorization, DG1 validity, and minimum-age assertion. Native ProveKit exposes witness generation and proving as one integrated timed operation, so witness_time_ms is intentionally blank.",,,/Users/dcbuilder/Code/world/.worktrees/provekit-v1-cross-device-campaign/target/v1-benchmarks/input-to-proof/iphone/publication/warm/provekit/browserstack/c7577b09dea478eb7abb1a8378feac929929af69/session-6786df4010f93ec42074908be3cd9c40bc9a8fe8/bench-report.json,warm_reuse,2322.712625
input-to-proof-v1-20260807,passport_p1__iphone_se_2022__noir_barretenberg__cold_local-0,2026-08-09T11:00:03.000Z,iphone_se_2022,iPhone SE 2022,15.4,arm64,ios_native,,passport_age_integrity,P1-matched-monolithic-RSA4096,092621d721cfef9ff39b0787f5ba2c1f07eb6d95,noir_barretenberg,noir,barretenberg-rs-4.2.0-aztecnr-rc.2,acvm-beta19,warmup,0,ok,,283.588792,4691.273167,,4974.862125,491.59375,16324,271712159,271696456,271712159,,input-to-proof-v1,092621d721cfef9ff39b0787f5ba2c1f07eb6d95,"{""mopro"":""0.3.7"",""barretenberg_rs"":""4.2.0-aztecnr-rc.2"",""noir"":""1.0.0-beta.19""}","{""raw_evidence_sha256"":[{""report_sha256"":""11f54d3ec3ab6c7f17e17ab0dea7fb12ba8ba3f28bb7c762e569519a8013e1ee"",""session_sha256"":""47e72f01bb0434cfa8297df1847b7ff971f129d34efabb960f6df2bf7060cd79"",""build_sha256"":""daf30450c3cc12ecb3870fcc87defad5175b061de4dbd6a15ee9c6833ba66115""}]}",7ac7924fdfaae9cac6242ca49a98dd640f6c7750/b7e1e0c86b3a1c2ae43f7f3f7751e87b102d2e79,"Matched P1 profile: monolithic RSA-4096 passport integrity, registry authorization, DG1 validity, and minimum-age assertion.",,,/Users/dcbuilder/Code/world/.worktrees/provekit-v1-cross-device-campaign/target/v1-benchmarks/input-to-proof/iphone/publication/cold/batch/remaining/7ac7924fdfaae9cac6242ca49a98dd640f6c7750/session-b7e1e0c86b3a1c2ae43f7f3f7751e87b102d2e79/bench-report.json,cold_local,4974.862125
input-to-proof-v1-20260807,passport_p1__iphone_se_2022__noir_barretenberg__cold_local-1,2026-08-09T11:00:03.000Z,iphone_se_2022,iPhone SE 2022,15.4,arm64,ios_native,,passport_age_integrity,P1-matched-monolithic-RSA4096,092621d721cfef9ff39b0787f5ba2c1f07eb6d95,noir_barretenberg,noir,barretenberg-rs-4.2.0-aztecnr-rc.2,acvm-beta19,measured,1,ok,,288.769333,4321.633625,,4610.403042,496.984375,16324,271712159,271696456,271712159,,input-to-proof-v1,092621d721cfef9ff39b0787f5ba2c1f07eb6d95,"{""mopro"":""0.3.7"",""barretenberg_rs"":""4.2.0-aztecnr-rc.2"",""noir"":""1.0.0-beta.19""}","{""raw_evidence_sha256"":[{""report_sha256"":""11f54d3ec3ab6c7f17e17ab0dea7fb12ba8ba3f28bb7c762e569519a8013e1ee"",""session_sha256"":""47e72f01bb0434cfa8297df1847b7ff971f129d34efabb960f6df2bf7060cd79"",""build_sha256"":""daf30450c3cc12ecb3870fcc87defad5175b061de4dbd6a15ee9c6833ba66115""}]}",7ac7924fdfaae9cac6242ca49a98dd640f6c7750/b7e1e0c86b3a1c2ae43f7f3f7751e87b102d2e79,"Matched P1 profile: monolithic RSA-4096 passport integrity, registry authorization, DG1 validity, and minimum-age assertion.",,,/Users/dcbuilder/Code/world/.worktrees/provekit-v1-cross-device-campaign/target/v1-benchmarks/input-to-proof/iphone/publication/cold/batch/remaining/7ac7924fdfaae9cac6242ca49a98dd640f6c7750/session-b7e1e0c86b3a1c2ae43f7f3f7751e87b102d2e79/bench-report.json,cold_local,4610.403042
input-to-proof-v1-20260807,passport_p1__iphone_se_2022__noir_barretenberg__cold_local-2,2026-08-09T11:00:03.000Z,iphone_se_2022,iPhone SE 2022,15.4,arm64,ios_native,,passport_age_integrity,P1-matched-monolithic-RSA4096,092621d721cfef9ff39b0787f5ba2c1f07eb6d95,noir_barretenberg,noir,barretenberg-rs-4.2.0-aztecnr-rc.2,acvm-beta19,measured,2,ok,,307.65025,4593.549125,,4901.1995,481.046875,16324,271712159,271696456,271712159,,input-to-proof-v1,092621d721cfef9ff39b0787f5ba2c1f07eb6d95,"{""mopro"":""0.3.7"",""barretenberg_rs"":""4.2.0-aztecnr-rc.2"",""noir"":""1.0.0-beta.19""}","{""raw_evidence_sha256"":[{""report_sha256"":""11f54d3ec3ab6c7f17e17ab0dea7fb12ba8ba3f28bb7c762e569519a8013e1ee"",""session_sha256"":""47e72f01bb0434cfa8297df1847b7ff971f129d34efabb960f6df2bf7060cd79"",""build_sha256"":""daf30450c3cc12ecb3870fcc87defad5175b061de4dbd6a15ee9c6833ba66115""}]}",7ac7924fdfaae9cac6242ca49a98dd640f6c7750/b7e1e0c86b3a1c2ae43f7f3f7751e87b102d2e79,"Matched P1 profile: monolithic RSA-4096 passport integrity, registry authorization, DG1 validity, and minimum-age assertion.",,,/Users/dcbuilder/Code/world/.worktrees/provekit-v1-cross-device-campaign/target/v1-benchmarks/input-to-proof/iphone/publication/cold/batch/remaining/7ac7924fdfaae9cac6242ca49a98dd640f6c7750/session-b7e1e0c86b3a1c2ae43f7f3f7751e87b102d2e79/bench-report.json,cold_local,4901.1995
input-to-proof-v1-20260807,passport_p1__iphone_se_2022__noir_barretenberg__cold_local-3,2026-08-09T11:00:03.000Z,iphone_se_2022,iPhone SE 2022,15.4,arm64,ios_native,,passport_age_integrity,P1-matched-monolithic-RSA4096,092621d721cfef9ff39b0787f5ba2c1f07eb6d95,noir_barretenberg,noir,barretenberg-rs-4.2.0-aztecnr-rc.2,acvm-beta19,measured,3,ok,,300.4865,4444.501334,,4744.987958,493.78125,16324,271712159,271696456,271712159,,input-to-proof-v1,092621d721cfef9ff39b0787f5ba2c1f07eb6d95,"{""mopro"":""0.3.7"",""barretenberg_rs"":""4.2.0-aztecnr-rc.2"",""noir"":""1.0.0-beta.19""}","{""raw_evidence_sha256"":[{""report_sha256"":""11f54d3ec3ab6c7f17e17ab0dea7fb12ba8ba3f28bb7c762e569519a8013e1ee"",""session_sha256"":""47e72f01bb0434cfa8297df1847b7ff971f129d34efabb960f6df2bf7060cd79"",""build_sha256"":""daf30450c3cc12ecb3870fcc87defad5175b061de4dbd6a15ee9c6833ba66115""}]}",7ac7924fdfaae9cac6242ca49a98dd640f6c7750/b7e1e0c86b3a1c2ae43f7f3f7751e87b102d2e79,"Matched P1 profile: monolithic RSA-4096 passport integrity, registry authorization, DG1 validity, and minimum-age assertion.",,,/Users/dcbuilder/Code/world/.worktrees/provekit-v1-cross-device-campaign/target/v1-benchmarks/input-to-proof/iphone/publication/cold/batch/remaining/7ac7924fdfaae9cac6242ca49a98dd640f6c7750/session-b7e1e0c86b3a1c2ae43f7f3f7751e87b102d2e79/bench-report.json,cold_local,4744.987958
input-to-proof-v1-20260807,passport_p1__iphone_se_2022__noir_barretenberg__cold_local-4,2026-08-09T11:00:03.000Z,iphone_se_2022,iPhone SE 2022,15.4,arm64,ios_native,,passport_age_integrity,P1-matched-monolithic-RSA4096,092621d721cfef9ff39b0787f5ba2c1f07eb6d95,noir_barretenberg,noir,barretenberg-rs-4.2.0-aztecnr-rc.2,acvm-beta19,measured,4,ok,,317.124917,4704.524709,,5021.64975,488.078125,16324,271712159,271696456,271712159,,input-to-proof-v1,092621d721cfef9ff39b0787f5ba2c1f07eb6d95,"{""mopro"":""0.3.7"",""barretenberg_rs"":""4.2.0-aztecnr-rc.2"",""noir"":""1.0.0-beta.19""}","{""raw_evidence_sha256"":[{""report_sha256"":""11f54d3ec3ab6c7f17e17ab0dea7fb12ba8ba3f28bb7c762e569519a8013e1ee"",""session_sha256"":""47e72f01bb0434cfa8297df1847b7ff971f129d34efabb960f6df2bf7060cd79"",""build_sha256"":""daf30450c3cc12ecb3870fcc87defad5175b061de4dbd6a15ee9c6833ba66115""}]}",7ac7924fdfaae9cac6242ca49a98dd640f6c7750/b7e1e0c86b3a1c2ae43f7f3f7751e87b102d2e79,"Matched P1 profile: monolithic RSA-4096 passport integrity, registry authorization, DG1 validity, and minimum-age assertion.",,,/Users/dcbuilder/Code/world/.worktrees/provekit-v1-cross-device-campaign/target/v1-benchmarks/input-to-proof/iphone/publication/cold/batch/remaining/7ac7924fdfaae9cac6242ca49a98dd640f6c7750/session-b7e1e0c86b3a1c2ae43f7f3f7751e87b102d2e79/bench-report.json,cold_local,5021.64975
input-to-proof-v1-20260807,passport_p1__iphone_se_2022__noir_barretenberg__cold_local-5,2026-08-09T11:00:03.000Z,iphone_se_2022,iPhone SE 2022,15.4,arm64,ios_native,,passport_age_integrity,P1-matched-monolithic-RSA4096,092621d721cfef9ff39b0787f5ba2c1f07eb6d95,noir_barretenberg,noir,barretenberg-rs-4.2.0-aztecnr-rc.2,acvm-beta19,measured,5,ok,,305.928125,4811.90775,,5117.835958,487.609375,16324,271712159,271696456,271712159,,input-to-proof-v1,092621d721cfef9ff39b0787f5ba2c1f07eb6d95,"{""mopro"":""0.3.7"",""barretenberg_rs"":""4.2.0-aztecnr-rc.2"",""noir"":""1.0.0-beta.19""}","{""raw_evidence_sha256"":[{""report_sha256"":""11f54d3ec3ab6c7f17e17ab0dea7fb12ba8ba3f28bb7c762e569519a8013e1ee"",""session_sha256"":""47e72f01bb0434cfa8297df1847b7ff971f129d34efabb960f6df2bf7060cd79"",""build_sha256"":""daf30450c3cc12ecb3870fcc87defad5175b061de4dbd6a15ee9c6833ba66115""}]}",7ac7924fdfaae9cac6242ca49a98dd640f6c7750/b7e1e0c86b3a1c2ae43f7f3f7751e87b102d2e79,"Matched P1 profile: monolithic RSA-4096 passport integrity, registry authorization, DG1 validity, and minimum-age assertion.",,,/Users/dcbuilder/Code/world/.worktrees/provekit-v1-cross-device-campaign/target/v1-benchmarks/input-to-proof/iphone/publication/cold/batch/remaining/7ac7924fdfaae9cac6242ca49a98dd640f6c7750/session-b7e1e0c86b3a1c2ae43f7f3f7751e87b102d2e79/bench-report.json,cold_local,5117.835958
input-to-proof-v1-20260807,passport_p1__iphone_se_2022__noir_barretenberg__warm_reuse-0,2026-08-07T21:28:47.000Z,iphone_se_2022,iPhone SE 2022,15.4,arm64,ios_native,,passport_age_integrity,P1-matched-monolithic-RSA4096,092621d721cfef9ff39b0787f5ba2c1f07eb6d95,noir_barretenberg,noir,barretenberg-rs-4.2.0-aztecnr-rc.2,acvm-beta19,warmup,0,ok,,278.133166,4241.928583,,4520.062375,,16324,271712159,271696456,271712159,,input-to-proof-v1,092621d721cfef9ff39b0787f5ba2c1f07eb6d95,"{""mopro"":""0.3.7"",""barretenberg_rs"":""4.2.0-aztecnr-rc.2"",""noir"":""1.0.0-beta.19""}","{""raw_evidence_sha256"":[{""report_sha256"":""633cb29f209a4e615a01ec15bcfd197ab8e8e894fc9c6180d2cc3ceb453f5745"",""session_sha256"":""a53e52d1f5ad540cd83d2b1f5dfc062bb689536658ec65331659b3343e62e3e3"",""build_sha256"":""ff444bdb5858250a18c8ca117fe4c92782aee817fe23e5582f9a1d4ccf2f1513""}]}",add170877eda73b95b8334e434ebcf68a831baf3/70bfc877199f31cd467422b4c17a75684ebbbe74,"Matched P1 profile: monolithic RSA-4096 passport integrity, registry authorization, DG1 validity, and minimum-age assertion.",,,/Users/dcbuilder/Code/world/.worktrees/provekit-v1-cross-device-campaign/target/v1-benchmarks/input-to-proof/iphone/publication/warm/noir/browserstack/add170877eda73b95b8334e434ebcf68a831baf3/session-70bfc877199f31cd467422b4c17a75684ebbbe74/bench-report.json,warm_reuse,4520.062375
input-to-proof-v1-20260807,passport_p1__iphone_se_2022__noir_barretenberg__warm_reuse-1,2026-08-07T21:28:47.000Z,iphone_se_2022,iPhone SE 2022,15.4,arm64,ios_native,,passport_age_integrity,P1-matched-monolithic-RSA4096,092621d721cfef9ff39b0787f5ba2c1f07eb6d95,noir_barretenberg,noir,barretenberg-rs-4.2.0-aztecnr-rc.2,acvm-beta19,measured,1,ok,,308.967083,4330.398917,,4639.366125,490.84375,16324,271712159,271696456,271712159,,input-to-proof-v1,092621d721cfef9ff39b0787f5ba2c1f07eb6d95,"{""mopro"":""0.3.7"",""barretenberg_rs"":""4.2.0-aztecnr-rc.2"",""noir"":""1.0.0-beta.19""}","{""raw_evidence_sha256"":[{""report_sha256"":""633cb29f209a4e615a01ec15bcfd197ab8e8e894fc9c6180d2cc3ceb453f5745"",""session_sha256"":""a53e52d1f5ad540cd83d2b1f5dfc062bb689536658ec65331659b3343e62e3e3"",""build_sha256"":""ff444bdb5858250a18c8ca117fe4c92782aee817fe23e5582f9a1d4ccf2f1513""}]}",add170877eda73b95b8334e434ebcf68a831baf3/70bfc877199f31cd467422b4c17a75684ebbbe74,"Matched P1 profile: monolithic RSA-4096 passport integrity, registry authorization, DG1 validity, and minimum-age assertion.",,,/Users/dcbuilder/Code/world/.worktrees/provekit-v1-cross-device-campaign/target/v1-benchmarks/input-to-proof/iphone/publication/warm/noir/browserstack/add170877eda73b95b8334e434ebcf68a831baf3/session-70bfc877199f31cd467422b4c17a75684ebbbe74/bench-report.json,warm_reuse,4639.366125
input-to-proof-v1-20260807,passport_p1__iphone_se_2022__noir_barretenberg__warm_reuse-2,2026-08-07T21:28:47.000Z,iphone_se_2022,iPhone SE 2022,15.4,arm64,ios_native,,passport_age_integrity,P1-matched-monolithic-RSA4096,092621d721cfef9ff39b0787f5ba2c1f07eb6d95,noir_barretenberg,noir,barretenberg-rs-4.2.0-aztecnr-rc.2,acvm-beta19,measured,2,ok,,315.864333,4321.75475,,4637.619209,491.15625,16324,271712159,271696456,271712159,,input-to-proof-v1,092621d721cfef9ff39b0787f5ba2c1f07eb6d95,"{""mopro"":""0.3.7"",""barretenberg_rs"":""4.2.0-aztecnr-rc.2"",""noir"":""1.0.0-beta.19""}","{""raw_evidence_sha256"":[{""report_sha256"":""633cb29f209a4e615a01ec15bcfd197ab8e8e894fc9c6180d2cc3ceb453f5745"",""session_sha256"":""a53e52d1f5ad540cd83d2b1f5dfc062bb689536658ec65331659b3343e62e3e3"",""build_sha256"":""ff444bdb5858250a18c8ca117fe4c92782aee817fe23e5582f9a1d4ccf2f1513""}]}",add170877eda73b95b8334e434ebcf68a831baf3/70bfc877199f31cd467422b4c17a75684ebbbe74,"Matched P1 profile: monolithic RSA-4096 passport integrity, registry authorization, DG1 validity, and minimum-age assertion.",,,/Users/dcbuilder/Code/world/.worktrees/provekit-v1-cross-device-campaign/target/v1-benchmarks/input-to-proof/iphone/publication/warm/noir/browserstack/add170877eda73b95b8334e434ebcf68a831baf3/session-70bfc877199f31cd467422b4c17a75684ebbbe74/bench-report.json,warm_reuse,4637.619209
input-to-proof-v1-20260807,passport_p1__iphone_se_2022__noir_barretenberg__warm_reuse-3,2026-08-07T21:28:47.000Z,iphone_se_2022,iPhone SE 2022,15.4,arm64,ios_native,,passport_age_integrity,P1-matched-monolithic-RSA4096,092621d721cfef9ff39b0787f5ba2c1f07eb6d95,noir_barretenberg,noir,barretenberg-rs-4.2.0-aztecnr-rc.2,acvm-beta19,measured,3,ok,,318.497667,4321.779917,,4640.277709,491.171875,16324,271712159,271696456,271712159,,input-to-proof-v1,092621d721cfef9ff39b0787f5ba2c1f07eb6d95,"{""mopro"":""0.3.7"",""barretenberg_rs"":""4.2.0-aztecnr-rc.2"",""noir"":""1.0.0-beta.19""}","{""raw_evidence_sha256"":[{""report_sha256"":""633cb29f209a4e615a01ec15bcfd197ab8e8e894fc9c6180d2cc3ceb453f5745"",""session_sha256"":""a53e52d1f5ad540cd83d2b1f5dfc062bb689536658ec65331659b3343e62e3e3"",""build_sha256"":""ff444bdb5858250a18c8ca117fe4c92782aee817fe23e5582f9a1d4ccf2f1513""}]}",add170877eda73b95b8334e434ebcf68a831baf3/70bfc877199f31cd467422b4c17a75684ebbbe74,"Matched P1 profile: monolithic RSA-4096 passport integrity, registry authorization, DG1 validity, and minimum-age assertion.",,,/Users/dcbuilder/Code/world/.worktrees/provekit-v1-cross-device-campaign/target/v1-benchmarks/input-to-proof/iphone/publication/warm/noir/browserstack/add170877eda73b95b8334e434ebcf68a831baf3/session-70bfc877199f31cd467422b4c17a75684ebbbe74/bench-report.json,warm_reuse,4640.277709
input-to-proof-v1-20260807,passport_p1__iphone_se_2022__noir_barretenberg__warm_reuse-4,2026-08-07T21:28:47.000Z,iphone_se_2022,iPhone SE 2022,15.4,arm64,ios_native,,passport_age_integrity,P1-matched-monolithic-RSA4096,092621d721cfef9ff39b0787f5ba2c1f07eb6d95,noir_barretenberg,noir,barretenberg-rs-4.2.0-aztecnr-rc.2,acvm-beta19,measured,4,ok,,333.711875,4346.148625,,4679.860584,491.234375,16324,271712159,271696456,271712159,,input-to-proof-v1,092621d721cfef9ff39b0787f5ba2c1f07eb6d95,"{""mopro"":""0.3.7"",""barretenberg_rs"":""4.2.0-aztecnr-rc.2"",""noir"":""1.0.0-beta.19""}","{""raw_evidence_sha256"":[{""report_sha256"":""633cb29f209a4e615a01ec15bcfd197ab8e8e894fc9c6180d2cc3ceb453f5745"",""session_sha256"":""a53e52d1f5ad540cd83d2b1f5dfc062bb689536658ec65331659b3343e62e3e3"",""build_sha256"":""ff444bdb5858250a18c8ca117fe4c92782aee817fe23e5582f9a1d4ccf2f1513""}]}",add170877eda73b95b8334e434ebcf68a831baf3/70bfc877199f31cd467422b4c17a75684ebbbe74,"Matched P1 profile: monolithic RSA-4096 passport integrity, registry authorization, DG1 validity, and minimum-age assertion.",,,/Users/dcbuilder/Code/world/.worktrees/provekit-v1-cross-device-campaign/target/v1-benchmarks/input-to-proof/iphone/publication/warm/noir/browserstack/add170877eda73b95b8334e434ebcf68a831baf3/session-70bfc877199f31cd467422b4c17a75684ebbbe74/bench-report.json,warm_reuse,4679.860584
input-to-proof-v1-20260807,passport_p1__iphone_se_2022__noir_barretenberg__warm_reuse-5,2026-08-07T21:28:47.000Z,iphone_se_2022,iPhone SE 2022,15.4,arm64,ios_native,,passport_age_integrity,P1-matched-monolithic-RSA4096,092621d721cfef9ff39b0787f5ba2c1f07eb6d95,noir_barretenberg,noir,barretenberg-rs-4.2.0-aztecnr-rc.2,acvm-beta19,measured,5,ok,,314.228041,4364.101459,,4678.3295,491.265625,16324,271712159,271696456,271712159,,input-to-proof-v1,092621d721cfef9ff39b0787f5ba2c1f07eb6d95,"{""mopro"":""0.3.7"",""barretenberg_rs"":""4.2.0-aztecnr-rc.2"",""noir"":""1.0.0-beta.19""}","{""raw_evidence_sha256"":[{""report_sha256"":""633cb29f209a4e615a01ec15bcfd197ab8e8e894fc9c6180d2cc3ceb453f5745"",""session_sha256"":""a53e52d1f5ad540cd83d2b1f5dfc062bb689536658ec65331659b3343e62e3e3"",""build_sha256"":""ff444bdb5858250a18c8ca117fe4c92782aee817fe23e5582f9a1d4ccf2f1513""}]}",add170877eda73b95b8334e434ebcf68a831baf3/70bfc877199f31cd467422b4c17a75684ebbbe74,"Matched P1 profile: monolithic RSA-4096 passport integrity, registry authorization, DG1 validity, and minimum-age assertion.",,,/Users/dcbuilder/Code/world/.worktrees/provekit-v1-cross-device-campaign/target/v1-benchmarks/input-to-proof/iphone/publication/warm/noir/browserstack/add170877eda73b95b8334e434ebcf68a831baf3/session-70bfc877199f31cd467422b4c17a75684ebbbe74/bench-report.json,warm_reuse,4678.3295
input-to-proof-v1-20260807,passport_p1__iphone_se_2022__circom_groth16__cold_local-0,2026-08-09T16:24:14.000Z,iphone_se_2022,iPhone SE 2022,15.4,arm64,ios_native,,passport_age_integrity,P1-matched-monolithic-RSA4096,092621d721cfef9ff39b0787f5ba2c1f07eb6d95,circom_groth16,circom,rust-rapidsnark-0.1.4,rust-witness-0.1.6,warmup,0,ok,,6008.152458,7739.520708,,13747.673208,293.5625,930,508332927,498212512,508332927,,input-to-proof-v1,092621d721cfef9ff39b0787f5ba2c1f07eb6d95,"{""rust_rapidsnark"":""0.1.4"",""rust_witness"":""0.1.6"",""circom"":""2.2.2""}","{""raw_evidence_sha256"":[{""report_sha256"":""740bd97276ad0f36434021b6d6261536faa01b14033462453f0663a7d7536abf"",""session_sha256"":""664ddb5306ad82059a49aeb002d7127c73f4d200f347f03a06f274fa20702fb8"",""build_sha256"":""baf5275da943b8f9a2b49a48a3fd72565d79e0edbabf7056a1c82be1a8411880""}]}",77d45d1a6593f396e64f2d3d11e8ab9572756b10/61b59a55f95ce051c3eb8d9b930f34ce526693ef,"Matched P1 profile: monolithic RSA-4096 passport integrity, registry authorization, DG1 validity, and minimum-age assertion.",,,/Users/dcbuilder/Code/world/.worktrees/provekit-v1-cross-device-campaign/target/v1-benchmarks/input-to-proof/iphone/publication/cold/batch/circom/77d45d1a6593f396e64f2d3d11e8ab9572756b10/session-61b59a55f95ce051c3eb8d9b930f34ce526693ef/bench-report.json,cold_local,13747.673208
input-to-proof-v1-20260807,passport_p1__iphone_se_2022__circom_groth16__cold_local-1,2026-08-09T16:24:14.000Z,iphone_se_2022,iPhone SE 2022,15.4,arm64,ios_native,,passport_age_integrity,P1-matched-monolithic-RSA4096,092621d721cfef9ff39b0787f5ba2c1f07eb6d95,circom_groth16,circom,rust-rapidsnark-0.1.4,rust-witness-0.1.6,measured,1,ok,,6010.293625,8005.910458,,14016.204209,290.375,929,508332927,498212512,508332927,,input-to-proof-v1,092621d721cfef9ff39b0787f5ba2c1f07eb6d95,"{""rust_rapidsnark"":""0.1.4"",""rust_witness"":""0.1.6"",""circom"":""2.2.2""}","{""raw_evidence_sha256"":[{""report_sha256"":""740bd97276ad0f36434021b6d6261536faa01b14033462453f0663a7d7536abf"",""session_sha256"":""664ddb5306ad82059a49aeb002d7127c73f4d200f347f03a06f274fa20702fb8"",""build_sha256"":""baf5275da943b8f9a2b49a48a3fd72565d79e0edbabf7056a1c82be1a8411880""}]}",77d45d1a6593f396e64f2d3d11e8ab9572756b10/61b59a55f95ce051c3eb8d9b930f34ce526693ef,"Matched P1 profile: monolithic RSA-4096 passport integrity, registry authorization, DG1 validity, and minimum-age assertion.",,,/Users/dcbuilder/Code/world/.worktrees/provekit-v1-cross-device-campaign/target/v1-benchmarks/input-to-proof/iphone/publication/cold/batch/circom/77d45d1a6593f396e64f2d3d11e8ab9572756b10/session-61b59a55f95ce051c3eb8d9b930f34ce526693ef/bench-report.json,cold_local,14016.204209
input-to-proof-v1-20260807,passport_p1__iphone_se_2022__circom_groth16__cold_local-2,2026-08-09T16:24:14.000Z,iphone_se_2022,iPhone SE 2022,15.4,arm64,ios_native,,passport_age_integrity,P1-matched-monolithic-RSA4096,092621d721cfef9ff39b0787f5ba2c1f07eb6d95,circom_groth16,circom,rust-rapidsnark-0.1.4,rust-witness-0.1.6,measured,2,ok,,6014.683375,8144.886375,,14159.569834,290.34375,931,508332927,498212512,508332927,,input-to-proof-v1,092621d721cfef9ff39b0787f5ba2c1f07eb6d95,"{""rust_rapidsnark"":""0.1.4"",""rust_witness"":""0.1.6"",""circom"":""2.2.2""}","{""raw_evidence_sha256"":[{""report_sha256"":""740bd97276ad0f36434021b6d6261536faa01b14033462453f0663a7d7536abf"",""session_sha256"":""664ddb5306ad82059a49aeb002d7127c73f4d200f347f03a06f274fa20702fb8"",""build_sha256"":""baf5275da943b8f9a2b49a48a3fd72565d79e0edbabf7056a1c82be1a8411880""}]}",77d45d1a6593f396e64f2d3d11e8ab9572756b10/61b59a55f95ce051c3eb8d9b930f34ce526693ef,"Matched P1 profile: monolithic RSA-4096 passport integrity, registry authorization, DG1 validity, and minimum-age assertion.",,,/Users/dcbuilder/Code/world/.worktrees/provekit-v1-cross-device-campaign/target/v1-benchmarks/input-to-proof/iphone/publication/cold/batch/circom/77d45d1a6593f396e64f2d3d11e8ab9572756b10/session-61b59a55f95ce051c3eb8d9b930f34ce526693ef/bench-report.json,cold_local,14159.569834
input-to-proof-v1-20260807,passport_p1__iphone_se_2022__circom_groth16__cold_local-3,2026-08-09T16:24:14.000Z,iphone_se_2022,iPhone SE 2022,15.4,arm64,ios_native,,passport_age_integrity,P1-matched-monolithic-RSA4096,092621d721cfef9ff39b0787f5ba2c1f07eb6d95,circom_groth16,circom,rust-rapidsnark-0.1.4,rust-witness-0.1.6,measured,3,ok,,6032.077167,8303.620458,,14335.697667,290.453125,928,508332927,498212512,508332927,,input-to-proof-v1,092621d721cfef9ff39b0787f5ba2c1f07eb6d95,"{""rust_rapidsnark"":""0.1.4"",""rust_witness"":""0.1.6"",""circom"":""2.2.2""}","{""raw_evidence_sha256"":[{""report_sha256"":""740bd97276ad0f36434021b6d6261536faa01b14033462453f0663a7d7536abf"",""session_sha256"":""664ddb5306ad82059a49aeb002d7127c73f4d200f347f03a06f274fa20702fb8"",""build_sha256"":""baf5275da943b8f9a2b49a48a3fd72565d79e0edbabf7056a1c82be1a8411880""}]}",77d45d1a6593f396e64f2d3d11e8ab9572756b10/61b59a55f95ce051c3eb8d9b930f34ce526693ef,"Matched P1 profile: monolithic RSA-4096 passport integrity, registry authorization, DG1 validity, and minimum-age assertion.",,,/Users/dcbuilder/Code/world/.worktrees/provekit-v1-cross-device-campaign/target/v1-benchmarks/input-to-proof/iphone/publication/cold/batch/circom/77d45d1a6593f396e64f2d3d11e8ab9572756b10/session-61b59a55f95ce051c3eb8d9b930f34ce526693ef/bench-report.json,cold_local,14335.697667
input-to-proof-v1-20260807,passport_p1__iphone_se_2022__circom_groth16__cold_local-4,2026-08-09T16:24:14.000Z,iphone_se_2022,iPhone SE 2022,15.4,arm64,ios_native,,passport_age_integrity,P1-matched-monolithic-RSA4096,092621d721cfef9ff39b0787f5ba2c1f07eb6d95,circom_groth16,circom,rust-rapidsnark-0.1.4,rust-witness-0.1.6,measured,4,ok,,6050.001375,8364.070791,,14414.072208,290.578125,928,508332927,498212512,508332927,,input-to-proof-v1,092621d721cfef9ff39b0787f5ba2c1f07eb6d95,"{""rust_rapidsnark"":""0.1.4"",""rust_witness"":""0.1.6"",""circom"":""2.2.2""}","{""raw_evidence_sha256"":[{""report_sha256"":""740bd97276ad0f36434021b6d6261536faa01b14033462453f0663a7d7536abf"",""session_sha256"":""664ddb5306ad82059a49aeb002d7127c73f4d200f347f03a06f274fa20702fb8"",""build_sha256"":""baf5275da943b8f9a2b49a48a3fd72565d79e0edbabf7056a1c82be1a8411880""}]}",77d45d1a6593f396e64f2d3d11e8ab9572756b10/61b59a55f95ce051c3eb8d9b930f34ce526693ef,"Matched P1 profile: monolithic RSA-4096 passport integrity, registry authorization, DG1 validity, and minimum-age assertion.",,,/Users/dcbuilder/Code/world/.worktrees/provekit-v1-cross-device-campaign/target/v1-benchmarks/input-to-proof/iphone/publication/cold/batch/circom/77d45d1a6593f396e64f2d3d11e8ab9572756b10/session-61b59a55f95ce051c3eb8d9b930f34ce526693ef/bench-report.json,cold_local,14414.072208
input-to-proof-v1-20260807,passport_p1__iphone_se_2022__circom_groth16__cold_local-5,2026-08-09T16:24:14.000Z,iphone_se_2022,iPhone SE 2022,15.4,arm64,ios_native,,passport_age_integrity,P1-matched-monolithic-RSA4096,092621d721cfef9ff39b0787f5ba2c1f07eb6d95,circom_groth16,circom,rust-rapidsnark-0.1.4,rust-witness-0.1.6,measured,5,ok,,6044.670125,8409.414125,,14454.084375,290.375,927,508332927,498212512,508332927,,input-to-proof-v1,092621d721cfef9ff39b0787f5ba2c1f07eb6d95,"{""rust_rapidsnark"":""0.1.4"",""rust_witness"":""0.1.6"",""circom"":""2.2.2""}","{""raw_evidence_sha256"":[{""report_sha256"":""740bd97276ad0f36434021b6d6261536faa01b14033462453f0663a7d7536abf"",""session_sha256"":""664ddb5306ad82059a49aeb002d7127c73f4d200f347f03a06f274fa20702fb8"",""build_sha256"":""baf5275da943b8f9a2b49a48a3fd72565d79e0edbabf7056a1c82be1a8411880""}]}",77d45d1a6593f396e64f2d3d11e8ab9572756b10/61b59a55f95ce051c3eb8d9b930f34ce526693ef,"Matched P1 profile: monolithic RSA-4096 passport integrity, registry authorization, DG1 validity, and minimum-age assertion.",,,/Users/dcbuilder/Code/world/.worktrees/provekit-v1-cross-device-campaign/target/v1-benchmarks/input-to-proof/iphone/publication/cold/batch/circom/77d45d1a6593f396e64f2d3d11e8ab9572756b10/session-61b59a55f95ce051c3eb8d9b930f34ce526693ef/bench-report.json,cold_local,14454.084375
input-to-proof-v1-20260807,passport_p1__iphone_se_2022__circom_groth16__warm_reuse-0,2026-08-08T11:42:39.000Z,iphone_se_2022,iPhone SE 2022,15.4,arm64,ios_native,,passport_age_integrity,P1-matched-monolithic-RSA4096,092621d721cfef9ff39b0787f5ba2c1f07eb6d95,circom_groth16,circom,rust-rapidsnark-0.1.4,rust-witness-0.1.6,warmup,0,ok,,5996.592333,7797.286875,,13793.879541,,932,508332927,498212512,508332927,,input-to-proof-v1,092621d721cfef9ff39b0787f5ba2c1f07eb6d95,"{""rust_rapidsnark"":""0.1.4"",""rust_witness"":""0.1.6"",""circom"":""2.2.2""}","{""raw_evidence_sha256"":[{""report_sha256"":""bea0927c8a1e2e55d12d2cfe6894cdb1d23a00e822e633cac744a7a08063db7f"",""session_sha256"":""a4cdea97c713e83dc843265ba2fdbed79aa79b54bd22a224f343eabf94462a01"",""build_sha256"":""0ded71df4edf01ae0137eb03393cbcaa2474a850127e716dc9d35ca1daf5326b""}]}",a94c7f6f3ec47793695d9b9ddee2b9510623a79c/4ae32f672043546cc90dacde0ace3d0a61dcfb9d,"Matched P1 profile: monolithic RSA-4096 passport integrity, registry authorization, DG1 validity, and minimum-age assertion.",,,/Users/dcbuilder/Code/world/.worktrees/provekit-v1-cross-device-campaign/target/v1-benchmarks/input-to-proof/iphone/publication/warm/circom-core/a94c7f6f3ec47793695d9b9ddee2b9510623a79c/session-4ae32f672043546cc90dacde0ace3d0a61dcfb9d/bench-report.json,warm_reuse,13793.879541
input-to-proof-v1-20260807,passport_p1__iphone_se_2022__circom_groth16__warm_reuse-1,2026-08-08T11:42:39.000Z,iphone_se_2022,iPhone SE 2022,15.4,arm64,ios_native,,passport_age_integrity,P1-matched-monolithic-RSA4096,092621d721cfef9ff39b0787f5ba2c1f07eb6d95,circom_groth16,circom,rust-rapidsnark-0.1.4,rust-witness-0.1.6,measured,1,ok,,6012.239375,8049.649292,,14061.888791,293.9375,925,508332927,498212512,508332927,,input-to-proof-v1,092621d721cfef9ff39b0787f5ba2c1f07eb6d95,"{""rust_rapidsnark"":""0.1.4"",""rust_witness"":""0.1.6"",""circom"":""2.2.2""}","{""raw_evidence_sha256"":[{""report_sha256"":""bea0927c8a1e2e55d12d2cfe6894cdb1d23a00e822e633cac744a7a08063db7f"",""session_sha256"":""a4cdea97c713e83dc843265ba2fdbed79aa79b54bd22a224f343eabf94462a01"",""build_sha256"":""0ded71df4edf01ae0137eb03393cbcaa2474a850127e716dc9d35ca1daf5326b""}]}",a94c7f6f3ec47793695d9b9ddee2b9510623a79c/4ae32f672043546cc90dacde0ace3d0a61dcfb9d,"Matched P1 profile: monolithic RSA-4096 passport integrity, registry authorization, DG1 validity, and minimum-age assertion.",,,/Users/dcbuilder/Code/world/.worktrees/provekit-v1-cross-device-campaign/target/v1-benchmarks/input-to-proof/iphone/publication/warm/circom-core/a94c7f6f3ec47793695d9b9ddee2b9510623a79c/session-4ae32f672043546cc90dacde0ace3d0a61dcfb9d/bench-report.json,warm_reuse,14061.888791
input-to-proof-v1-20260807,passport_p1__iphone_se_2022__circom_groth16__warm_reuse-2,2026-08-08T11:42:39.000Z,iphone_se_2022,iPhone SE 2022,15.4,arm64,ios_native,,passport_age_integrity,P1-matched-monolithic-RSA4096,092621d721cfef9ff39b0787f5ba2c1f07eb6d95,circom_groth16,circom,rust-rapidsnark-0.1.4,rust-witness-0.1.6,measured,2,ok,,6032.486083,8203.367833,,14235.854042,293.9375,926,508332927,498212512,508332927,,input-to-proof-v1,092621d721cfef9ff39b0787f5ba2c1f07eb6d95,"{""rust_rapidsnark"":""0.1.4"",""rust_witness"":""0.1.6"",""circom"":""2.2.2""}","{""raw_evidence_sha256"":[{""report_sha256"":""bea0927c8a1e2e55d12d2cfe6894cdb1d23a00e822e633cac744a7a08063db7f"",""session_sha256"":""a4cdea97c713e83dc843265ba2fdbed79aa79b54bd22a224f343eabf94462a01"",""build_sha256"":""0ded71df4edf01ae0137eb03393cbcaa2474a850127e716dc9d35ca1daf5326b""}]}",a94c7f6f3ec47793695d9b9ddee2b9510623a79c/4ae32f672043546cc90dacde0ace3d0a61dcfb9d,"Matched P1 profile: monolithic RSA-4096 passport integrity, registry authorization, DG1 validity, and minimum-age assertion.",,,/Users/dcbuilder/Code/world/.worktrees/provekit-v1-cross-device-campaign/target/v1-benchmarks/input-to-proof/iphone/publication/warm/circom-core/a94c7f6f3ec47793695d9b9ddee2b9510623a79c/session-4ae32f672043546cc90dacde0ace3d0a61dcfb9d/bench-report.json,warm_reuse,14235.854042
input-to-proof-v1-20260807,passport_p1__iphone_se_2022__circom_groth16__warm_reuse-3,2026-08-08T11:42:39.000Z,iphone_se_2022,iPhone SE 2022,15.4,arm64,ios_native,,passport_age_integrity,P1-matched-monolithic-RSA4096,092621d721cfef9ff39b0787f5ba2c1f07eb6d95,circom_groth16,circom,rust-rapidsnark-0.1.4,rust-witness-0.1.6,measured,3,ok,,6050.944667,8270.582666,,14321.527417,293.9375,930,508332927,498212512,508332927,,input-to-proof-v1,092621d721cfef9ff39b0787f5ba2c1f07eb6d95,"{""rust_rapidsnark"":""0.1.4"",""rust_witness"":""0.1.6"",""circom"":""2.2.2""}","{""raw_evidence_sha256"":[{""report_sha256"":""bea0927c8a1e2e55d12d2cfe6894cdb1d23a00e822e633cac744a7a08063db7f"",""session_sha256"":""a4cdea97c713e83dc843265ba2fdbed79aa79b54bd22a224f343eabf94462a01"",""build_sha256"":""0ded71df4edf01ae0137eb03393cbcaa2474a850127e716dc9d35ca1daf5326b""}]}",a94c7f6f3ec47793695d9b9ddee2b9510623a79c/4ae32f672043546cc90dacde0ace3d0a61dcfb9d,"Matched P1 profile: monolithic RSA-4096 passport integrity, registry authorization, DG1 validity, and minimum-age assertion.",,,/Users/dcbuilder/Code/world/.worktrees/provekit-v1-cross-device-campaign/target/v1-benchmarks/input-to-proof/iphone/publication/warm/circom-core/a94c7f6f3ec47793695d9b9ddee2b9510623a79c/session-4ae32f672043546cc90dacde0ace3d0a61dcfb9d/bench-report.json,warm_reuse,14321.527417
input-to-proof-v1-20260807,passport_p1__iphone_se_2022__circom_groth16__warm_reuse-4,2026-08-08T11:42:39.000Z,iphone_se_2022,iPhone SE 2022,15.4,arm64,ios_native,,passport_age_integrity,P1-matched-monolithic-RSA4096,092621d721cfef9ff39b0787f5ba2c1f07eb6d95,circom_groth16,circom,rust-rapidsnark-0.1.4,rust-witness-0.1.6,measured,4,ok,,6056.481625,8337.024417,,14393.506166,293.953125,927,508332927,498212512,508332927,,input-to-proof-v1,092621d721cfef9ff39b0787f5ba2c1f07eb6d95,"{""rust_rapidsnark"":""0.1.4"",""rust_witness"":""0.1.6"",""circom"":""2.2.2""}","{""raw_evidence_sha256"":[{""report_sha256"":""bea0927c8a1e2e55d12d2cfe6894cdb1d23a00e822e633cac744a7a08063db7f"",""session_sha256"":""a4cdea97c713e83dc843265ba2fdbed79aa79b54bd22a224f343eabf94462a01"",""build_sha256"":""0ded71df4edf01ae0137eb03393cbcaa2474a850127e716dc9d35ca1daf5326b""}]}",a94c7f6f3ec47793695d9b9ddee2b9510623a79c/4ae32f672043546cc90dacde0ace3d0a61dcfb9d,"Matched P1 profile: monolithic RSA-4096 passport integrity, registry authorization, DG1 validity, and minimum-age assertion.",,,/Users/dcbuilder/Code/world/.worktrees/provekit-v1-cross-device-campaign/target/v1-benchmarks/input-to-proof/iphone/publication/warm/circom-core/a94c7f6f3ec47793695d9b9ddee2b9510623a79c/session-4ae32f672043546cc90dacde0ace3d0a61dcfb9d/bench-report.json,warm_reuse,14393.506166
input-to-proof-v1-20260807,passport_p1__iphone_se_2022__circom_groth16__warm_reuse-5,2026-08-08T11:42:39.000Z,iphone_se_2022,iPhone SE 2022,15.4,arm64,ios_native,,passport_age_integrity,P1-matched-monolithic-RSA4096,092621d721cfef9ff39b0787f5ba2c1f07eb6d95,circom_groth16,circom,rust-rapidsnark-0.1.4,rust-witness-0.1.6,measured,5,ok,,6061.639,8389.270083,,14450.909209,293.953125,929,508332927,498212512,508332927,,input-to-proof-v1,092621d721cfef9ff39b0787f5ba2c1f07eb6d95,"{""rust_rapidsnark"":""0.1.4"",""rust_witness"":""0.1.6"",""circom"":""2.2.2""}","{""raw_evidence_sha256"":[{""report_sha256"":""bea0927c8a1e2e55d12d2cfe6894cdb1d23a00e822e633cac744a7a08063db7f"",""session_sha256"":""a4cdea97c713e83dc843265ba2fdbed79aa79b54bd22a224f343eabf94462a01"",""build_sha256"":""0ded71df4edf01ae0137eb03393cbcaa2474a850127e716dc9d35ca1daf5326b""}]}",a94c7f6f3ec47793695d9b9ddee2b9510623a79c/4ae32f672043546cc90dacde0ace3d0a61dcfb9d,"Matched P1 profile: monolithic RSA-4096 passport integrity, registry authorization, DG1 validity, and minimum-age assertion.",,,/Users/dcbuilder/Code/world/.worktrees/provekit-v1-cross-device-campaign/target/v1-benchmarks/input-to-proof/iphone/publication/warm/circom-core/a94c7f6f3ec47793695d9b9ddee2b9510623a79c/session-4ae32f672043546cc90dacde0ace3d0a61dcfb9d/bench-report.json,warm_reuse,14450.909209
input-to-proof-v1-20260807,oprf_o2__iphone_se_2022__provekit_v1__cold_local-0,2026-08-09T10:45:09.000Z,iphone_se_2022,iPhone SE 2022,15.4,arm64,ios_native,,oprf_nullifier,O2-world-id-nullifier,85aeeef539961cae5a63de794997b507a5975717,provekit_v1,noir,provekit-v1-whir-native,integrated-noir-beta11-witness,warmup,0,ok,,,1140.392959,,1140.392959,143.328125,632660,1648269,1642416,1648269,,input-to-proof-v1,9b2a6f37c67691eab4b0cec6c35e35c520e93285,"{""provekit"":""9b2a6f37c67691eab4b0cec6c35e35c520e93285"",""mobench"":""0.1.48"",""noir"":""1.0.0-beta.11""}","{""raw_evidence_sha256"":[{""report_sha256"":""e628a63f508565673cdce331185dea4abb70f66afb666debf939f42b9ee4cad7"",""session_sha256"":""95927199f0a90598080ba361f72cac69e2ac4254285a97ddbf0683e89bded230"",""build_sha256"":""b57b080a236425ad84fc1bf75b726b1651245b20971f52b5013a0710027b1ae4""}]}",6ec3478e3deafbfe2c9d1b7cf3ad263db8e4752b/7b5fd61c76a93135772d30e55ef971df9f78f166,"Matched O2 profile: World ID nullifier statement and frozen semantic inputs, including the same public nullifier. Native ProveKit exposes witness generation and proving as one integrated timed operation, so witness_time_ms is intentionally blank.",,,/Users/dcbuilder/Code/world/.worktrees/provekit-v1-cross-device-campaign/target/v1-benchmarks/input-to-proof/iphone/publication/cold/batch/remaining/6ec3478e3deafbfe2c9d1b7cf3ad263db8e4752b/session-7b5fd61c76a93135772d30e55ef971df9f78f166/bench-report.json,cold_local,1140.392959
input-to-proof-v1-20260807,oprf_o2__iphone_se_2022__provekit_v1__cold_local-1,2026-08-09T10:45:09.000Z,iphone_se_2022,iPhone SE 2022,15.4,arm64,ios_native,,oprf_nullifier,O2-world-id-nullifier,85aeeef539961cae5a63de794997b507a5975717,provekit_v1,noir,provekit-v1-whir-native,integrated-noir-beta11-witness,measured,1,ok,,,919.743542,,919.743542,142.671875,634964,1648269,1642416,1648269,,input-to-proof-v1,9b2a6f37c67691eab4b0cec6c35e35c520e93285,"{""provekit"":""9b2a6f37c67691eab4b0cec6c35e35c520e93285"",""mobench"":""0.1.48"",""noir"":""1.0.0-beta.11""}","{""raw_evidence_sha256"":[{""report_sha256"":""e628a63f508565673cdce331185dea4abb70f66afb666debf939f42b9ee4cad7"",""session_sha256"":""95927199f0a90598080ba361f72cac69e2ac4254285a97ddbf0683e89bded230"",""build_sha256"":""b57b080a236425ad84fc1bf75b726b1651245b20971f52b5013a0710027b1ae4""}]}",6ec3478e3deafbfe2c9d1b7cf3ad263db8e4752b/7b5fd61c76a93135772d30e55ef971df9f78f166,"Matched O2 profile: World ID nullifier statement and frozen semantic inputs, including the same public nullifier. Native ProveKit exposes witness generation and proving as one integrated timed operation, so witness_time_ms is intentionally blank.",,,/Users/dcbuilder/Code/world/.worktrees/provekit-v1-cross-device-campaign/target/v1-benchmarks/input-to-proof/iphone/publication/cold/batch/remaining/6ec3478e3deafbfe2c9d1b7cf3ad263db8e4752b/session-7b5fd61c76a93135772d30e55ef971df9f78f166/bench-report.json,cold_local,919.743542
input-to-proof-v1-20260807,oprf_o2__iphone_se_2022__provekit_v1__cold_local-2,2026-08-09T10:45:09.000Z,iphone_se_2022,iPhone SE 2022,15.4,arm64,ios_native,,oprf_nullifier,O2-world-id-nullifier,85aeeef539961cae5a63de794997b507a5975717,provekit_v1,noir,provekit-v1-whir-native,integrated-noir-beta11-witness,measured,2,ok,,,1254.2595,,1254.2595,141.125,635604,1648269,1642416,1648269,,input-to-proof-v1,9b2a6f37c67691eab4b0cec6c35e35c520e93285,"{""provekit"":""9b2a6f37c67691eab4b0cec6c35e35c520e93285"",""mobench"":""0.1.48"",""noir"":""1.0.0-beta.11""}","{""raw_evidence_sha256"":[{""report_sha256"":""e628a63f508565673cdce331185dea4abb70f66afb666debf939f42b9ee4cad7"",""session_sha256"":""95927199f0a90598080ba361f72cac69e2ac4254285a97ddbf0683e89bded230"",""build_sha256"":""b57b080a236425ad84fc1bf75b726b1651245b20971f52b5013a0710027b1ae4""}]}",6ec3478e3deafbfe2c9d1b7cf3ad263db8e4752b/7b5fd61c76a93135772d30e55ef971df9f78f166,"Matched O2 profile: World ID nullifier statement and frozen semantic inputs, including the same public nullifier. Native ProveKit exposes witness generation and proving as one integrated timed operation, so witness_time_ms is intentionally blank.",,,/Users/dcbuilder/Code/world/.worktrees/provekit-v1-cross-device-campaign/target/v1-benchmarks/input-to-proof/iphone/publication/cold/batch/remaining/6ec3478e3deafbfe2c9d1b7cf3ad263db8e4752b/session-7b5fd61c76a93135772d30e55ef971df9f78f166/bench-report.json,cold_local,1254.2595
input-to-proof-v1-20260807,oprf_o2__iphone_se_2022__provekit_v1__cold_local-3,2026-08-09T10:45:09.000Z,iphone_se_2022,iPhone SE 2022,15.4,arm64,ios_native,,oprf_nullifier,O2-world-id-nullifier,85aeeef539961cae5a63de794997b507a5975717,provekit_v1,noir,provekit-v1-whir-native,integrated-noir-beta11-witness,measured,3,ok,,,1199.335791,,1199.335791,141.90625,635764,1648269,1642416,1648269,,input-to-proof-v1,9b2a6f37c67691eab4b0cec6c35e35c520e93285,"{""provekit"":""9b2a6f37c67691eab4b0cec6c35e35c520e93285"",""mobench"":""0.1.48"",""noir"":""1.0.0-beta.11""}","{""raw_evidence_sha256"":[{""report_sha256"":""e628a63f508565673cdce331185dea4abb70f66afb666debf939f42b9ee4cad7"",""session_sha256"":""95927199f0a90598080ba361f72cac69e2ac4254285a97ddbf0683e89bded230"",""build_sha256"":""b57b080a236425ad84fc1bf75b726b1651245b20971f52b5013a0710027b1ae4""}]}",6ec3478e3deafbfe2c9d1b7cf3ad263db8e4752b/7b5fd61c76a93135772d30e55ef971df9f78f166,"Matched O2 profile: World ID nullifier statement and frozen semantic inputs, including the same public nullifier. Native ProveKit exposes witness generation and proving as one integrated timed operation, so witness_time_ms is intentionally blank.",,,/Users/dcbuilder/Code/world/.worktrees/provekit-v1-cross-device-campaign/target/v1-benchmarks/input-to-proof/iphone/publication/cold/batch/remaining/6ec3478e3deafbfe2c9d1b7cf3ad263db8e4752b/session-7b5fd61c76a93135772d30e55ef971df9f78f166/bench-report.json,cold_local,1199.335791
input-to-proof-v1-20260807,oprf_o2__iphone_se_2022__provekit_v1__cold_local-4,2026-08-09T10:45:09.000Z,iphone_se_2022,iPhone SE 2022,15.4,arm64,ios_native,,oprf_nullifier,O2-world-id-nullifier,85aeeef539961cae5a63de794997b507a5975717,provekit_v1,noir,provekit-v1-whir-native,integrated-noir-beta11-witness,measured,4,ok,,,1337.309875,,1337.309875,141.453125,629195,1648269,1642416,1648269,,input-to-proof-v1,9b2a6f37c67691eab4b0cec6c35e35c520e93285,"{""provekit"":""9b2a6f37c67691eab4b0cec6c35e35c520e93285"",""mobench"":""0.1.48"",""noir"":""1.0.0-beta.11""}","{""raw_evidence_sha256"":[{""report_sha256"":""e628a63f508565673cdce331185dea4abb70f66afb666debf939f42b9ee4cad7"",""session_sha256"":""95927199f0a90598080ba361f72cac69e2ac4254285a97ddbf0683e89bded230"",""build_sha256"":""b57b080a236425ad84fc1bf75b726b1651245b20971f52b5013a0710027b1ae4""}]}",6ec3478e3deafbfe2c9d1b7cf3ad263db8e4752b/7b5fd61c76a93135772d30e55ef971df9f78f166,"Matched O2 profile: World ID nullifier statement and frozen semantic inputs, including the same public nullifier. Native ProveKit exposes witness generation and proving as one integrated timed operation, so witness_time_ms is intentionally blank.",,,/Users/dcbuilder/Code/world/.worktrees/provekit-v1-cross-device-campaign/target/v1-benchmarks/input-to-proof/iphone/publication/cold/batch/remaining/6ec3478e3deafbfe2c9d1b7cf3ad263db8e4752b/session-7b5fd61c76a93135772d30e55ef971df9f78f166/bench-report.json,cold_local,1337.309875
input-to-proof-v1-20260807,oprf_o2__iphone_se_2022__provekit_v1__cold_local-5,2026-08-09T10:45:09.000Z,iphone_se_2022,iPhone SE 2022,15.4,arm64,ios_native,,oprf_nullifier,O2-world-id-nullifier,85aeeef539961cae5a63de794997b507a5975717,provekit_v1,noir,provekit-v1-whir-native,integrated-noir-beta11-witness,measured,5,ok,,,903.116333,,903.116333,144.53125,629740,1648269,1642416,1648269,,input-to-proof-v1,9b2a6f37c67691eab4b0cec6c35e35c520e93285,"{""provekit"":""9b2a6f37c67691eab4b0cec6c35e35c520e93285"",""mobench"":""0.1.48"",""noir"":""1.0.0-beta.11""}","{""raw_evidence_sha256"":[{""report_sha256"":""e628a63f508565673cdce331185dea4abb70f66afb666debf939f42b9ee4cad7"",""session_sha256"":""95927199f0a90598080ba361f72cac69e2ac4254285a97ddbf0683e89bded230"",""build_sha256"":""b57b080a236425ad84fc1bf75b726b1651245b20971f52b5013a0710027b1ae4""}]}",6ec3478e3deafbfe2c9d1b7cf3ad263db8e4752b/7b5fd61c76a93135772d30e55ef971df9f78f166,"Matched O2 profile: World ID nullifier statement and frozen semantic inputs, including the same public nullifier. Native ProveKit exposes witness generation and proving as one integrated timed operation, so witness_time_ms is intentionally blank.",,,/Users/dcbuilder/Code/world/.worktrees/provekit-v1-cross-device-campaign/target/v1-benchmarks/input-to-proof/iphone/publication/cold/batch/remaining/6ec3478e3deafbfe2c9d1b7cf3ad263db8e4752b/session-7b5fd61c76a93135772d30e55ef971df9f78f166/bench-report.json,cold_local,903.116333
input-to-proof-v1-20260807,oprf_o2__iphone_se_2022__provekit_v1__warm_reuse-0,2026-08-07T19:15:14.000Z,iphone_se_2022,iPhone SE 2022,15.4,arm64,ios_native,,oprf_nullifier,O2-world-id-nullifier,85aeeef539961cae5a63de794997b507a5975717,provekit_v1,noir,provekit-v1-whir-native,integrated-noir-beta11-witness,warmup,0,ok,,,909.477083,,909.477083,,632244,1648269,1642416,1648269,,input-to-proof-v1,9b2a6f37c67691eab4b0cec6c35e35c520e93285,"{""provekit"":""9b2a6f37c67691eab4b0cec6c35e35c520e93285"",""mobench"":""0.1.48"",""noir"":""1.0.0-beta.11""}","{""raw_evidence_sha256"":[{""report_sha256"":""8473606319e2fd8c91d47d8b575e0c99e54f2a2644b562d5bccf39c6d94ef1bf"",""session_sha256"":""4f9b76e7347f28fe880d35fb1be165cd7221b0bdc2252f5ec1ebd1b754bd2f34"",""build_sha256"":""a8353450fc064ddf20d14fd60f78ff7002b61ebd8ccbbb2ecbd8186321990b81""}]}",a547a225089d90695ee928448239a289a6f17486/4c17c3b0d49a7054b63af876b3e2b6874576694a,"Matched O2 profile: World ID nullifier statement and frozen semantic inputs, including the same public nullifier. Native ProveKit exposes witness generation and proving as one integrated timed operation, so witness_time_ms is intentionally blank.",,,/Users/dcbuilder/Code/world/.worktrees/provekit-v1-cross-device-campaign/target/v1-benchmarks/input-to-proof/iphone/publication/warm/provekit/browserstack/a547a225089d90695ee928448239a289a6f17486/session-4c17c3b0d49a7054b63af876b3e2b6874576694a/bench-report.json,warm_reuse,909.477083
input-to-proof-v1-20260807,oprf_o2__iphone_se_2022__provekit_v1__warm_reuse-1,2026-08-07T19:15:14.000Z,iphone_se_2022,iPhone SE 2022,15.4,arm64,ios_native,,oprf_nullifier,O2-world-id-nullifier,85aeeef539961cae5a63de794997b507a5975717,provekit_v1,noir,provekit-v1-whir-native,integrated-noir-beta11-witness,measured,1,ok,,,1237.383833,,1237.383833,144.125,634644,1648269,1642416,1648269,,input-to-proof-v1,9b2a6f37c67691eab4b0cec6c35e35c520e93285,"{""provekit"":""9b2a6f37c67691eab4b0cec6c35e35c520e93285"",""mobench"":""0.1.48"",""noir"":""1.0.0-beta.11""}","{""raw_evidence_sha256"":[{""report_sha256"":""8473606319e2fd8c91d47d8b575e0c99e54f2a2644b562d5bccf39c6d94ef1bf"",""session_sha256"":""4f9b76e7347f28fe880d35fb1be165cd7221b0bdc2252f5ec1ebd1b754bd2f34"",""build_sha256"":""a8353450fc064ddf20d14fd60f78ff7002b61ebd8ccbbb2ecbd8186321990b81""}]}",a547a225089d90695ee928448239a289a6f17486/4c17c3b0d49a7054b63af876b3e2b6874576694a,"Matched O2 profile: World ID nullifier statement and frozen semantic inputs, including the same public nullifier. Native ProveKit exposes witness generation and proving as one integrated timed operation, so witness_time_ms is intentionally blank.",,,/Users/dcbuilder/Code/world/.worktrees/provekit-v1-cross-device-campaign/target/v1-benchmarks/input-to-proof/iphone/publication/warm/provekit/browserstack/a547a225089d90695ee928448239a289a6f17486/session-4c17c3b0d49a7054b63af876b3e2b6874576694a/bench-report.json,warm_reuse,1237.383833
input-to-proof-v1-20260807,oprf_o2__iphone_se_2022__provekit_v1__warm_reuse-2,2026-08-07T19:15:14.000Z,iphone_se_2022,iPhone SE 2022,15.4,arm64,ios_native,,oprf_nullifier,O2-world-id-nullifier,85aeeef539961cae5a63de794997b507a5975717,provekit_v1,noir,provekit-v1-whir-native,integrated-noir-beta11-witness,measured,2,ok,,,1172.487958,,1172.487958,141.921875,630516,1648269,1642416,1648269,,input-to-proof-v1,9b2a6f37c67691eab4b0cec6c35e35c520e93285,"{""provekit"":""9b2a6f37c67691eab4b0cec6c35e35c520e93285"",""mobench"":""0.1.48"",""noir"":""1.0.0-beta.11""}","{""raw_evidence_sha256"":[{""report_sha256"":""8473606319e2fd8c91d47d8b575e0c99e54f2a2644b562d5bccf39c6d94ef1bf"",""session_sha256"":""4f9b76e7347f28fe880d35fb1be165cd7221b0bdc2252f5ec1ebd1b754bd2f34"",""build_sha256"":""a8353450fc064ddf20d14fd60f78ff7002b61ebd8ccbbb2ecbd8186321990b81""}]}",a547a225089d90695ee928448239a289a6f17486/4c17c3b0d49a7054b63af876b3e2b6874576694a,"Matched O2 profile: World ID nullifier statement and frozen semantic inputs, including the same public nullifier. Native ProveKit exposes witness generation and proving as one integrated timed operation, so witness_time_ms is intentionally blank.",,,/Users/dcbuilder/Code/world/.worktrees/provekit-v1-cross-device-campaign/target/v1-benchmarks/input-to-proof/iphone/publication/warm/provekit/browserstack/a547a225089d90695ee928448239a289a6f17486/session-4c17c3b0d49a7054b63af876b3e2b6874576694a/bench-report.json,warm_reuse,1172.487958
input-to-proof-v1-20260807,oprf_o2__iphone_se_2022__provekit_v1__warm_reuse-3,2026-08-07T19:15:14.000Z,iphone_se_2022,iPhone SE 2022,15.4,arm64,ios_native,,oprf_nullifier,O2-world-id-nullifier,85aeeef539961cae5a63de794997b507a5975717,provekit_v1,noir,provekit-v1-whir-native,integrated-noir-beta11-witness,measured,3,ok,,,1084.921333,,1084.921333,142.34375,636724,1648269,1642416,1648269,,input-to-proof-v1,9b2a6f37c67691eab4b0cec6c35e35c520e93285,"{""provekit"":""9b2a6f37c67691eab4b0cec6c35e35c520e93285"",""mobench"":""0.1.48"",""noir"":""1.0.0-beta.11""}","{""raw_evidence_sha256"":[{""report_sha256"":""8473606319e2fd8c91d47d8b575e0c99e54f2a2644b562d5bccf39c6d94ef1bf"",""session_sha256"":""4f9b76e7347f28fe880d35fb1be165cd7221b0bdc2252f5ec1ebd1b754bd2f34"",""build_sha256"":""a8353450fc064ddf20d14fd60f78ff7002b61ebd8ccbbb2ecbd8186321990b81""}]}",a547a225089d90695ee928448239a289a6f17486/4c17c3b0d49a7054b63af876b3e2b6874576694a,"Matched O2 profile: World ID nullifier statement and frozen semantic inputs, including the same public nullifier. Native ProveKit exposes witness generation and proving as one integrated timed operation, so witness_time_ms is intentionally blank.",,,/Users/dcbuilder/Code/world/.worktrees/provekit-v1-cross-device-campaign/target/v1-benchmarks/input-to-proof/iphone/publication/warm/provekit/browserstack/a547a225089d90695ee928448239a289a6f17486/session-4c17c3b0d49a7054b63af876b3e2b6874576694a/bench-report.json,warm_reuse,1084.921333
input-to-proof-v1-20260807,oprf_o2__iphone_se_2022__provekit_v1__warm_reuse-4,2026-08-07T19:15:14.000Z,iphone_se_2022,iPhone SE 2022,15.4,arm64,ios_native,,oprf_nullifier,O2-world-id-nullifier,85aeeef539961cae5a63de794997b507a5975717,provekit_v1,noir,provekit-v1-whir-native,integrated-noir-beta11-witness,measured,4,ok,,,1242.178792,,1242.178792,145.109375,634580,1648269,1642416,1648269,,input-to-proof-v1,9b2a6f37c67691eab4b0cec6c35e35c520e93285,"{""provekit"":""9b2a6f37c67691eab4b0cec6c35e35c520e93285"",""mobench"":""0.1.48"",""noir"":""1.0.0-beta.11""}","{""raw_evidence_sha256"":[{""report_sha256"":""8473606319e2fd8c91d47d8b575e0c99e54f2a2644b562d5bccf39c6d94ef1bf"",""session_sha256"":""4f9b76e7347f28fe880d35fb1be165cd7221b0bdc2252f5ec1ebd1b754bd2f34"",""build_sha256"":""a8353450fc064ddf20d14fd60f78ff7002b61ebd8ccbbb2ecbd8186321990b81""}]}",a547a225089d90695ee928448239a289a6f17486/4c17c3b0d49a7054b63af876b3e2b6874576694a,"Matched O2 profile: World ID nullifier statement and frozen semantic inputs, including the same public nullifier. Native ProveKit exposes witness generation and proving as one integrated timed operation, so witness_time_ms is intentionally blank.",,,/Users/dcbuilder/Code/world/.worktrees/provekit-v1-cross-device-campaign/target/v1-benchmarks/input-to-proof/iphone/publication/warm/provekit/browserstack/a547a225089d90695ee928448239a289a6f17486/session-4c17c3b0d49a7054b63af876b3e2b6874576694a/bench-report.json,warm_reuse,1242.178792
input-to-proof-v1-20260807,oprf_o2__iphone_se_2022__provekit_v1__warm_reuse-5,2026-08-07T19:15:14.000Z,iphone_se_2022,iPhone SE 2022,15.4,arm64,ios_native,,oprf_nullifier,O2-world-id-nullifier,85aeeef539961cae5a63de794997b507a5975717,provekit_v1,noir,provekit-v1-whir-native,integrated-noir-beta11-witness,measured,5,ok,,,1423.84775,,1423.84775,145.84375,633588,1648269,1642416,1648269,,input-to-proof-v1,9b2a6f37c67691eab4b0cec6c35e35c520e93285,"{""provekit"":""9b2a6f37c67691eab4b0cec6c35e35c520e93285"",""mobench"":""0.1.48"",""noir"":""1.0.0-beta.11""}","{""raw_evidence_sha256"":[{""report_sha256"":""8473606319e2fd8c91d47d8b575e0c99e54f2a2644b562d5bccf39c6d94ef1bf"",""session_sha256"":""4f9b76e7347f28fe880d35fb1be165cd7221b0bdc2252f5ec1ebd1b754bd2f34"",""build_sha256"":""a8353450fc064ddf20d14fd60f78ff7002b61ebd8ccbbb2ecbd8186321990b81""}]}",a547a225089d90695ee928448239a289a6f17486/4c17c3b0d49a7054b63af876b3e2b6874576694a,"Matched O2 profile: World ID nullifier statement and frozen semantic inputs, including the same public nullifier. Native ProveKit exposes witness generation and proving as one integrated timed operation, so witness_time_ms is intentionally blank.",,,/Users/dcbuilder/Code/world/.worktrees/provekit-v1-cross-device-campaign/target/v1-benchmarks/input-to-proof/iphone/publication/warm/provekit/browserstack/a547a225089d90695ee928448239a289a6f17486/session-4c17c3b0d49a7054b63af876b3e2b6874576694a/bench-report.json,warm_reuse,1423.84775
input-to-proof-v1-20260807,oprf_o2__iphone_se_2022__noir_barretenberg__cold_local-0,2026-08-09T11:05:00.000Z,iphone_se_2022,iPhone SE 2022,15.4,arm64,ios_native,,oprf_nullifier,O2-world-id-nullifier,85aeeef539961cae5a63de794997b507a5975717,noir_barretenberg,noir,barretenberg-rs-4.2.0-aztecnr-rc.2,acvm-beta19,warmup,0,ok,,323.8575,2519.133458,,2842.991,367.453125,16548,271056603,271051007,271056603,,input-to-proof-v1,85aeeef539961cae5a63de794997b507a5975717,"{""mopro"":""0.3.7"",""barretenberg_rs"":""4.2.0-aztecnr-rc.2"",""noir"":""1.0.0-beta.19""}","{""raw_evidence_sha256"":[{""report_sha256"":""2f019fe49eb4167d81ad37c9f9f7b0c50ae6b37d2cf168e7cfaaa74e35bf8732"",""session_sha256"":""46ee5483640870aa30eed2d173aa2bdc618e14c38e0ce0e63df8b9874d853658"",""build_sha256"":""b82bf847306d3972e0e33dbe7b83affaed5968cd02738702494e30f65115ec7a""}]}",d82d32c4209ae0fe1b5873911ce984481dd8d4b3/bab0e5c82f0c35d2b0829bd6c1fa15fe521485e1,"Matched O2 profile: World ID nullifier statement and frozen semantic inputs, including the same public nullifier.",,,/Users/dcbuilder/Code/world/.worktrees/provekit-v1-cross-device-campaign/target/v1-benchmarks/input-to-proof/iphone/publication/cold/batch/remaining/d82d32c4209ae0fe1b5873911ce984481dd8d4b3/session-bab0e5c82f0c35d2b0829bd6c1fa15fe521485e1/bench-report.json,cold_local,2842.991
input-to-proof-v1-20260807,oprf_o2__iphone_se_2022__noir_barretenberg__cold_local-1,2026-08-09T11:05:00.000Z,iphone_se_2022,iPhone SE 2022,15.4,arm64,ios_native,,oprf_nullifier,O2-world-id-nullifier,85aeeef539961cae5a63de794997b507a5975717,noir_barretenberg,noir,barretenberg-rs-4.2.0-aztecnr-rc.2,acvm-beta19,measured,1,ok,,320.633958,2596.478208,,2917.112292,366.46875,16548,271056603,271051007,271056603,,input-to-proof-v1,85aeeef539961cae5a63de794997b507a5975717,"{""mopro"":""0.3.7"",""barretenberg_rs"":""4.2.0-aztecnr-rc.2"",""noir"":""1.0.0-beta.19""}","{""raw_evidence_sha256"":[{""report_sha256"":""2f019fe49eb4167d81ad37c9f9f7b0c50ae6b37d2cf168e7cfaaa74e35bf8732"",""session_sha256"":""46ee5483640870aa30eed2d173aa2bdc618e14c38e0ce0e63df8b9874d853658"",""build_sha256"":""b82bf847306d3972e0e33dbe7b83affaed5968cd02738702494e30f65115ec7a""}]}",d82d32c4209ae0fe1b5873911ce984481dd8d4b3/bab0e5c82f0c35d2b0829bd6c1fa15fe521485e1,"Matched O2 profile: World ID nullifier statement and frozen semantic inputs, including the same public nullifier.",,,/Users/dcbuilder/Code/world/.worktrees/provekit-v1-cross-device-campaign/target/v1-benchmarks/input-to-proof/iphone/publication/cold/batch/remaining/d82d32c4209ae0fe1b5873911ce984481dd8d4b3/session-bab0e5c82f0c35d2b0829bd6c1fa15fe521485e1/bench-report.json,cold_local,2917.112292
input-to-proof-v1-20260807,oprf_o2__iphone_se_2022__noir_barretenberg__cold_local-2,2026-08-09T11:05:00.000Z,iphone_se_2022,iPhone SE 2022,15.4,arm64,ios_native,,oprf_nullifier,O2-world-id-nullifier,85aeeef539961cae5a63de794997b507a5975717,noir_barretenberg,noir,barretenberg-rs-4.2.0-aztecnr-rc.2,acvm-beta19,measured,2,ok,,327.897709,2559.122667,,2887.0205,375.875,16548,271056603,271051007,271056603,,input-to-proof-v1,85aeeef539961cae5a63de794997b507a5975717,"{""mopro"":""0.3.7"",""barretenberg_rs"":""4.2.0-aztecnr-rc.2"",""noir"":""1.0.0-beta.19""}","{""raw_evidence_sha256"":[{""report_sha256"":""2f019fe49eb4167d81ad37c9f9f7b0c50ae6b37d2cf168e7cfaaa74e35bf8732"",""session_sha256"":""46ee5483640870aa30eed2d173aa2bdc618e14c38e0ce0e63df8b9874d853658"",""build_sha256"":""b82bf847306d3972e0e33dbe7b83affaed5968cd02738702494e30f65115ec7a""}]}",d82d32c4209ae0fe1b5873911ce984481dd8d4b3/bab0e5c82f0c35d2b0829bd6c1fa15fe521485e1,"Matched O2 profile: World ID nullifier statement and frozen semantic inputs, including the same public nullifier.",,,/Users/dcbuilder/Code/world/.worktrees/provekit-v1-cross-device-campaign/target/v1-benchmarks/input-to-proof/iphone/publication/cold/batch/remaining/d82d32c4209ae0fe1b5873911ce984481dd8d4b3/session-bab0e5c82f0c35d2b0829bd6c1fa15fe521485e1/bench-report.json,cold_local,2887.0205
input-to-proof-v1-20260807,oprf_o2__iphone_se_2022__noir_barretenberg__cold_local-3,2026-08-09T11:05:00.000Z,iphone_se_2022,iPhone SE 2022,15.4,arm64,ios_native,,oprf_nullifier,O2-world-id-nullifier,85aeeef539961cae5a63de794997b507a5975717,noir_barretenberg,noir,barretenberg-rs-4.2.0-aztecnr-rc.2,acvm-beta19,measured,3,ok,,316.197375,2559.387917,,2875.585416,371.515625,16548,271056603,271051007,271056603,,input-to-proof-v1,85aeeef539961cae5a63de794997b507a5975717,"{""mopro"":""0.3.7"",""barretenberg_rs"":""4.2.0-aztecnr-rc.2"",""noir"":""1.0.0-beta.19""}","{""raw_evidence_sha256"":[{""report_sha256"":""2f019fe49eb4167d81ad37c9f9f7b0c50ae6b37d2cf168e7cfaaa74e35bf8732"",""session_sha256"":""46ee5483640870aa30eed2d173aa2bdc618e14c38e0ce0e63df8b9874d853658"",""build_sha256"":""b82bf847306d3972e0e33dbe7b83affaed5968cd02738702494e30f65115ec7a""}]}",d82d32c4209ae0fe1b5873911ce984481dd8d4b3/bab0e5c82f0c35d2b0829bd6c1fa15fe521485e1,"Matched O2 profile: World ID nullifier statement and frozen semantic inputs, including the same public nullifier.",,,/Users/dcbuilder/Code/world/.worktrees/provekit-v1-cross-device-campaign/target/v1-benchmarks/input-to-proof/iphone/publication/cold/batch/remaining/d82d32c4209ae0fe1b5873911ce984481dd8d4b3/session-bab0e5c82f0c35d2b0829bd6c1fa15fe521485e1/bench-report.json,cold_local,2875.585416
input-to-proof-v1-20260807,oprf_o2__iphone_se_2022__noir_barretenberg__cold_local-4,2026-08-09T11:05:00.000Z,iphone_se_2022,iPhone SE 2022,15.4,arm64,ios_native,,oprf_nullifier,O2-world-id-nullifier,85aeeef539961cae5a63de794997b507a5975717,noir_barretenberg,noir,barretenberg-rs-4.2.0-aztecnr-rc.2,acvm-beta19,measured,4,ok,,329.706041,2680.23325,,3009.939333,373.484375,16548,271056603,271051007,271056603,,input-to-proof-v1,85aeeef539961cae5a63de794997b507a5975717,"{""mopro"":""0.3.7"",""barretenberg_rs"":""4.2.0-aztecnr-rc.2"",""noir"":""1.0.0-beta.19""}","{""raw_evidence_sha256"":[{""report_sha256"":""2f019fe49eb4167d81ad37c9f9f7b0c50ae6b37d2cf168e7cfaaa74e35bf8732"",""session_sha256"":""46ee5483640870aa30eed2d173aa2bdc618e14c38e0ce0e63df8b9874d853658"",""build_sha256"":""b82bf847306d3972e0e33dbe7b83affaed5968cd02738702494e30f65115ec7a""}]}",d82d32c4209ae0fe1b5873911ce984481dd8d4b3/bab0e5c82f0c35d2b0829bd6c1fa15fe521485e1,"Matched O2 profile: World ID nullifier statement and frozen semantic inputs, including the same public nullifier.",,,/Users/dcbuilder/Code/world/.worktrees/provekit-v1-cross-device-campaign/target/v1-benchmarks/input-to-proof/iphone/publication/cold/batch/remaining/d82d32c4209ae0fe1b5873911ce984481dd8d4b3/session-bab0e5c82f0c35d2b0829bd6c1fa15fe521485e1/bench-report.json,cold_local,3009.939333
input-to-proof-v1-20260807,oprf_o2__iphone_se_2022__noir_barretenberg__cold_local-5,2026-08-09T11:05:00.000Z,iphone_se_2022,iPhone SE 2022,15.4,arm64,ios_native,,oprf_nullifier,O2-world-id-nullifier,85aeeef539961cae5a63de794997b507a5975717,noir_barretenberg,noir,barretenberg-rs-4.2.0-aztecnr-rc.2,acvm-beta19,measured,5,ok,,338.01325,2719.800375,,3057.813708,378.375,16548,271056603,271051007,271056603,,input-to-proof-v1,85aeeef539961cae5a63de794997b507a5975717,"{""mopro"":""0.3.7"",""barretenberg_rs"":""4.2.0-aztecnr-rc.2"",""noir"":""1.0.0-beta.19""}","{""raw_evidence_sha256"":[{""report_sha256"":""2f019fe49eb4167d81ad37c9f9f7b0c50ae6b37d2cf168e7cfaaa74e35bf8732"",""session_sha256"":""46ee5483640870aa30eed2d173aa2bdc618e14c38e0ce0e63df8b9874d853658"",""build_sha256"":""b82bf847306d3972e0e33dbe7b83affaed5968cd02738702494e30f65115ec7a""}]}",d82d32c4209ae0fe1b5873911ce984481dd8d4b3/bab0e5c82f0c35d2b0829bd6c1fa15fe521485e1,"Matched O2 profile: World ID nullifier statement and frozen semantic inputs, including the same public nullifier.",,,/Users/dcbuilder/Code/world/.worktrees/provekit-v1-cross-device-campaign/target/v1-benchmarks/input-to-proof/iphone/publication/cold/batch/remaining/d82d32c4209ae0fe1b5873911ce984481dd8d4b3/session-bab0e5c82f0c35d2b0829bd6c1fa15fe521485e1/bench-report.json,cold_local,3057.813708
input-to-proof-v1-20260807,oprf_o2__iphone_se_2022__noir_barretenberg__warm_reuse-0,2026-08-07T21:43:49.000Z,iphone_se_2022,iPhone SE 2022,15.4,arm64,ios_native,,oprf_nullifier,O2-world-id-nullifier,85aeeef539961cae5a63de794997b507a5975717,noir_barretenberg,noir,barretenberg-rs-4.2.0-aztecnr-rc.2,acvm-beta19,warmup,0,ok,,303.190333,2643.975458,,2947.166042,,16548,271056603,271051007,271056603,,input-to-proof-v1,85aeeef539961cae5a63de794997b507a5975717,"{""mopro"":""0.3.7"",""barretenberg_rs"":""4.2.0-aztecnr-rc.2"",""noir"":""1.0.0-beta.19""}","{""raw_evidence_sha256"":[{""report_sha256"":""fe4c8f2c3f65934e782ca87dd5bed82066f0fe316cdabbcd5265918e8f694428"",""session_sha256"":""f8a7333af2dffd4e17c43cf5d0897e8066dfd3419b7d546ad709b816a75fc187"",""build_sha256"":""95ce3f1bd3cb27b129ce2ae533d6fcd26b2b21434d200292e6ababa6bc299f9b""}]}",ece465c45ad91aa2d9a6f85d9a7260bdfb26de2e/58176d171c5fc0b0ddf5acb3855303477207887a,"Matched O2 profile: World ID nullifier statement and frozen semantic inputs, including the same public nullifier.",,,/Users/dcbuilder/Code/world/.worktrees/provekit-v1-cross-device-campaign/target/v1-benchmarks/input-to-proof/iphone/publication/warm/noir/browserstack/ece465c45ad91aa2d9a6f85d9a7260bdfb26de2e/session-58176d171c5fc0b0ddf5acb3855303477207887a/bench-report.json,warm_reuse,2947.166042
input-to-proof-v1-20260807,oprf_o2__iphone_se_2022__noir_barretenberg__warm_reuse-1,2026-08-07T21:43:49.000Z,iphone_se_2022,iPhone SE 2022,15.4,arm64,ios_native,,oprf_nullifier,O2-world-id-nullifier,85aeeef539961cae5a63de794997b507a5975717,noir_barretenberg,noir,barretenberg-rs-4.2.0-aztecnr-rc.2,acvm-beta19,measured,1,ok,,307.867584,2645.076833,,2952.944459,384.0625,16548,271056603,271051007,271056603,,input-to-proof-v1,85aeeef539961cae5a63de794997b507a5975717,"{""mopro"":""0.3.7"",""barretenberg_rs"":""4.2.0-aztecnr-rc.2"",""noir"":""1.0.0-beta.19""}","{""raw_evidence_sha256"":[{""report_sha256"":""fe4c8f2c3f65934e782ca87dd5bed82066f0fe316cdabbcd5265918e8f694428"",""session_sha256"":""f8a7333af2dffd4e17c43cf5d0897e8066dfd3419b7d546ad709b816a75fc187"",""build_sha256"":""95ce3f1bd3cb27b129ce2ae533d6fcd26b2b21434d200292e6ababa6bc299f9b""}]}",ece465c45ad91aa2d9a6f85d9a7260bdfb26de2e/58176d171c5fc0b0ddf5acb3855303477207887a,"Matched O2 profile: World ID nullifier statement and frozen semantic inputs, including the same public nullifier.",,,/Users/dcbuilder/Code/world/.worktrees/provekit-v1-cross-device-campaign/target/v1-benchmarks/input-to-proof/iphone/publication/warm/noir/browserstack/ece465c45ad91aa2d9a6f85d9a7260bdfb26de2e/session-58176d171c5fc0b0ddf5acb3855303477207887a/bench-report.json,warm_reuse,2952.944459
input-to-proof-v1-20260807,oprf_o2__iphone_se_2022__noir_barretenberg__warm_reuse-2,2026-08-07T21:43:49.000Z,iphone_se_2022,iPhone SE 2022,15.4,arm64,ios_native,,oprf_nullifier,O2-world-id-nullifier,85aeeef539961cae5a63de794997b507a5975717,noir_barretenberg,noir,barretenberg-rs-4.2.0-aztecnr-rc.2,acvm-beta19,measured,2,ok,,304.529667,2464.748583,,2769.278333,384.171875,16548,271056603,271051007,271056603,,input-to-proof-v1,85aeeef539961cae5a63de794997b507a5975717,"{""mopro"":""0.3.7"",""barretenberg_rs"":""4.2.0-aztecnr-rc.2"",""noir"":""1.0.0-beta.19""}","{""raw_evidence_sha256"":[{""report_sha256"":""fe4c8f2c3f65934e782ca87dd5bed82066f0fe316cdabbcd5265918e8f694428"",""session_sha256"":""f8a7333af2dffd4e17c43cf5d0897e8066dfd3419b7d546ad709b816a75fc187"",""build_sha256"":""95ce3f1bd3cb27b129ce2ae533d6fcd26b2b21434d200292e6ababa6bc299f9b""}]}",ece465c45ad91aa2d9a6f85d9a7260bdfb26de2e/58176d171c5fc0b0ddf5acb3855303477207887a,"Matched O2 profile: World ID nullifier statement and frozen semantic inputs, including the same public nullifier.",,,/Users/dcbuilder/Code/world/.worktrees/provekit-v1-cross-device-campaign/target/v1-benchmarks/input-to-proof/iphone/publication/warm/noir/browserstack/ece465c45ad91aa2d9a6f85d9a7260bdfb26de2e/session-58176d171c5fc0b0ddf5acb3855303477207887a/bench-report.json,warm_reuse,2769.278333
input-to-proof-v1-20260807,oprf_o2__iphone_se_2022__noir_barretenberg__warm_reuse-3,2026-08-07T21:43:49.000Z,iphone_se_2022,iPhone SE 2022,15.4,arm64,ios_native,,oprf_nullifier,O2-world-id-nullifier,85aeeef539961cae5a63de794997b507a5975717,noir_barretenberg,noir,barretenberg-rs-4.2.0-aztecnr-rc.2,acvm-beta19,measured,3,ok,,317.14025,2606.420959,,2923.561291,384.953125,16548,271056603,271051007,271056603,,input-to-proof-v1,85aeeef539961cae5a63de794997b507a5975717,"{""mopro"":""0.3.7"",""barretenberg_rs"":""4.2.0-aztecnr-rc.2"",""noir"":""1.0.0-beta.19""}","{""raw_evidence_sha256"":[{""report_sha256"":""fe4c8f2c3f65934e782ca87dd5bed82066f0fe316cdabbcd5265918e8f694428"",""session_sha256"":""f8a7333af2dffd4e17c43cf5d0897e8066dfd3419b7d546ad709b816a75fc187"",""build_sha256"":""95ce3f1bd3cb27b129ce2ae533d6fcd26b2b21434d200292e6ababa6bc299f9b""}]}",ece465c45ad91aa2d9a6f85d9a7260bdfb26de2e/58176d171c5fc0b0ddf5acb3855303477207887a,"Matched O2 profile: World ID nullifier statement and frozen semantic inputs, including the same public nullifier.",,,/Users/dcbuilder/Code/world/.worktrees/provekit-v1-cross-device-campaign/target/v1-benchmarks/input-to-proof/iphone/publication/warm/noir/browserstack/ece465c45ad91aa2d9a6f85d9a7260bdfb26de2e/session-58176d171c5fc0b0ddf5acb3855303477207887a/bench-report.json,warm_reuse,2923.561291
input-to-proof-v1-20260807,oprf_o2__iphone_se_2022__noir_barretenberg__warm_reuse-4,2026-08-07T21:43:49.000Z,iphone_se_2022,iPhone SE 2022,15.4,arm64,ios_native,,oprf_nullifier,O2-world-id-nullifier,85aeeef539961cae5a63de794997b507a5975717,noir_barretenberg,noir,barretenberg-rs-4.2.0-aztecnr-rc.2,acvm-beta19,measured,4,ok,,321.849959,2755.037334,,3076.887375,388.328125,16548,271056603,271051007,271056603,,input-to-proof-v1,85aeeef539961cae5a63de794997b507a5975717,"{""mopro"":""0.3.7"",""barretenberg_rs"":""4.2.0-aztecnr-rc.2"",""noir"":""1.0.0-beta.19""}","{""raw_evidence_sha256"":[{""report_sha256"":""fe4c8f2c3f65934e782ca87dd5bed82066f0fe316cdabbcd5265918e8f694428"",""session_sha256"":""f8a7333af2dffd4e17c43cf5d0897e8066dfd3419b7d546ad709b816a75fc187"",""build_sha256"":""95ce3f1bd3cb27b129ce2ae533d6fcd26b2b21434d200292e6ababa6bc299f9b""}]}",ece465c45ad91aa2d9a6f85d9a7260bdfb26de2e/58176d171c5fc0b0ddf5acb3855303477207887a,"Matched O2 profile: World ID nullifier statement and frozen semantic inputs, including the same public nullifier.",,,/Users/dcbuilder/Code/world/.worktrees/provekit-v1-cross-device-campaign/target/v1-benchmarks/input-to-proof/iphone/publication/warm/noir/browserstack/ece465c45ad91aa2d9a6f85d9a7260bdfb26de2e/session-58176d171c5fc0b0ddf5acb3855303477207887a/bench-report.json,warm_reuse,3076.887375
input-to-proof-v1-20260807,oprf_o2__iphone_se_2022__noir_barretenberg__warm_reuse-5,2026-08-07T21:43:49.000Z,iphone_se_2022,iPhone SE 2022,15.4,arm64,ios_native,,oprf_nullifier,O2-world-id-nullifier,85aeeef539961cae5a63de794997b507a5975717,noir_barretenberg,noir,barretenberg-rs-4.2.0-aztecnr-rc.2,acvm-beta19,measured,5,ok,,318.147167,2719.777166,,3037.924417,387.5625,16548,271056603,271051007,271056603,,input-to-proof-v1,85aeeef539961cae5a63de794997b507a5975717,"{""mopro"":""0.3.7"",""barretenberg_rs"":""4.2.0-aztecnr-rc.2"",""noir"":""1.0.0-beta.19""}","{""raw_evidence_sha256"":[{""report_sha256"":""fe4c8f2c3f65934e782ca87dd5bed82066f0fe316cdabbcd5265918e8f694428"",""session_sha256"":""f8a7333af2dffd4e17c43cf5d0897e8066dfd3419b7d546ad709b816a75fc187"",""build_sha256"":""95ce3f1bd3cb27b129ce2ae533d6fcd26b2b21434d200292e6ababa6bc299f9b""}]}",ece465c45ad91aa2d9a6f85d9a7260bdfb26de2e/58176d171c5fc0b0ddf5acb3855303477207887a,"Matched O2 profile: World ID nullifier statement and frozen semantic inputs, including the same public nullifier.",,,/Users/dcbuilder/Code/world/.worktrees/provekit-v1-cross-device-campaign/target/v1-benchmarks/input-to-proof/iphone/publication/warm/noir/browserstack/ece465c45ad91aa2d9a6f85d9a7260bdfb26de2e/session-58176d171c5fc0b0ddf5acb3855303477207887a/bench-report.json,warm_reuse,3037.924417
input-to-proof-v1-20260807,oprf_o2__iphone_se_2022__circom_groth16__cold_local-0,2026-08-09T10:16:02.000Z,iphone_se_2022,iPhone SE 2022,15.4,arm64,ios_native,,oprf_nullifier,O2-world-id-nullifier,85aeeef539961cae5a63de794997b507a5975717,circom_groth16,circom,rust-rapidsnark-0.1.4,wasmi-0.46.0-circom-wasm,warmup,0,ok,,3137.147,1766.501917,,4903.648958,70.40625,1603,39203507,38279392,39203507,,input-to-proof-v1,85aeeef539961cae5a63de794997b507a5975717,"{""rust_rapidsnark"":""0.1.4"",""wasmi"":""0.46.0"",""circom"":""2.2.2""}","{""raw_evidence_sha256"":[{""report_sha256"":""6960e0bf0baee5c5833721f0b79b9f6a6417471c21ae88497729765e5dde08a3"",""session_sha256"":""620cbe000d8dd6ed7866d2734499806c5a391d8dfb076ca2b1341b89a53ed0d3"",""build_sha256"":""5507aedf0682f39f69e63910b83217407bf719ad3bca0bc297f4affd2745ad45""}]}",649e6285ce47441ce5d8fd200dbd2716af0ce66a/471329edf9291981c6a28e843d4d1d79b8096c6e,"Matched O2 profile: World ID nullifier statement and frozen semantic inputs, including the same public nullifier.",,,/Users/dcbuilder/Code/world/.worktrees/provekit-v1-cross-device-campaign/target/v1-benchmarks/input-to-proof/iphone/publication/cold/batch/oprf/649e6285ce47441ce5d8fd200dbd2716af0ce66a/session-471329edf9291981c6a28e843d4d1d79b8096c6e/bench-report.json,cold_local,4903.648958
input-to-proof-v1-20260807,oprf_o2__iphone_se_2022__circom_groth16__cold_local-1,2026-08-09T10:16:02.000Z,iphone_se_2022,iPhone SE 2022,15.4,arm64,ios_native,,oprf_nullifier,O2-world-id-nullifier,85aeeef539961cae5a63de794997b507a5975717,circom_groth16,circom,rust-rapidsnark-0.1.4,wasmi-0.46.0-circom-wasm,measured,1,ok,,3240.907541,1783.576708,,5024.484375,69.6875,1603,39203507,38279392,39203507,,input-to-proof-v1,85aeeef539961cae5a63de794997b507a5975717,"{""rust_rapidsnark"":""0.1.4"",""wasmi"":""0.46.0"",""circom"":""2.2.2""}","{""raw_evidence_sha256"":[{""report_sha256"":""6960e0bf0baee5c5833721f0b79b9f6a6417471c21ae88497729765e5dde08a3"",""session_sha256"":""620cbe000d8dd6ed7866d2734499806c5a391d8dfb076ca2b1341b89a53ed0d3"",""build_sha256"":""5507aedf0682f39f69e63910b83217407bf719ad3bca0bc297f4affd2745ad45""}]}",649e6285ce47441ce5d8fd200dbd2716af0ce66a/471329edf9291981c6a28e843d4d1d79b8096c6e,"Matched O2 profile: World ID nullifier statement and frozen semantic inputs, including the same public nullifier.",,,/Users/dcbuilder/Code/world/.worktrees/provekit-v1-cross-device-campaign/target/v1-benchmarks/input-to-proof/iphone/publication/cold/batch/oprf/649e6285ce47441ce5d8fd200dbd2716af0ce66a/session-471329edf9291981c6a28e843d4d1d79b8096c6e/bench-report.json,cold_local,5024.484375
input-to-proof-v1-20260807,oprf_o2__iphone_se_2022__circom_groth16__cold_local-2,2026-08-09T10:16:02.000Z,iphone_se_2022,iPhone SE 2022,15.4,arm64,ios_native,,oprf_nullifier,O2-world-id-nullifier,85aeeef539961cae5a63de794997b507a5975717,circom_groth16,circom,rust-rapidsnark-0.1.4,wasmi-0.46.0-circom-wasm,measured,2,ok,,3313.103167,1797.285167,,5110.388375,69.71875,1603,39203507,38279392,39203507,,input-to-proof-v1,85aeeef539961cae5a63de794997b507a5975717,"{""rust_rapidsnark"":""0.1.4"",""wasmi"":""0.46.0"",""circom"":""2.2.2""}","{""raw_evidence_sha256"":[{""report_sha256"":""6960e0bf0baee5c5833721f0b79b9f6a6417471c21ae88497729765e5dde08a3"",""session_sha256"":""620cbe000d8dd6ed7866d2734499806c5a391d8dfb076ca2b1341b89a53ed0d3"",""build_sha256"":""5507aedf0682f39f69e63910b83217407bf719ad3bca0bc297f4affd2745ad45""}]}",649e6285ce47441ce5d8fd200dbd2716af0ce66a/471329edf9291981c6a28e843d4d1d79b8096c6e,"Matched O2 profile: World ID nullifier statement and frozen semantic inputs, including the same public nullifier.",,,/Users/dcbuilder/Code/world/.worktrees/provekit-v1-cross-device-campaign/target/v1-benchmarks/input-to-proof/iphone/publication/cold/batch/oprf/649e6285ce47441ce5d8fd200dbd2716af0ce66a/session-471329edf9291981c6a28e843d4d1d79b8096c6e/bench-report.json,cold_local,5110.388375
input-to-proof-v1-20260807,oprf_o2__iphone_se_2022__circom_groth16__cold_local-3,2026-08-09T10:16:02.000Z,iphone_se_2022,iPhone SE 2022,15.4,arm64,ios_native,,oprf_nullifier,O2-world-id-nullifier,85aeeef539961cae5a63de794997b507a5975717,circom_groth16,circom,rust-rapidsnark-0.1.4,wasmi-0.46.0-circom-wasm,measured,3,ok,,3333.717917,1813.684417,,5147.402375,70.09375,1601,39203507,38279392,39203507,,input-to-proof-v1,85aeeef539961cae5a63de794997b507a5975717,"{""rust_rapidsnark"":""0.1.4"",""wasmi"":""0.46.0"",""circom"":""2.2.2""}","{""raw_evidence_sha256"":[{""report_sha256"":""6960e0bf0baee5c5833721f0b79b9f6a6417471c21ae88497729765e5dde08a3"",""session_sha256"":""620cbe000d8dd6ed7866d2734499806c5a391d8dfb076ca2b1341b89a53ed0d3"",""build_sha256"":""5507aedf0682f39f69e63910b83217407bf719ad3bca0bc297f4affd2745ad45""}]}",649e6285ce47441ce5d8fd200dbd2716af0ce66a/471329edf9291981c6a28e843d4d1d79b8096c6e,"Matched O2 profile: World ID nullifier statement and frozen semantic inputs, including the same public nullifier.",,,/Users/dcbuilder/Code/world/.worktrees/provekit-v1-cross-device-campaign/target/v1-benchmarks/input-to-proof/iphone/publication/cold/batch/oprf/649e6285ce47441ce5d8fd200dbd2716af0ce66a/session-471329edf9291981c6a28e843d4d1d79b8096c6e/bench-report.json,cold_local,5147.402375
input-to-proof-v1-20260807,oprf_o2__iphone_se_2022__circom_groth16__cold_local-4,2026-08-09T10:16:02.000Z,iphone_se_2022,iPhone SE 2022,15.4,arm64,ios_native,,oprf_nullifier,O2-world-id-nullifier,85aeeef539961cae5a63de794997b507a5975717,circom_groth16,circom,rust-rapidsnark-0.1.4,wasmi-0.46.0-circom-wasm,measured,4,ok,,3359.839416,1837.023375,,5196.862917,70.296875,1603,39203507,38279392,39203507,,input-to-proof-v1,85aeeef539961cae5a63de794997b507a5975717,"{""rust_rapidsnark"":""0.1.4"",""wasmi"":""0.46.0"",""circom"":""2.2.2""}","{""raw_evidence_sha256"":[{""report_sha256"":""6960e0bf0baee5c5833721f0b79b9f6a6417471c21ae88497729765e5dde08a3"",""session_sha256"":""620cbe000d8dd6ed7866d2734499806c5a391d8dfb076ca2b1341b89a53ed0d3"",""build_sha256"":""5507aedf0682f39f69e63910b83217407bf719ad3bca0bc297f4affd2745ad45""}]}",649e6285ce47441ce5d8fd200dbd2716af0ce66a/471329edf9291981c6a28e843d4d1d79b8096c6e,"Matched O2 profile: World ID nullifier statement and frozen semantic inputs, including the same public nullifier.",,,/Users/dcbuilder/Code/world/.worktrees/provekit-v1-cross-device-campaign/target/v1-benchmarks/input-to-proof/iphone/publication/cold/batch/oprf/649e6285ce47441ce5d8fd200dbd2716af0ce66a/session-471329edf9291981c6a28e843d4d1d79b8096c6e/bench-report.json,cold_local,5196.862917
input-to-proof-v1-20260807,oprf_o2__iphone_se_2022__circom_groth16__cold_local-5,2026-08-09T10:16:02.000Z,iphone_se_2022,iPhone SE 2022,15.4,arm64,ios_native,,oprf_nullifier,O2-world-id-nullifier,85aeeef539961cae5a63de794997b507a5975717,circom_groth16,circom,rust-rapidsnark-0.1.4,wasmi-0.46.0-circom-wasm,measured,5,ok,,3368.4635,1843.57575,,5212.039375,69.71875,1606,39203507,38279392,39203507,,input-to-proof-v1,85aeeef539961cae5a63de794997b507a5975717,"{""rust_rapidsnark"":""0.1.4"",""wasmi"":""0.46.0"",""circom"":""2.2.2""}","{""raw_evidence_sha256"":[{""report_sha256"":""6960e0bf0baee5c5833721f0b79b9f6a6417471c21ae88497729765e5dde08a3"",""session_sha256"":""620cbe000d8dd6ed7866d2734499806c5a391d8dfb076ca2b1341b89a53ed0d3"",""build_sha256"":""5507aedf0682f39f69e63910b83217407bf719ad3bca0bc297f4affd2745ad45""}]}",649e6285ce47441ce5d8fd200dbd2716af0ce66a/471329edf9291981c6a28e843d4d1d79b8096c6e,"Matched O2 profile: World ID nullifier statement and frozen semantic inputs, including the same public nullifier.",,,/Users/dcbuilder/Code/world/.worktrees/provekit-v1-cross-device-campaign/target/v1-benchmarks/input-to-proof/iphone/publication/cold/batch/oprf/649e6285ce47441ce5d8fd200dbd2716af0ce66a/session-471329edf9291981c6a28e843d4d1d79b8096c6e/bench-report.json,cold_local,5212.039375
input-to-proof-v1-20260807,oprf_o2__iphone_se_2022__circom_groth16__warm_reuse-0,2026-08-07T23:00:57.000Z,iphone_se_2022,iPhone SE 2022,15.4,arm64,ios_native,,oprf_nullifier,O2-world-id-nullifier,85aeeef539961cae5a63de794997b507a5975717,circom_groth16,circom,rust-rapidsnark-0.1.4,wasmi-0.46.0-circom-wasm,warmup,0,ok,,3114.565208,1765.670708,,4880.236042,,1602,39203507,38279392,39203507,,input-to-proof-v1,85aeeef539961cae5a63de794997b507a5975717,"{""rust_rapidsnark"":""0.1.4"",""wasmi"":""0.46.0"",""circom"":""2.2.2""}","{""raw_evidence_sha256"":[{""report_sha256"":""f141b7a289fd42022d25c599b81eb18c2bf1e9d0aeaa9cd5afd049185774bd0f"",""session_sha256"":""0c0df0385733fc02e89f84d30102cfd813981e5ab7939535a1d629b5e9c928ca"",""build_sha256"":""67a3898663e3a3c7e05980f30cbb71d10d175bfbe89e0bae0301a05dc83cd976""}]}",0215e61ef3d6180097fb4b6cc4bbe9b5e57d1115/3de6c106ecb73240df42f3557e49a17c47a8be8b,"Matched O2 profile: World ID nullifier statement and frozen semantic inputs, including the same public nullifier.",,,/Users/dcbuilder/Code/world/.worktrees/provekit-v1-cross-device-campaign/target/v1-benchmarks/input-to-proof/iphone/publication/warm/circom-oprf/0215e61ef3d6180097fb4b6cc4bbe9b5e57d1115/session-3de6c106ecb73240df42f3557e49a17c47a8be8b/bench-report.json,warm_reuse,4880.236042
input-to-proof-v1-20260807,oprf_o2__iphone_se_2022__circom_groth16__warm_reuse-1,2026-08-07T23:00:57.000Z,iphone_se_2022,iPhone SE 2022,15.4,arm64,ios_native,,oprf_nullifier,O2-world-id-nullifier,85aeeef539961cae5a63de794997b507a5975717,circom_groth16,circom,rust-rapidsnark-0.1.4,wasmi-0.46.0-circom-wasm,measured,1,ok,,3214.494,1773.606625,,4988.100708,69.6875,1601,39203507,38279392,39203507,,input-to-proof-v1,85aeeef539961cae5a63de794997b507a5975717,"{""rust_rapidsnark"":""0.1.4"",""wasmi"":""0.46.0"",""circom"":""2.2.2""}","{""raw_evidence_sha256"":[{""report_sha256"":""f141b7a289fd42022d25c599b81eb18c2bf1e9d0aeaa9cd5afd049185774bd0f"",""session_sha256"":""0c0df0385733fc02e89f84d30102cfd813981e5ab7939535a1d629b5e9c928ca"",""build_sha256"":""67a3898663e3a3c7e05980f30cbb71d10d175bfbe89e0bae0301a05dc83cd976""}]}",0215e61ef3d6180097fb4b6cc4bbe9b5e57d1115/3de6c106ecb73240df42f3557e49a17c47a8be8b,"Matched O2 profile: World ID nullifier statement and frozen semantic inputs, including the same public nullifier.",,,/Users/dcbuilder/Code/world/.worktrees/provekit-v1-cross-device-campaign/target/v1-benchmarks/input-to-proof/iphone/publication/warm/circom-oprf/0215e61ef3d6180097fb4b6cc4bbe9b5e57d1115/session-3de6c106ecb73240df42f3557e49a17c47a8be8b/bench-report.json,warm_reuse,4988.100708
input-to-proof-v1-20260807,oprf_o2__iphone_se_2022__circom_groth16__warm_reuse-2,2026-08-07T23:00:57.000Z,iphone_se_2022,iPhone SE 2022,15.4,arm64,ios_native,,oprf_nullifier,O2-world-id-nullifier,85aeeef539961cae5a63de794997b507a5975717,circom_groth16,circom,rust-rapidsnark-0.1.4,wasmi-0.46.0-circom-wasm,measured,2,ok,,3284.978,1791.698292,,5076.676375,70.359375,1603,39203507,38279392,39203507,,input-to-proof-v1,85aeeef539961cae5a63de794997b507a5975717,"{""rust_rapidsnark"":""0.1.4"",""wasmi"":""0.46.0"",""circom"":""2.2.2""}","{""raw_evidence_sha256"":[{""report_sha256"":""f141b7a289fd42022d25c599b81eb18c2bf1e9d0aeaa9cd5afd049185774bd0f"",""session_sha256"":""0c0df0385733fc02e89f84d30102cfd813981e5ab7939535a1d629b5e9c928ca"",""build_sha256"":""67a3898663e3a3c7e05980f30cbb71d10d175bfbe89e0bae0301a05dc83cd976""}]}",0215e61ef3d6180097fb4b6cc4bbe9b5e57d1115/3de6c106ecb73240df42f3557e49a17c47a8be8b,"Matched O2 profile: World ID nullifier statement and frozen semantic inputs, including the same public nullifier.",,,/Users/dcbuilder/Code/world/.worktrees/provekit-v1-cross-device-campaign/target/v1-benchmarks/input-to-proof/iphone/publication/warm/circom-oprf/0215e61ef3d6180097fb4b6cc4bbe9b5e57d1115/session-3de6c106ecb73240df42f3557e49a17c47a8be8b/bench-report.json,warm_reuse,5076.676375
input-to-proof-v1-20260807,oprf_o2__iphone_se_2022__circom_groth16__warm_reuse-3,2026-08-07T23:00:57.000Z,iphone_se_2022,iPhone SE 2022,15.4,arm64,ios_native,,oprf_nullifier,O2-world-id-nullifier,85aeeef539961cae5a63de794997b507a5975717,circom_groth16,circom,rust-rapidsnark-0.1.4,wasmi-0.46.0-circom-wasm,measured,3,ok,,3341.195458,1826.60575,,5167.801292,70.359375,1605,39203507,38279392,39203507,,input-to-proof-v1,85aeeef539961cae5a63de794997b507a5975717,"{""rust_rapidsnark"":""0.1.4"",""wasmi"":""0.46.0"",""circom"":""2.2.2""}","{""raw_evidence_sha256"":[{""report_sha256"":""f141b7a289fd42022d25c599b81eb18c2bf1e9d0aeaa9cd5afd049185774bd0f"",""session_sha256"":""0c0df0385733fc02e89f84d30102cfd813981e5ab7939535a1d629b5e9c928ca"",""build_sha256"":""67a3898663e3a3c7e05980f30cbb71d10d175bfbe89e0bae0301a05dc83cd976""}]}",0215e61ef3d6180097fb4b6cc4bbe9b5e57d1115/3de6c106ecb73240df42f3557e49a17c47a8be8b,"Matched O2 profile: World ID nullifier statement and frozen semantic inputs, including the same public nullifier.",,,/Users/dcbuilder/Code/world/.worktrees/provekit-v1-cross-device-campaign/target/v1-benchmarks/input-to-proof/iphone/publication/warm/circom-oprf/0215e61ef3d6180097fb4b6cc4bbe9b5e57d1115/session-3de6c106ecb73240df42f3557e49a17c47a8be8b/bench-report.json,warm_reuse,5167.801292
input-to-proof-v1-20260807,oprf_o2__iphone_se_2022__circom_groth16__warm_reuse-4,2026-08-07T23:00:57.000Z,iphone_se_2022,iPhone SE 2022,15.4,arm64,ios_native,,oprf_nullifier,O2-world-id-nullifier,85aeeef539961cae5a63de794997b507a5975717,circom_groth16,circom,rust-rapidsnark-0.1.4,wasmi-0.46.0-circom-wasm,measured,4,ok,,3385.552125,1840.173458,,5225.725625,70.359375,1602,39203507,38279392,39203507,,input-to-proof-v1,85aeeef539961cae5a63de794997b507a5975717,"{""rust_rapidsnark"":""0.1.4"",""wasmi"":""0.46.0"",""circom"":""2.2.2""}","{""raw_evidence_sha256"":[{""report_sha256"":""f141b7a289fd42022d25c599b81eb18c2bf1e9d0aeaa9cd5afd049185774bd0f"",""session_sha256"":""0c0df0385733fc02e89f84d30102cfd813981e5ab7939535a1d629b5e9c928ca"",""build_sha256"":""67a3898663e3a3c7e05980f30cbb71d10d175bfbe89e0bae0301a05dc83cd976""}]}",0215e61ef3d6180097fb4b6cc4bbe9b5e57d1115/3de6c106ecb73240df42f3557e49a17c47a8be8b,"Matched O2 profile: World ID nullifier statement and frozen semantic inputs, including the same public nullifier.",,,/Users/dcbuilder/Code/world/.worktrees/provekit-v1-cross-device-campaign/target/v1-benchmarks/input-to-proof/iphone/publication/warm/circom-oprf/0215e61ef3d6180097fb4b6cc4bbe9b5e57d1115/session-3de6c106ecb73240df42f3557e49a17c47a8be8b/bench-report.json,warm_reuse,5225.725625
input-to-proof-v1-20260807,oprf_o2__iphone_se_2022__circom_groth16__warm_reuse-5,2026-08-07T23:00:57.000Z,iphone_se_2022,iPhone SE 2022,15.4,arm64,ios_native,,oprf_nullifier,O2-world-id-nullifier,85aeeef539961cae5a63de794997b507a5975717,circom_groth16,circom,rust-rapidsnark-0.1.4,wasmi-0.46.0-circom-wasm,measured,5,ok,,3431.749042,1856.150583,,5287.899667,70.359375,1601,39203507,38279392,39203507,,input-to-proof-v1,85aeeef539961cae5a63de794997b507a5975717,"{""rust_rapidsnark"":""0.1.4"",""wasmi"":""0.46.0"",""circom"":""2.2.2""}","{""raw_evidence_sha256"":[{""report_sha256"":""f141b7a289fd42022d25c599b81eb18c2bf1e9d0aeaa9cd5afd049185774bd0f"",""session_sha256"":""0c0df0385733fc02e89f84d30102cfd813981e5ab7939535a1d629b5e9c928ca"",""build_sha256"":""67a3898663e3a3c7e05980f30cbb71d10d175bfbe89e0bae0301a05dc83cd976""}]}",0215e61ef3d6180097fb4b6cc4bbe9b5e57d1115/3de6c106ecb73240df42f3557e49a17c47a8be8b,"Matched O2 profile: World ID nullifier statement and frozen semantic inputs, including the same public nullifier.",,,/Users/dcbuilder/Code/world/.worktrees/provekit-v1-cross-device-campaign/target/v1-benchmarks/input-to-proof/iphone/publication/warm/circom-oprf/0215e61ef3d6180097fb4b6cc4bbe9b5e57d1115/session-3de6c106ecb73240df42f3557e49a17c47a8be8b/bench-report.json,warm_reuse,5287.899667
input-to-proof-v1-20260807,webauthn_closest_analogue__iphone_se_2022__provekit_v1__cold_local-0,2026-08-09T10:39:37.000Z,iphone_se_2022,iPhone SE 2022,15.4,arm64,ios_native,,webauthn,closest-analogue,0fb5b4aa1398281c2fd3dbe14db147e05b61f201,provekit_v1,noir,provekit-v1-whir-native,integrated-noir-beta11-witness,warmup,0,ok,,,2772.417125,,2772.417125,554.265625,714522,2324912,2275692,2324912,,input-to-proof-v1,9b2a6f37c67691eab4b0cec6c35e35c520e93285,"{""provekit"":""9b2a6f37c67691eab4b0cec6c35e35c520e93285"",""mobench"":""0.1.48"",""noir"":""1.0.0-beta.11""}","{""raw_evidence_sha256"":[{""report_sha256"":""5f736b7fc0777d6d373fcb09404581a0a104bb8fd3b4ec0ea3c6f42d16171efb"",""session_sha256"":""7b95b94dd1c07f403b9977892b05c27960c03ed349f4af8f01865793397d783a"",""build_sha256"":""25b6894967e505c2e4f53e67ddce3cc8d43d7f7b6701a3d3f145eac85d780207""}]}",67a149cdf6424ae1c8ca97ed12326112bb6e1871/343ce2e7c4d0cab63fa786bce1be8874e18062c4,"Closest analogue, not equivalent: Noir binds challenge, type, origin, RP-ID hash, flags, and public key; the Circom counterpart omits several bindings. Native ProveKit exposes witness generation and proving as one integrated timed operation, so witness_time_ms is intentionally blank.",,,/Users/dcbuilder/Code/world/.worktrees/provekit-v1-cross-device-campaign/target/v1-benchmarks/input-to-proof/iphone/publication/cold/batch/remaining/67a149cdf6424ae1c8ca97ed12326112bb6e1871/session-343ce2e7c4d0cab63fa786bce1be8874e18062c4/bench-report.json,cold_local,2772.417125
input-to-proof-v1-20260807,webauthn_closest_analogue__iphone_se_2022__provekit_v1__cold_local-1,2026-08-09T10:39:37.000Z,iphone_se_2022,iPhone SE 2022,15.4,arm64,ios_native,,webauthn,closest-analogue,0fb5b4aa1398281c2fd3dbe14db147e05b61f201,provekit_v1,noir,provekit-v1-whir-native,integrated-noir-beta11-witness,measured,1,ok,,,2879.950208,,2879.950208,554.140625,716218,2373452,2324232,2373452,,input-to-proof-v1,9b2a6f37c67691eab4b0cec6c35e35c520e93285,"{""provekit"":""9b2a6f37c67691eab4b0cec6c35e35c520e93285"",""mobench"":""0.1.48"",""noir"":""1.0.0-beta.11""}","{""raw_evidence_sha256"":[{""report_sha256"":""5f736b7fc0777d6d373fcb09404581a0a104bb8fd3b4ec0ea3c6f42d16171efb"",""session_sha256"":""7b95b94dd1c07f403b9977892b05c27960c03ed349f4af8f01865793397d783a"",""build_sha256"":""25b6894967e505c2e4f53e67ddce3cc8d43d7f7b6701a3d3f145eac85d780207""}]}",67a149cdf6424ae1c8ca97ed12326112bb6e1871/343ce2e7c4d0cab63fa786bce1be8874e18062c4,"Closest analogue, not equivalent: Noir binds challenge, type, origin, RP-ID hash, flags, and public key; the Circom counterpart omits several bindings. Native ProveKit exposes witness generation and proving as one integrated timed operation, so witness_time_ms is intentionally blank.",,,/Users/dcbuilder/Code/world/.worktrees/provekit-v1-cross-device-campaign/target/v1-benchmarks/input-to-proof/iphone/publication/cold/batch/remaining/67a149cdf6424ae1c8ca97ed12326112bb6e1871/session-343ce2e7c4d0cab63fa786bce1be8874e18062c4/bench-report.json,cold_local,2879.950208
input-to-proof-v1-20260807,webauthn_closest_analogue__iphone_se_2022__provekit_v1__cold_local-2,2026-08-09T10:39:37.000Z,iphone_se_2022,iPhone SE 2022,15.4,arm64,ios_native,,webauthn,closest-analogue,0fb5b4aa1398281c2fd3dbe14db147e05b61f201,provekit_v1,noir,provekit-v1-whir-native,integrated-noir-beta11-witness,measured,2,ok,,,2946.604,,2946.604,547.921875,714370,2388132,2338912,2388132,,input-to-proof-v1,9b2a6f37c67691eab4b0cec6c35e35c520e93285,"{""provekit"":""9b2a6f37c67691eab4b0cec6c35e35c520e93285"",""mobench"":""0.1.48"",""noir"":""1.0.0-beta.11""}","{""raw_evidence_sha256"":[{""report_sha256"":""5f736b7fc0777d6d373fcb09404581a0a104bb8fd3b4ec0ea3c6f42d16171efb"",""session_sha256"":""7b95b94dd1c07f403b9977892b05c27960c03ed349f4af8f01865793397d783a"",""build_sha256"":""25b6894967e505c2e4f53e67ddce3cc8d43d7f7b6701a3d3f145eac85d780207""}]}",67a149cdf6424ae1c8ca97ed12326112bb6e1871/343ce2e7c4d0cab63fa786bce1be8874e18062c4,"Closest analogue, not equivalent: Noir binds challenge, type, origin, RP-ID hash, flags, and public key; the Circom counterpart omits several bindings. Native ProveKit exposes witness generation and proving as one integrated timed operation, so witness_time_ms is intentionally blank.",,,/Users/dcbuilder/Code/world/.worktrees/provekit-v1-cross-device-campaign/target/v1-benchmarks/input-to-proof/iphone/publication/cold/batch/remaining/67a149cdf6424ae1c8ca97ed12326112bb6e1871/session-343ce2e7c4d0cab63fa786bce1be8874e18062c4/bench-report.json,cold_local,2946.604
input-to-proof-v1-20260807,webauthn_closest_analogue__iphone_se_2022__provekit_v1__cold_local-3,2026-08-09T10:39:37.000Z,iphone_se_2022,iPhone SE 2022,15.4,arm64,ios_native,,webauthn,closest-analogue,0fb5b4aa1398281c2fd3dbe14db147e05b61f201,provekit_v1,noir,provekit-v1-whir-native,integrated-noir-beta11-witness,measured,3,ok,,,3315.102917,,3315.102917,556.03125,716216,2387368,2338148,2387368,,input-to-proof-v1,9b2a6f37c67691eab4b0cec6c35e35c520e93285,"{""provekit"":""9b2a6f37c67691eab4b0cec6c35e35c520e93285"",""mobench"":""0.1.48"",""noir"":""1.0.0-beta.11""}","{""raw_evidence_sha256"":[{""report_sha256"":""5f736b7fc0777d6d373fcb09404581a0a104bb8fd3b4ec0ea3c6f42d16171efb"",""session_sha256"":""7b95b94dd1c07f403b9977892b05c27960c03ed349f4af8f01865793397d783a"",""build_sha256"":""25b6894967e505c2e4f53e67ddce3cc8d43d7f7b6701a3d3f145eac85d780207""}]}",67a149cdf6424ae1c8ca97ed12326112bb6e1871/343ce2e7c4d0cab63fa786bce1be8874e18062c4,"Closest analogue, not equivalent: Noir binds challenge, type, origin, RP-ID hash, flags, and public key; the Circom counterpart omits several bindings. Native ProveKit exposes witness generation and proving as one integrated timed operation, so witness_time_ms is intentionally blank.",,,/Users/dcbuilder/Code/world/.worktrees/provekit-v1-cross-device-campaign/target/v1-benchmarks/input-to-proof/iphone/publication/cold/batch/remaining/67a149cdf6424ae1c8ca97ed12326112bb6e1871/session-343ce2e7c4d0cab63fa786bce1be8874e18062c4/bench-report.json,cold_local,3315.102917
input-to-proof-v1-20260807,webauthn_closest_analogue__iphone_se_2022__provekit_v1__cold_local-4,2026-08-09T10:39:37.000Z,iphone_se_2022,iPhone SE 2022,15.4,arm64,ios_native,,webauthn,closest-analogue,0fb5b4aa1398281c2fd3dbe14db147e05b61f201,provekit_v1,noir,provekit-v1-whir-native,integrated-noir-beta11-witness,measured,4,ok,,,3142.408333,,3142.408333,551.21875,717544,2369352,2320132,2369352,,input-to-proof-v1,9b2a6f37c67691eab4b0cec6c35e35c520e93285,"{""provekit"":""9b2a6f37c67691eab4b0cec6c35e35c520e93285"",""mobench"":""0.1.48"",""noir"":""1.0.0-beta.11""}","{""raw_evidence_sha256"":[{""report_sha256"":""5f736b7fc0777d6d373fcb09404581a0a104bb8fd3b4ec0ea3c6f42d16171efb"",""session_sha256"":""7b95b94dd1c07f403b9977892b05c27960c03ed349f4af8f01865793397d783a"",""build_sha256"":""25b6894967e505c2e4f53e67ddce3cc8d43d7f7b6701a3d3f145eac85d780207""}]}",67a149cdf6424ae1c8ca97ed12326112bb6e1871/343ce2e7c4d0cab63fa786bce1be8874e18062c4,"Closest analogue, not equivalent: Noir binds challenge, type, origin, RP-ID hash, flags, and public key; the Circom counterpart omits several bindings. Native ProveKit exposes witness generation and proving as one integrated timed operation, so witness_time_ms is intentionally blank.",,,/Users/dcbuilder/Code/world/.worktrees/provekit-v1-cross-device-campaign/target/v1-benchmarks/input-to-proof/iphone/publication/cold/batch/remaining/67a149cdf6424ae1c8ca97ed12326112bb6e1871/session-343ce2e7c4d0cab63fa786bce1be8874e18062c4/bench-report.json,cold_local,3142.408333
input-to-proof-v1-20260807,webauthn_closest_analogue__iphone_se_2022__provekit_v1__cold_local-5,2026-08-09T10:39:37.000Z,iphone_se_2022,iPhone SE 2022,15.4,arm64,ios_native,,webauthn,closest-analogue,0fb5b4aa1398281c2fd3dbe14db147e05b61f201,provekit_v1,noir,provekit-v1-whir-native,integrated-noir-beta11-witness,measured,5,ok,,,3031.44075,,3031.44075,556.375,717723,2386684,2337464,2386684,,input-to-proof-v1,9b2a6f37c67691eab4b0cec6c35e35c520e93285,"{""provekit"":""9b2a6f37c67691eab4b0cec6c35e35c520e93285"",""mobench"":""0.1.48"",""noir"":""1.0.0-beta.11""}","{""raw_evidence_sha256"":[{""report_sha256"":""5f736b7fc0777d6d373fcb09404581a0a104bb8fd3b4ec0ea3c6f42d16171efb"",""session_sha256"":""7b95b94dd1c07f403b9977892b05c27960c03ed349f4af8f01865793397d783a"",""build_sha256"":""25b6894967e505c2e4f53e67ddce3cc8d43d7f7b6701a3d3f145eac85d780207""}]}",67a149cdf6424ae1c8ca97ed12326112bb6e1871/343ce2e7c4d0cab63fa786bce1be8874e18062c4,"Closest analogue, not equivalent: Noir binds challenge, type, origin, RP-ID hash, flags, and public key; the Circom counterpart omits several bindings. Native ProveKit exposes witness generation and proving as one integrated timed operation, so witness_time_ms is intentionally blank.",,,/Users/dcbuilder/Code/world/.worktrees/provekit-v1-cross-device-campaign/target/v1-benchmarks/input-to-proof/iphone/publication/cold/batch/remaining/67a149cdf6424ae1c8ca97ed12326112bb6e1871/session-343ce2e7c4d0cab63fa786bce1be8874e18062c4/bench-report.json,cold_local,3031.44075
input-to-proof-v1-20260807,webauthn_closest_analogue__iphone_se_2022__provekit_v1__warm_reuse-0,2026-08-07T21:24:27.000Z,iphone_se_2022,iPhone SE 2022,15.4,arm64,ios_native,,webauthn,closest-analogue,0fb5b4aa1398281c2fd3dbe14db147e05b61f201,provekit_v1,noir,provekit-v1-whir-native,integrated-noir-beta11-witness,warmup,0,ok,,,2987.521167,,2987.521167,,712759,2425244,2376024,2425244,,input-to-proof-v1,9b2a6f37c67691eab4b0cec6c35e35c520e93285,"{""provekit"":""9b2a6f37c67691eab4b0cec6c35e35c520e93285"",""mobench"":""0.1.48"",""noir"":""1.0.0-beta.11""}","{""raw_evidence_sha256"":[{""report_sha256"":""99c012d37ffc293a8f51bf146661cac61bd635ef92bcf14fcef843c6add07c98"",""session_sha256"":""e6bb0dc564c46dee3ccfa19fbcecc7e33270a29de262407d805dcf424464327a"",""build_sha256"":""d24987476d6b24c07967710ee4febd5d9d72369fb474002feb9d73b07d1dbb87""}]}",1efe4e5c1c8a8aa1ff96b3ead080ac5ecac5c1c4/ba570bbe2981c642d91ca44182c0d8bbd7502fd6,"Closest analogue, not equivalent: Noir binds challenge, type, origin, RP-ID hash, flags, and public key; the Circom counterpart omits several bindings. Native ProveKit exposes witness generation and proving as one integrated timed operation, so witness_time_ms is intentionally blank.",,,/Users/dcbuilder/Code/world/.worktrees/provekit-v1-cross-device-campaign/target/v1-benchmarks/input-to-proof/iphone/publication/warm/provekit/browserstack/1efe4e5c1c8a8aa1ff96b3ead080ac5ecac5c1c4/session-ba570bbe2981c642d91ca44182c0d8bbd7502fd6/bench-report.json,warm_reuse,2987.521167
input-to-proof-v1-20260807,webauthn_closest_analogue__iphone_se_2022__provekit_v1__warm_reuse-1,2026-08-07T21:24:27.000Z,iphone_se_2022,iPhone SE 2022,15.4,arm64,ios_native,,webauthn,closest-analogue,0fb5b4aa1398281c2fd3dbe14db147e05b61f201,provekit_v1,noir,provekit-v1-whir-native,integrated-noir-beta11-witness,measured,1,ok,,,3374.250958,,3374.250958,561.265625,715532,2425244,2376024,2425244,,input-to-proof-v1,9b2a6f37c67691eab4b0cec6c35e35c520e93285,"{""provekit"":""9b2a6f37c67691eab4b0cec6c35e35c520e93285"",""mobench"":""0.1.48"",""noir"":""1.0.0-beta.11""}","{""raw_evidence_sha256"":[{""report_sha256"":""99c012d37ffc293a8f51bf146661cac61bd635ef92bcf14fcef843c6add07c98"",""session_sha256"":""e6bb0dc564c46dee3ccfa19fbcecc7e33270a29de262407d805dcf424464327a"",""build_sha256"":""d24987476d6b24c07967710ee4febd5d9d72369fb474002feb9d73b07d1dbb87""}]}",1efe4e5c1c8a8aa1ff96b3ead080ac5ecac5c1c4/ba570bbe2981c642d91ca44182c0d8bbd7502fd6,"Closest analogue, not equivalent: Noir binds challenge, type, origin, RP-ID hash, flags, and public key; the Circom counterpart omits several bindings. Native ProveKit exposes witness generation and proving as one integrated timed operation, so witness_time_ms is intentionally blank.",,,/Users/dcbuilder/Code/world/.worktrees/provekit-v1-cross-device-campaign/target/v1-benchmarks/input-to-proof/iphone/publication/warm/provekit/browserstack/1efe4e5c1c8a8aa1ff96b3ead080ac5ecac5c1c4/session-ba570bbe2981c642d91ca44182c0d8bbd7502fd6/bench-report.json,warm_reuse,3374.250958
input-to-proof-v1-20260807,webauthn_closest_analogue__iphone_se_2022__provekit_v1__warm_reuse-2,2026-08-07T21:24:27.000Z,iphone_se_2022,iPhone SE 2022,15.4,arm64,ios_native,,webauthn,closest-analogue,0fb5b4aa1398281c2fd3dbe14db147e05b61f201,provekit_v1,noir,provekit-v1-whir-native,integrated-noir-beta11-witness,measured,2,ok,,,3054.951167,,3054.951167,577.171875,716745,2425244,2376024,2425244,,input-to-proof-v1,9b2a6f37c67691eab4b0cec6c35e35c520e93285,"{""provekit"":""9b2a6f37c67691eab4b0cec6c35e35c520e93285"",""mobench"":""0.1.48"",""noir"":""1.0.0-beta.11""}","{""raw_evidence_sha256"":[{""report_sha256"":""99c012d37ffc293a8f51bf146661cac61bd635ef92bcf14fcef843c6add07c98"",""session_sha256"":""e6bb0dc564c46dee3ccfa19fbcecc7e33270a29de262407d805dcf424464327a"",""build_sha256"":""d24987476d6b24c07967710ee4febd5d9d72369fb474002feb9d73b07d1dbb87""}]}",1efe4e5c1c8a8aa1ff96b3ead080ac5ecac5c1c4/ba570bbe2981c642d91ca44182c0d8bbd7502fd6,"Closest analogue, not equivalent: Noir binds challenge, type, origin, RP-ID hash, flags, and public key; the Circom counterpart omits several bindings. Native ProveKit exposes witness generation and proving as one integrated timed operation, so witness_time_ms is intentionally blank.",,,/Users/dcbuilder/Code/world/.worktrees/provekit-v1-cross-device-campaign/target/v1-benchmarks/input-to-proof/iphone/publication/warm/provekit/browserstack/1efe4e5c1c8a8aa1ff96b3ead080ac5ecac5c1c4/session-ba570bbe2981c642d91ca44182c0d8bbd7502fd6/bench-report.json,warm_reuse,3054.951167
input-to-proof-v1-20260807,webauthn_closest_analogue__iphone_se_2022__provekit_v1__warm_reuse-3,2026-08-07T21:24:27.000Z,iphone_se_2022,iPhone SE 2022,15.4,arm64,ios_native,,webauthn,closest-analogue,0fb5b4aa1398281c2fd3dbe14db147e05b61f201,provekit_v1,noir,provekit-v1-whir-native,integrated-noir-beta11-witness,measured,3,ok,,,3222.688875,,3222.688875,589.75,715440,2425244,2376024,2425244,,input-to-proof-v1,9b2a6f37c67691eab4b0cec6c35e35c520e93285,"{""provekit"":""9b2a6f37c67691eab4b0cec6c35e35c520e93285"",""mobench"":""0.1.48"",""noir"":""1.0.0-beta.11""}","{""raw_evidence_sha256"":[{""report_sha256"":""99c012d37ffc293a8f51bf146661cac61bd635ef92bcf14fcef843c6add07c98"",""session_sha256"":""e6bb0dc564c46dee3ccfa19fbcecc7e33270a29de262407d805dcf424464327a"",""build_sha256"":""d24987476d6b24c07967710ee4febd5d9d72369fb474002feb9d73b07d1dbb87""}]}",1efe4e5c1c8a8aa1ff96b3ead080ac5ecac5c1c4/ba570bbe2981c642d91ca44182c0d8bbd7502fd6,"Closest analogue, not equivalent: Noir binds challenge, type, origin, RP-ID hash, flags, and public key; the Circom counterpart omits several bindings. Native ProveKit exposes witness generation and proving as one integrated timed operation, so witness_time_ms is intentionally blank.",,,/Users/dcbuilder/Code/world/.worktrees/provekit-v1-cross-device-campaign/target/v1-benchmarks/input-to-proof/iphone/publication/warm/provekit/browserstack/1efe4e5c1c8a8aa1ff96b3ead080ac5ecac5c1c4/session-ba570bbe2981c642d91ca44182c0d8bbd7502fd6/bench-report.json,warm_reuse,3222.688875
input-to-proof-v1-20260807,webauthn_closest_analogue__iphone_se_2022__provekit_v1__warm_reuse-4,2026-08-07T21:24:27.000Z,iphone_se_2022,iPhone SE 2022,15.4,arm64,ios_native,,webauthn,closest-analogue,0fb5b4aa1398281c2fd3dbe14db147e05b61f201,provekit_v1,noir,provekit-v1-whir-native,integrated-noir-beta11-witness,measured,4,ok,,,3016.537291,,3016.537291,591.796875,719840,2425244,2376024,2425244,,input-to-proof-v1,9b2a6f37c67691eab4b0cec6c35e35c520e93285,"{""provekit"":""9b2a6f37c67691eab4b0cec6c35e35c520e93285"",""mobench"":""0.1.48"",""noir"":""1.0.0-beta.11""}","{""raw_evidence_sha256"":[{""report_sha256"":""99c012d37ffc293a8f51bf146661cac61bd635ef92bcf14fcef843c6add07c98"",""session_sha256"":""e6bb0dc564c46dee3ccfa19fbcecc7e33270a29de262407d805dcf424464327a"",""build_sha256"":""d24987476d6b24c07967710ee4febd5d9d72369fb474002feb9d73b07d1dbb87""}]}",1efe4e5c1c8a8aa1ff96b3ead080ac5ecac5c1c4/ba570bbe2981c642d91ca44182c0d8bbd7502fd6,"Closest analogue, not equivalent: Noir binds challenge, type, origin, RP-ID hash, flags, and public key; the Circom counterpart omits several bindings. Native ProveKit exposes witness generation and proving as one integrated timed operation, so witness_time_ms is intentionally blank.",,,/Users/dcbuilder/Code/world/.worktrees/provekit-v1-cross-device-campaign/target/v1-benchmarks/input-to-proof/iphone/publication/warm/provekit/browserstack/1efe4e5c1c8a8aa1ff96b3ead080ac5ecac5c1c4/session-ba570bbe2981c642d91ca44182c0d8bbd7502fd6/bench-report.json,warm_reuse,3016.537291
input-to-proof-v1-20260807,webauthn_closest_analogue__iphone_se_2022__provekit_v1__warm_reuse-5,2026-08-07T21:24:27.000Z,iphone_se_2022,iPhone SE 2022,15.4,arm64,ios_native,,webauthn,closest-analogue,0fb5b4aa1398281c2fd3dbe14db147e05b61f201,provekit_v1,noir,provekit-v1-whir-native,integrated-noir-beta11-witness,measured,5,ok,,,3171.360292,,3171.360292,592.59375,712265,2425244,2376024,2425244,,input-to-proof-v1,9b2a6f37c67691eab4b0cec6c35e35c520e93285,"{""provekit"":""9b2a6f37c67691eab4b0cec6c35e35c520e93285"",""mobench"":""0.1.48"",""noir"":""1.0.0-beta.11""}","{""raw_evidence_sha256"":[{""report_sha256"":""99c012d37ffc293a8f51bf146661cac61bd635ef92bcf14fcef843c6add07c98"",""session_sha256"":""e6bb0dc564c46dee3ccfa19fbcecc7e33270a29de262407d805dcf424464327a"",""build_sha256"":""d24987476d6b24c07967710ee4febd5d9d72369fb474002feb9d73b07d1dbb87""}]}",1efe4e5c1c8a8aa1ff96b3ead080ac5ecac5c1c4/ba570bbe2981c642d91ca44182c0d8bbd7502fd6,"Closest analogue, not equivalent: Noir binds challenge, type, origin, RP-ID hash, flags, and public key; the Circom counterpart omits several bindings. Native ProveKit exposes witness generation and proving as one integrated timed operation, so witness_time_ms is intentionally blank.",,,/Users/dcbuilder/Code/world/.worktrees/provekit-v1-cross-device-campaign/target/v1-benchmarks/input-to-proof/iphone/publication/warm/provekit/browserstack/1efe4e5c1c8a8aa1ff96b3ead080ac5ecac5c1c4/session-ba570bbe2981c642d91ca44182c0d8bbd7502fd6/bench-report.json,warm_reuse,3171.360292
input-to-proof-v1-20260807,webauthn_closest_analogue__iphone_se_2022__noir_barretenberg__cold_local-0,2026-08-09T10:49:25.000Z,iphone_se_2022,iPhone SE 2022,15.4,arm64,ios_native,,webauthn,closest-analogue,0fb5b4aa1398281c2fd3dbe14db147e05b61f201,noir_barretenberg,noir,barretenberg-rs-4.2.0-aztecnr-rc.2,acvm-beta19,warmup,0,ok,,1033.621084,4173.030667,,5206.651875,540.0625,21092,271131517,271127379,271131517,,input-to-proof-v1,0fb5b4aa1398281c2fd3dbe14db147e05b61f201,"{""mopro"":""0.3.7"",""barretenberg_rs"":""4.2.0-aztecnr-rc.2"",""noir"":""1.0.0-beta.19""}","{""raw_evidence_sha256"":[{""report_sha256"":""a2b128e6872945c436400cc5fb046c9b1cd41ae7e61ff4c82ec992c9cb597d72"",""session_sha256"":""ed52606113b51d18d43e17ddadffb4be7a3657d8fb1d71d77d4a2e159be20229"",""build_sha256"":""c74d9853403223c29e6fd3a9d5f1154d3c946a13128b10e48933eadcf0b10e4b""}]}",8bbe2ac26b9ae7df3feed3e938a2e408709d7167/95c8e60b26c9d9274a1eca0e19c523f6c78043ee,"Closest analogue, not equivalent: Noir binds challenge, type, origin, RP-ID hash, flags, and public key; the Circom counterpart omits several bindings.",,,/Users/dcbuilder/Code/world/.worktrees/provekit-v1-cross-device-campaign/target/v1-benchmarks/input-to-proof/iphone/publication/cold/batch/remaining/8bbe2ac26b9ae7df3feed3e938a2e408709d7167/session-95c8e60b26c9d9274a1eca0e19c523f6c78043ee/bench-report.json,cold_local,5206.651875
input-to-proof-v1-20260807,webauthn_closest_analogue__iphone_se_2022__noir_barretenberg__cold_local-1,2026-08-09T10:49:25.000Z,iphone_se_2022,iPhone SE 2022,15.4,arm64,ios_native,,webauthn,closest-analogue,0fb5b4aa1398281c2fd3dbe14db147e05b61f201,noir_barretenberg,noir,barretenberg-rs-4.2.0-aztecnr-rc.2,acvm-beta19,measured,1,ok,,1043.084958,3994.710292,,5037.795458,528.109375,21092,271131517,271127379,271131517,,input-to-proof-v1,0fb5b4aa1398281c2fd3dbe14db147e05b61f201,"{""mopro"":""0.3.7"",""barretenberg_rs"":""4.2.0-aztecnr-rc.2"",""noir"":""1.0.0-beta.19""}","{""raw_evidence_sha256"":[{""report_sha256"":""a2b128e6872945c436400cc5fb046c9b1cd41ae7e61ff4c82ec992c9cb597d72"",""session_sha256"":""ed52606113b51d18d43e17ddadffb4be7a3657d8fb1d71d77d4a2e159be20229"",""build_sha256"":""c74d9853403223c29e6fd3a9d5f1154d3c946a13128b10e48933eadcf0b10e4b""}]}",8bbe2ac26b9ae7df3feed3e938a2e408709d7167/95c8e60b26c9d9274a1eca0e19c523f6c78043ee,"Closest analogue, not equivalent: Noir binds challenge, type, origin, RP-ID hash, flags, and public key; the Circom counterpart omits several bindings.",,,/Users/dcbuilder/Code/world/.worktrees/provekit-v1-cross-device-campaign/target/v1-benchmarks/input-to-proof/iphone/publication/cold/batch/remaining/8bbe2ac26b9ae7df3feed3e938a2e408709d7167/session-95c8e60b26c9d9274a1eca0e19c523f6c78043ee/bench-report.json,cold_local,5037.795458
input-to-proof-v1-20260807,webauthn_closest_analogue__iphone_se_2022__noir_barretenberg__cold_local-2,2026-08-09T10:49:25.000Z,iphone_se_2022,iPhone SE 2022,15.4,arm64,ios_native,,webauthn,closest-analogue,0fb5b4aa1398281c2fd3dbe14db147e05b61f201,noir_barretenberg,noir,barretenberg-rs-4.2.0-aztecnr-rc.2,acvm-beta19,measured,2,ok,,1072.522292,4008.883292,,5081.405667,554.0625,21092,271131517,271127379,271131517,,input-to-proof-v1,0fb5b4aa1398281c2fd3dbe14db147e05b61f201,"{""mopro"":""0.3.7"",""barretenberg_rs"":""4.2.0-aztecnr-rc.2"",""noir"":""1.0.0-beta.19""}","{""raw_evidence_sha256"":[{""report_sha256"":""a2b128e6872945c436400cc5fb046c9b1cd41ae7e61ff4c82ec992c9cb597d72"",""session_sha256"":""ed52606113b51d18d43e17ddadffb4be7a3657d8fb1d71d77d4a2e159be20229"",""build_sha256"":""c74d9853403223c29e6fd3a9d5f1154d3c946a13128b10e48933eadcf0b10e4b""}]}",8bbe2ac26b9ae7df3feed3e938a2e408709d7167/95c8e60b26c9d9274a1eca0e19c523f6c78043ee,"Closest analogue, not equivalent: Noir binds challenge, type, origin, RP-ID hash, flags, and public key; the Circom counterpart omits several bindings.",,,/Users/dcbuilder/Code/world/.worktrees/provekit-v1-cross-device-campaign/target/v1-benchmarks/input-to-proof/iphone/publication/cold/batch/remaining/8bbe2ac26b9ae7df3feed3e938a2e408709d7167/session-95c8e60b26c9d9274a1eca0e19c523f6c78043ee/bench-report.json,cold_local,5081.405667
input-to-proof-v1-20260807,webauthn_closest_analogue__iphone_se_2022__noir_barretenberg__cold_local-3,2026-08-09T10:49:25.000Z,iphone_se_2022,iPhone SE 2022,15.4,arm64,ios_native,,webauthn,closest-analogue,0fb5b4aa1398281c2fd3dbe14db147e05b61f201,noir_barretenberg,noir,barretenberg-rs-4.2.0-aztecnr-rc.2,acvm-beta19,measured,3,ok,,1055.143,4061.1945,,5116.337541,532.234375,21092,271131517,271127379,271131517,,input-to-proof-v1,0fb5b4aa1398281c2fd3dbe14db147e05b61f201,"{""mopro"":""0.3.7"",""barretenberg_rs"":""4.2.0-aztecnr-rc.2"",""noir"":""1.0.0-beta.19""}","{""raw_evidence_sha256"":[{""report_sha256"":""a2b128e6872945c436400cc5fb046c9b1cd41ae7e61ff4c82ec992c9cb597d72"",""session_sha256"":""ed52606113b51d18d43e17ddadffb4be7a3657d8fb1d71d77d4a2e159be20229"",""build_sha256"":""c74d9853403223c29e6fd3a9d5f1154d3c946a13128b10e48933eadcf0b10e4b""}]}",8bbe2ac26b9ae7df3feed3e938a2e408709d7167/95c8e60b26c9d9274a1eca0e19c523f6c78043ee,"Closest analogue, not equivalent: Noir binds challenge, type, origin, RP-ID hash, flags, and public key; the Circom counterpart omits several bindings.",,,/Users/dcbuilder/Code/world/.worktrees/provekit-v1-cross-device-campaign/target/v1-benchmarks/input-to-proof/iphone/publication/cold/batch/remaining/8bbe2ac26b9ae7df3feed3e938a2e408709d7167/session-95c8e60b26c9d9274a1eca0e19c523f6c78043ee/bench-report.json,cold_local,5116.337541
input-to-proof-v1-20260807,webauthn_closest_analogue__iphone_se_2022__noir_barretenberg__cold_local-4,2026-08-09T10:49:25.000Z,iphone_se_2022,iPhone SE 2022,15.4,arm64,ios_native,,webauthn,closest-analogue,0fb5b4aa1398281c2fd3dbe14db147e05b61f201,noir_barretenberg,noir,barretenberg-rs-4.2.0-aztecnr-rc.2,acvm-beta19,measured,4,ok,,1069.207583,4225.806417,,5295.014083,536.609375,21092,271131517,271127379,271131517,,input-to-proof-v1,0fb5b4aa1398281c2fd3dbe14db147e05b61f201,"{""mopro"":""0.3.7"",""barretenberg_rs"":""4.2.0-aztecnr-rc.2"",""noir"":""1.0.0-beta.19""}","{""raw_evidence_sha256"":[{""report_sha256"":""a2b128e6872945c436400cc5fb046c9b1cd41ae7e61ff4c82ec992c9cb597d72"",""session_sha256"":""ed52606113b51d18d43e17ddadffb4be7a3657d8fb1d71d77d4a2e159be20229"",""build_sha256"":""c74d9853403223c29e6fd3a9d5f1154d3c946a13128b10e48933eadcf0b10e4b""}]}",8bbe2ac26b9ae7df3feed3e938a2e408709d7167/95c8e60b26c9d9274a1eca0e19c523f6c78043ee,"Closest analogue, not equivalent: Noir binds challenge, type, origin, RP-ID hash, flags, and public key; the Circom counterpart omits several bindings.",,,/Users/dcbuilder/Code/world/.worktrees/provekit-v1-cross-device-campaign/target/v1-benchmarks/input-to-proof/iphone/publication/cold/batch/remaining/8bbe2ac26b9ae7df3feed3e938a2e408709d7167/session-95c8e60b26c9d9274a1eca0e19c523f6c78043ee/bench-report.json,cold_local,5295.014083
input-to-proof-v1-20260807,webauthn_closest_analogue__iphone_se_2022__noir_barretenberg__cold_local-5,2026-08-09T10:49:25.000Z,iphone_se_2022,iPhone SE 2022,15.4,arm64,ios_native,,webauthn,closest-analogue,0fb5b4aa1398281c2fd3dbe14db147e05b61f201,noir_barretenberg,noir,barretenberg-rs-4.2.0-aztecnr-rc.2,acvm-beta19,measured,5,ok,,1135.534583,4131.623625,,5267.158292,537.203125,21092,271131517,271127379,271131517,,input-to-proof-v1,0fb5b4aa1398281c2fd3dbe14db147e05b61f201,"{""mopro"":""0.3.7"",""barretenberg_rs"":""4.2.0-aztecnr-rc.2"",""noir"":""1.0.0-beta.19""}","{""raw_evidence_sha256"":[{""report_sha256"":""a2b128e6872945c436400cc5fb046c9b1cd41ae7e61ff4c82ec992c9cb597d72"",""session_sha256"":""ed52606113b51d18d43e17ddadffb4be7a3657d8fb1d71d77d4a2e159be20229"",""build_sha256"":""c74d9853403223c29e6fd3a9d5f1154d3c946a13128b10e48933eadcf0b10e4b""}]}",8bbe2ac26b9ae7df3feed3e938a2e408709d7167/95c8e60b26c9d9274a1eca0e19c523f6c78043ee,"Closest analogue, not equivalent: Noir binds challenge, type, origin, RP-ID hash, flags, and public key; the Circom counterpart omits several bindings.",,,/Users/dcbuilder/Code/world/.worktrees/provekit-v1-cross-device-campaign/target/v1-benchmarks/input-to-proof/iphone/publication/cold/batch/remaining/8bbe2ac26b9ae7df3feed3e938a2e408709d7167/session-95c8e60b26c9d9274a1eca0e19c523f6c78043ee/bench-report.json,cold_local,5267.158292
input-to-proof-v1-20260807,webauthn_closest_analogue__iphone_se_2022__noir_barretenberg__warm_reuse-0,2026-08-07T19:22:38.000Z,iphone_se_2022,iPhone SE 2022,15.4,arm64,ios_native,,webauthn,closest-analogue,0fb5b4aa1398281c2fd3dbe14db147e05b61f201,noir_barretenberg,noir,barretenberg-rs-4.2.0-aztecnr-rc.2,acvm-beta19,warmup,0,ok,,1022.695417,4024.849833,,5047.545875,,21092,271131517,271127379,271131517,,input-to-proof-v1,0fb5b4aa1398281c2fd3dbe14db147e05b61f201,"{""mopro"":""0.3.7"",""barretenberg_rs"":""4.2.0-aztecnr-rc.2"",""noir"":""1.0.0-beta.19""}","{""raw_evidence_sha256"":[{""report_sha256"":""d5677fd347cd599e1d34faf99cb71c7c628f7ff8dab42b4cbacb374895928479"",""session_sha256"":""c923c6561e5bdd640d11a7b7a4efd7a5daff8748ee8de9e54057ab88e248e3b0"",""build_sha256"":""24872c6ca86e462821d2f00960abd56e6c3c20b3de837e5109de4685cd6e36d6""}]}",5fc92aa790d0ef36ecab56993b32f502bc379f00/27cc9f9655c0069cdc44133c1fb864fc202abf3c,"Closest analogue, not equivalent: Noir binds challenge, type, origin, RP-ID hash, flags, and public key; the Circom counterpart omits several bindings.",,,/Users/dcbuilder/Code/world/.worktrees/provekit-v1-cross-device-campaign/target/v1-benchmarks/input-to-proof/iphone/publication/warm/noir/browserstack/5fc92aa790d0ef36ecab56993b32f502bc379f00/session-27cc9f9655c0069cdc44133c1fb864fc202abf3c/bench-report.json,warm_reuse,5047.545875
input-to-proof-v1-20260807,webauthn_closest_analogue__iphone_se_2022__noir_barretenberg__warm_reuse-1,2026-08-07T19:22:38.000Z,iphone_se_2022,iPhone SE 2022,15.4,arm64,ios_native,,webauthn,closest-analogue,0fb5b4aa1398281c2fd3dbe14db147e05b61f201,noir_barretenberg,noir,barretenberg-rs-4.2.0-aztecnr-rc.2,acvm-beta19,measured,1,ok,,1091.779125,4019.158917,,5110.938125,566.609375,21092,271131517,271127379,271131517,,input-to-proof-v1,0fb5b4aa1398281c2fd3dbe14db147e05b61f201,"{""mopro"":""0.3.7"",""barretenberg_rs"":""4.2.0-aztecnr-rc.2"",""noir"":""1.0.0-beta.19""}","{""raw_evidence_sha256"":[{""report_sha256"":""d5677fd347cd599e1d34faf99cb71c7c628f7ff8dab42b4cbacb374895928479"",""session_sha256"":""c923c6561e5bdd640d11a7b7a4efd7a5daff8748ee8de9e54057ab88e248e3b0"",""build_sha256"":""24872c6ca86e462821d2f00960abd56e6c3c20b3de837e5109de4685cd6e36d6""}]}",5fc92aa790d0ef36ecab56993b32f502bc379f00/27cc9f9655c0069cdc44133c1fb864fc202abf3c,"Closest analogue, not equivalent: Noir binds challenge, type, origin, RP-ID hash, flags, and public key; the Circom counterpart omits several bindings.",,,/Users/dcbuilder/Code/world/.worktrees/provekit-v1-cross-device-campaign/target/v1-benchmarks/input-to-proof/iphone/publication/warm/noir/browserstack/5fc92aa790d0ef36ecab56993b32f502bc379f00/session-27cc9f9655c0069cdc44133c1fb864fc202abf3c/bench-report.json,warm_reuse,5110.938125
input-to-proof-v1-20260807,webauthn_closest_analogue__iphone_se_2022__noir_barretenberg__warm_reuse-2,2026-08-07T19:22:38.000Z,iphone_se_2022,iPhone SE 2022,15.4,arm64,ios_native,,webauthn,closest-analogue,0fb5b4aa1398281c2fd3dbe14db147e05b61f201,noir_barretenberg,noir,barretenberg-rs-4.2.0-aztecnr-rc.2,acvm-beta19,measured,2,ok,,1130.776875,4098.645125,,5229.422041,570.34375,21092,271131517,271127379,271131517,,input-to-proof-v1,0fb5b4aa1398281c2fd3dbe14db147e05b61f201,"{""mopro"":""0.3.7"",""barretenberg_rs"":""4.2.0-aztecnr-rc.2"",""noir"":""1.0.0-beta.19""}","{""raw_evidence_sha256"":[{""report_sha256"":""d5677fd347cd599e1d34faf99cb71c7c628f7ff8dab42b4cbacb374895928479"",""session_sha256"":""c923c6561e5bdd640d11a7b7a4efd7a5daff8748ee8de9e54057ab88e248e3b0"",""build_sha256"":""24872c6ca86e462821d2f00960abd56e6c3c20b3de837e5109de4685cd6e36d6""}]}",5fc92aa790d0ef36ecab56993b32f502bc379f00/27cc9f9655c0069cdc44133c1fb864fc202abf3c,"Closest analogue, not equivalent: Noir binds challenge, type, origin, RP-ID hash, flags, and public key; the Circom counterpart omits several bindings.",,,/Users/dcbuilder/Code/world/.worktrees/provekit-v1-cross-device-campaign/target/v1-benchmarks/input-to-proof/iphone/publication/warm/noir/browserstack/5fc92aa790d0ef36ecab56993b32f502bc379f00/session-27cc9f9655c0069cdc44133c1fb864fc202abf3c/bench-report.json,warm_reuse,5229.422041
input-to-proof-v1-20260807,webauthn_closest_analogue__iphone_se_2022__noir_barretenberg__warm_reuse-3,2026-08-07T19:22:38.000Z,iphone_se_2022,iPhone SE 2022,15.4,arm64,ios_native,,webauthn,closest-analogue,0fb5b4aa1398281c2fd3dbe14db147e05b61f201,noir_barretenberg,noir,barretenberg-rs-4.2.0-aztecnr-rc.2,acvm-beta19,measured,3,ok,,1155.52975,3930.39975,,5085.929583,566.734375,21092,271131517,271127379,271131517,,input-to-proof-v1,0fb5b4aa1398281c2fd3dbe14db147e05b61f201,"{""mopro"":""0.3.7"",""barretenberg_rs"":""4.2.0-aztecnr-rc.2"",""noir"":""1.0.0-beta.19""}","{""raw_evidence_sha256"":[{""report_sha256"":""d5677fd347cd599e1d34faf99cb71c7c628f7ff8dab42b4cbacb374895928479"",""session_sha256"":""c923c6561e5bdd640d11a7b7a4efd7a5daff8748ee8de9e54057ab88e248e3b0"",""build_sha256"":""24872c6ca86e462821d2f00960abd56e6c3c20b3de837e5109de4685cd6e36d6""}]}",5fc92aa790d0ef36ecab56993b32f502bc379f00/27cc9f9655c0069cdc44133c1fb864fc202abf3c,"Closest analogue, not equivalent: Noir binds challenge, type, origin, RP-ID hash, flags, and public key; the Circom counterpart omits several bindings.",,,/Users/dcbuilder/Code/world/.worktrees/provekit-v1-cross-device-campaign/target/v1-benchmarks/input-to-proof/iphone/publication/warm/noir/browserstack/5fc92aa790d0ef36ecab56993b32f502bc379f00/session-27cc9f9655c0069cdc44133c1fb864fc202abf3c/bench-report.json,warm_reuse,5085.929583
input-to-proof-v1-20260807,webauthn_closest_analogue__iphone_se_2022__noir_barretenberg__warm_reuse-4,2026-08-07T19:22:38.000Z,iphone_se_2022,iPhone SE 2022,15.4,arm64,ios_native,,webauthn,closest-analogue,0fb5b4aa1398281c2fd3dbe14db147e05b61f201,noir_barretenberg,noir,barretenberg-rs-4.2.0-aztecnr-rc.2,acvm-beta19,measured,4,ok,,1161.810417,4184.801375,,5346.612,581.46875,21092,271131517,271127379,271131517,,input-to-proof-v1,0fb5b4aa1398281c2fd3dbe14db147e05b61f201,"{""mopro"":""0.3.7"",""barretenberg_rs"":""4.2.0-aztecnr-rc.2"",""noir"":""1.0.0-beta.19""}","{""raw_evidence_sha256"":[{""report_sha256"":""d5677fd347cd599e1d34faf99cb71c7c628f7ff8dab42b4cbacb374895928479"",""session_sha256"":""c923c6561e5bdd640d11a7b7a4efd7a5daff8748ee8de9e54057ab88e248e3b0"",""build_sha256"":""24872c6ca86e462821d2f00960abd56e6c3c20b3de837e5109de4685cd6e36d6""}]}",5fc92aa790d0ef36ecab56993b32f502bc379f00/27cc9f9655c0069cdc44133c1fb864fc202abf3c,"Closest analogue, not equivalent: Noir binds challenge, type, origin, RP-ID hash, flags, and public key; the Circom counterpart omits several bindings.",,,/Users/dcbuilder/Code/world/.worktrees/provekit-v1-cross-device-campaign/target/v1-benchmarks/input-to-proof/iphone/publication/warm/noir/browserstack/5fc92aa790d0ef36ecab56993b32f502bc379f00/session-27cc9f9655c0069cdc44133c1fb864fc202abf3c/bench-report.json,warm_reuse,5346.612
input-to-proof-v1-20260807,webauthn_closest_analogue__iphone_se_2022__noir_barretenberg__warm_reuse-5,2026-08-07T19:22:38.000Z,iphone_se_2022,iPhone SE 2022,15.4,arm64,ios_native,,webauthn,closest-analogue,0fb5b4aa1398281c2fd3dbe14db147e05b61f201,noir_barretenberg,noir,barretenberg-rs-4.2.0-aztecnr-rc.2,acvm-beta19,measured,5,ok,,1180.926959,4172.13675,,5353.063792,585.859375,21092,271131517,271127379,271131517,,input-to-proof-v1,0fb5b4aa1398281c2fd3dbe14db147e05b61f201,"{""mopro"":""0.3.7"",""barretenberg_rs"":""4.2.0-aztecnr-rc.2"",""noir"":""1.0.0-beta.19""}","{""raw_evidence_sha256"":[{""report_sha256"":""d5677fd347cd599e1d34faf99cb71c7c628f7ff8dab42b4cbacb374895928479"",""session_sha256"":""c923c6561e5bdd640d11a7b7a4efd7a5daff8748ee8de9e54057ab88e248e3b0"",""build_sha256"":""24872c6ca86e462821d2f00960abd56e6c3c20b3de837e5109de4685cd6e36d6""}]}",5fc92aa790d0ef36ecab56993b32f502bc379f00/27cc9f9655c0069cdc44133c1fb864fc202abf3c,"Closest analogue, not equivalent: Noir binds challenge, type, origin, RP-ID hash, flags, and public key; the Circom counterpart omits several bindings.",,,/Users/dcbuilder/Code/world/.worktrees/provekit-v1-cross-device-campaign/target/v1-benchmarks/input-to-proof/iphone/publication/warm/noir/browserstack/5fc92aa790d0ef36ecab56993b32f502bc379f00/session-27cc9f9655c0069cdc44133c1fb864fc202abf3c/bench-report.json,warm_reuse,5353.063792
input-to-proof-v1-20260807,webauthn_closest_analogue__iphone_se_2022__circom_groth16__cold_local-0,2026-08-09T16:30:12.000Z,iphone_se_2022,iPhone SE 2022,15.4,arm64,ios_native,,webauthn,closest-analogue,0fb5b4aa1398281c2fd3dbe14db147e05b61f201,circom_groth16,circom,rust-rapidsnark-0.1.4,rust-witness-0.1.6,warmup,0,ok,,102420.876125,39876.665209,,142297.541375,872.21875,1002,1753618376,1733145772,1753618376,,input-to-proof-v1,0fb5b4aa1398281c2fd3dbe14db147e05b61f201,"{""rust_rapidsnark"":""0.1.4"",""rust_witness"":""0.1.6"",""circom"":""2.2.2""}","{""raw_evidence_sha256"":[{""report_sha256"":""e953fe0a8d3de37d9e90d74c04559d5c867a927de9f126f4efb7520753bac163"",""session_sha256"":""213ee70fc0eb5b10260923b52afe850b275bcbedf644c01fd921e4764ab492eb"",""build_sha256"":""869bf1ba2521efdb5f20700a259335bab0fbb3c1f1fa607264a2b3339b3497cf""}]}",4444b2c60a355abbbdd551a13e259ad5af91721c/f2ff053279bafbd2e85fd4831286e3a647c26f61,"Closest analogue, not equivalent: Noir binds challenge, type, origin, RP-ID hash, flags, and public key; the Circom counterpart omits several bindings.",,,/Users/dcbuilder/Code/world/.worktrees/provekit-v1-cross-device-campaign/target/v1-benchmarks/input-to-proof/iphone/publication/cold/batch/circom/4444b2c60a355abbbdd551a13e259ad5af91721c/session-f2ff053279bafbd2e85fd4831286e3a647c26f61/bench-report.json,cold_local,142297.541375
input-to-proof-v1-20260807,webauthn_closest_analogue__iphone_se_2022__circom_groth16__cold_local-1,2026-08-09T16:30:12.000Z,iphone_se_2022,iPhone SE 2022,15.4,arm64,ios_native,,webauthn,closest-analogue,0fb5b4aa1398281c2fd3dbe14db147e05b61f201,circom_groth16,circom,rust-rapidsnark-0.1.4,rust-witness-0.1.6,measured,1,ok,,106936.38175,40870.077917,,147806.459792,862,1001,1753618376,1733145772,1753618376,,input-to-proof-v1,0fb5b4aa1398281c2fd3dbe14db147e05b61f201,"{""rust_rapidsnark"":""0.1.4"",""rust_witness"":""0.1.6"",""circom"":""2.2.2""}","{""raw_evidence_sha256"":[{""report_sha256"":""e953fe0a8d3de37d9e90d74c04559d5c867a927de9f126f4efb7520753bac163"",""session_sha256"":""213ee70fc0eb5b10260923b52afe850b275bcbedf644c01fd921e4764ab492eb"",""build_sha256"":""869bf1ba2521efdb5f20700a259335bab0fbb3c1f1fa607264a2b3339b3497cf""}]}",4444b2c60a355abbbdd551a13e259ad5af91721c/f2ff053279bafbd2e85fd4831286e3a647c26f61,"Closest analogue, not equivalent: Noir binds challenge, type, origin, RP-ID hash, flags, and public key; the Circom counterpart omits several bindings.",,,/Users/dcbuilder/Code/world/.worktrees/provekit-v1-cross-device-campaign/target/v1-benchmarks/input-to-proof/iphone/publication/cold/batch/circom/4444b2c60a355abbbdd551a13e259ad5af91721c/session-f2ff053279bafbd2e85fd4831286e3a647c26f61/bench-report.json,cold_local,147806.459792
input-to-proof-v1-20260807,webauthn_closest_analogue__iphone_se_2022__circom_groth16__cold_local-2,2026-08-09T16:30:12.000Z,iphone_se_2022,iPhone SE 2022,15.4,arm64,ios_native,,webauthn,closest-analogue,0fb5b4aa1398281c2fd3dbe14db147e05b61f201,circom_groth16,circom,rust-rapidsnark-0.1.4,rust-witness-0.1.6,measured,2,ok,,111014.192708,41400.739833,,152414.932583,867.203125,1003,1753618376,1733145772,1753618376,,input-to-proof-v1,0fb5b4aa1398281c2fd3dbe14db147e05b61f201,"{""rust_rapidsnark"":""0.1.4"",""rust_witness"":""0.1.6"",""circom"":""2.2.2""}","{""raw_evidence_sha256"":[{""report_sha256"":""e953fe0a8d3de37d9e90d74c04559d5c867a927de9f126f4efb7520753bac163"",""session_sha256"":""213ee70fc0eb5b10260923b52afe850b275bcbedf644c01fd921e4764ab492eb"",""build_sha256"":""869bf1ba2521efdb5f20700a259335bab0fbb3c1f1fa607264a2b3339b3497cf""}]}",4444b2c60a355abbbdd551a13e259ad5af91721c/f2ff053279bafbd2e85fd4831286e3a647c26f61,"Closest analogue, not equivalent: Noir binds challenge, type, origin, RP-ID hash, flags, and public key; the Circom counterpart omits several bindings.",,,/Users/dcbuilder/Code/world/.worktrees/provekit-v1-cross-device-campaign/target/v1-benchmarks/input-to-proof/iphone/publication/cold/batch/circom/4444b2c60a355abbbdd551a13e259ad5af91721c/session-f2ff053279bafbd2e85fd4831286e3a647c26f61/bench-report.json,cold_local,152414.932583
input-to-proof-v1-20260807,webauthn_closest_analogue__iphone_se_2022__circom_groth16__cold_local-3,2026-08-09T16:30:12.000Z,iphone_se_2022,iPhone SE 2022,15.4,arm64,ios_native,,webauthn,closest-analogue,0fb5b4aa1398281c2fd3dbe14db147e05b61f201,circom_groth16,circom,rust-rapidsnark-0.1.4,rust-witness-0.1.6,measured,3,ok,,109002.410042,40991.395834,,149993.805958,866.984375,1000,1753618376,1733145772,1753618376,,input-to-proof-v1,0fb5b4aa1398281c2fd3dbe14db147e05b61f201,"{""rust_rapidsnark"":""0.1.4"",""rust_witness"":""0.1.6"",""circom"":""2.2.2""}","{""raw_evidence_sha256"":[{""report_sha256"":""e953fe0a8d3de37d9e90d74c04559d5c867a927de9f126f4efb7520753bac163"",""session_sha256"":""213ee70fc0eb5b10260923b52afe850b275bcbedf644c01fd921e4764ab492eb"",""build_sha256"":""869bf1ba2521efdb5f20700a259335bab0fbb3c1f1fa607264a2b3339b3497cf""}]}",4444b2c60a355abbbdd551a13e259ad5af91721c/f2ff053279bafbd2e85fd4831286e3a647c26f61,"Closest analogue, not equivalent: Noir binds challenge, type, origin, RP-ID hash, flags, and public key; the Circom counterpart omits several bindings.",,,/Users/dcbuilder/Code/world/.worktrees/provekit-v1-cross-device-campaign/target/v1-benchmarks/input-to-proof/iphone/publication/cold/batch/circom/4444b2c60a355abbbdd551a13e259ad5af91721c/session-f2ff053279bafbd2e85fd4831286e3a647c26f61/bench-report.json,cold_local,149993.805958
input-to-proof-v1-20260807,webauthn_closest_analogue__iphone_se_2022__circom_groth16__cold_local-4,2026-08-09T16:30:12.000Z,iphone_se_2022,iPhone SE 2022,15.4,arm64,ios_native,,webauthn,closest-analogue,0fb5b4aa1398281c2fd3dbe14db147e05b61f201,circom_groth16,circom,rust-rapidsnark-0.1.4,rust-witness-0.1.6,measured,4,ok,,110082.735042,41763.033666,,151845.768833,866.984375,1004,1753618376,1733145772,1753618376,,input-to-proof-v1,0fb5b4aa1398281c2fd3dbe14db147e05b61f201,"{""rust_rapidsnark"":""0.1.4"",""rust_witness"":""0.1.6"",""circom"":""2.2.2""}","{""raw_evidence_sha256"":[{""report_sha256"":""e953fe0a8d3de37d9e90d74c04559d5c867a927de9f126f4efb7520753bac163"",""session_sha256"":""213ee70fc0eb5b10260923b52afe850b275bcbedf644c01fd921e4764ab492eb"",""build_sha256"":""869bf1ba2521efdb5f20700a259335bab0fbb3c1f1fa607264a2b3339b3497cf""}]}",4444b2c60a355abbbdd551a13e259ad5af91721c/f2ff053279bafbd2e85fd4831286e3a647c26f61,"Closest analogue, not equivalent: Noir binds challenge, type, origin, RP-ID hash, flags, and public key; the Circom counterpart omits several bindings.",,,/Users/dcbuilder/Code/world/.worktrees/provekit-v1-cross-device-campaign/target/v1-benchmarks/input-to-proof/iphone/publication/cold/batch/circom/4444b2c60a355abbbdd551a13e259ad5af91721c/session-f2ff053279bafbd2e85fd4831286e3a647c26f61/bench-report.json,cold_local,151845.768833
input-to-proof-v1-20260807,webauthn_closest_analogue__iphone_se_2022__circom_groth16__cold_local-5,2026-08-09T16:30:12.000Z,iphone_se_2022,iPhone SE 2022,15.4,arm64,ios_native,,webauthn,closest-analogue,0fb5b4aa1398281c2fd3dbe14db147e05b61f201,circom_groth16,circom,rust-rapidsnark-0.1.4,rust-witness-0.1.6,measured,5,ok,,110299.300084,41123.632709,,151422.932916,866.984375,1004,1753618376,1733145772,1753618376,,input-to-proof-v1,0fb5b4aa1398281c2fd3dbe14db147e05b61f201,"{""rust_rapidsnark"":""0.1.4"",""rust_witness"":""0.1.6"",""circom"":""2.2.2""}","{""raw_evidence_sha256"":[{""report_sha256"":""e953fe0a8d3de37d9e90d74c04559d5c867a927de9f126f4efb7520753bac163"",""session_sha256"":""213ee70fc0eb5b10260923b52afe850b275bcbedf644c01fd921e4764ab492eb"",""build_sha256"":""869bf1ba2521efdb5f20700a259335bab0fbb3c1f1fa607264a2b3339b3497cf""}]}",4444b2c60a355abbbdd551a13e259ad5af91721c/f2ff053279bafbd2e85fd4831286e3a647c26f61,"Closest analogue, not equivalent: Noir binds challenge, type, origin, RP-ID hash, flags, and public key; the Circom counterpart omits several bindings.",,,/Users/dcbuilder/Code/world/.worktrees/provekit-v1-cross-device-campaign/target/v1-benchmarks/input-to-proof/iphone/publication/cold/batch/circom/4444b2c60a355abbbdd551a13e259ad5af91721c/session-f2ff053279bafbd2e85fd4831286e3a647c26f61/bench-report.json,cold_local,151422.932916
input-to-proof-v1-20260807,webauthn_closest_analogue__iphone_se_2022__circom_groth16__warm_reuse-0,2026-08-09T09:57:16.000Z,iphone_se_2022,iPhone SE 2022,15.4,arm64,ios_native,,webauthn,closest-analogue,0fb5b4aa1398281c2fd3dbe14db147e05b61f201,circom_groth16,circom,rust-rapidsnark-0.1.4,rust-witness-0.1.6,warmup,0,ok,,100787.023042,39877.106875,,140664.130291,,1002,1753618376,1733145772,1753618376,,input-to-proof-v1,0fb5b4aa1398281c2fd3dbe14db147e05b61f201,"{""rust_rapidsnark"":""0.1.4"",""rust_witness"":""0.1.6"",""circom"":""2.2.2""}","{""raw_evidence_sha256"":[{""report_sha256"":""a76ff762fef690bdb1c106f00e0e74e8174bb83a26217993fa592570d906d585"",""session_sha256"":""9cf83eea9f2d78a46dfe7ee3ced9ff52c2f3f890dcf20e9ef02ed99473889619"",""build_sha256"":""20b6f304f016be89cbbf49cbdacbe3916dd16901d85785965f8020fc621505ae""}]}",647d562d13e151b65ba2e1668bb78ae525fcc3bf/5d33e9dd67d29491f513c77e94fb309afea72abe,"Closest analogue, not equivalent: Noir binds challenge, type, origin, RP-ID hash, flags, and public key; the Circom counterpart omits several bindings.",,,/Users/dcbuilder/Code/world/.worktrees/provekit-v1-cross-device-campaign/target/v1-benchmarks/input-to-proof/iphone/publication/warm/circom-webauthn/647d562d13e151b65ba2e1668bb78ae525fcc3bf/session-5d33e9dd67d29491f513c77e94fb309afea72abe/bench-report.json,warm_reuse,140664.130291
input-to-proof-v1-20260807,webauthn_closest_analogue__iphone_se_2022__circom_groth16__warm_reuse-1,2026-08-09T09:57:16.000Z,iphone_se_2022,iPhone SE 2022,15.4,arm64,ios_native,,webauthn,closest-analogue,0fb5b4aa1398281c2fd3dbe14db147e05b61f201,circom_groth16,circom,rust-rapidsnark-0.1.4,rust-witness-0.1.6,measured,1,ok,,102831.955084,39591.856292,,142423.8115,869.40625,1001,1753618376,1733145772,1753618376,,input-to-proof-v1,0fb5b4aa1398281c2fd3dbe14db147e05b61f201,"{""rust_rapidsnark"":""0.1.4"",""rust_witness"":""0.1.6"",""circom"":""2.2.2""}","{""raw_evidence_sha256"":[{""report_sha256"":""a76ff762fef690bdb1c106f00e0e74e8174bb83a26217993fa592570d906d585"",""session_sha256"":""9cf83eea9f2d78a46dfe7ee3ced9ff52c2f3f890dcf20e9ef02ed99473889619"",""build_sha256"":""20b6f304f016be89cbbf49cbdacbe3916dd16901d85785965f8020fc621505ae""}]}",647d562d13e151b65ba2e1668bb78ae525fcc3bf/5d33e9dd67d29491f513c77e94fb309afea72abe,"Closest analogue, not equivalent: Noir binds challenge, type, origin, RP-ID hash, flags, and public key; the Circom counterpart omits several bindings.",,,/Users/dcbuilder/Code/world/.worktrees/provekit-v1-cross-device-campaign/target/v1-benchmarks/input-to-proof/iphone/publication/warm/circom-webauthn/647d562d13e151b65ba2e1668bb78ae525fcc3bf/session-5d33e9dd67d29491f513c77e94fb309afea72abe/bench-report.json,warm_reuse,142423.8115
input-to-proof-v1-20260807,webauthn_closest_analogue__iphone_se_2022__circom_groth16__warm_reuse-2,2026-08-09T09:57:16.000Z,iphone_se_2022,iPhone SE 2022,15.4,arm64,ios_native,,webauthn,closest-analogue,0fb5b4aa1398281c2fd3dbe14db147e05b61f201,circom_groth16,circom,rust-rapidsnark-0.1.4,rust-witness-0.1.6,measured,2,ok,,103634.922416,39590.931875,,143225.854375,860.1875,1002,1753618376,1733145772,1753618376,,input-to-proof-v1,0fb5b4aa1398281c2fd3dbe14db147e05b61f201,"{""rust_rapidsnark"":""0.1.4"",""rust_witness"":""0.1.6"",""circom"":""2.2.2""}","{""raw_evidence_sha256"":[{""report_sha256"":""a76ff762fef690bdb1c106f00e0e74e8174bb83a26217993fa592570d906d585"",""session_sha256"":""9cf83eea9f2d78a46dfe7ee3ced9ff52c2f3f890dcf20e9ef02ed99473889619"",""build_sha256"":""20b6f304f016be89cbbf49cbdacbe3916dd16901d85785965f8020fc621505ae""}]}",647d562d13e151b65ba2e1668bb78ae525fcc3bf/5d33e9dd67d29491f513c77e94fb309afea72abe,"Closest analogue, not equivalent: Noir binds challenge, type, origin, RP-ID hash, flags, and public key; the Circom counterpart omits several bindings.",,,/Users/dcbuilder/Code/world/.worktrees/provekit-v1-cross-device-campaign/target/v1-benchmarks/input-to-proof/iphone/publication/warm/circom-webauthn/647d562d13e151b65ba2e1668bb78ae525fcc3bf/session-5d33e9dd67d29491f513c77e94fb309afea72abe/bench-report.json,warm_reuse,143225.854375
input-to-proof-v1-20260807,webauthn_closest_analogue__iphone_se_2022__circom_groth16__warm_reuse-3,2026-08-09T09:57:16.000Z,iphone_se_2022,iPhone SE 2022,15.4,arm64,ios_native,,webauthn,closest-analogue,0fb5b4aa1398281c2fd3dbe14db147e05b61f201,circom_groth16,circom,rust-rapidsnark-0.1.4,rust-witness-0.1.6,measured,3,ok,,103800.913625,39740.896375,,143541.810125,865.625,1002,1753618376,1733145772,1753618376,,input-to-proof-v1,0fb5b4aa1398281c2fd3dbe14db147e05b61f201,"{""rust_rapidsnark"":""0.1.4"",""rust_witness"":""0.1.6"",""circom"":""2.2.2""}","{""raw_evidence_sha256"":[{""report_sha256"":""a76ff762fef690bdb1c106f00e0e74e8174bb83a26217993fa592570d906d585"",""session_sha256"":""9cf83eea9f2d78a46dfe7ee3ced9ff52c2f3f890dcf20e9ef02ed99473889619"",""build_sha256"":""20b6f304f016be89cbbf49cbdacbe3916dd16901d85785965f8020fc621505ae""}]}",647d562d13e151b65ba2e1668bb78ae525fcc3bf/5d33e9dd67d29491f513c77e94fb309afea72abe,"Closest analogue, not equivalent: Noir binds challenge, type, origin, RP-ID hash, flags, and public key; the Circom counterpart omits several bindings.",,,/Users/dcbuilder/Code/world/.worktrees/provekit-v1-cross-device-campaign/target/v1-benchmarks/input-to-proof/iphone/publication/warm/circom-webauthn/647d562d13e151b65ba2e1668bb78ae525fcc3bf/session-5d33e9dd67d29491f513c77e94fb309afea72abe/bench-report.json,warm_reuse,143541.810125
input-to-proof-v1-20260807,webauthn_closest_analogue__iphone_se_2022__circom_groth16__warm_reuse-4,2026-08-09T09:57:16.000Z,iphone_se_2022,iPhone SE 2022,15.4,arm64,ios_native,,webauthn,closest-analogue,0fb5b4aa1398281c2fd3dbe14db147e05b61f201,circom_groth16,circom,rust-rapidsnark-0.1.4,rust-witness-0.1.6,measured,4,ok,,104146.095833,40541.362334,,144687.458208,864.765625,1000,1753618376,1733145772,1753618376,,input-to-proof-v1,0fb5b4aa1398281c2fd3dbe14db147e05b61f201,"{""rust_rapidsnark"":""0.1.4"",""rust_witness"":""0.1.6"",""circom"":""2.2.2""}","{""raw_evidence_sha256"":[{""report_sha256"":""a76ff762fef690bdb1c106f00e0e74e8174bb83a26217993fa592570d906d585"",""session_sha256"":""9cf83eea9f2d78a46dfe7ee3ced9ff52c2f3f890dcf20e9ef02ed99473889619"",""build_sha256"":""20b6f304f016be89cbbf49cbdacbe3916dd16901d85785965f8020fc621505ae""}]}",647d562d13e151b65ba2e1668bb78ae525fcc3bf/5d33e9dd67d29491f513c77e94fb309afea72abe,"Closest analogue, not equivalent: Noir binds challenge, type, origin, RP-ID hash, flags, and public key; the Circom counterpart omits several bindings.",,,/Users/dcbuilder/Code/world/.worktrees/provekit-v1-cross-device-campaign/target/v1-benchmarks/input-to-proof/iphone/publication/warm/circom-webauthn/647d562d13e151b65ba2e1668bb78ae525fcc3bf/session-5d33e9dd67d29491f513c77e94fb309afea72abe/bench-report.json,warm_reuse,144687.458208
input-to-proof-v1-20260807,webauthn_closest_analogue__iphone_se_2022__circom_groth16__warm_reuse-5,2026-08-09T09:57:16.000Z,iphone_se_2022,iPhone SE 2022,15.4,arm64,ios_native,,webauthn,closest-analogue,0fb5b4aa1398281c2fd3dbe14db147e05b61f201,circom_groth16,circom,rust-rapidsnark-0.1.4,rust-witness-0.1.6,measured,5,ok,,106845.61075,40982.819958,,147828.431083,865.40625,1003,1753618376,1733145772,1753618376,,input-to-proof-v1,0fb5b4aa1398281c2fd3dbe14db147e05b61f201,"{""rust_rapidsnark"":""0.1.4"",""rust_witness"":""0.1.6"",""circom"":""2.2.2""}","{""raw_evidence_sha256"":[{""report_sha256"":""a76ff762fef690bdb1c106f00e0e74e8174bb83a26217993fa592570d906d585"",""session_sha256"":""9cf83eea9f2d78a46dfe7ee3ced9ff52c2f3f890dcf20e9ef02ed99473889619"",""build_sha256"":""20b6f304f016be89cbbf49cbdacbe3916dd16901d85785965f8020fc621505ae""}]}",647d562d13e151b65ba2e1668bb78ae525fcc3bf/5d33e9dd67d29491f513c77e94fb309afea72abe,"Closest analogue, not equivalent: Noir binds challenge, type, origin, RP-ID hash, flags, and public key; the Circom counterpart omits several bindings.",,,/Users/dcbuilder/Code/world/.worktrees/provekit-v1-cross-device-campaign/target/v1-benchmarks/input-to-proof/iphone/publication/warm/circom-webauthn/647d562d13e151b65ba2e1668bb78ae525fcc3bf/session-5d33e9dd67d29491f513c77e94fb309afea72abe/bench-report.json,warm_reuse,147828.431083
input-to-proof-v1-20260807,passport_complete_age_check__motorola_e15__provekit_v1__cold_local-0,2026-08-09T20:01:36.397Z,motorola_e15,moto e15,14,armeabi-v7a,android_native,,passport_complete_age_check,historical-monolithic-age-integrity,9b2a6f37c67691eab4b0cec6c35e35c520e93285,provekit_v1,noir,provekit-v1-whir-native,integrated-noir-beta11-witness,warmup,0,ok,,,150764.229547,,150764.229547,777.4140625,735992,4240241,3968384,4240241,,input-to-proof-v1,9b2a6f37c67691eab4b0cec6c35e35c520e93285,"{""provekit"":""9b2a6f37c67691eab4b0cec6c35e35c520e93285"",""mobench"":""0.1.48"",""noir"":""1.0.0-beta.11""}","[{""raw_evidence_sha256"":""8c4eec0aac6ee6700f1f2e366aba6618579c86b3292ebf9b214018903dad9837""}]",,"Historical monolithic Passport age and integrity lane retained separately from the additional exact P1 source pair. Native ProveKit exposes witness generation and proving as one integrated timed operation, so witness_time_ms is intentionally blank.",,,/Users/dcbuilder/Code/world/.worktrees/provekit-v1-cross-device-campaign/target/v1-benchmarks/input-to-proof/e15/attempts/cold/passport/run-0/results.json,cold_local,150764.229547
input-to-proof-v1-20260807,passport_complete_age_check__motorola_e15__provekit_v1__cold_local-1,2026-08-09T20:14:08.206Z,motorola_e15,moto e15,14,armeabi-v7a,android_native,,passport_complete_age_check,historical-monolithic-age-integrity,9b2a6f37c67691eab4b0cec6c35e35c520e93285,provekit_v1,noir,provekit-v1-whir-native,integrated-noir-beta11-witness,measured,1,ok,,,151292.213163,,151292.213163,707.79296875,740608,4188373,3916516,4188373,,input-to-proof-v1,9b2a6f37c67691eab4b0cec6c35e35c520e93285,"{""provekit"":""9b2a6f37c67691eab4b0cec6c35e35c520e93285"",""mobench"":""0.1.48"",""noir"":""1.0.0-beta.11""}","[{""raw_evidence_sha256"":""8ebb89be567c08eec7930837e20f75a6a3d410c2a11edfb242f29ebd8c74d914""}]",,"Historical monolithic Passport age and integrity lane retained separately from the additional exact P1 source pair. Native ProveKit exposes witness generation and proving as one integrated timed operation, so witness_time_ms is intentionally blank.",,,/Users/dcbuilder/Code/world/.worktrees/provekit-v1-cross-device-campaign/target/v1-benchmarks/input-to-proof/e15/attempts/cold/passport/run-1/results.json,cold_local,151292.213163
input-to-proof-v1-20260807,passport_complete_age_check__motorola_e15__provekit_v1__cold_local-2,2026-08-09T20:26:39.589Z,motorola_e15,moto e15,14,armeabi-v7a,android_native,,passport_complete_age_check,historical-monolithic-age-integrity,9b2a6f37c67691eab4b0cec6c35e35c520e93285,provekit_v1,noir,provekit-v1-whir-native,integrated-noir-beta11-witness,measured,2,ok,,,152077.526855,,152077.526855,791.62890625,742458,4238025,3966168,4238025,,input-to-proof-v1,9b2a6f37c67691eab4b0cec6c35e35c520e93285,"{""provekit"":""9b2a6f37c67691eab4b0cec6c35e35c520e93285"",""mobench"":""0.1.48"",""noir"":""1.0.0-beta.11""}","[{""raw_evidence_sha256"":""4f44326cfcfd9aa917784c8c3310f443054d0f13846908e4ddb0dca91bd1fab2""}]",,"Historical monolithic Passport age and integrity lane retained separately from the additional exact P1 source pair. Native ProveKit exposes witness generation and proving as one integrated timed operation, so witness_time_ms is intentionally blank.",,,/Users/dcbuilder/Code/world/.worktrees/provekit-v1-cross-device-campaign/target/v1-benchmarks/input-to-proof/e15/attempts/cold/passport/run-2/results.json,cold_local,152077.526855
input-to-proof-v1-20260807,passport_complete_age_check__motorola_e15__provekit_v1__cold_local-3,2026-08-09T21:34:42.018Z,motorola_e15,moto e15,14,armeabi-v7a,android_native,,passport_complete_age_check,historical-monolithic-age-integrity,9b2a6f37c67691eab4b0cec6c35e35c520e93285,provekit_v1,noir,provekit-v1-whir-native,integrated-noir-beta11-witness,measured,3,ok,,,152313.415163,,152313.415163,771.859375,739838,4211625,3939768,4211625,,input-to-proof-v1,9b2a6f37c67691eab4b0cec6c35e35c520e93285,"{""provekit"":""9b2a6f37c67691eab4b0cec6c35e35c520e93285"",""mobench"":""0.1.48"",""noir"":""1.0.0-beta.11""}","[{""raw_evidence_sha256"":""0712859473d19ba69564c6b524c3e7e7b168adb645c8a418576a74cebf98e3a3""}]",,"Historical monolithic Passport age and integrity lane retained separately from the additional exact P1 source pair. Native ProveKit exposes witness generation and proving as one integrated timed operation, so witness_time_ms is intentionally blank.",,,/Users/dcbuilder/Code/world/.worktrees/provekit-v1-cross-device-campaign/target/v1-benchmarks/input-to-proof/e15/attempts/cold-retry4-20260809/passport/run-3/results.json,cold_local,152313.415163
input-to-proof-v1-20260807,passport_complete_age_check__motorola_e15__provekit_v1__cold_local-4,2026-08-09T20:41:20.676Z,motorola_e15,moto e15,14,armeabi-v7a,android_native,,passport_complete_age_check,historical-monolithic-age-integrity,9b2a6f37c67691eab4b0cec6c35e35c520e93285,provekit_v1,noir,provekit-v1-whir-native,integrated-noir-beta11-witness,measured,4,ok,,,150512.474239,,150512.474239,830.234375,737221,4218333,3946476,4218333,,input-to-proof-v1,9b2a6f37c67691eab4b0cec6c35e35c520e93285,"{""provekit"":""9b2a6f37c67691eab4b0cec6c35e35c520e93285"",""mobench"":""0.1.48"",""noir"":""1.0.0-beta.11""}","[{""raw_evidence_sha256"":""961dd84deedfd89da331a200760454ff843d2b03bacfeb48c761acaae6945906""}]",,"Historical monolithic Passport age and integrity lane retained separately from the additional exact P1 source pair. Native ProveKit exposes witness generation and proving as one integrated timed operation, so witness_time_ms is intentionally blank.",,,/Users/dcbuilder/Code/world/.worktrees/provekit-v1-cross-device-campaign/target/v1-benchmarks/input-to-proof/e15/attempts/cold/passport/run-4/results.json,cold_local,150512.474239
input-to-proof-v1-20260807,passport_complete_age_check__motorola_e15__provekit_v1__cold_local-5,2026-08-09T20:53:52.047Z,motorola_e15,moto e15,14,armeabi-v7a,android_native,,passport_complete_age_check,historical-monolithic-age-integrity,9b2a6f37c67691eab4b0cec6c35e35c520e93285,provekit_v1,noir,provekit-v1-whir-native,integrated-noir-beta11-witness,measured,5,ok,,,152458.801547,,152458.801547,815.375,739700,4244457,3972600,4244457,,input-to-proof-v1,9b2a6f37c67691eab4b0cec6c35e35c520e93285,"{""provekit"":""9b2a6f37c67691eab4b0cec6c35e35c520e93285"",""mobench"":""0.1.48"",""noir"":""1.0.0-beta.11""}","[{""raw_evidence_sha256"":""22ab696bcf14bd0762fca85e6cbba02f0c70f332ce772ed3df8498f87bc5f66d""}]",,"Historical monolithic Passport age and integrity lane retained separately from the additional exact P1 source pair. Native ProveKit exposes witness generation and proving as one integrated timed operation, so witness_time_ms is intentionally blank.",,,/Users/dcbuilder/Code/world/.worktrees/provekit-v1-cross-device-campaign/target/v1-benchmarks/input-to-proof/e15/attempts/cold/passport/run-5/results.json,cold_local,152458.801547
input-to-proof-v1-20260807,passport_complete_age_check__motorola_e15__provekit_v1__warm_reuse-0,2026-08-09T17:42:14.898Z,motorola_e15,moto e15,14,armeabi-v7a,android_native,,passport_complete_age_check,historical-monolithic-age-integrity,9b2a6f37c67691eab4b0cec6c35e35c520e93285,provekit_v1,noir,provekit-v1-whir-native,integrated-noir-beta11-witness,warmup,0,ok,,,151892.272316,,151892.272316,,739136,4222317,3950460,4222317,,input-to-proof-v1,9b2a6f37c67691eab4b0cec6c35e35c520e93285,"{""provekit"":""9b2a6f37c67691eab4b0cec6c35e35c520e93285"",""mobench"":""0.1.48"",""noir"":""1.0.0-beta.11""}","[{""raw_evidence_sha256"":""d01563a77c5f18dbe84a0bb4652446ed154adff212d51c343f97d66adf920c2e""}]",,"Historical monolithic Passport age and integrity lane retained separately from the additional exact P1 source pair. Native ProveKit exposes witness generation and proving as one integrated timed operation, so witness_time_ms is intentionally blank.",,,/Users/dcbuilder/Code/world/.worktrees/provekit-v1-cross-device-campaign/target/v1-benchmarks/input-to-proof/e15/publication/warm/provekit-passport-single-thread-v3-postreboot-20260809/results.json,warm_reuse,151892.272316
input-to-proof-v1-20260807,passport_complete_age_check__motorola_e15__provekit_v1__warm_reuse-1,2026-08-09T17:42:14.898Z,motorola_e15,moto e15,14,armeabi-v7a,android_native,,passport_complete_age_check,historical-monolithic-age-integrity,9b2a6f37c67691eab4b0cec6c35e35c520e93285,provekit_v1,noir,provekit-v1-whir-native,integrated-noir-beta11-witness,measured,1,ok,,,151278.737471,,151278.737471,842.05078125,739427,4222317,3950460,4222317,,input-to-proof-v1,9b2a6f37c67691eab4b0cec6c35e35c520e93285,"{""provekit"":""9b2a6f37c67691eab4b0cec6c35e35c520e93285"",""mobench"":""0.1.48"",""noir"":""1.0.0-beta.11""}","[{""raw_evidence_sha256"":""d01563a77c5f18dbe84a0bb4652446ed154adff212d51c343f97d66adf920c2e""}]",,"Historical monolithic Passport age and integrity lane retained separately from the additional exact P1 source pair. Native ProveKit exposes witness generation and proving as one integrated timed operation, so witness_time_ms is intentionally blank.",,,/Users/dcbuilder/Code/world/.worktrees/provekit-v1-cross-device-campaign/target/v1-benchmarks/input-to-proof/e15/publication/warm/provekit-passport-single-thread-v3-postreboot-20260809/results.json,warm_reuse,151278.737471
input-to-proof-v1-20260807,passport_complete_age_check__motorola_e15__provekit_v1__warm_reuse-2,2026-08-09T17:42:14.898Z,motorola_e15,moto e15,14,armeabi-v7a,android_native,,passport_complete_age_check,historical-monolithic-age-integrity,9b2a6f37c67691eab4b0cec6c35e35c520e93285,provekit_v1,noir,provekit-v1-whir-native,integrated-noir-beta11-witness,measured,2,ok,,,151264.522855,,151264.522855,879.7734375,738045,4222317,3950460,4222317,,input-to-proof-v1,9b2a6f37c67691eab4b0cec6c35e35c520e93285,"{""provekit"":""9b2a6f37c67691eab4b0cec6c35e35c520e93285"",""mobench"":""0.1.48"",""noir"":""1.0.0-beta.11""}","[{""raw_evidence_sha256"":""d01563a77c5f18dbe84a0bb4652446ed154adff212d51c343f97d66adf920c2e""}]",,"Historical monolithic Passport age and integrity lane retained separately from the additional exact P1 source pair. Native ProveKit exposes witness generation and proving as one integrated timed operation, so witness_time_ms is intentionally blank.",,,/Users/dcbuilder/Code/world/.worktrees/provekit-v1-cross-device-campaign/target/v1-benchmarks/input-to-proof/e15/publication/warm/provekit-passport-single-thread-v3-postreboot-20260809/results.json,warm_reuse,151264.522855
input-to-proof-v1-20260807,passport_complete_age_check__motorola_e15__provekit_v1__warm_reuse-3,2026-08-09T17:42:14.898Z,motorola_e15,moto e15,14,armeabi-v7a,android_native,,passport_complete_age_check,historical-monolithic-age-integrity,9b2a6f37c67691eab4b0cec6c35e35c520e93285,provekit_v1,noir,provekit-v1-whir-native,integrated-noir-beta11-witness,measured,3,ok,,,152133.721778,,152133.721778,623.71875,741328,4222317,3950460,4222317,,input-to-proof-v1,9b2a6f37c67691eab4b0cec6c35e35c520e93285,"{""provekit"":""9b2a6f37c67691eab4b0cec6c35e35c520e93285"",""mobench"":""0.1.48"",""noir"":""1.0.0-beta.11""}","[{""raw_evidence_sha256"":""d01563a77c5f18dbe84a0bb4652446ed154adff212d51c343f97d66adf920c2e""}]",,"Historical monolithic Passport age and integrity lane retained separately from the additional exact P1 source pair. Native ProveKit exposes witness generation and proving as one integrated timed operation, so witness_time_ms is intentionally blank.",,,/Users/dcbuilder/Code/world/.worktrees/provekit-v1-cross-device-campaign/target/v1-benchmarks/input-to-proof/e15/publication/warm/provekit-passport-single-thread-v3-postreboot-20260809/results.json,warm_reuse,152133.721778
input-to-proof-v1-20260807,passport_complete_age_check__motorola_e15__provekit_v1__warm_reuse-4,2026-08-09T17:42:14.898Z,motorola_e15,moto e15,14,armeabi-v7a,android_native,,passport_complete_age_check,historical-monolithic-age-integrity,9b2a6f37c67691eab4b0cec6c35e35c520e93285,provekit_v1,noir,provekit-v1-whir-native,integrated-noir-beta11-witness,measured,4,ok,,,151222.247778,,151222.247778,863.24609375,740506,4222317,3950460,4222317,,input-to-proof-v1,9b2a6f37c67691eab4b0cec6c35e35c520e93285,"{""provekit"":""9b2a6f37c67691eab4b0cec6c35e35c520e93285"",""mobench"":""0.1.48"",""noir"":""1.0.0-beta.11""}","[{""raw_evidence_sha256"":""d01563a77c5f18dbe84a0bb4652446ed154adff212d51c343f97d66adf920c2e""}]",,"Historical monolithic Passport age and integrity lane retained separately from the additional exact P1 source pair. Native ProveKit exposes witness generation and proving as one integrated timed operation, so witness_time_ms is intentionally blank.",,,/Users/dcbuilder/Code/world/.worktrees/provekit-v1-cross-device-campaign/target/v1-benchmarks/input-to-proof/e15/publication/warm/provekit-passport-single-thread-v3-postreboot-20260809/results.json,warm_reuse,151222.247778
input-to-proof-v1-20260807,passport_complete_age_check__motorola_e15__provekit_v1__warm_reuse-5,2026-08-09T17:42:14.898Z,motorola_e15,moto e15,14,armeabi-v7a,android_native,,passport_complete_age_check,historical-monolithic-age-integrity,9b2a6f37c67691eab4b0cec6c35e35c520e93285,provekit_v1,noir,provekit-v1-whir-native,integrated-noir-beta11-witness,measured,5,ok,,,151117.975086,,151117.975086,895,737789,4222317,3950460,4222317,,input-to-proof-v1,9b2a6f37c67691eab4b0cec6c35e35c520e93285,"{""provekit"":""9b2a6f37c67691eab4b0cec6c35e35c520e93285"",""mobench"":""0.1.48"",""noir"":""1.0.0-beta.11""}","[{""raw_evidence_sha256"":""d01563a77c5f18dbe84a0bb4652446ed154adff212d51c343f97d66adf920c2e""}]",,"Historical monolithic Passport age and integrity lane retained separately from the additional exact P1 source pair. Native ProveKit exposes witness generation and proving as one integrated timed operation, so witness_time_ms is intentionally blank.",,,/Users/dcbuilder/Code/world/.worktrees/provekit-v1-cross-device-campaign/target/v1-benchmarks/input-to-proof/e15/publication/warm/provekit-passport-single-thread-v3-postreboot-20260809/results.json,warm_reuse,151117.975086
input-to-proof-v1-20260807,passport_complete_age_check__motorola_e15__noir_barretenberg__cold_local-0,2026-08-10T11:36:22.696Z,motorola_e15,moto e15,14,armeabi-v7a,android_native,,passport_complete_age_check,historical-monolithic-age-integrity,9b2a6f37c67691eab4b0cec6c35e35c520e93285,noir_barretenberg,noir,barretenberg-rs-4.2.0-aztecnr-rc.2,acvm-beta19,warmup,0,ok,,2865.287154,203079.489551,,205944.77755,706.30859375,16100,270482218,270465982,270482218,,input-to-proof-v1,9b2a6f37c67691eab4b0cec6c35e35c520e93285,"{""mopro"":""0.3.7"",""barretenberg_rs"":""4.2.0-aztecnr-rc.2"",""noir"":""1.0.0-beta.19""}","[{""raw_evidence_sha256"":""25b249e2c2da4e08e3bb89806c009a2afa43de3481cbdee454ea4f094a7ab639""}]",,Historical monolithic Passport age and integrity lane retained separately from the additional exact P1 source pair.,,,/Users/dcbuilder/Code/world/.worktrees/provekit-v1-cross-device-campaign/target/v1-benchmarks/input-to-proof/e15/publication/cold/barretenberg-passport/run-0/results.json,cold_local,205944.77755
input-to-proof-v1-20260807,passport_complete_age_check__motorola_e15__noir_barretenberg__cold_local-1,2026-08-10T11:47:36.110Z,motorola_e15,moto e15,14,armeabi-v7a,android_native,,passport_complete_age_check,historical-monolithic-age-integrity,9b2a6f37c67691eab4b0cec6c35e35c520e93285,noir_barretenberg,noir,barretenberg-rs-4.2.0-aztecnr-rc.2,acvm-beta19,measured,1,ok,,2872.622538,205042.635782,,207915.259704,773.95703125,16100,270482218,270465982,270482218,,input-to-proof-v1,9b2a6f37c67691eab4b0cec6c35e35c520e93285,"{""mopro"":""0.3.7"",""barretenberg_rs"":""4.2.0-aztecnr-rc.2"",""noir"":""1.0.0-beta.19""}","[{""raw_evidence_sha256"":""c0194e04bdc10c8acf271f853cdced7aaa3321ac3c9cf365602b202003b0f4f6""}]",,Historical monolithic Passport age and integrity lane retained separately from the additional exact P1 source pair.,,,/Users/dcbuilder/Code/world/.worktrees/provekit-v1-cross-device-campaign/target/v1-benchmarks/input-to-proof/e15/publication/cold/barretenberg-passport/run-1/results.json,cold_local,207915.259704
input-to-proof-v1-20260807,passport_complete_age_check__motorola_e15__noir_barretenberg__cold_local-2,2026-08-10T11:58:48.823Z,motorola_e15,moto e15,14,armeabi-v7a,android_native,,passport_complete_age_check,historical-monolithic-age-integrity,9b2a6f37c67691eab4b0cec6c35e35c520e93285,noir_barretenberg,noir,barretenberg-rs-4.2.0-aztecnr-rc.2,acvm-beta19,measured,2,ok,,2895.865616,202800.136936,,205696.003397,744.1015625,16100,270482218,270465982,270482218,,input-to-proof-v1,9b2a6f37c67691eab4b0cec6c35e35c520e93285,"{""mopro"":""0.3.7"",""barretenberg_rs"":""4.2.0-aztecnr-rc.2"",""noir"":""1.0.0-beta.19""}","[{""raw_evidence_sha256"":""93e05d44ad0729418162f1db79ac4fe9872921d932fb06d2b717e6434e9165cd""}]",,Historical monolithic Passport age and integrity lane retained separately from the additional exact P1 source pair.,,,/Users/dcbuilder/Code/world/.worktrees/provekit-v1-cross-device-campaign/target/v1-benchmarks/input-to-proof/e15/publication/cold/barretenberg-passport/run-2/results.json,cold_local,205696.003397
input-to-proof-v1-20260807,passport_complete_age_check__motorola_e15__noir_barretenberg__cold_local-3,2026-08-10T12:10:02.560Z,motorola_e15,moto e15,14,armeabi-v7a,android_native,,passport_complete_age_check,historical-monolithic-age-integrity,9b2a6f37c67691eab4b0cec6c35e35c520e93285,noir_barretenberg,noir,barretenberg-rs-4.2.0-aztecnr-rc.2,acvm-beta19,measured,3,ok,,2851.148923,204448.643628,,207299.793551,705.546875,16100,270482218,270465982,270482218,,input-to-proof-v1,9b2a6f37c67691eab4b0cec6c35e35c520e93285,"{""mopro"":""0.3.7"",""barretenberg_rs"":""4.2.0-aztecnr-rc.2"",""noir"":""1.0.0-beta.19""}","[{""raw_evidence_sha256"":""0c1abf53be299a461d558926f17b8cbb277bcefb52b0beba681ec5e03f1189f7""}]",,Historical monolithic Passport age and integrity lane retained separately from the additional exact P1 source pair.,,,/Users/dcbuilder/Code/world/.worktrees/provekit-v1-cross-device-campaign/target/v1-benchmarks/input-to-proof/e15/publication/cold/barretenberg-passport/run-3/results.json,cold_local,207299.793551
input-to-proof-v1-20260807,passport_complete_age_check__motorola_e15__noir_barretenberg__cold_local-4,2026-08-10T12:21:11.991Z,motorola_e15,moto e15,14,armeabi-v7a,android_native,,passport_complete_age_check,historical-monolithic-age-integrity,9b2a6f37c67691eab4b0cec6c35e35c520e93285,noir_barretenberg,noir,barretenberg-rs-4.2.0-aztecnr-rc.2,acvm-beta19,measured,4,ok,,2872.618462,203511.816704,,206384.436013,717.3828125,16100,270482218,270465982,270482218,,input-to-proof-v1,9b2a6f37c67691eab4b0cec6c35e35c520e93285,"{""mopro"":""0.3.7"",""barretenberg_rs"":""4.2.0-aztecnr-rc.2"",""noir"":""1.0.0-beta.19""}","[{""raw_evidence_sha256"":""80baf1a897b600cb94440cc26e21177685766586c0c69c9fe69aed696f8d1ec6""}]",,Historical monolithic Passport age and integrity lane retained separately from the additional exact P1 source pair.,,,/Users/dcbuilder/Code/world/.worktrees/provekit-v1-cross-device-campaign/target/v1-benchmarks/input-to-proof/e15/publication/cold/barretenberg-passport/run-4/results.json,cold_local,206384.436013
input-to-proof-v1-20260807,passport_complete_age_check__motorola_e15__noir_barretenberg__cold_local-5,2026-08-10T12:32:28.475Z,motorola_e15,moto e15,14,armeabi-v7a,android_native,,passport_complete_age_check,historical-monolithic-age-integrity,9b2a6f37c67691eab4b0cec6c35e35c520e93285,noir_barretenberg,noir,barretenberg-rs-4.2.0-aztecnr-rc.2,acvm-beta19,measured,5,ok,,2858.514462,207933.075474,,210791.590859,711.4765625,16100,270482218,270465982,270482218,,input-to-proof-v1,9b2a6f37c67691eab4b0cec6c35e35c520e93285,"{""mopro"":""0.3.7"",""barretenberg_rs"":""4.2.0-aztecnr-rc.2"",""noir"":""1.0.0-beta.19""}","[{""raw_evidence_sha256"":""d0f3b90a45f3af7afb5f5091d5022f00fcf3fe8da60b32ec9d6a96d813f5abc9""}]",,Historical monolithic Passport age and integrity lane retained separately from the additional exact P1 source pair.,,,/Users/dcbuilder/Code/world/.worktrees/provekit-v1-cross-device-campaign/target/v1-benchmarks/input-to-proof/e15/publication/cold/barretenberg-passport/run-5/results.json,cold_local,210791.590859
input-to-proof-v1-20260807,passport_complete_age_check__motorola_e15__noir_barretenberg__warm_reuse-0,2026-08-10T09:29:09.857Z,motorola_e15,moto e15,14,armeabi-v7a,android_native,,passport_complete_age_check,historical-monolithic-age-integrity,9b2a6f37c67691eab4b0cec6c35e35c520e93285,noir_barretenberg,noir,barretenberg-rs-4.2.0-aztecnr-rc.2,acvm-beta19,warmup,0,ok,,2850.672923,203002.677551,,205853.352243,,16100,270482218,270465982,270482218,,input-to-proof-v1,9b2a6f37c67691eab4b0cec6c35e35c520e93285,"{""mopro"":""0.3.7"",""barretenberg_rs"":""4.2.0-aztecnr-rc.2"",""noir"":""1.0.0-beta.19""}","[{""raw_evidence_sha256"":""48afe47748d2449812cf10a81ce1db5da08f78ecbabb3b736d9b74da6507cc7e""}]",,Historical monolithic Passport age and integrity lane retained separately from the additional exact P1 source pair.,,,/Users/dcbuilder/Code/world/.worktrees/provekit-v1-cross-device-campaign/target/v1-benchmarks/input-to-proof/e15/publication/warm/barretenberg-passport-20260810/results.json,warm_reuse,205853.352243
input-to-proof-v1-20260807,passport_complete_age_check__motorola_e15__noir_barretenberg__warm_reuse-1,2026-08-10T09:29:09.857Z,motorola_e15,moto e15,14,armeabi-v7a,android_native,,passport_complete_age_check,historical-monolithic-age-integrity,9b2a6f37c67691eab4b0cec6c35e35c520e93285,noir_barretenberg,noir,barretenberg-rs-4.2.0-aztecnr-rc.2,acvm-beta19,measured,1,ok,,2867.334385,202867.789782,,205735.125012,759.42578125,16100,270482218,270465982,270482218,,input-to-proof-v1,9b2a6f37c67691eab4b0cec6c35e35c520e93285,"{""mopro"":""0.3.7"",""barretenberg_rs"":""4.2.0-aztecnr-rc.2"",""noir"":""1.0.0-beta.19""}","[{""raw_evidence_sha256"":""48afe47748d2449812cf10a81ce1db5da08f78ecbabb3b736d9b74da6507cc7e""}]",,Historical monolithic Passport age and integrity lane retained separately from the additional exact P1 source pair.,,,/Users/dcbuilder/Code/world/.worktrees/provekit-v1-cross-device-campaign/target/v1-benchmarks/input-to-proof/e15/publication/warm/barretenberg-passport-20260810/results.json,warm_reuse,205735.125012
input-to-proof-v1-20260807,passport_complete_age_check__motorola_e15__noir_barretenberg__warm_reuse-2,2026-08-10T09:29:09.857Z,motorola_e15,moto e15,14,armeabi-v7a,android_native,,passport_complete_age_check,historical-monolithic-age-integrity,9b2a6f37c67691eab4b0cec6c35e35c520e93285,noir_barretenberg,noir,barretenberg-rs-4.2.0-aztecnr-rc.2,acvm-beta19,measured,2,ok,,2871.198461,202466.879089,,205338.078705,765.3828125,16100,270482218,270465982,270482218,,input-to-proof-v1,9b2a6f37c67691eab4b0cec6c35e35c520e93285,"{""mopro"":""0.3.7"",""barretenberg_rs"":""4.2.0-aztecnr-rc.2"",""noir"":""1.0.0-beta.19""}","[{""raw_evidence_sha256"":""48afe47748d2449812cf10a81ce1db5da08f78ecbabb3b736d9b74da6507cc7e""}]",,Historical monolithic Passport age and integrity lane retained separately from the additional exact P1 source pair.,,,/Users/dcbuilder/Code/world/.worktrees/provekit-v1-cross-device-campaign/target/v1-benchmarks/input-to-proof/e15/publication/warm/barretenberg-passport-20260810/results.json,warm_reuse,205338.078705
input-to-proof-v1-20260807,passport_complete_age_check__motorola_e15__noir_barretenberg__warm_reuse-3,2026-08-10T09:29:09.857Z,motorola_e15,moto e15,14,armeabi-v7a,android_native,,passport_complete_age_check,historical-monolithic-age-integrity,9b2a6f37c67691eab4b0cec6c35e35c520e93285,noir_barretenberg,noir,barretenberg-rs-4.2.0-aztecnr-rc.2,acvm-beta19,measured,3,ok,,2878.200308,203673.143396,,206551.344628,705.96484375,16100,270482218,270465982,270482218,,input-to-proof-v1,9b2a6f37c67691eab4b0cec6c35e35c520e93285,"{""mopro"":""0.3.7"",""barretenberg_rs"":""4.2.0-aztecnr-rc.2"",""noir"":""1.0.0-beta.19""}","[{""raw_evidence_sha256"":""48afe47748d2449812cf10a81ce1db5da08f78ecbabb3b736d9b74da6507cc7e""}]",,Historical monolithic Passport age and integrity lane retained separately from the additional exact P1 source pair.,,,/Users/dcbuilder/Code/world/.worktrees/provekit-v1-cross-device-campaign/target/v1-benchmarks/input-to-proof/e15/publication/warm/barretenberg-passport-20260810/results.json,warm_reuse,206551.344628
input-to-proof-v1-20260807,passport_complete_age_check__motorola_e15__noir_barretenberg__warm_reuse-4,2026-08-10T09:29:09.857Z,motorola_e15,moto e15,14,armeabi-v7a,android_native,,passport_complete_age_check,historical-monolithic-age-integrity,9b2a6f37c67691eab4b0cec6c35e35c520e93285,noir_barretenberg,noir,barretenberg-rs-4.2.0-aztecnr-rc.2,acvm-beta19,measured,4,ok,,2881.895308,201911.566705,,204793.463089,783.296875,16100,270482218,270465982,270482218,,input-to-proof-v1,9b2a6f37c67691eab4b0cec6c35e35c520e93285,"{""mopro"":""0.3.7"",""barretenberg_rs"":""4.2.0-aztecnr-rc.2"",""noir"":""1.0.0-beta.19""}","[{""raw_evidence_sha256"":""48afe47748d2449812cf10a81ce1db5da08f78ecbabb3b736d9b74da6507cc7e""}]",,Historical monolithic Passport age and integrity lane retained separately from the additional exact P1 source pair.,,,/Users/dcbuilder/Code/world/.worktrees/provekit-v1-cross-device-campaign/target/v1-benchmarks/input-to-proof/e15/publication/warm/barretenberg-passport-20260810/results.json,warm_reuse,204793.463089
input-to-proof-v1-20260807,passport_complete_age_check__motorola_e15__noir_barretenberg__warm_reuse-5,2026-08-10T09:29:09.857Z,motorola_e15,moto e15,14,armeabi-v7a,android_native,,passport_complete_age_check,historical-monolithic-age-integrity,9b2a6f37c67691eab4b0cec6c35e35c520e93285,noir_barretenberg,noir,barretenberg-rs-4.2.0-aztecnr-rc.2,acvm-beta19,measured,5,ok,,2863.949461,202657.051089,,205521.00132,733.0390625,16100,270482218,270465982,270482218,,input-to-proof-v1,9b2a6f37c67691eab4b0cec6c35e35c520e93285,"{""mopro"":""0.3.7"",""barretenberg_rs"":""4.2.0-aztecnr-rc.2"",""noir"":""1.0.0-beta.19""}","[{""raw_evidence_sha256"":""48afe47748d2449812cf10a81ce1db5da08f78ecbabb3b736d9b74da6507cc7e""}]",,Historical monolithic Passport age and integrity lane retained separately from the additional exact P1 source pair.,,,/Users/dcbuilder/Code/world/.worktrees/provekit-v1-cross-device-campaign/target/v1-benchmarks/input-to-proof/e15/publication/warm/barretenberg-passport-20260810/results.json,warm_reuse,205521.00132
input-to-proof-v1-20260807,passport_complete_age_check__motorola_e15__circom_groth16__cold_local-0,2026-08-10T20:05:07.858Z,motorola_e15,moto e15,14,armeabi-v7a,android_native,,passport_complete_age_check,historical-monolithic-age-integrity,9b2a6f37c67691eab4b0cec6c35e35c520e93285,circom_groth16,circom,rust-rapidsnark-0.1.4,rust-witness-0.1.6,warmup,0,ok,,22770.162616999998,316986.161249,,339756.325328,287.4921875,2502,588352242,568828944,588352242,,input-to-proof-v1,9b2a6f37c67691eab4b0cec6c35e35c520e93285,"{""rust_rapidsnark"":""0.1.4"",""rust_witness"":""0.1.6"",""circom"":""2.2.2""}","[{""raw_evidence_sha256"":""367f6d30d2856c1290fa956ed98038805fed9d77febe599b7bf8f9523e339e43""},{""raw_evidence_sha256"":""2c629da556dd571d88127c2abbda0751fe1835299854e317b68ed5982c7e7336""}]",,Historical monolithic Passport age and integrity lane retained separately from the additional exact P1 source pair.,,,/Users/dcbuilder/Code/world/.worktrees/provekit-v1-cross-device-campaign/target/v1-benchmarks/input-to-proof/e15/publication/cold/circom-passport-register/run-0/results.json;/Users/dcbuilder/Code/world/.worktrees/provekit-v1-cross-device-campaign/target/v1-benchmarks/input-to-proof/e15/publication/cold/circom-passport-disclose/run-0/results.json,cold_local,339756.325328
input-to-proof-v1-20260807,passport_complete_age_check__motorola_e15__circom_groth16__cold_local-1,2026-08-10T20:15:22.523Z,motorola_e15,moto e15,14,armeabi-v7a,android_native,,passport_complete_age_check,historical-monolithic-age-integrity,9b2a6f37c67691eab4b0cec6c35e35c520e93285,circom_groth16,circom,rust-rapidsnark-0.1.4,rust-witness-0.1.6,measured,1,ok,,22814.156001000003,316563.82448,,339377.981328,267.12109375,2504,588352242,568828944,588352242,,input-to-proof-v1,9b2a6f37c67691eab4b0cec6c35e35c520e93285,"{""rust_rapidsnark"":""0.1.4"",""rust_witness"":""0.1.6"",""circom"":""2.2.2""}","[{""raw_evidence_sha256"":""66dbbf9de33484be01bbadca381df4d72e0a8e232594d87af924ae11cd3f103a""},{""raw_evidence_sha256"":""c3290e596f6ab0dc50f77eb8ce5446ac4c248eb92593b4c0a44fed6186b15723""}]",,Historical monolithic Passport age and integrity lane retained separately from the additional exact P1 source pair.,,,/Users/dcbuilder/Code/world/.worktrees/provekit-v1-cross-device-campaign/target/v1-benchmarks/input-to-proof/e15/publication/cold/circom-passport-register/run-1/results.json;/Users/dcbuilder/Code/world/.worktrees/provekit-v1-cross-device-campaign/target/v1-benchmarks/input-to-proof/e15/publication/cold/circom-passport-disclose/run-1/results.json,cold_local,339377.981328
input-to-proof-v1-20260807,passport_complete_age_check__motorola_e15__circom_groth16__cold_local-2,2026-08-10T20:25:37.923Z,motorola_e15,moto e15,14,armeabi-v7a,android_native,,passport_complete_age_check,historical-monolithic-age-integrity,9b2a6f37c67691eab4b0cec6c35e35c520e93285,circom_groth16,circom,rust-rapidsnark-0.1.4,rust-witness-0.1.6,measured,2,ok,,22781.725541,317217.515096,,339999.24225199997,292.41015625,2498,588352242,568828944,588352242,,input-to-proof-v1,9b2a6f37c67691eab4b0cec6c35e35c520e93285,"{""rust_rapidsnark"":""0.1.4"",""rust_witness"":""0.1.6"",""circom"":""2.2.2""}","[{""raw_evidence_sha256"":""91960ad86c25fbd03b2d498638cf3fe12a43f8f9a50dc36fac4f89854880b449""},{""raw_evidence_sha256"":""add4e077b6069e46031b36a8d4b962e61c693a3dabf6d66c5abdb55510cd2ed9""}]",,Historical monolithic Passport age and integrity lane retained separately from the additional exact P1 source pair.,,,/Users/dcbuilder/Code/world/.worktrees/provekit-v1-cross-device-campaign/target/v1-benchmarks/input-to-proof/e15/publication/cold/circom-passport-register/run-2/results.json;/Users/dcbuilder/Code/world/.worktrees/provekit-v1-cross-device-campaign/target/v1-benchmarks/input-to-proof/e15/publication/cold/circom-passport-disclose/run-2/results.json,cold_local,339999.24225199997
input-to-proof-v1-20260807,passport_complete_age_check__motorola_e15__circom_groth16__cold_local-3,2026-08-10T20:35:56.948Z,motorola_e15,moto e15,14,armeabi-v7a,android_native,,passport_complete_age_check,historical-monolithic-age-integrity,9b2a6f37c67691eab4b0cec6c35e35c520e93285,circom_groth16,circom,rust-rapidsnark-0.1.4,rust-witness-0.1.6,measured,3,ok,,22781.040079,317586.012404,,340367.05409600004,296.34375,2497,588352242,568828944,588352242,,input-to-proof-v1,9b2a6f37c67691eab4b0cec6c35e35c520e93285,"{""rust_rapidsnark"":""0.1.4"",""rust_witness"":""0.1.6"",""circom"":""2.2.2""}","[{""raw_evidence_sha256"":""4ef071cda4677b8ad33b66b4a1c29534ae75a73d33b7ebf78311c289fe9bbb1c""},{""raw_evidence_sha256"":""b08e0a71418c1691322d688a6e28209e0c23636f17cfa1245e34d6fec312342b""}]",,Historical monolithic Passport age and integrity lane retained separately from the additional exact P1 source pair.,,,/Users/dcbuilder/Code/world/.worktrees/provekit-v1-cross-device-campaign/target/v1-benchmarks/input-to-proof/e15/publication/cold/circom-passport-register/run-3/results.json;/Users/dcbuilder/Code/world/.worktrees/provekit-v1-cross-device-campaign/target/v1-benchmarks/input-to-proof/e15/publication/cold/circom-passport-disclose/run-3/results.json,cold_local,340367.05409600004
input-to-proof-v1-20260807,passport_complete_age_check__motorola_e15__circom_groth16__cold_local-4,2026-08-10T20:46:13.929Z,motorola_e15,moto e15,14,armeabi-v7a,android_native,,passport_complete_age_check,historical-monolithic-age-integrity,9b2a6f37c67691eab4b0cec6c35e35c520e93285,circom_groth16,circom,rust-rapidsnark-0.1.4,rust-witness-0.1.6,measured,4,ok,,22766.413694000003,316793.28925000003,,339559.704328,298.40625,2501,588352242,568828944,588352242,,input-to-proof-v1,9b2a6f37c67691eab4b0cec6c35e35c520e93285,"{""rust_rapidsnark"":""0.1.4"",""rust_witness"":""0.1.6"",""circom"":""2.2.2""}","[{""raw_evidence_sha256"":""cf84107d76860ed7cf1955db87589b50894e0947f49c98cc0e3ee54fdfb75a1f""},{""raw_evidence_sha256"":""a44ebae9eecba28f98c62bfbb4ab5e51f55e92c955097555369bda464cb815f2""}]",,Historical monolithic Passport age and integrity lane retained separately from the additional exact P1 source pair.,,,/Users/dcbuilder/Code/world/.worktrees/provekit-v1-cross-device-campaign/target/v1-benchmarks/input-to-proof/e15/publication/cold/circom-passport-register/run-4/results.json;/Users/dcbuilder/Code/world/.worktrees/provekit-v1-cross-device-campaign/target/v1-benchmarks/input-to-proof/e15/publication/cold/circom-passport-disclose/run-4/results.json,cold_local,339559.704328
input-to-proof-v1-20260807,passport_complete_age_check__motorola_e15__circom_groth16__cold_local-5,2026-08-10T20:56:29.449Z,motorola_e15,moto e15,14,armeabi-v7a,android_native,,passport_complete_age_check,historical-monolithic-age-integrity,9b2a6f37c67691eab4b0cec6c35e35c520e93285,circom_groth16,circom,rust-rapidsnark-0.1.4,rust-witness-0.1.6,measured,5,ok,,22762.995386,317206.783481,,339969.780481,291.21484375,2501,588352242,568828944,588352242,,input-to-proof-v1,9b2a6f37c67691eab4b0cec6c35e35c520e93285,"{""rust_rapidsnark"":""0.1.4"",""rust_witness"":""0.1.6"",""circom"":""2.2.2""}","[{""raw_evidence_sha256"":""e98aa230521d813f8c507d0244fbf70244f3a1c3d5e4f9f2332e8d0f1284d346""},{""raw_evidence_sha256"":""1516fd5c363ea5beda32307c12705ef252b9192ecdb0a2f5c98286b9e7e3b936""}]",,Historical monolithic Passport age and integrity lane retained separately from the additional exact P1 source pair.,,,/Users/dcbuilder/Code/world/.worktrees/provekit-v1-cross-device-campaign/target/v1-benchmarks/input-to-proof/e15/publication/cold/circom-passport-register/run-5/results.json;/Users/dcbuilder/Code/world/.worktrees/provekit-v1-cross-device-campaign/target/v1-benchmarks/input-to-proof/e15/publication/cold/circom-passport-disclose/run-5/results.json,cold_local,339969.780481
input-to-proof-v1-20260807,passport_complete_age_check__motorola_e15__circom_groth16__warm_reuse-0,2026-08-10T13:59:19.860Z,motorola_e15,moto e15,14,armeabi-v7a,android_native,,passport_complete_age_check,historical-monolithic-age-integrity,9b2a6f37c67691eab4b0cec6c35e35c520e93285,circom_groth16,circom,rust-rapidsnark-0.1.4,rust-witness-0.1.6,warmup,0,ok,,22851.894154999998,316427.88494200003,,339279.781559,,2499,588352242,568828944,588352242,,input-to-proof-v1,9b2a6f37c67691eab4b0cec6c35e35c520e93285,"{""rust_rapidsnark"":""0.1.4"",""rust_witness"":""0.1.6"",""circom"":""2.2.2""}","[{""raw_evidence_sha256"":""5a9c8a023530455b778f44ec5a72a7b0b33bb2cb0a78570b9f8f6799e1257ee3""},{""raw_evidence_sha256"":""da0c30db840c99a3e31ffdc02a878e333a196b1b1cafda35c398acfb3d0ff031""}]",,Historical monolithic Passport age and integrity lane retained separately from the additional exact P1 source pair.,,,/Users/dcbuilder/Code/world/.worktrees/provekit-v1-cross-device-campaign/target/v1-benchmarks/input-to-proof/e15/publication/warm/circom-passport-register/results.json;/Users/dcbuilder/Code/world/.worktrees/provekit-v1-cross-device-campaign/target/v1-benchmarks/input-to-proof/e15/publication/warm/circom-passport-disclose/results.json,warm_reuse,339279.781559
input-to-proof-v1-20260807,passport_complete_age_check__motorola_e15__circom_groth16__warm_reuse-1,2026-08-10T13:59:19.860Z,motorola_e15,moto e15,14,armeabi-v7a,android_native,,passport_complete_age_check,historical-monolithic-age-integrity,9b2a6f37c67691eab4b0cec6c35e35c520e93285,circom_groth16,circom,rust-rapidsnark-0.1.4,rust-witness-0.1.6,measured,1,ok,,22846.480925,315078.723019,,337925.205097,292.33203125,2504,588352242,568828944,588352242,,input-to-proof-v1,9b2a6f37c67691eab4b0cec6c35e35c520e93285,"{""rust_rapidsnark"":""0.1.4"",""rust_witness"":""0.1.6"",""circom"":""2.2.2""}","[{""raw_evidence_sha256"":""5a9c8a023530455b778f44ec5a72a7b0b33bb2cb0a78570b9f8f6799e1257ee3""},{""raw_evidence_sha256"":""da0c30db840c99a3e31ffdc02a878e333a196b1b1cafda35c398acfb3d0ff031""}]",,Historical monolithic Passport age and integrity lane retained separately from the additional exact P1 source pair.,,,/Users/dcbuilder/Code/world/.worktrees/provekit-v1-cross-device-campaign/target/v1-benchmarks/input-to-proof/e15/publication/warm/circom-passport-register/results.json;/Users/dcbuilder/Code/world/.worktrees/provekit-v1-cross-device-campaign/target/v1-benchmarks/input-to-proof/e15/publication/warm/circom-passport-disclose/results.json,warm_reuse,337925.205097
input-to-proof-v1-20260807,passport_complete_age_check__motorola_e15__circom_groth16__warm_reuse-2,2026-08-10T13:59:19.860Z,motorola_e15,moto e15,14,armeabi-v7a,android_native,,passport_complete_age_check,historical-monolithic-age-integrity,9b2a6f37c67691eab4b0cec6c35e35c520e93285,circom_groth16,circom,rust-rapidsnark-0.1.4,rust-witness-0.1.6,measured,2,ok,,22848.462771000002,315869.995942,,338718.46063600003,273.3984375,2502,588352242,568828944,588352242,,input-to-proof-v1,9b2a6f37c67691eab4b0cec6c35e35c520e93285,"{""rust_rapidsnark"":""0.1.4"",""rust_witness"":""0.1.6"",""circom"":""2.2.2""}","[{""raw_evidence_sha256"":""5a9c8a023530455b778f44ec5a72a7b0b33bb2cb0a78570b9f8f6799e1257ee3""},{""raw_evidence_sha256"":""da0c30db840c99a3e31ffdc02a878e333a196b1b1cafda35c398acfb3d0ff031""}]",,Historical monolithic Passport age and integrity lane retained separately from the additional exact P1 source pair.,,,/Users/dcbuilder/Code/world/.worktrees/provekit-v1-cross-device-campaign/target/v1-benchmarks/input-to-proof/e15/publication/warm/circom-passport-register/results.json;/Users/dcbuilder/Code/world/.worktrees/provekit-v1-cross-device-campaign/target/v1-benchmarks/input-to-proof/e15/publication/warm/circom-passport-disclose/results.json,warm_reuse,338718.46063600003
input-to-proof-v1-20260807,passport_complete_age_check__motorola_e15__circom_groth16__warm_reuse-3,2026-08-10T13:59:19.860Z,motorola_e15,moto e15,14,armeabi-v7a,android_native,,passport_complete_age_check,historical-monolithic-age-integrity,9b2a6f37c67691eab4b0cec6c35e35c520e93285,circom_groth16,circom,rust-rapidsnark-0.1.4,rust-witness-0.1.6,measured,3,ok,,22873.333771,316506.086019,,339379.421251,290.46484375,2497,588352242,568828944,588352242,,input-to-proof-v1,9b2a6f37c67691eab4b0cec6c35e35c520e93285,"{""rust_rapidsnark"":""0.1.4"",""rust_witness"":""0.1.6"",""circom"":""2.2.2""}","[{""raw_evidence_sha256"":""5a9c8a023530455b778f44ec5a72a7b0b33bb2cb0a78570b9f8f6799e1257ee3""},{""raw_evidence_sha256"":""da0c30db840c99a3e31ffdc02a878e333a196b1b1cafda35c398acfb3d0ff031""}]",,Historical monolithic Passport age and integrity lane retained separately from the additional exact P1 source pair.,,,/Users/dcbuilder/Code/world/.worktrees/provekit-v1-cross-device-campaign/target/v1-benchmarks/input-to-proof/e15/publication/warm/circom-passport-register/results.json;/Users/dcbuilder/Code/world/.worktrees/provekit-v1-cross-device-campaign/target/v1-benchmarks/input-to-proof/e15/publication/warm/circom-passport-disclose/results.json,warm_reuse,339379.421251
input-to-proof-v1-20260807,passport_complete_age_check__motorola_e15__circom_groth16__warm_reuse-4,2026-08-10T13:59:19.860Z,motorola_e15,moto e15,14,armeabi-v7a,android_native,,passport_complete_age_check,historical-monolithic-age-integrity,9b2a6f37c67691eab4b0cec6c35e35c520e93285,circom_groth16,circom,rust-rapidsnark-0.1.4,rust-witness-0.1.6,measured,4,ok,,22868.431617000002,315780.222787,,338648.656021,289.47265625,2498,588352242,568828944,588352242,,input-to-proof-v1,9b2a6f37c67691eab4b0cec6c35e35c520e93285,"{""rust_rapidsnark"":""0.1.4"",""rust_witness"":""0.1.6"",""circom"":""2.2.2""}","[{""raw_evidence_sha256"":""5a9c8a023530455b778f44ec5a72a7b0b33bb2cb0a78570b9f8f6799e1257ee3""},{""raw_evidence_sha256"":""da0c30db840c99a3e31ffdc02a878e333a196b1b1cafda35c398acfb3d0ff031""}]",,Historical monolithic Passport age and integrity lane retained separately from the additional exact P1 source pair.,,,/Users/dcbuilder/Code/world/.worktrees/provekit-v1-cross-device-campaign/target/v1-benchmarks/input-to-proof/e15/publication/warm/circom-passport-register/results.json;/Users/dcbuilder/Code/world/.worktrees/provekit-v1-cross-device-campaign/target/v1-benchmarks/input-to-proof/e15/publication/warm/circom-passport-disclose/results.json,warm_reuse,338648.656021
input-to-proof-v1-20260807,passport_complete_age_check__motorola_e15__circom_groth16__warm_reuse-5,2026-08-10T13:59:19.860Z,motorola_e15,moto e15,14,armeabi-v7a,android_native,,passport_complete_age_check,historical-monolithic-age-integrity,9b2a6f37c67691eab4b0cec6c35e35c520e93285,circom_groth16,circom,rust-rapidsnark-0.1.4,rust-witness-0.1.6,measured,5,ok,,22842.737156,314969.260326,,337811.999021,287.52734375,2505,588352242,568828944,588352242,,input-to-proof-v1,9b2a6f37c67691eab4b0cec6c35e35c520e93285,"{""rust_rapidsnark"":""0.1.4"",""rust_witness"":""0.1.6"",""circom"":""2.2.2""}","[{""raw_evidence_sha256"":""5a9c8a023530455b778f44ec5a72a7b0b33bb2cb0a78570b9f8f6799e1257ee3""},{""raw_evidence_sha256"":""da0c30db840c99a3e31ffdc02a878e333a196b1b1cafda35c398acfb3d0ff031""}]",,Historical monolithic Passport age and integrity lane retained separately from the additional exact P1 source pair.,,,/Users/dcbuilder/Code/world/.worktrees/provekit-v1-cross-device-campaign/target/v1-benchmarks/input-to-proof/e15/publication/warm/circom-passport-register/results.json;/Users/dcbuilder/Code/world/.worktrees/provekit-v1-cross-device-campaign/target/v1-benchmarks/input-to-proof/e15/publication/warm/circom-passport-disclose/results.json,warm_reuse,337811.999021
input-to-proof-v1-20260807,passport_p1__motorola_e15__provekit_v1__cold_local-0,2026-08-09T19:29:52.352Z,motorola_e15,moto e15,14,armeabi-v7a,android_native,,passport_age_integrity,P1-matched-monolithic-RSA4096,092621d721cfef9ff39b0787f5ba2c1f07eb6d95,provekit_v1,noir,provekit-v1-whir-native,integrated-noir-beta11-witness,warmup,0,ok,,,21931.14554,,21931.14554,473.82421875,714537,2544947,2297908,2544947,,input-to-proof-v1,9b2a6f37c67691eab4b0cec6c35e35c520e93285,"{""provekit"":""9b2a6f37c67691eab4b0cec6c35e35c520e93285"",""mobench"":""0.1.48"",""noir"":""1.0.0-beta.11""}","[{""raw_evidence_sha256"":""1adc9289e38ec836cebb9e7d02642b2280df2f552341e2d5c48f5e904edd70ee""}]",,"Matched P1 profile: monolithic RSA-4096 passport integrity, registry authorization, DG1 validity, and minimum-age assertion. Native ProveKit exposes witness generation and proving as one integrated timed operation, so witness_time_ms is intentionally blank.",,,/Users/dcbuilder/Code/world/.worktrees/provekit-v1-cross-device-campaign/target/v1-benchmarks/input-to-proof/e15/attempts/cold/passport-p1/run-0/results.json,cold_local,21931.14554
input-to-proof-v1-20260807,passport_p1__motorola_e15__provekit_v1__cold_local-1,2026-08-09T21:19:58.552Z,motorola_e15,moto e15,14,armeabi-v7a,android_native,,passport_age_integrity,P1-matched-monolithic-RSA4096,092621d721cfef9ff39b0787f5ba2c1f07eb6d95,provekit_v1,noir,provekit-v1-whir-native,integrated-noir-beta11-witness,measured,1,ok,,,37041.281771,,37041.281771,804.08984375,716512,2546303,2299264,2546303,,input-to-proof-v1,9b2a6f37c67691eab4b0cec6c35e35c520e93285,"{""provekit"":""9b2a6f37c67691eab4b0cec6c35e35c520e93285"",""mobench"":""0.1.48"",""noir"":""1.0.0-beta.11""}","[{""raw_evidence_sha256"":""499de31c42b13d58caba4c553b037393bd17558d272aba58810a21f88f069836""}]",,"Matched P1 profile: monolithic RSA-4096 passport integrity, registry authorization, DG1 validity, and minimum-age assertion. Native ProveKit exposes witness generation and proving as one integrated timed operation, so witness_time_ms is intentionally blank.",,,/Users/dcbuilder/Code/world/.worktrees/provekit-v1-cross-device-campaign/target/v1-benchmarks/input-to-proof/e15/attempts/cold-retry2-20260809/passport-p1/run-1/results.json,cold_local,37041.281771
input-to-proof-v1-20260807,passport_p1__motorola_e15__provekit_v1__cold_local-2,2026-08-09T19:36:13.158Z,motorola_e15,moto e15,14,armeabi-v7a,android_native,,passport_age_integrity,P1-matched-monolithic-RSA4096,092621d721cfef9ff39b0787f5ba2c1f07eb6d95,provekit_v1,noir,provekit-v1-whir-native,integrated-noir-beta11-witness,measured,2,ok,,,22010.566386,,22010.566386,475.72265625,714242,2561167,2314128,2561167,,input-to-proof-v1,9b2a6f37c67691eab4b0cec6c35e35c520e93285,"{""provekit"":""9b2a6f37c67691eab4b0cec6c35e35c520e93285"",""mobench"":""0.1.48"",""noir"":""1.0.0-beta.11""}","[{""raw_evidence_sha256"":""4219d81524f94194e24a572de6701df98acfc2585ab68f1592bd23d6dc7b6a19""}]",,"Matched P1 profile: monolithic RSA-4096 passport integrity, registry authorization, DG1 validity, and minimum-age assertion. Native ProveKit exposes witness generation and proving as one integrated timed operation, so witness_time_ms is intentionally blank.",,,/Users/dcbuilder/Code/world/.worktrees/provekit-v1-cross-device-campaign/target/v1-benchmarks/input-to-proof/e15/attempts/cold/passport-p1/run-2/results.json,cold_local,22010.566386
input-to-proof-v1-20260807,passport_p1__motorola_e15__provekit_v1__cold_local-3,2026-08-09T19:40:23.451Z,motorola_e15,moto e15,14,armeabi-v7a,android_native,,passport_age_integrity,P1-matched-monolithic-RSA4096,092621d721cfef9ff39b0787f5ba2c1f07eb6d95,provekit_v1,noir,provekit-v1-whir-native,integrated-noir-beta11-witness,measured,3,ok,,,22004.165925,,22004.165925,470.55078125,717141,2534723,2287684,2534723,,input-to-proof-v1,9b2a6f37c67691eab4b0cec6c35e35c520e93285,"{""provekit"":""9b2a6f37c67691eab4b0cec6c35e35c520e93285"",""mobench"":""0.1.48"",""noir"":""1.0.0-beta.11""}","[{""raw_evidence_sha256"":""abb6d31172c9eb62445880fa1681bdee7a44e701428f15a5ff6d2e94e92534e7""}]",,"Matched P1 profile: monolithic RSA-4096 passport integrity, registry authorization, DG1 validity, and minimum-age assertion. Native ProveKit exposes witness generation and proving as one integrated timed operation, so witness_time_ms is intentionally blank.",,,/Users/dcbuilder/Code/world/.worktrees/provekit-v1-cross-device-campaign/target/v1-benchmarks/input-to-proof/e15/attempts/cold/passport-p1/run-3/results.json,cold_local,22004.165925
input-to-proof-v1-20260807,passport_p1__motorola_e15__provekit_v1__cold_local-4,2026-08-09T19:44:30.877Z,motorola_e15,moto e15,14,armeabi-v7a,android_native,,passport_age_integrity,P1-matched-monolithic-RSA4096,092621d721cfef9ff39b0787f5ba2c1f07eb6d95,provekit_v1,noir,provekit-v1-whir-native,integrated-noir-beta11-witness,measured,4,ok,,,21936.455616,,21936.455616,473.8046875,716285,2561447,2314408,2561447,,input-to-proof-v1,9b2a6f37c67691eab4b0cec6c35e35c520e93285,"{""provekit"":""9b2a6f37c67691eab4b0cec6c35e35c520e93285"",""mobench"":""0.1.48"",""noir"":""1.0.0-beta.11""}","[{""raw_evidence_sha256"":""bcb3a37e29e031da1db24ed43a49228fa57b70520f9390f51c5a94dda1a4aca3""}]",,"Matched P1 profile: monolithic RSA-4096 passport integrity, registry authorization, DG1 validity, and minimum-age assertion. Native ProveKit exposes witness generation and proving as one integrated timed operation, so witness_time_ms is intentionally blank.",,,/Users/dcbuilder/Code/world/.worktrees/provekit-v1-cross-device-campaign/target/v1-benchmarks/input-to-proof/e15/attempts/cold/passport-p1/run-4/results.json,cold_local,21936.455616
input-to-proof-v1-20260807,passport_p1__motorola_e15__provekit_v1__cold_local-5,2026-08-09T19:49:02.544Z,motorola_e15,moto e15,14,armeabi-v7a,android_native,,passport_age_integrity,P1-matched-monolithic-RSA4096,092621d721cfef9ff39b0787f5ba2c1f07eb6d95,provekit_v1,noir,provekit-v1-whir-native,integrated-noir-beta11-witness,measured,5,ok,,,21932.071156,,21932.071156,474.06640625,716138,2549071,2302032,2549071,,input-to-proof-v1,9b2a6f37c67691eab4b0cec6c35e35c520e93285,"{""provekit"":""9b2a6f37c67691eab4b0cec6c35e35c520e93285"",""mobench"":""0.1.48"",""noir"":""1.0.0-beta.11""}","[{""raw_evidence_sha256"":""73f1e2b814e1e7170fe46286b2096bf6e5b5082db2c3b5519374e508b7566710""}]",,"Matched P1 profile: monolithic RSA-4096 passport integrity, registry authorization, DG1 validity, and minimum-age assertion. Native ProveKit exposes witness generation and proving as one integrated timed operation, so witness_time_ms is intentionally blank.",,,/Users/dcbuilder/Code/world/.worktrees/provekit-v1-cross-device-campaign/target/v1-benchmarks/input-to-proof/e15/attempts/cold/passport-p1/run-5/results.json,cold_local,21932.071156
input-to-proof-v1-20260807,passport_p1__motorola_e15__provekit_v1__warm_reuse-0,2026-08-09T17:13:54.322Z,motorola_e15,moto e15,14,armeabi-v7a,android_native,,passport_age_integrity,P1-matched-monolithic-RSA4096,092621d721cfef9ff39b0787f5ba2c1f07eb6d95,provekit_v1,noir,provekit-v1-whir-native,integrated-noir-beta11-witness,warmup,0,ok,,,22012.132616,,22012.132616,,715538,2518091,2271052,2518091,,input-to-proof-v1,9b2a6f37c67691eab4b0cec6c35e35c520e93285,"{""provekit"":""9b2a6f37c67691eab4b0cec6c35e35c520e93285"",""mobench"":""0.1.48"",""noir"":""1.0.0-beta.11""}","[{""raw_evidence_sha256"":""23031f0830ee6aebe458efdd6fddd198ee55dc74a59126c62c137186ab66372b""}]",,"Matched P1 profile: monolithic RSA-4096 passport integrity, registry authorization, DG1 validity, and minimum-age assertion. Native ProveKit exposes witness generation and proving as one integrated timed operation, so witness_time_ms is intentionally blank.",,,/Users/dcbuilder/Code/world/.worktrees/provekit-v1-cross-device-campaign/target/v1-benchmarks/input-to-proof/e15/publication/warm/provekit-passport-p1-v2-postreboot-20260809/results.json,warm_reuse,22012.132616
input-to-proof-v1-20260807,passport_p1__motorola_e15__provekit_v1__warm_reuse-1,2026-08-09T17:13:54.322Z,motorola_e15,moto e15,14,armeabi-v7a,android_native,,passport_age_integrity,P1-matched-monolithic-RSA4096,092621d721cfef9ff39b0787f5ba2c1f07eb6d95,provekit_v1,noir,provekit-v1-whir-native,integrated-noir-beta11-witness,measured,1,ok,,,22013.30554,,22013.30554,468.4765625,716398,2518091,2271052,2518091,,input-to-proof-v1,9b2a6f37c67691eab4b0cec6c35e35c520e93285,"{""provekit"":""9b2a6f37c67691eab4b0cec6c35e35c520e93285"",""mobench"":""0.1.48"",""noir"":""1.0.0-beta.11""}","[{""raw_evidence_sha256"":""23031f0830ee6aebe458efdd6fddd198ee55dc74a59126c62c137186ab66372b""}]",,"Matched P1 profile: monolithic RSA-4096 passport integrity, registry authorization, DG1 validity, and minimum-age assertion. Native ProveKit exposes witness generation and proving as one integrated timed operation, so witness_time_ms is intentionally blank.",,,/Users/dcbuilder/Code/world/.worktrees/provekit-v1-cross-device-campaign/target/v1-benchmarks/input-to-proof/e15/publication/warm/provekit-passport-p1-v2-postreboot-20260809/results.json,warm_reuse,22013.30554
input-to-proof-v1-20260807,passport_p1__motorola_e15__provekit_v1__warm_reuse-2,2026-08-09T17:13:54.322Z,motorola_e15,moto e15,14,armeabi-v7a,android_native,,passport_age_integrity,P1-matched-monolithic-RSA4096,092621d721cfef9ff39b0787f5ba2c1f07eb6d95,provekit_v1,noir,provekit-v1-whir-native,integrated-noir-beta11-witness,measured,2,ok,,,21946.08954,,21946.08954,472.41796875,715701,2518091,2271052,2518091,,input-to-proof-v1,9b2a6f37c67691eab4b0cec6c35e35c520e93285,"{""provekit"":""9b2a6f37c67691eab4b0cec6c35e35c520e93285"",""mobench"":""0.1.48"",""noir"":""1.0.0-beta.11""}","[{""raw_evidence_sha256"":""23031f0830ee6aebe458efdd6fddd198ee55dc74a59126c62c137186ab66372b""}]",,"Matched P1 profile: monolithic RSA-4096 passport integrity, registry authorization, DG1 validity, and minimum-age assertion. Native ProveKit exposes witness generation and proving as one integrated timed operation, so witness_time_ms is intentionally blank.",,,/Users/dcbuilder/Code/world/.worktrees/provekit-v1-cross-device-campaign/target/v1-benchmarks/input-to-proof/e15/publication/warm/provekit-passport-p1-v2-postreboot-20260809/results.json,warm_reuse,21946.08954
input-to-proof-v1-20260807,passport_p1__motorola_e15__provekit_v1__warm_reuse-3,2026-08-09T17:13:54.322Z,motorola_e15,moto e15,14,armeabi-v7a,android_native,,passport_age_integrity,P1-matched-monolithic-RSA4096,092621d721cfef9ff39b0787f5ba2c1f07eb6d95,provekit_v1,noir,provekit-v1-whir-native,integrated-noir-beta11-witness,measured,3,ok,,,21960.394386,,21960.394386,473.38671875,713658,2518091,2271052,2518091,,input-to-proof-v1,9b2a6f37c67691eab4b0cec6c35e35c520e93285,"{""provekit"":""9b2a6f37c67691eab4b0cec6c35e35c520e93285"",""mobench"":""0.1.48"",""noir"":""1.0.0-beta.11""}","[{""raw_evidence_sha256"":""23031f0830ee6aebe458efdd6fddd198ee55dc74a59126c62c137186ab66372b""}]",,"Matched P1 profile: monolithic RSA-4096 passport integrity, registry authorization, DG1 validity, and minimum-age assertion. Native ProveKit exposes witness generation and proving as one integrated timed operation, so witness_time_ms is intentionally blank.",,,/Users/dcbuilder/Code/world/.worktrees/provekit-v1-cross-device-campaign/target/v1-benchmarks/input-to-proof/e15/publication/warm/provekit-passport-p1-v2-postreboot-20260809/results.json,warm_reuse,21960.394386
input-to-proof-v1-20260807,passport_p1__motorola_e15__provekit_v1__warm_reuse-4,2026-08-09T17:13:54.322Z,motorola_e15,moto e15,14,armeabi-v7a,android_native,,passport_age_integrity,P1-matched-monolithic-RSA4096,092621d721cfef9ff39b0787f5ba2c1f07eb6d95,provekit_v1,noir,provekit-v1-whir-native,integrated-noir-beta11-witness,measured,4,ok,,,22017.082848,,22017.082848,471.8828125,713578,2518091,2271052,2518091,,input-to-proof-v1,9b2a6f37c67691eab4b0cec6c35e35c520e93285,"{""provekit"":""9b2a6f37c67691eab4b0cec6c35e35c520e93285"",""mobench"":""0.1.48"",""noir"":""1.0.0-beta.11""}","[{""raw_evidence_sha256"":""23031f0830ee6aebe458efdd6fddd198ee55dc74a59126c62c137186ab66372b""}]",,"Matched P1 profile: monolithic RSA-4096 passport integrity, registry authorization, DG1 validity, and minimum-age assertion. Native ProveKit exposes witness generation and proving as one integrated timed operation, so witness_time_ms is intentionally blank.",,,/Users/dcbuilder/Code/world/.worktrees/provekit-v1-cross-device-campaign/target/v1-benchmarks/input-to-proof/e15/publication/warm/provekit-passport-p1-v2-postreboot-20260809/results.json,warm_reuse,22017.082848
input-to-proof-v1-20260807,passport_p1__motorola_e15__provekit_v1__warm_reuse-5,2026-08-09T17:13:54.322Z,motorola_e15,moto e15,14,armeabi-v7a,android_native,,passport_age_integrity,P1-matched-monolithic-RSA4096,092621d721cfef9ff39b0787f5ba2c1f07eb6d95,provekit_v1,noir,provekit-v1-whir-native,integrated-noir-beta11-witness,measured,5,ok,,,21965.429847,,21965.429847,471.87890625,717491,2518091,2271052,2518091,,input-to-proof-v1,9b2a6f37c67691eab4b0cec6c35e35c520e93285,"{""provekit"":""9b2a6f37c67691eab4b0cec6c35e35c520e93285"",""mobench"":""0.1.48"",""noir"":""1.0.0-beta.11""}","[{""raw_evidence_sha256"":""23031f0830ee6aebe458efdd6fddd198ee55dc74a59126c62c137186ab66372b""}]",,"Matched P1 profile: monolithic RSA-4096 passport integrity, registry authorization, DG1 validity, and minimum-age assertion. Native ProveKit exposes witness generation and proving as one integrated timed operation, so witness_time_ms is intentionally blank.",,,/Users/dcbuilder/Code/world/.worktrees/provekit-v1-cross-device-campaign/target/v1-benchmarks/input-to-proof/e15/publication/warm/provekit-passport-p1-v2-postreboot-20260809/results.json,warm_reuse,21965.429847
input-to-proof-v1-20260807,passport_p1__motorola_e15__noir_barretenberg__cold_local-0,2026-08-10T10:47:29.617Z,motorola_e15,moto e15,14,armeabi-v7a,android_native,,passport_age_integrity,P1-matched-monolithic-RSA4096,092621d721cfef9ff39b0787f5ba2c1f07eb6d95,noir_barretenberg,noir,barretenberg-rs-4.2.0-aztecnr-rc.2,acvm-beta19,warmup,0,ok,,1930.646462,115098.799392,,117029.447007,465.24609375,16324,271712159,271696456,271712159,,input-to-proof-v1,092621d721cfef9ff39b0787f5ba2c1f07eb6d95,"{""mopro"":""0.3.7"",""barretenberg_rs"":""4.2.0-aztecnr-rc.2"",""noir"":""1.0.0-beta.19""}","[{""raw_evidence_sha256"":""c8305a812976dc175ab872236aa6b088ddbd36c47b4c5e0bc26e82ce6c0bfa8e""}]",,"Matched P1 profile: monolithic RSA-4096 passport integrity, registry authorization, DG1 validity, and minimum-age assertion.",,,/Users/dcbuilder/Code/world/.worktrees/provekit-v1-cross-device-campaign/target/v1-benchmarks/input-to-proof/e15/publication/cold/barretenberg-passport-p1/run-0/results.json,cold_local,117029.447007
input-to-proof-v1-20260807,passport_p1__motorola_e15__noir_barretenberg__cold_local-1,2026-08-10T10:55:00.924Z,motorola_e15,moto e15,14,armeabi-v7a,android_native,,passport_age_integrity,P1-matched-monolithic-RSA4096,092621d721cfef9ff39b0787f5ba2c1f07eb6d95,noir_barretenberg,noir,barretenberg-rs-4.2.0-aztecnr-rc.2,acvm-beta19,measured,1,ok,,1938.775616,115207.859392,,117146.636084,459.99609375,16324,271712159,271696456,271712159,,input-to-proof-v1,092621d721cfef9ff39b0787f5ba2c1f07eb6d95,"{""mopro"":""0.3.7"",""barretenberg_rs"":""4.2.0-aztecnr-rc.2"",""noir"":""1.0.0-beta.19""}","[{""raw_evidence_sha256"":""2d369cdc201378381b9492f05f0953ea39eb03b7f52b2c110e223b7f40eb7064""}]",,"Matched P1 profile: monolithic RSA-4096 passport integrity, registry authorization, DG1 validity, and minimum-age assertion.",,,/Users/dcbuilder/Code/world/.worktrees/provekit-v1-cross-device-campaign/target/v1-benchmarks/input-to-proof/e15/publication/cold/barretenberg-passport-p1/run-1/results.json,cold_local,117146.636084
input-to-proof-v1-20260807,passport_p1__motorola_e15__noir_barretenberg__cold_local-2,2026-08-10T11:02:33.065Z,motorola_e15,moto e15,14,armeabi-v7a,android_native,,passport_age_integrity,P1-matched-monolithic-RSA4096,092621d721cfef9ff39b0787f5ba2c1f07eb6d95,noir_barretenberg,noir,barretenberg-rs-4.2.0-aztecnr-rc.2,acvm-beta19,measured,2,ok,,1934.800077,115154.204314,,117089.005468,466.125,16324,271712159,271696456,271712159,,input-to-proof-v1,092621d721cfef9ff39b0787f5ba2c1f07eb6d95,"{""mopro"":""0.3.7"",""barretenberg_rs"":""4.2.0-aztecnr-rc.2"",""noir"":""1.0.0-beta.19""}","[{""raw_evidence_sha256"":""3776758f3143e02c849aad1358a73a39ebbfbcfc2724c5d71aa78a8752d56674""}]",,"Matched P1 profile: monolithic RSA-4096 passport integrity, registry authorization, DG1 validity, and minimum-age assertion.",,,/Users/dcbuilder/Code/world/.worktrees/provekit-v1-cross-device-campaign/target/v1-benchmarks/input-to-proof/e15/publication/cold/barretenberg-passport-p1/run-2/results.json,cold_local,117089.005468
input-to-proof-v1-20260807,passport_p1__motorola_e15__noir_barretenberg__cold_local-3,2026-08-10T11:10:03.637Z,motorola_e15,moto e15,14,armeabi-v7a,android_native,,passport_age_integrity,P1-matched-monolithic-RSA4096,092621d721cfef9ff39b0787f5ba2c1f07eb6d95,noir_barretenberg,noir,barretenberg-rs-4.2.0-aztecnr-rc.2,acvm-beta19,measured,3,ok,,1938.140693,115850.475623,,117788.617315,465.1484375,16324,271712159,271696456,271712159,,input-to-proof-v1,092621d721cfef9ff39b0787f5ba2c1f07eb6d95,"{""mopro"":""0.3.7"",""barretenberg_rs"":""4.2.0-aztecnr-rc.2"",""noir"":""1.0.0-beta.19""}","[{""raw_evidence_sha256"":""1ab20865d70ba9b594487a57d197a70b75148721eadd75a25d8e616a3211c92d""}]",,"Matched P1 profile: monolithic RSA-4096 passport integrity, registry authorization, DG1 validity, and minimum-age assertion.",,,/Users/dcbuilder/Code/world/.worktrees/provekit-v1-cross-device-campaign/target/v1-benchmarks/input-to-proof/e15/publication/cold/barretenberg-passport-p1/run-3/results.json,cold_local,117788.617315
input-to-proof-v1-20260807,passport_p1__motorola_e15__noir_barretenberg__cold_local-4,2026-08-10T11:17:36.073Z,motorola_e15,moto e15,14,armeabi-v7a,android_native,,passport_age_integrity,P1-matched-monolithic-RSA4096,092621d721cfef9ff39b0787f5ba2c1f07eb6d95,noir_barretenberg,noir,barretenberg-rs-4.2.0-aztecnr-rc.2,acvm-beta19,measured,4,ok,,1938.114154,115212.368545,,117150.483622,465.85546875,16324,271712159,271696456,271712159,,input-to-proof-v1,092621d721cfef9ff39b0787f5ba2c1f07eb6d95,"{""mopro"":""0.3.7"",""barretenberg_rs"":""4.2.0-aztecnr-rc.2"",""noir"":""1.0.0-beta.19""}","[{""raw_evidence_sha256"":""16ecdfdc963615f034092563ea6298879949b75d88a594141840bc7edb3e1aa0""}]",,"Matched P1 profile: monolithic RSA-4096 passport integrity, registry authorization, DG1 validity, and minimum-age assertion.",,,/Users/dcbuilder/Code/world/.worktrees/provekit-v1-cross-device-campaign/target/v1-benchmarks/input-to-proof/e15/publication/cold/barretenberg-passport-p1/run-4/results.json,cold_local,117150.483622
input-to-proof-v1-20260807,passport_p1__motorola_e15__noir_barretenberg__cold_local-5,2026-08-10T11:25:09.090Z,motorola_e15,moto e15,14,armeabi-v7a,android_native,,passport_age_integrity,P1-matched-monolithic-RSA4096,092621d721cfef9ff39b0787f5ba2c1f07eb6d95,noir_barretenberg,noir,barretenberg-rs-4.2.0-aztecnr-rc.2,acvm-beta19,measured,5,ok,,1940.772231,115395.711161,,117336.484622,461.2109375,16324,271712159,271696456,271712159,,input-to-proof-v1,092621d721cfef9ff39b0787f5ba2c1f07eb6d95,"{""mopro"":""0.3.7"",""barretenberg_rs"":""4.2.0-aztecnr-rc.2"",""noir"":""1.0.0-beta.19""}","[{""raw_evidence_sha256"":""4e89cbbb427961004c4949ca99e6fbad762e23a088fc23c79d5b30868cc5f119""}]",,"Matched P1 profile: monolithic RSA-4096 passport integrity, registry authorization, DG1 validity, and minimum-age assertion.",,,/Users/dcbuilder/Code/world/.worktrees/provekit-v1-cross-device-campaign/target/v1-benchmarks/input-to-proof/e15/publication/cold/barretenberg-passport-p1/run-5/results.json,cold_local,117336.484622
input-to-proof-v1-20260807,passport_p1__motorola_e15__noir_barretenberg__warm_reuse-0,2026-08-10T08:55:12.651Z,motorola_e15,moto e15,14,armeabi-v7a,android_native,,passport_age_integrity,P1-matched-monolithic-RSA4096,092621d721cfef9ff39b0787f5ba2c1f07eb6d95,noir_barretenberg,noir,barretenberg-rs-4.2.0-aztecnr-rc.2,acvm-beta19,warmup,0,ok,,1940.787077,115001.471699,,116942.260392,,16324,271712159,271696456,271712159,,input-to-proof-v1,092621d721cfef9ff39b0787f5ba2c1f07eb6d95,"{""mopro"":""0.3.7"",""barretenberg_rs"":""4.2.0-aztecnr-rc.2"",""noir"":""1.0.0-beta.19""}","[{""raw_evidence_sha256"":""b0dfc1bdabff6abac4035af8f8ae805006d0a423f9a61e02e33288b9f773b778""}]",,"Matched P1 profile: monolithic RSA-4096 passport integrity, registry authorization, DG1 validity, and minimum-age assertion.",,,/Users/dcbuilder/Code/world/.worktrees/provekit-v1-cross-device-campaign/target/v1-benchmarks/input-to-proof/e15/publication/warm/barretenberg-passport-p1-20260810/results.json,warm_reuse,116942.260392
input-to-proof-v1-20260807,passport_p1__motorola_e15__noir_barretenberg__warm_reuse-1,2026-08-10T08:55:12.651Z,motorola_e15,moto e15,14,armeabi-v7a,android_native,,passport_age_integrity,P1-matched-monolithic-RSA4096,092621d721cfef9ff39b0787f5ba2c1f07eb6d95,noir_barretenberg,noir,barretenberg-rs-4.2.0-aztecnr-rc.2,acvm-beta19,measured,1,ok,,1937.975769,115208.417853,,117146.394699,468.6953125,16324,271712159,271696456,271712159,,input-to-proof-v1,092621d721cfef9ff39b0787f5ba2c1f07eb6d95,"{""mopro"":""0.3.7"",""barretenberg_rs"":""4.2.0-aztecnr-rc.2"",""noir"":""1.0.0-beta.19""}","[{""raw_evidence_sha256"":""b0dfc1bdabff6abac4035af8f8ae805006d0a423f9a61e02e33288b9f773b778""}]",,"Matched P1 profile: monolithic RSA-4096 passport integrity, registry authorization, DG1 validity, and minimum-age assertion.",,,/Users/dcbuilder/Code/world/.worktrees/provekit-v1-cross-device-campaign/target/v1-benchmarks/input-to-proof/e15/publication/warm/barretenberg-passport-p1-20260810/results.json,warm_reuse,117146.394699
input-to-proof-v1-20260807,passport_p1__motorola_e15__noir_barretenberg__warm_reuse-2,2026-08-10T08:55:12.651Z,motorola_e15,moto e15,14,armeabi-v7a,android_native,,passport_age_integrity,P1-matched-monolithic-RSA4096,092621d721cfef9ff39b0787f5ba2c1f07eb6d95,noir_barretenberg,noir,barretenberg-rs-4.2.0-aztecnr-rc.2,acvm-beta19,measured,2,ok,,1936.869308,115176.956007,,117113.826392,468.7734375,16324,271712159,271696456,271712159,,input-to-proof-v1,092621d721cfef9ff39b0787f5ba2c1f07eb6d95,"{""mopro"":""0.3.7"",""barretenberg_rs"":""4.2.0-aztecnr-rc.2"",""noir"":""1.0.0-beta.19""}","[{""raw_evidence_sha256"":""b0dfc1bdabff6abac4035af8f8ae805006d0a423f9a61e02e33288b9f773b778""}]",,"Matched P1 profile: monolithic RSA-4096 passport integrity, registry authorization, DG1 validity, and minimum-age assertion.",,,/Users/dcbuilder/Code/world/.worktrees/provekit-v1-cross-device-campaign/target/v1-benchmarks/input-to-proof/e15/publication/warm/barretenberg-passport-p1-20260810/results.json,warm_reuse,117113.826392
input-to-proof-v1-20260807,passport_p1__motorola_e15__noir_barretenberg__warm_reuse-3,2026-08-10T08:55:12.651Z,motorola_e15,moto e15,14,armeabi-v7a,android_native,,passport_age_integrity,P1-matched-monolithic-RSA4096,092621d721cfef9ff39b0787f5ba2c1f07eb6d95,noir_barretenberg,noir,barretenberg-rs-4.2.0-aztecnr-rc.2,acvm-beta19,measured,3,ok,,1934.062231,115440.940623,,117375.00393,470.2265625,16324,271712159,271696456,271712159,,input-to-proof-v1,092621d721cfef9ff39b0787f5ba2c1f07eb6d95,"{""mopro"":""0.3.7"",""barretenberg_rs"":""4.2.0-aztecnr-rc.2"",""noir"":""1.0.0-beta.19""}","[{""raw_evidence_sha256"":""b0dfc1bdabff6abac4035af8f8ae805006d0a423f9a61e02e33288b9f773b778""}]",,"Matched P1 profile: monolithic RSA-4096 passport integrity, registry authorization, DG1 validity, and minimum-age assertion.",,,/Users/dcbuilder/Code/world/.worktrees/provekit-v1-cross-device-campaign/target/v1-benchmarks/input-to-proof/e15/publication/warm/barretenberg-passport-p1-20260810/results.json,warm_reuse,117375.00393
input-to-proof-v1-20260807,passport_p1__motorola_e15__noir_barretenberg__warm_reuse-4,2026-08-10T08:55:12.651Z,motorola_e15,moto e15,14,armeabi-v7a,android_native,,passport_age_integrity,P1-matched-monolithic-RSA4096,092621d721cfef9ff39b0787f5ba2c1f07eb6d95,noir_barretenberg,noir,barretenberg-rs-4.2.0-aztecnr-rc.2,acvm-beta19,measured,4,ok,,1941.104846,115179.304237,,117120.410084,475.015625,16324,271712159,271696456,271712159,,input-to-proof-v1,092621d721cfef9ff39b0787f5ba2c1f07eb6d95,"{""mopro"":""0.3.7"",""barretenberg_rs"":""4.2.0-aztecnr-rc.2"",""noir"":""1.0.0-beta.19""}","[{""raw_evidence_sha256"":""b0dfc1bdabff6abac4035af8f8ae805006d0a423f9a61e02e33288b9f773b778""}]",,"Matched P1 profile: monolithic RSA-4096 passport integrity, registry authorization, DG1 validity, and minimum-age assertion.",,,/Users/dcbuilder/Code/world/.worktrees/provekit-v1-cross-device-campaign/target/v1-benchmarks/input-to-proof/e15/publication/warm/barretenberg-passport-p1-20260810/results.json,warm_reuse,117120.410084
input-to-proof-v1-20260807,passport_p1__motorola_e15__noir_barretenberg__warm_reuse-5,2026-08-10T08:55:12.651Z,motorola_e15,moto e15,14,armeabi-v7a,android_native,,passport_age_integrity,P1-matched-monolithic-RSA4096,092621d721cfef9ff39b0787f5ba2c1f07eb6d95,noir_barretenberg,noir,barretenberg-rs-4.2.0-aztecnr-rc.2,acvm-beta19,measured,5,ok,,1938.620923,115332.492545,,117271.114776,471.125,16324,271712159,271696456,271712159,,input-to-proof-v1,092621d721cfef9ff39b0787f5ba2c1f07eb6d95,"{""mopro"":""0.3.7"",""barretenberg_rs"":""4.2.0-aztecnr-rc.2"",""noir"":""1.0.0-beta.19""}","[{""raw_evidence_sha256"":""b0dfc1bdabff6abac4035af8f8ae805006d0a423f9a61e02e33288b9f773b778""}]",,"Matched P1 profile: monolithic RSA-4096 passport integrity, registry authorization, DG1 validity, and minimum-age assertion.",,,/Users/dcbuilder/Code/world/.worktrees/provekit-v1-cross-device-campaign/target/v1-benchmarks/input-to-proof/e15/publication/warm/barretenberg-passport-p1-20260810/results.json,warm_reuse,117271.114776
input-to-proof-v1-20260807,passport_p1__motorola_e15__circom_groth16__cold_local-0,2026-08-10T21:06:43.851Z,motorola_e15,moto e15,14,armeabi-v7a,android_native,,passport_age_integrity,P1-matched-monolithic-RSA4096,092621d721cfef9ff39b0787f5ba2c1f07eb6d95,circom_groth16,circom,rust-rapidsnark-0.1.4,rust-witness-0.1.6,warmup,0,ok,,21865.903309,219933.206475,,241799.110476,286.54296875,925,508332927,498212512,508332927,,input-to-proof-v1,092621d721cfef9ff39b0787f5ba2c1f07eb6d95,"{""rust_rapidsnark"":""0.1.4"",""rust_witness"":""0.1.6"",""circom"":""2.2.2""}","[{""raw_evidence_sha256"":""afc55c72c7a26a75ac3efd85759bffaaaac3f8e934d6d7825fe9b09a5ac907e1""}]",,"Matched P1 profile: monolithic RSA-4096 passport integrity, registry authorization, DG1 validity, and minimum-age assertion.",,,/Users/dcbuilder/Code/world/.worktrees/provekit-v1-cross-device-campaign/target/v1-benchmarks/input-to-proof/e15/publication/cold/circom-passport-p1/run-0/results.json,cold_local,241799.110476
input-to-proof-v1-20260807,passport_p1__motorola_e15__circom_groth16__cold_local-1,2026-08-10T21:16:57.847Z,motorola_e15,moto e15,14,armeabi-v7a,android_native,,passport_age_integrity,P1-matched-monolithic-RSA4096,092621d721cfef9ff39b0787f5ba2c1f07eb6d95,circom_groth16,circom,rust-rapidsnark-0.1.4,rust-witness-0.1.6,measured,1,ok,,21841.26554,219946.51209,,241787.778476,293.37109375,927,508332927,498212512,508332927,,input-to-proof-v1,092621d721cfef9ff39b0787f5ba2c1f07eb6d95,"{""rust_rapidsnark"":""0.1.4"",""rust_witness"":""0.1.6"",""circom"":""2.2.2""}","[{""raw_evidence_sha256"":""41b688b9fd447a2bfd12f7a33c2f7033e740e879a2ba93f1b9dc557196fe68c2""}]",,"Matched P1 profile: monolithic RSA-4096 passport integrity, registry authorization, DG1 validity, and minimum-age assertion.",,,/Users/dcbuilder/Code/world/.worktrees/provekit-v1-cross-device-campaign/target/v1-benchmarks/input-to-proof/e15/publication/cold/circom-passport-p1/run-1/results.json,cold_local,241787.778476
input-to-proof-v1-20260807,passport_p1__motorola_e15__circom_groth16__cold_local-2,2026-08-10T21:27:11.559Z,motorola_e15,moto e15,14,armeabi-v7a,android_native,,passport_age_integrity,P1-matched-monolithic-RSA4096,092621d721cfef9ff39b0787f5ba2c1f07eb6d95,circom_groth16,circom,rust-rapidsnark-0.1.4,rust-witness-0.1.6,measured,2,ok,,21889.267694,219716.131705,,241605.40063,293.5546875,930,508332927,498212512,508332927,,input-to-proof-v1,092621d721cfef9ff39b0787f5ba2c1f07eb6d95,"{""rust_rapidsnark"":""0.1.4"",""rust_witness"":""0.1.6"",""circom"":""2.2.2""}","[{""raw_evidence_sha256"":""10bc42d7e8cd6ff32e41fd32aa15bb8a4b5fe4572f6e6f379339fa18eb7ef40e""}]",,"Matched P1 profile: monolithic RSA-4096 passport integrity, registry authorization, DG1 validity, and minimum-age assertion.",,,/Users/dcbuilder/Code/world/.worktrees/provekit-v1-cross-device-campaign/target/v1-benchmarks/input-to-proof/e15/publication/cold/circom-passport-p1/run-2/results.json,cold_local,241605.40063
input-to-proof-v1-20260807,passport_p1__motorola_e15__circom_groth16__cold_local-3,2026-08-10T21:37:28.321Z,motorola_e15,moto e15,14,armeabi-v7a,android_native,,passport_age_integrity,P1-matched-monolithic-RSA4096,092621d721cfef9ff39b0787f5ba2c1f07eb6d95,circom_groth16,circom,rust-rapidsnark-0.1.4,rust-witness-0.1.6,measured,3,ok,,21855.38454,219855.616629,,241711.001861,292.140625,928,508332927,498212512,508332927,,input-to-proof-v1,092621d721cfef9ff39b0787f5ba2c1f07eb6d95,"{""rust_rapidsnark"":""0.1.4"",""rust_witness"":""0.1.6"",""circom"":""2.2.2""}","[{""raw_evidence_sha256"":""984facc03fc0a515947cc7e7f08656c4e60c47c6396ec8a647d35cbbff071b15""}]",,"Matched P1 profile: monolithic RSA-4096 passport integrity, registry authorization, DG1 validity, and minimum-age assertion.",,,/Users/dcbuilder/Code/world/.worktrees/provekit-v1-cross-device-campaign/target/v1-benchmarks/input-to-proof/e15/publication/cold/circom-passport-p1/run-3/results.json,cold_local,241711.001861
input-to-proof-v1-20260807,passport_p1__motorola_e15__circom_groth16__cold_local-4,2026-08-10T21:47:42.211Z,motorola_e15,moto e15,14,armeabi-v7a,android_native,,passport_age_integrity,P1-matched-monolithic-RSA4096,092621d721cfef9ff39b0787f5ba2c1f07eb6d95,circom_groth16,circom,rust-rapidsnark-0.1.4,rust-witness-0.1.6,measured,4,ok,,21859.755309,219596.209936,,241455.965784,297.5703125,928,508332927,498212512,508332927,,input-to-proof-v1,092621d721cfef9ff39b0787f5ba2c1f07eb6d95,"{""rust_rapidsnark"":""0.1.4"",""rust_witness"":""0.1.6"",""circom"":""2.2.2""}","[{""raw_evidence_sha256"":""62d3a7935d4c9bec9adabb3693f142ca1113deee2d445a9eb6576ccb9ca41f56""}]",,"Matched P1 profile: monolithic RSA-4096 passport integrity, registry authorization, DG1 validity, and minimum-age assertion.",,,/Users/dcbuilder/Code/world/.worktrees/provekit-v1-cross-device-campaign/target/v1-benchmarks/input-to-proof/e15/publication/cold/circom-passport-p1/run-4/results.json,cold_local,241455.965784
input-to-proof-v1-20260807,passport_p1__motorola_e15__circom_groth16__cold_local-5,2026-08-10T21:57:55.559Z,motorola_e15,moto e15,14,armeabi-v7a,android_native,,passport_age_integrity,P1-matched-monolithic-RSA4096,092621d721cfef9ff39b0787f5ba2c1f07eb6d95,circom_groth16,circom,rust-rapidsnark-0.1.4,rust-witness-0.1.6,measured,5,ok,,21850.164078,219582.274705,,241432.439707,292.16796875,930,508332927,498212512,508332927,,input-to-proof-v1,092621d721cfef9ff39b0787f5ba2c1f07eb6d95,"{""rust_rapidsnark"":""0.1.4"",""rust_witness"":""0.1.6"",""circom"":""2.2.2""}","[{""raw_evidence_sha256"":""5b4a3f2cdb94cc3bcfe2b37b101c4ce699fb36be1da5ecd36d01e35cd74290fd""}]",,"Matched P1 profile: monolithic RSA-4096 passport integrity, registry authorization, DG1 validity, and minimum-age assertion.",,,/Users/dcbuilder/Code/world/.worktrees/provekit-v1-cross-device-campaign/target/v1-benchmarks/input-to-proof/e15/publication/cold/circom-passport-p1/run-5/results.json,cold_local,241432.439707
input-to-proof-v1-20260807,passport_p1__motorola_e15__circom_groth16__warm_reuse-0,2026-08-10T14:29:33.176Z,motorola_e15,moto e15,14,armeabi-v7a,android_native,,passport_age_integrity,P1-matched-monolithic-RSA4096,092621d721cfef9ff39b0787f5ba2c1f07eb6d95,circom_groth16,circom,rust-rapidsnark-0.1.4,rust-witness-0.1.6,warmup,0,ok,,21838.82854,219571.219013,,241410.048707,,929,508332927,498212512,508332927,,input-to-proof-v1,092621d721cfef9ff39b0787f5ba2c1f07eb6d95,"{""rust_rapidsnark"":""0.1.4"",""rust_witness"":""0.1.6"",""circom"":""2.2.2""}","[{""raw_evidence_sha256"":""924d59b20316e0603c7db72815f4e9c5793bd3ff29b25c4445521c1d4fd229a6""}]",,"Matched P1 profile: monolithic RSA-4096 passport integrity, registry authorization, DG1 validity, and minimum-age assertion.",,,/Users/dcbuilder/Code/world/.worktrees/provekit-v1-cross-device-campaign/target/v1-benchmarks/input-to-proof/e15/publication/warm/circom-passport-p1/results.json,warm_reuse,241410.048707
input-to-proof-v1-20260807,passport_p1__motorola_e15__circom_groth16__warm_reuse-1,2026-08-10T14:29:33.176Z,motorola_e15,moto e15,14,armeabi-v7a,android_native,,passport_age_integrity,P1-matched-monolithic-RSA4096,092621d721cfef9ff39b0787f5ba2c1f07eb6d95,circom_groth16,circom,rust-rapidsnark-0.1.4,rust-witness-0.1.6,measured,1,ok,,21935.204925,217164.146474,,239099.352015,289.1328125,928,508332927,498212512,508332927,,input-to-proof-v1,092621d721cfef9ff39b0787f5ba2c1f07eb6d95,"{""rust_rapidsnark"":""0.1.4"",""rust_witness"":""0.1.6"",""circom"":""2.2.2""}","[{""raw_evidence_sha256"":""924d59b20316e0603c7db72815f4e9c5793bd3ff29b25c4445521c1d4fd229a6""}]",,"Matched P1 profile: monolithic RSA-4096 passport integrity, registry authorization, DG1 validity, and minimum-age assertion.",,,/Users/dcbuilder/Code/world/.worktrees/provekit-v1-cross-device-campaign/target/v1-benchmarks/input-to-proof/e15/publication/warm/circom-passport-p1/results.json,warm_reuse,239099.352015
input-to-proof-v1-20260807,passport_p1__motorola_e15__circom_groth16__warm_reuse-2,2026-08-10T14:29:33.176Z,motorola_e15,moto e15,14,armeabi-v7a,android_native,,passport_age_integrity,P1-matched-monolithic-RSA4096,092621d721cfef9ff39b0787f5ba2c1f07eb6d95,circom_groth16,circom,rust-rapidsnark-0.1.4,rust-witness-0.1.6,measured,2,ok,,21834.133463,217989.376859,,239823.511091,290.3828125,927,508332927,498212512,508332927,,input-to-proof-v1,092621d721cfef9ff39b0787f5ba2c1f07eb6d95,"{""rust_rapidsnark"":""0.1.4"",""rust_witness"":""0.1.6"",""circom"":""2.2.2""}","[{""raw_evidence_sha256"":""924d59b20316e0603c7db72815f4e9c5793bd3ff29b25c4445521c1d4fd229a6""}]",,"Matched P1 profile: monolithic RSA-4096 passport integrity, registry authorization, DG1 validity, and minimum-age assertion.",,,/Users/dcbuilder/Code/world/.worktrees/provekit-v1-cross-device-campaign/target/v1-benchmarks/input-to-proof/e15/publication/warm/circom-passport-p1/results.json,warm_reuse,239823.511091
input-to-proof-v1-20260807,passport_p1__motorola_e15__circom_groth16__warm_reuse-3,2026-08-10T14:29:33.176Z,motorola_e15,moto e15,14,armeabi-v7a,android_native,,passport_age_integrity,P1-matched-monolithic-RSA4096,092621d721cfef9ff39b0787f5ba2c1f07eb6d95,circom_groth16,circom,rust-rapidsnark-0.1.4,rust-witness-0.1.6,measured,3,ok,,21835.60154,218252.675321,,240088.277784,283.71875,926,508332927,498212512,508332927,,input-to-proof-v1,092621d721cfef9ff39b0787f5ba2c1f07eb6d95,"{""rust_rapidsnark"":""0.1.4"",""rust_witness"":""0.1.6"",""circom"":""2.2.2""}","[{""raw_evidence_sha256"":""924d59b20316e0603c7db72815f4e9c5793bd3ff29b25c4445521c1d4fd229a6""}]",,"Matched P1 profile: monolithic RSA-4096 passport integrity, registry authorization, DG1 validity, and minimum-age assertion.",,,/Users/dcbuilder/Code/world/.worktrees/provekit-v1-cross-device-campaign/target/v1-benchmarks/input-to-proof/e15/publication/warm/circom-passport-p1/results.json,warm_reuse,240088.277784
input-to-proof-v1-20260807,passport_p1__motorola_e15__circom_groth16__warm_reuse-4,2026-08-10T14:29:33.176Z,motorola_e15,moto e15,14,armeabi-v7a,android_native,,passport_age_integrity,P1-matched-monolithic-RSA4096,092621d721cfef9ff39b0787f5ba2c1f07eb6d95,circom_groth16,circom,rust-rapidsnark-0.1.4,rust-witness-0.1.6,measured,4,ok,,21840.064848,217806.936706,,239647.002476,276.57421875,929,508332927,498212512,508332927,,input-to-proof-v1,092621d721cfef9ff39b0787f5ba2c1f07eb6d95,"{""rust_rapidsnark"":""0.1.4"",""rust_witness"":""0.1.6"",""circom"":""2.2.2""}","[{""raw_evidence_sha256"":""924d59b20316e0603c7db72815f4e9c5793bd3ff29b25c4445521c1d4fd229a6""}]",,"Matched P1 profile: monolithic RSA-4096 passport integrity, registry authorization, DG1 validity, and minimum-age assertion.",,,/Users/dcbuilder/Code/world/.worktrees/provekit-v1-cross-device-campaign/target/v1-benchmarks/input-to-proof/e15/publication/warm/circom-passport-p1/results.json,warm_reuse,239647.002476
input-to-proof-v1-20260807,passport_p1__motorola_e15__circom_groth16__warm_reuse-5,2026-08-10T14:29:33.176Z,motorola_e15,moto e15,14,armeabi-v7a,android_native,,passport_age_integrity,P1-matched-monolithic-RSA4096,092621d721cfef9ff39b0787f5ba2c1f07eb6d95,circom_groth16,circom,rust-rapidsnark-0.1.4,rust-witness-0.1.6,measured,5,ok,,21838.055771,217892.081475,,239730.13763,286.06640625,930,508332927,498212512,508332927,,input-to-proof-v1,092621d721cfef9ff39b0787f5ba2c1f07eb6d95,"{""rust_rapidsnark"":""0.1.4"",""rust_witness"":""0.1.6"",""circom"":""2.2.2""}","[{""raw_evidence_sha256"":""924d59b20316e0603c7db72815f4e9c5793bd3ff29b25c4445521c1d4fd229a6""}]",,"Matched P1 profile: monolithic RSA-4096 passport integrity, registry authorization, DG1 validity, and minimum-age assertion.",,,/Users/dcbuilder/Code/world/.worktrees/provekit-v1-cross-device-campaign/target/v1-benchmarks/input-to-proof/e15/publication/warm/circom-passport-p1/results.json,warm_reuse,239730.13763
input-to-proof-v1-20260807,oprf_o2__motorola_e15__provekit_v1__cold_local-0,2026-08-09T17:49:39.722Z,motorola_e15,moto e15,14,armeabi-v7a,android_native,,oprf_nullifier,O2-world-id-nullifier,85aeeef539961cae5a63de794997b507a5975717,provekit_v1,noir,provekit-v1-whir-native,integrated-noir-beta11-witness,warmup,0,ok,,,12584.178155,,12584.178155,145.85546875,632532,1648269,1642416,1648269,,input-to-proof-v1,9b2a6f37c67691eab4b0cec6c35e35c520e93285,"{""provekit"":""9b2a6f37c67691eab4b0cec6c35e35c520e93285"",""mobench"":""0.1.48"",""noir"":""1.0.0-beta.11""}","[{""raw_evidence_sha256"":""09ac8e4947b96f9397ef34b4b05de4f398f08bc9cdd677697d132111e6ecaefc""}]",,"Matched O2 profile: World ID nullifier statement and frozen semantic inputs, including the same public nullifier. Native ProveKit exposes witness generation and proving as one integrated timed operation, so witness_time_ms is intentionally blank.",,,/Users/dcbuilder/Code/world/.worktrees/provekit-v1-cross-device-campaign/target/v1-benchmarks/input-to-proof/e15/attempts/cold/oprf/run-0/results.json,cold_local,12584.178155
input-to-proof-v1-20260807,oprf_o2__motorola_e15__provekit_v1__cold_local-1,2026-08-09T17:52:09.957Z,motorola_e15,moto e15,14,armeabi-v7a,android_native,,oprf_nullifier,O2-world-id-nullifier,85aeeef539961cae5a63de794997b507a5975717,provekit_v1,noir,provekit-v1-whir-native,integrated-noir-beta11-witness,measured,1,ok,,,12680.550155,,12680.550155,144.88671875,636500,1648269,1642416,1648269,,input-to-proof-v1,9b2a6f37c67691eab4b0cec6c35e35c520e93285,"{""provekit"":""9b2a6f37c67691eab4b0cec6c35e35c520e93285"",""mobench"":""0.1.48"",""noir"":""1.0.0-beta.11""}","[{""raw_evidence_sha256"":""3b2677e383c3f9eacd1788ee85a3ccdd978efbf5cd4a46b5ddb108cc108e9a29""}]",,"Matched O2 profile: World ID nullifier statement and frozen semantic inputs, including the same public nullifier. Native ProveKit exposes witness generation and proving as one integrated timed operation, so witness_time_ms is intentionally blank.",,,/Users/dcbuilder/Code/world/.worktrees/provekit-v1-cross-device-campaign/target/v1-benchmarks/input-to-proof/e15/attempts/cold/oprf/run-1/results.json,cold_local,12680.550155
input-to-proof-v1-20260807,oprf_o2__motorola_e15__provekit_v1__cold_local-2,2026-08-09T17:54:13.505Z,motorola_e15,moto e15,14,armeabi-v7a,android_native,,oprf_nullifier,O2-world-id-nullifier,85aeeef539961cae5a63de794997b507a5975717,provekit_v1,noir,provekit-v1-whir-native,integrated-noir-beta11-witness,measured,2,ok,,,12466.876924,,12466.876924,145.1015625,634516,1648269,1642416,1648269,,input-to-proof-v1,9b2a6f37c67691eab4b0cec6c35e35c520e93285,"{""provekit"":""9b2a6f37c67691eab4b0cec6c35e35c520e93285"",""mobench"":""0.1.48"",""noir"":""1.0.0-beta.11""}","[{""raw_evidence_sha256"":""9f9c74a226bcbf2c9b7afd64c23e4266b4a5c596861b4b99265d7d916833c1ee""}]",,"Matched O2 profile: World ID nullifier statement and frozen semantic inputs, including the same public nullifier. Native ProveKit exposes witness generation and proving as one integrated timed operation, so witness_time_ms is intentionally blank.",,,/Users/dcbuilder/Code/world/.worktrees/provekit-v1-cross-device-campaign/target/v1-benchmarks/input-to-proof/e15/attempts/cold/oprf/run-2/results.json,cold_local,12466.876924
input-to-proof-v1-20260807,oprf_o2__motorola_e15__provekit_v1__cold_local-3,2026-08-09T21:04:59.575Z,motorola_e15,moto e15,14,armeabi-v7a,android_native,,oprf_nullifier,O2-world-id-nullifier,85aeeef539961cae5a63de794997b507a5975717,provekit_v1,noir,provekit-v1-whir-native,integrated-noir-beta11-witness,measured,3,ok,,,12799.092386,,12799.092386,170.140625,634548,1648269,1642416,1648269,,input-to-proof-v1,9b2a6f37c67691eab4b0cec6c35e35c520e93285,"{""provekit"":""9b2a6f37c67691eab4b0cec6c35e35c520e93285"",""mobench"":""0.1.48"",""noir"":""1.0.0-beta.11""}","[{""raw_evidence_sha256"":""54ec9c0e17a3bebdc546c5c73fa6f139df54cb14cfd9d988ebf56b3b2fc87002""}]",,"Matched O2 profile: World ID nullifier statement and frozen semantic inputs, including the same public nullifier. Native ProveKit exposes witness generation and proving as one integrated timed operation, so witness_time_ms is intentionally blank.",,,/Users/dcbuilder/Code/world/.worktrees/provekit-v1-cross-device-campaign/target/v1-benchmarks/input-to-proof/e15/attempts/cold-retry-20260809/oprf/run-3/results.json,cold_local,12799.092386
input-to-proof-v1-20260807,oprf_o2__motorola_e15__provekit_v1__cold_local-4,2026-08-09T17:58:28.620Z,motorola_e15,moto e15,14,armeabi-v7a,android_native,,oprf_nullifier,O2-world-id-nullifier,85aeeef539961cae5a63de794997b507a5975717,provekit_v1,noir,provekit-v1-whir-native,integrated-noir-beta11-witness,measured,4,ok,,,12725.462078,,12725.462078,140.03515625,633096,1648269,1642416,1648269,,input-to-proof-v1,9b2a6f37c67691eab4b0cec6c35e35c520e93285,"{""provekit"":""9b2a6f37c67691eab4b0cec6c35e35c520e93285"",""mobench"":""0.1.48"",""noir"":""1.0.0-beta.11""}","[{""raw_evidence_sha256"":""2bb6eb16cf831f0e35cf8dfb8c095815ccc7c57758faadc9371e821018cf7be5""}]",,"Matched O2 profile: World ID nullifier statement and frozen semantic inputs, including the same public nullifier. Native ProveKit exposes witness generation and proving as one integrated timed operation, so witness_time_ms is intentionally blank.",,,/Users/dcbuilder/Code/world/.worktrees/provekit-v1-cross-device-campaign/target/v1-benchmarks/input-to-proof/e15/attempts/cold/oprf/run-4/results.json,cold_local,12725.462078
input-to-proof-v1-20260807,oprf_o2__motorola_e15__provekit_v1__cold_local-5,2026-08-09T18:00:33.037Z,motorola_e15,moto e15,14,armeabi-v7a,android_native,,oprf_nullifier,O2-world-id-nullifier,85aeeef539961cae5a63de794997b507a5975717,provekit_v1,noir,provekit-v1-whir-native,integrated-noir-beta11-witness,measured,5,ok,,,12444.639693,,12444.639693,145.078125,634868,1648269,1642416,1648269,,input-to-proof-v1,9b2a6f37c67691eab4b0cec6c35e35c520e93285,"{""provekit"":""9b2a6f37c67691eab4b0cec6c35e35c520e93285"",""mobench"":""0.1.48"",""noir"":""1.0.0-beta.11""}","[{""raw_evidence_sha256"":""4c79106dd34e329ccedb44c559c6b4b3e7cd3b2cf9d9e42cd9f9d6af1bfd3fd8""}]",,"Matched O2 profile: World ID nullifier statement and frozen semantic inputs, including the same public nullifier. Native ProveKit exposes witness generation and proving as one integrated timed operation, so witness_time_ms is intentionally blank.",,,/Users/dcbuilder/Code/world/.worktrees/provekit-v1-cross-device-campaign/target/v1-benchmarks/input-to-proof/e15/attempts/cold/oprf/run-5/results.json,cold_local,12444.639693
input-to-proof-v1-20260807,oprf_o2__motorola_e15__provekit_v1__warm_reuse-0,2026-08-09T16:15:38.727Z,motorola_e15,moto e15,14,armeabi-v7a,android_native,,oprf_nullifier,O2-world-id-nullifier,85aeeef539961cae5a63de794997b507a5975717,provekit_v1,noir,provekit-v1-whir-native,integrated-noir-beta11-witness,warmup,0,ok,,,12162.576385,,12162.576385,,634836,1648269,1642416,1648269,,input-to-proof-v1,9b2a6f37c67691eab4b0cec6c35e35c520e93285,"{""provekit"":""9b2a6f37c67691eab4b0cec6c35e35c520e93285"",""mobench"":""0.1.48"",""noir"":""1.0.0-beta.11""}","[{""raw_evidence_sha256"":""5981c0f9fec3c9a3e7f89bc5f78427125c6d26b8db31ee5457cae2aa35f3cf5e""}]",,"Matched O2 profile: World ID nullifier statement and frozen semantic inputs, including the same public nullifier. Native ProveKit exposes witness generation and proving as one integrated timed operation, so witness_time_ms is intentionally blank.",,,/Users/dcbuilder/Code/world/.worktrees/provekit-v1-cross-device-campaign/target/v1-benchmarks/input-to-proof/e15/publication/warm/provekit-oprf-v2-20260809/results.json,warm_reuse,12162.576385
input-to-proof-v1-20260807,oprf_o2__motorola_e15__provekit_v1__warm_reuse-1,2026-08-09T16:15:38.727Z,motorola_e15,moto e15,14,armeabi-v7a,android_native,,oprf_nullifier,O2-world-id-nullifier,85aeeef539961cae5a63de794997b507a5975717,provekit_v1,noir,provekit-v1-whir-native,integrated-noir-beta11-witness,measured,1,ok,,,10413.302462,,10413.302462,145.93359375,631668,1648269,1642416,1648269,,input-to-proof-v1,9b2a6f37c67691eab4b0cec6c35e35c520e93285,"{""provekit"":""9b2a6f37c67691eab4b0cec6c35e35c520e93285"",""mobench"":""0.1.48"",""noir"":""1.0.0-beta.11""}","[{""raw_evidence_sha256"":""5981c0f9fec3c9a3e7f89bc5f78427125c6d26b8db31ee5457cae2aa35f3cf5e""}]",,"Matched O2 profile: World ID nullifier statement and frozen semantic inputs, including the same public nullifier. Native ProveKit exposes witness generation and proving as one integrated timed operation, so witness_time_ms is intentionally blank.",,,/Users/dcbuilder/Code/world/.worktrees/provekit-v1-cross-device-campaign/target/v1-benchmarks/input-to-proof/e15/publication/warm/provekit-oprf-v2-20260809/results.json,warm_reuse,10413.302462
input-to-proof-v1-20260807,oprf_o2__motorola_e15__provekit_v1__warm_reuse-2,2026-08-09T16:15:38.727Z,motorola_e15,moto e15,14,armeabi-v7a,android_native,,oprf_nullifier,O2-world-id-nullifier,85aeeef539961cae5a63de794997b507a5975717,provekit_v1,noir,provekit-v1-whir-native,integrated-noir-beta11-witness,measured,2,ok,,,10142.202539,,10142.202539,147.703125,632948,1648269,1642416,1648269,,input-to-proof-v1,9b2a6f37c67691eab4b0cec6c35e35c520e93285,"{""provekit"":""9b2a6f37c67691eab4b0cec6c35e35c520e93285"",""mobench"":""0.1.48"",""noir"":""1.0.0-beta.11""}","[{""raw_evidence_sha256"":""5981c0f9fec3c9a3e7f89bc5f78427125c6d26b8db31ee5457cae2aa35f3cf5e""}]",,"Matched O2 profile: World ID nullifier statement and frozen semantic inputs, including the same public nullifier. Native ProveKit exposes witness generation and proving as one integrated timed operation, so witness_time_ms is intentionally blank.",,,/Users/dcbuilder/Code/world/.worktrees/provekit-v1-cross-device-campaign/target/v1-benchmarks/input-to-proof/e15/publication/warm/provekit-oprf-v2-20260809/results.json,warm_reuse,10142.202539
input-to-proof-v1-20260807,oprf_o2__motorola_e15__provekit_v1__warm_reuse-3,2026-08-09T16:15:38.727Z,motorola_e15,moto e15,14,armeabi-v7a,android_native,,oprf_nullifier,O2-world-id-nullifier,85aeeef539961cae5a63de794997b507a5975717,provekit_v1,noir,provekit-v1-whir-native,integrated-noir-beta11-witness,measured,3,ok,,,10756.831616,,10756.831616,160.46484375,623775,1648269,1642416,1648269,,input-to-proof-v1,9b2a6f37c67691eab4b0cec6c35e35c520e93285,"{""provekit"":""9b2a6f37c67691eab4b0cec6c35e35c520e93285"",""mobench"":""0.1.48"",""noir"":""1.0.0-beta.11""}","[{""raw_evidence_sha256"":""5981c0f9fec3c9a3e7f89bc5f78427125c6d26b8db31ee5457cae2aa35f3cf5e""}]",,"Matched O2 profile: World ID nullifier statement and frozen semantic inputs, including the same public nullifier. Native ProveKit exposes witness generation and proving as one integrated timed operation, so witness_time_ms is intentionally blank.",,,/Users/dcbuilder/Code/world/.worktrees/provekit-v1-cross-device-campaign/target/v1-benchmarks/input-to-proof/e15/publication/warm/provekit-oprf-v2-20260809/results.json,warm_reuse,10756.831616
input-to-proof-v1-20260807,oprf_o2__motorola_e15__provekit_v1__warm_reuse-4,2026-08-09T16:15:38.727Z,motorola_e15,moto e15,14,armeabi-v7a,android_native,,oprf_nullifier,O2-world-id-nullifier,85aeeef539961cae5a63de794997b507a5975717,provekit_v1,noir,provekit-v1-whir-native,integrated-noir-beta11-witness,measured,4,ok,,,12584.569463,,12584.569463,158.10546875,632852,1648269,1642416,1648269,,input-to-proof-v1,9b2a6f37c67691eab4b0cec6c35e35c520e93285,"{""provekit"":""9b2a6f37c67691eab4b0cec6c35e35c520e93285"",""mobench"":""0.1.48"",""noir"":""1.0.0-beta.11""}","[{""raw_evidence_sha256"":""5981c0f9fec3c9a3e7f89bc5f78427125c6d26b8db31ee5457cae2aa35f3cf5e""}]",,"Matched O2 profile: World ID nullifier statement and frozen semantic inputs, including the same public nullifier. Native ProveKit exposes witness generation and proving as one integrated timed operation, so witness_time_ms is intentionally blank.",,,/Users/dcbuilder/Code/world/.worktrees/provekit-v1-cross-device-campaign/target/v1-benchmarks/input-to-proof/e15/publication/warm/provekit-oprf-v2-20260809/results.json,warm_reuse,12584.569463
input-to-proof-v1-20260807,oprf_o2__motorola_e15__provekit_v1__warm_reuse-5,2026-08-09T16:15:38.727Z,motorola_e15,moto e15,14,armeabi-v7a,android_native,,oprf_nullifier,O2-world-id-nullifier,85aeeef539961cae5a63de794997b507a5975717,provekit_v1,noir,provekit-v1-whir-native,integrated-noir-beta11-witness,measured,5,ok,,,12419.088693,,12419.088693,158.046875,626597,1648269,1642416,1648269,,input-to-proof-v1,9b2a6f37c67691eab4b0cec6c35e35c520e93285,"{""provekit"":""9b2a6f37c67691eab4b0cec6c35e35c520e93285"",""mobench"":""0.1.48"",""noir"":""1.0.0-beta.11""}","[{""raw_evidence_sha256"":""5981c0f9fec3c9a3e7f89bc5f78427125c6d26b8db31ee5457cae2aa35f3cf5e""}]",,"Matched O2 profile: World ID nullifier statement and frozen semantic inputs, including the same public nullifier. Native ProveKit exposes witness generation and proving as one integrated timed operation, so witness_time_ms is intentionally blank.",,,/Users/dcbuilder/Code/world/.worktrees/provekit-v1-cross-device-campaign/target/v1-benchmarks/input-to-proof/e15/publication/warm/provekit-oprf-v2-20260809/results.json,warm_reuse,12419.088693
input-to-proof-v1-20260807,oprf_o2__motorola_e15__noir_barretenberg__cold_local-0,2026-08-10T07:57:50.331Z,motorola_e15,moto e15,14,armeabi-v7a,android_native,,oprf_nullifier,O2-world-id-nullifier,85aeeef539961cae5a63de794997b507a5975717,noir_barretenberg,noir,barretenberg-rs-4.2.0-aztecnr-rc.2,acvm-beta19,warmup,0,ok,,1883.057847,68266.155004,,70149.213543,318.24609375,16548,271056603,271051007,271056603,,input-to-proof-v1,85aeeef539961cae5a63de794997b507a5975717,"{""mopro"":""0.3.7"",""barretenberg_rs"":""4.2.0-aztecnr-rc.2"",""noir"":""1.0.0-beta.19""}","[{""raw_evidence_sha256"":""52c5dec4dd733ada22482652940c33f0620cca205fbc5c7127cee1133c93684e""}]",,"Matched O2 profile: World ID nullifier statement and frozen semantic inputs, including the same public nullifier.",,,/Users/dcbuilder/Code/world/.worktrees/provekit-v1-cross-device-campaign/target/v1-benchmarks/input-to-proof/e15/publication/cold/barretenberg-oprf/run-0/results.json,cold_local,70149.213543
input-to-proof-v1-20260807,oprf_o2__motorola_e15__noir_barretenberg__cold_local-1,2026-08-10T09:35:27.717Z,motorola_e15,moto e15,14,armeabi-v7a,android_native,,oprf_nullifier,O2-world-id-nullifier,85aeeef539961cae5a63de794997b507a5975717,noir_barretenberg,noir,barretenberg-rs-4.2.0-aztecnr-rc.2,acvm-beta19,measured,1,ok,,1888.725538,68274.720235,,70163.445927,306.59765625,16548,271056603,271051007,271056603,,input-to-proof-v1,85aeeef539961cae5a63de794997b507a5975717,"{""mopro"":""0.3.7"",""barretenberg_rs"":""4.2.0-aztecnr-rc.2"",""noir"":""1.0.0-beta.19""}","[{""raw_evidence_sha256"":""998f6f8068611896ea01432316048f8ae03ccf7600448157a91a2d5bef52832a""}]",,"Matched O2 profile: World ID nullifier statement and frozen semantic inputs, including the same public nullifier.",,,/Users/dcbuilder/Code/world/.worktrees/provekit-v1-cross-device-campaign/target/v1-benchmarks/input-to-proof/e15/publication/cold/barretenberg-oprf/run-1/results.json,cold_local,70163.445927
input-to-proof-v1-20260807,oprf_o2__motorola_e15__noir_barretenberg__cold_local-2,2026-08-10T09:40:50.624Z,motorola_e15,moto e15,14,armeabi-v7a,android_native,,oprf_nullifier,O2-world-id-nullifier,85aeeef539961cae5a63de794997b507a5975717,noir_barretenberg,noir,barretenberg-rs-4.2.0-aztecnr-rc.2,acvm-beta19,measured,2,ok,,1882.602462,68229.872619,,70112.475697,306.09375,16548,271056603,271051007,271056603,,input-to-proof-v1,85aeeef539961cae5a63de794997b507a5975717,"{""mopro"":""0.3.7"",""barretenberg_rs"":""4.2.0-aztecnr-rc.2"",""noir"":""1.0.0-beta.19""}","[{""raw_evidence_sha256"":""de0477de370a6baf2aea70c0f55edf312a8a3b51e6b2e18105436d8a0ad19b89""}]",,"Matched O2 profile: World ID nullifier statement and frozen semantic inputs, including the same public nullifier.",,,/Users/dcbuilder/Code/world/.worktrees/provekit-v1-cross-device-campaign/target/v1-benchmarks/input-to-proof/e15/publication/cold/barretenberg-oprf/run-2/results.json,cold_local,70112.475697
input-to-proof-v1-20260807,oprf_o2__motorola_e15__noir_barretenberg__cold_local-3,2026-08-10T09:46:12.899Z,motorola_e15,moto e15,14,armeabi-v7a,android_native,,oprf_nullifier,O2-world-id-nullifier,85aeeef539961cae5a63de794997b507a5975717,noir_barretenberg,noir,barretenberg-rs-4.2.0-aztecnr-rc.2,acvm-beta19,measured,3,ok,,1892.495308,68252.736004,,70145.231774,305.1796875,16548,271056603,271051007,271056603,,input-to-proof-v1,85aeeef539961cae5a63de794997b507a5975717,"{""mopro"":""0.3.7"",""barretenberg_rs"":""4.2.0-aztecnr-rc.2"",""noir"":""1.0.0-beta.19""}","[{""raw_evidence_sha256"":""03340fc290cbddd7555ae20c9de7f272552952b9aa40553af91747eca7265192""}]",,"Matched O2 profile: World ID nullifier statement and frozen semantic inputs, including the same public nullifier.",,,/Users/dcbuilder/Code/world/.worktrees/provekit-v1-cross-device-campaign/target/v1-benchmarks/input-to-proof/e15/publication/cold/barretenberg-oprf/run-3/results.json,cold_local,70145.231774
input-to-proof-v1-20260807,oprf_o2__motorola_e15__noir_barretenberg__cold_local-4,2026-08-10T09:51:32.631Z,motorola_e15,moto e15,14,armeabi-v7a,android_native,,oprf_nullifier,O2-world-id-nullifier,85aeeef539961cae5a63de794997b507a5975717,noir_barretenberg,noir,barretenberg-rs-4.2.0-aztecnr-rc.2,acvm-beta19,measured,4,ok,,1892.782461,68287.56185,,70180.345466,307.2578125,16548,271056603,271051007,271056603,,input-to-proof-v1,85aeeef539961cae5a63de794997b507a5975717,"{""mopro"":""0.3.7"",""barretenberg_rs"":""4.2.0-aztecnr-rc.2"",""noir"":""1.0.0-beta.19""}","[{""raw_evidence_sha256"":""57fe05ea8648843c9ecc5c83c9ac60ed8a2ec12827670903f2479366d9060b75""}]",,"Matched O2 profile: World ID nullifier statement and frozen semantic inputs, including the same public nullifier.",,,/Users/dcbuilder/Code/world/.worktrees/provekit-v1-cross-device-campaign/target/v1-benchmarks/input-to-proof/e15/publication/cold/barretenberg-oprf/run-4/results.json,cold_local,70180.345466
input-to-proof-v1-20260807,oprf_o2__motorola_e15__noir_barretenberg__cold_local-5,2026-08-10T09:56:55.485Z,motorola_e15,moto e15,14,armeabi-v7a,android_native,,oprf_nullifier,O2-world-id-nullifier,85aeeef539961cae5a63de794997b507a5975717,noir_barretenberg,noir,barretenberg-rs-4.2.0-aztecnr-rc.2,acvm-beta19,measured,5,ok,,1887.943385,68227.946234,,70115.891158,303.5078125,16548,271056603,271051007,271056603,,input-to-proof-v1,85aeeef539961cae5a63de794997b507a5975717,"{""mopro"":""0.3.7"",""barretenberg_rs"":""4.2.0-aztecnr-rc.2"",""noir"":""1.0.0-beta.19""}","[{""raw_evidence_sha256"":""7d1d1f7c2db24881e8cbb594f3da736032c22fb59a1934934ab68e3f66699756""}]",,"Matched O2 profile: World ID nullifier statement and frozen semantic inputs, including the same public nullifier.",,,/Users/dcbuilder/Code/world/.worktrees/provekit-v1-cross-device-campaign/target/v1-benchmarks/input-to-proof/e15/publication/cold/barretenberg-oprf/run-5/results.json,cold_local,70115.891158
input-to-proof-v1-20260807,oprf_o2__motorola_e15__noir_barretenberg__warm_reuse-0,2026-08-10T08:13:52.549Z,motorola_e15,moto e15,14,armeabi-v7a,android_native,,oprf_nullifier,O2-world-id-nullifier,85aeeef539961cae5a63de794997b507a5975717,noir_barretenberg,noir,barretenberg-rs-4.2.0-aztecnr-rc.2,acvm-beta19,warmup,0,ok,,1888.348615,68189.509312,,70077.859465,,16548,271056603,271051007,271056603,,input-to-proof-v1,85aeeef539961cae5a63de794997b507a5975717,"{""mopro"":""0.3.7"",""barretenberg_rs"":""4.2.0-aztecnr-rc.2"",""noir"":""1.0.0-beta.19""}","[{""raw_evidence_sha256"":""5b21ce8a915207ace72f668df0552e433743aee492ad8de0724e811593886e79""}]",,"Matched O2 profile: World ID nullifier statement and frozen semantic inputs, including the same public nullifier.",,,/Users/dcbuilder/Code/world/.worktrees/provekit-v1-cross-device-campaign/target/v1-benchmarks/input-to-proof/e15/publication/warm/barretenberg-oprf-20260810/results.json,warm_reuse,70077.859465
input-to-proof-v1-20260807,oprf_o2__motorola_e15__noir_barretenberg__warm_reuse-1,2026-08-10T08:13:52.549Z,motorola_e15,moto e15,14,armeabi-v7a,android_native,,oprf_nullifier,O2-world-id-nullifier,85aeeef539961cae5a63de794997b507a5975717,noir_barretenberg,noir,barretenberg-rs-4.2.0-aztecnr-rc.2,acvm-beta19,measured,1,ok,,1889.628538,67988.621235,,69878.250696,301.96875,16548,271056603,271051007,271056603,,input-to-proof-v1,85aeeef539961cae5a63de794997b507a5975717,"{""mopro"":""0.3.7"",""barretenberg_rs"":""4.2.0-aztecnr-rc.2"",""noir"":""1.0.0-beta.19""}","[{""raw_evidence_sha256"":""5b21ce8a915207ace72f668df0552e433743aee492ad8de0724e811593886e79""}]",,"Matched O2 profile: World ID nullifier statement and frozen semantic inputs, including the same public nullifier.",,,/Users/dcbuilder/Code/world/.worktrees/provekit-v1-cross-device-campaign/target/v1-benchmarks/input-to-proof/e15/publication/warm/barretenberg-oprf-20260810/results.json,warm_reuse,69878.250696
input-to-proof-v1-20260807,oprf_o2__motorola_e15__noir_barretenberg__warm_reuse-2,2026-08-10T08:13:52.549Z,motorola_e15,moto e15,14,armeabi-v7a,android_native,,oprf_nullifier,O2-world-id-nullifier,85aeeef539961cae5a63de794997b507a5975717,noir_barretenberg,noir,barretenberg-rs-4.2.0-aztecnr-rc.2,acvm-beta19,measured,2,ok,,1875.327384,68222.355158,,70097.683388,302.1484375,16548,271056603,271051007,271056603,,input-to-proof-v1,85aeeef539961cae5a63de794997b507a5975717,"{""mopro"":""0.3.7"",""barretenberg_rs"":""4.2.0-aztecnr-rc.2"",""noir"":""1.0.0-beta.19""}","[{""raw_evidence_sha256"":""5b21ce8a915207ace72f668df0552e433743aee492ad8de0724e811593886e79""}]",,"Matched O2 profile: World ID nullifier statement and frozen semantic inputs, including the same public nullifier.",,,/Users/dcbuilder/Code/world/.worktrees/provekit-v1-cross-device-campaign/target/v1-benchmarks/input-to-proof/e15/publication/warm/barretenberg-oprf-20260810/results.json,warm_reuse,70097.683388
input-to-proof-v1-20260807,oprf_o2__motorola_e15__noir_barretenberg__warm_reuse-3,2026-08-10T08:13:52.549Z,motorola_e15,moto e15,14,armeabi-v7a,android_native,,oprf_nullifier,O2-world-id-nullifier,85aeeef539961cae5a63de794997b507a5975717,noir_barretenberg,noir,barretenberg-rs-4.2.0-aztecnr-rc.2,acvm-beta19,measured,3,ok,,1876.999154,68142.220927,,70019.221466,300.45703125,16548,271056603,271051007,271056603,,input-to-proof-v1,85aeeef539961cae5a63de794997b507a5975717,"{""mopro"":""0.3.7"",""barretenberg_rs"":""4.2.0-aztecnr-rc.2"",""noir"":""1.0.0-beta.19""}","[{""raw_evidence_sha256"":""5b21ce8a915207ace72f668df0552e433743aee492ad8de0724e811593886e79""}]",,"Matched O2 profile: World ID nullifier statement and frozen semantic inputs, including the same public nullifier.",,,/Users/dcbuilder/Code/world/.worktrees/provekit-v1-cross-device-campaign/target/v1-benchmarks/input-to-proof/e15/publication/warm/barretenberg-oprf-20260810/results.json,warm_reuse,70019.221466
input-to-proof-v1-20260807,oprf_o2__motorola_e15__noir_barretenberg__warm_reuse-4,2026-08-10T08:13:52.549Z,motorola_e15,moto e15,14,armeabi-v7a,android_native,,oprf_nullifier,O2-world-id-nullifier,85aeeef539961cae5a63de794997b507a5975717,noir_barretenberg,noir,barretenberg-rs-4.2.0-aztecnr-rc.2,acvm-beta19,measured,4,ok,,1875.057154,68249.552312,,70124.610158,301.87890625,16548,271056603,271051007,271056603,,input-to-proof-v1,85aeeef539961cae5a63de794997b507a5975717,"{""mopro"":""0.3.7"",""barretenberg_rs"":""4.2.0-aztecnr-rc.2"",""noir"":""1.0.0-beta.19""}","[{""raw_evidence_sha256"":""5b21ce8a915207ace72f668df0552e433743aee492ad8de0724e811593886e79""}]",,"Matched O2 profile: World ID nullifier statement and frozen semantic inputs, including the same public nullifier.",,,/Users/dcbuilder/Code/world/.worktrees/provekit-v1-cross-device-campaign/target/v1-benchmarks/input-to-proof/e15/publication/warm/barretenberg-oprf-20260810/results.json,warm_reuse,70124.610158
input-to-proof-v1-20260807,oprf_o2__motorola_e15__noir_barretenberg__warm_reuse-5,2026-08-10T08:13:52.549Z,motorola_e15,moto e15,14,armeabi-v7a,android_native,,oprf_nullifier,O2-world-id-nullifier,85aeeef539961cae5a63de794997b507a5975717,noir_barretenberg,noir,barretenberg-rs-4.2.0-aztecnr-rc.2,acvm-beta19,measured,5,ok,,1893.020615,69120.355389,,71013.376312,300.59375,16548,271056603,271051007,271056603,,input-to-proof-v1,85aeeef539961cae5a63de794997b507a5975717,"{""mopro"":""0.3.7"",""barretenberg_rs"":""4.2.0-aztecnr-rc.2"",""noir"":""1.0.0-beta.19""}","[{""raw_evidence_sha256"":""5b21ce8a915207ace72f668df0552e433743aee492ad8de0724e811593886e79""}]",,"Matched O2 profile: World ID nullifier statement and frozen semantic inputs, including the same public nullifier.",,,/Users/dcbuilder/Code/world/.worktrees/provekit-v1-cross-device-campaign/target/v1-benchmarks/input-to-proof/e15/publication/warm/barretenberg-oprf-20260810/results.json,warm_reuse,71013.376312
input-to-proof-v1-20260807,oprf_o2__motorola_e15__circom_groth16__cold_local-0,2026-08-10T18:47:58.529Z,motorola_e15,moto e15,14,armeabi-v7a,android_native,,oprf_nullifier,O2-world-id-nullifier,85aeeef539961cae5a63de794997b507a5975717,circom_groth16,circom,rust-rapidsnark-0.1.4,wasmi-0.46.0-circom-wasm,warmup,0,ok,,23153.917617,51757.72708,,74911.645313,103.421875,1604,39203507,38279392,39203507,,input-to-proof-v1,85aeeef539961cae5a63de794997b507a5975717,"{""rust_rapidsnark"":""0.1.4"",""wasmi"":""0.46.0"",""circom"":""2.2.2""}","[{""raw_evidence_sha256"":""daf41eed658f628f98fa96fcc022def4f8c3d48806dcf282c948c59f4990d342""}]",,"Matched O2 profile: World ID nullifier statement and frozen semantic inputs, including the same public nullifier.",,,/Users/dcbuilder/Code/world/.worktrees/provekit-v1-cross-device-campaign/target/v1-benchmarks/input-to-proof/e15/publication/cold/circom-oprf/run-0/results.json,cold_local,74911.645313
input-to-proof-v1-20260807,oprf_o2__motorola_e15__circom_groth16__cold_local-1,2026-08-10T18:52:26.475Z,motorola_e15,moto e15,14,armeabi-v7a,android_native,,oprf_nullifier,O2-world-id-nullifier,85aeeef539961cae5a63de794997b507a5975717,circom_groth16,circom,rust-rapidsnark-0.1.4,wasmi-0.46.0-circom-wasm,measured,1,ok,,23139.660924,52092.771003,,75232.43262,106.45703125,1602,39203507,38279392,39203507,,input-to-proof-v1,85aeeef539961cae5a63de794997b507a5975717,"{""rust_rapidsnark"":""0.1.4"",""wasmi"":""0.46.0"",""circom"":""2.2.2""}","[{""raw_evidence_sha256"":""1ab8f9c2451316780de8c39195c437f260b47f4ce62e30a86f76efb95775155a""}]",,"Matched O2 profile: World ID nullifier statement and frozen semantic inputs, including the same public nullifier.",,,/Users/dcbuilder/Code/world/.worktrees/provekit-v1-cross-device-campaign/target/v1-benchmarks/input-to-proof/e15/publication/cold/circom-oprf/run-1/results.json,cold_local,75232.43262
input-to-proof-v1-20260807,oprf_o2__motorola_e15__circom_groth16__cold_local-2,2026-08-10T18:56:54.658Z,motorola_e15,moto e15,14,armeabi-v7a,android_native,,oprf_nullifier,O2-world-id-nullifier,85aeeef539961cae5a63de794997b507a5975717,circom_groth16,circom,rust-rapidsnark-0.1.4,wasmi-0.46.0-circom-wasm,measured,2,ok,,23157.066155,52087.380003,,75244.446774,103.47265625,1602,39203507,38279392,39203507,,input-to-proof-v1,85aeeef539961cae5a63de794997b507a5975717,"{""rust_rapidsnark"":""0.1.4"",""wasmi"":""0.46.0"",""circom"":""2.2.2""}","[{""raw_evidence_sha256"":""f8d8638f5f84ad2e9b493a27b689f68ccd10718eb1cd01f0c57daa41044c909b""}]",,"Matched O2 profile: World ID nullifier statement and frozen semantic inputs, including the same public nullifier.",,,/Users/dcbuilder/Code/world/.worktrees/provekit-v1-cross-device-campaign/target/v1-benchmarks/input-to-proof/e15/publication/cold/circom-oprf/run-2/results.json,cold_local,75244.446774
input-to-proof-v1-20260807,oprf_o2__motorola_e15__circom_groth16__cold_local-3,2026-08-10T19:01:23.725Z,motorola_e15,moto e15,14,armeabi-v7a,android_native,,oprf_nullifier,O2-world-id-nullifier,85aeeef539961cae5a63de794997b507a5975717,circom_groth16,circom,rust-rapidsnark-0.1.4,wasmi-0.46.0-circom-wasm,measured,3,ok,,23309.111463,52090.43508,,75399.54762,102.75,1603,39203507,38279392,39203507,,input-to-proof-v1,85aeeef539961cae5a63de794997b507a5975717,"{""rust_rapidsnark"":""0.1.4"",""wasmi"":""0.46.0"",""circom"":""2.2.2""}","[{""raw_evidence_sha256"":""13607b39d83990bd93655934450f046875bf47095ad9410113841188fd8807a1""}]",,"Matched O2 profile: World ID nullifier statement and frozen semantic inputs, including the same public nullifier.",,,/Users/dcbuilder/Code/world/.worktrees/provekit-v1-cross-device-campaign/target/v1-benchmarks/input-to-proof/e15/publication/cold/circom-oprf/run-3/results.json,cold_local,75399.54762
input-to-proof-v1-20260807,oprf_o2__motorola_e15__circom_groth16__cold_local-4,2026-08-10T19:14:23.472Z,motorola_e15,moto e15,14,armeabi-v7a,android_native,,oprf_nullifier,O2-world-id-nullifier,85aeeef539961cae5a63de794997b507a5975717,circom_groth16,circom,rust-rapidsnark-0.1.4,wasmi-0.46.0-circom-wasm,measured,4,ok,,23234.647463,52015.946387,,75250.594466,106.6171875,1605,39203507,38279392,39203507,,input-to-proof-v1,85aeeef539961cae5a63de794997b507a5975717,"{""rust_rapidsnark"":""0.1.4"",""wasmi"":""0.46.0"",""circom"":""2.2.2""}","[{""raw_evidence_sha256"":""b253143412eef95fd8ee8c516c52b6df4a460075eca5256ef730f1c676c766dd""}]",,"Matched O2 profile: World ID nullifier statement and frozen semantic inputs, including the same public nullifier.",,,/Users/dcbuilder/Code/world/.worktrees/provekit-v1-cross-device-campaign/target/v1-benchmarks/input-to-proof/e15/publication/cold/circom-oprf/run-4/results.json,cold_local,75250.594466
input-to-proof-v1-20260807,oprf_o2__motorola_e15__circom_groth16__cold_local-5,2026-08-10T19:18:56.849Z,motorola_e15,moto e15,14,armeabi-v7a,android_native,,oprf_nullifier,O2-world-id-nullifier,85aeeef539961cae5a63de794997b507a5975717,circom_groth16,circom,rust-rapidsnark-0.1.4,wasmi-0.46.0-circom-wasm,measured,5,ok,,23107.180001,52050.773464,,75157.954158,106.41015625,1603,39203507,38279392,39203507,,input-to-proof-v1,85aeeef539961cae5a63de794997b507a5975717,"{""rust_rapidsnark"":""0.1.4"",""wasmi"":""0.46.0"",""circom"":""2.2.2""}","[{""raw_evidence_sha256"":""6297371010729ec0f807f04360e3e5046a67319c23c91e5033212fe35c280a94""}]",,"Matched O2 profile: World ID nullifier statement and frozen semantic inputs, including the same public nullifier.",,,/Users/dcbuilder/Code/world/.worktrees/provekit-v1-cross-device-campaign/target/v1-benchmarks/input-to-proof/e15/publication/cold/circom-oprf/run-5/results.json,cold_local,75157.954158
input-to-proof-v1-20260807,oprf_o2__motorola_e15__circom_groth16__warm_reuse-0,2026-08-10T13:15:38.622Z,motorola_e15,moto e15,14,armeabi-v7a,android_native,,oprf_nullifier,O2-world-id-nullifier,85aeeef539961cae5a63de794997b507a5975717,circom_groth16,circom,rust-rapidsnark-0.1.4,wasmi-0.46.0-circom-wasm,warmup,0,ok,,23134.037001,51981.317849,,75115.356081,,1601,39203507,38279392,39203507,,input-to-proof-v1,85aeeef539961cae5a63de794997b507a5975717,"{""rust_rapidsnark"":""0.1.4"",""wasmi"":""0.46.0"",""circom"":""2.2.2""}","[{""raw_evidence_sha256"":""ac328b89798be4a3cd4ad2cca99876bb4c1ca2abae0bcbf4ec4a8f4aefd7f613""}]",,"Matched O2 profile: World ID nullifier statement and frozen semantic inputs, including the same public nullifier.",,,/Users/dcbuilder/Code/world/.worktrees/provekit-v1-cross-device-campaign/target/v1-benchmarks/input-to-proof/e15/publication/warm/circom-oprf/results.json,warm_reuse,75115.356081
input-to-proof-v1-20260807,oprf_o2__motorola_e15__circom_groth16__warm_reuse-1,2026-08-10T13:15:38.622Z,motorola_e15,moto e15,14,armeabi-v7a,android_native,,oprf_nullifier,O2-world-id-nullifier,85aeeef539961cae5a63de794997b507a5975717,circom_groth16,circom,rust-rapidsnark-0.1.4,wasmi-0.46.0-circom-wasm,measured,1,ok,,23148.106463,52041.51808,,75189.625004,109.6484375,1602,39203507,38279392,39203507,,input-to-proof-v1,85aeeef539961cae5a63de794997b507a5975717,"{""rust_rapidsnark"":""0.1.4"",""wasmi"":""0.46.0"",""circom"":""2.2.2""}","[{""raw_evidence_sha256"":""ac328b89798be4a3cd4ad2cca99876bb4c1ca2abae0bcbf4ec4a8f4aefd7f613""}]",,"Matched O2 profile: World ID nullifier statement and frozen semantic inputs, including the same public nullifier.",,,/Users/dcbuilder/Code/world/.worktrees/provekit-v1-cross-device-campaign/target/v1-benchmarks/input-to-proof/e15/publication/warm/circom-oprf/results.json,warm_reuse,75189.625004
input-to-proof-v1-20260807,oprf_o2__motorola_e15__circom_groth16__warm_reuse-2,2026-08-10T13:15:38.622Z,motorola_e15,moto e15,14,armeabi-v7a,android_native,,oprf_nullifier,O2-world-id-nullifier,85aeeef539961cae5a63de794997b507a5975717,circom_groth16,circom,rust-rapidsnark-0.1.4,wasmi-0.46.0-circom-wasm,measured,2,ok,,23136.695309,52295.445234,,75432.141235,115.0078125,1604,39203507,38279392,39203507,,input-to-proof-v1,85aeeef539961cae5a63de794997b507a5975717,"{""rust_rapidsnark"":""0.1.4"",""wasmi"":""0.46.0"",""circom"":""2.2.2""}","[{""raw_evidence_sha256"":""ac328b89798be4a3cd4ad2cca99876bb4c1ca2abae0bcbf4ec4a8f4aefd7f613""}]",,"Matched O2 profile: World ID nullifier statement and frozen semantic inputs, including the same public nullifier.",,,/Users/dcbuilder/Code/world/.worktrees/provekit-v1-cross-device-campaign/target/v1-benchmarks/input-to-proof/e15/publication/warm/circom-oprf/results.json,warm_reuse,75432.141235
input-to-proof-v1-20260807,oprf_o2__motorola_e15__circom_groth16__warm_reuse-3,2026-08-10T13:15:38.622Z,motorola_e15,moto e15,14,armeabi-v7a,android_native,,oprf_nullifier,O2-world-id-nullifier,85aeeef539961cae5a63de794997b507a5975717,circom_groth16,circom,rust-rapidsnark-0.1.4,wasmi-0.46.0-circom-wasm,measured,3,ok,,23161.343078,52085.413849,,75246.757851,96.81640625,1606,39203507,38279392,39203507,,input-to-proof-v1,85aeeef539961cae5a63de794997b507a5975717,"{""rust_rapidsnark"":""0.1.4"",""wasmi"":""0.46.0"",""circom"":""2.2.2""}","[{""raw_evidence_sha256"":""ac328b89798be4a3cd4ad2cca99876bb4c1ca2abae0bcbf4ec4a8f4aefd7f613""}]",,"Matched O2 profile: World ID nullifier statement and frozen semantic inputs, including the same public nullifier.",,,/Users/dcbuilder/Code/world/.worktrees/provekit-v1-cross-device-campaign/target/v1-benchmarks/input-to-proof/e15/publication/warm/circom-oprf/results.json,warm_reuse,75246.757851
input-to-proof-v1-20260807,oprf_o2__motorola_e15__circom_groth16__warm_reuse-4,2026-08-10T13:15:38.622Z,motorola_e15,moto e15,14,armeabi-v7a,android_native,,oprf_nullifier,O2-world-id-nullifier,85aeeef539961cae5a63de794997b507a5975717,circom_groth16,circom,rust-rapidsnark-0.1.4,wasmi-0.46.0-circom-wasm,measured,4,ok,,23148.537848,52027.545541,,75176.084082,96.859375,1602,39203507,38279392,39203507,,input-to-proof-v1,85aeeef539961cae5a63de794997b507a5975717,"{""rust_rapidsnark"":""0.1.4"",""wasmi"":""0.46.0"",""circom"":""2.2.2""}","[{""raw_evidence_sha256"":""ac328b89798be4a3cd4ad2cca99876bb4c1ca2abae0bcbf4ec4a8f4aefd7f613""}]",,"Matched O2 profile: World ID nullifier statement and frozen semantic inputs, including the same public nullifier.",,,/Users/dcbuilder/Code/world/.worktrees/provekit-v1-cross-device-campaign/target/v1-benchmarks/input-to-proof/e15/publication/warm/circom-oprf/results.json,warm_reuse,75176.084082
input-to-proof-v1-20260807,oprf_o2__motorola_e15__circom_groth16__warm_reuse-5,2026-08-10T13:15:38.622Z,motorola_e15,moto e15,14,armeabi-v7a,android_native,,oprf_nullifier,O2-world-id-nullifier,85aeeef539961cae5a63de794997b507a5975717,circom_groth16,circom,rust-rapidsnark-0.1.4,wasmi-0.46.0-circom-wasm,measured,5,ok,,23129.999079,52069.741234,,75199.740697,97.125,1603,39203507,38279392,39203507,,input-to-proof-v1,85aeeef539961cae5a63de794997b507a5975717,"{""rust_rapidsnark"":""0.1.4"",""wasmi"":""0.46.0"",""circom"":""2.2.2""}","[{""raw_evidence_sha256"":""ac328b89798be4a3cd4ad2cca99876bb4c1ca2abae0bcbf4ec4a8f4aefd7f613""}]",,"Matched O2 profile: World ID nullifier statement and frozen semantic inputs, including the same public nullifier.",,,/Users/dcbuilder/Code/world/.worktrees/provekit-v1-cross-device-campaign/target/v1-benchmarks/input-to-proof/e15/publication/warm/circom-oprf/results.json,warm_reuse,75199.740697
input-to-proof-v1-20260807,webauthn_closest_analogue__motorola_e15__provekit_v1__cold_local-0,2026-08-09T18:06:53.295Z,motorola_e15,moto e15,14,armeabi-v7a,android_native,,webauthn,closest-analogue,0fb5b4aa1398281c2fd3dbe14db147e05b61f201,provekit_v1,noir,provekit-v1-whir-native,integrated-noir-beta11-witness,warmup,0,ok,,,27751.064925,,27751.064925,496.4609375,718163,2390932,2341712,2390932,,input-to-proof-v1,9b2a6f37c67691eab4b0cec6c35e35c520e93285,"{""provekit"":""9b2a6f37c67691eab4b0cec6c35e35c520e93285"",""mobench"":""0.1.48"",""noir"":""1.0.0-beta.11""}","[{""raw_evidence_sha256"":""f2e0ff7e7588dbed87ff8946aef1a8017d03860987d252ecddea0a04fc7ee65e""}]",,"Closest analogue, not equivalent: Noir binds challenge, type, origin, RP-ID hash, flags, and public key; the Circom counterpart omits several bindings. Native ProveKit exposes witness generation and proving as one integrated timed operation, so witness_time_ms is intentionally blank.",,,/Users/dcbuilder/Code/world/.worktrees/provekit-v1-cross-device-campaign/target/v1-benchmarks/input-to-proof/e15/attempts/cold/webauthn/run-0/results.json,cold_local,27751.064925
input-to-proof-v1-20260807,webauthn_closest_analogue__motorola_e15__provekit_v1__cold_local-1,2026-08-09T18:11:05.720Z,motorola_e15,moto e15,14,armeabi-v7a,android_native,,webauthn,closest-analogue,0fb5b4aa1398281c2fd3dbe14db147e05b61f201,provekit_v1,noir,provekit-v1-whir-native,integrated-noir-beta11-witness,measured,1,ok,,,27910.810463,,27910.810463,493.00390625,716743,2363144,2313924,2363144,,input-to-proof-v1,9b2a6f37c67691eab4b0cec6c35e35c520e93285,"{""provekit"":""9b2a6f37c67691eab4b0cec6c35e35c520e93285"",""mobench"":""0.1.48"",""noir"":""1.0.0-beta.11""}","[{""raw_evidence_sha256"":""d60fc911089738a04c32e1dc20f8472b4a00ec86ee9f3cc098c00f96d0ff0442""}]",,"Closest analogue, not equivalent: Noir binds challenge, type, origin, RP-ID hash, flags, and public key; the Circom counterpart omits several bindings. Native ProveKit exposes witness generation and proving as one integrated timed operation, so witness_time_ms is intentionally blank.",,,/Users/dcbuilder/Code/world/.worktrees/provekit-v1-cross-device-campaign/target/v1-benchmarks/input-to-proof/e15/attempts/cold/webauthn/run-1/results.json,cold_local,27910.810463
input-to-proof-v1-20260807,webauthn_closest_analogue__motorola_e15__provekit_v1__cold_local-2,2026-08-09T19:15:04.224Z,motorola_e15,moto e15,14,armeabi-v7a,android_native,,webauthn,closest-analogue,0fb5b4aa1398281c2fd3dbe14db147e05b61f201,provekit_v1,noir,provekit-v1-whir-native,integrated-noir-beta11-witness,measured,2,ok,,,27714.982386,,27714.982386,500.12109375,716211,2384412,2335192,2384412,,input-to-proof-v1,9b2a6f37c67691eab4b0cec6c35e35c520e93285,"{""provekit"":""9b2a6f37c67691eab4b0cec6c35e35c520e93285"",""mobench"":""0.1.48"",""noir"":""1.0.0-beta.11""}","[{""raw_evidence_sha256"":""0a71e2ffe395f25cb86883ce326e43ea5d5ec9f415d1ff0765f4152c92d37f70""}]",,"Closest analogue, not equivalent: Noir binds challenge, type, origin, RP-ID hash, flags, and public key; the Circom counterpart omits several bindings. Native ProveKit exposes witness generation and proving as one integrated timed operation, so witness_time_ms is intentionally blank.",,,/Users/dcbuilder/Code/world/.worktrees/provekit-v1-cross-device-campaign/target/v1-benchmarks/input-to-proof/e15/attempts/cold/webauthn/run-2/results.json,cold_local,27714.982386
input-to-proof-v1-20260807,webauthn_closest_analogue__motorola_e15__provekit_v1__cold_local-3,2026-08-09T19:19:15.319Z,motorola_e15,moto e15,14,armeabi-v7a,android_native,,webauthn,closest-analogue,0fb5b4aa1398281c2fd3dbe14db147e05b61f201,provekit_v1,noir,provekit-v1-whir-native,integrated-noir-beta11-witness,measured,3,ok,,,27812.34954,,27812.34954,494.33203125,714300,2322424,2273204,2322424,,input-to-proof-v1,9b2a6f37c67691eab4b0cec6c35e35c520e93285,"{""provekit"":""9b2a6f37c67691eab4b0cec6c35e35c520e93285"",""mobench"":""0.1.48"",""noir"":""1.0.0-beta.11""}","[{""raw_evidence_sha256"":""593b56a00bebece2303ebbb221ab168493bed04dc656cac067f91f82c702d7c7""}]",,"Closest analogue, not equivalent: Noir binds challenge, type, origin, RP-ID hash, flags, and public key; the Circom counterpart omits several bindings. Native ProveKit exposes witness generation and proving as one integrated timed operation, so witness_time_ms is intentionally blank.",,,/Users/dcbuilder/Code/world/.worktrees/provekit-v1-cross-device-campaign/target/v1-benchmarks/input-to-proof/e15/attempts/cold/webauthn/run-3/results.json,cold_local,27812.34954
input-to-proof-v1-20260807,webauthn_closest_analogue__motorola_e15__provekit_v1__cold_local-4,2026-08-09T19:23:34.521Z,motorola_e15,moto e15,14,armeabi-v7a,android_native,,webauthn,closest-analogue,0fb5b4aa1398281c2fd3dbe14db147e05b61f201,provekit_v1,noir,provekit-v1-whir-native,integrated-noir-beta11-witness,measured,4,ok,,,28003.115386,,28003.115386,491.296875,718670,2406852,2357632,2406852,,input-to-proof-v1,9b2a6f37c67691eab4b0cec6c35e35c520e93285,"{""provekit"":""9b2a6f37c67691eab4b0cec6c35e35c520e93285"",""mobench"":""0.1.48"",""noir"":""1.0.0-beta.11""}","[{""raw_evidence_sha256"":""bf346e612a20bc5b83e06797cb94c32a9b95e697ef3ea6d830d2253a32a8d891""}]",,"Closest analogue, not equivalent: Noir binds challenge, type, origin, RP-ID hash, flags, and public key; the Circom counterpart omits several bindings. Native ProveKit exposes witness generation and proving as one integrated timed operation, so witness_time_ms is intentionally blank.",,,/Users/dcbuilder/Code/world/.worktrees/provekit-v1-cross-device-campaign/target/v1-benchmarks/input-to-proof/e15/attempts/cold/webauthn/run-4/results.json,cold_local,28003.115386
input-to-proof-v1-20260807,webauthn_closest_analogue__motorola_e15__provekit_v1__cold_local-5,2026-08-09T21:09:23.421Z,motorola_e15,moto e15,14,armeabi-v7a,android_native,,webauthn,closest-analogue,0fb5b4aa1398281c2fd3dbe14db147e05b61f201,provekit_v1,noir,provekit-v1-whir-native,integrated-noir-beta11-witness,measured,5,ok,,,27901.663771,,27901.663771,494.79296875,716291,2336580,2287360,2336580,,input-to-proof-v1,9b2a6f37c67691eab4b0cec6c35e35c520e93285,"{""provekit"":""9b2a6f37c67691eab4b0cec6c35e35c520e93285"",""mobench"":""0.1.48"",""noir"":""1.0.0-beta.11""}","[{""raw_evidence_sha256"":""6208691e252755688904025e0c40a7c4516edf2a62877a522d4ad144bca8bb62""}]",,"Closest analogue, not equivalent: Noir binds challenge, type, origin, RP-ID hash, flags, and public key; the Circom counterpart omits several bindings. Native ProveKit exposes witness generation and proving as one integrated timed operation, so witness_time_ms is intentionally blank.",,,/Users/dcbuilder/Code/world/.worktrees/provekit-v1-cross-device-campaign/target/v1-benchmarks/input-to-proof/e15/attempts/cold-retry-20260809/webauthn/run-5/results.json,cold_local,27901.663771
input-to-proof-v1-20260807,webauthn_closest_analogue__motorola_e15__provekit_v1__warm_reuse-0,2026-08-09T16:30:47.313Z,motorola_e15,moto e15,14,armeabi-v7a,android_native,,webauthn,closest-analogue,0fb5b4aa1398281c2fd3dbe14db147e05b61f201,provekit_v1,noir,provekit-v1-whir-native,integrated-noir-beta11-witness,warmup,0,ok,,,27986.81054,,27986.81054,,715639,2362084,2312864,2362084,,input-to-proof-v1,9b2a6f37c67691eab4b0cec6c35e35c520e93285,"{""provekit"":""9b2a6f37c67691eab4b0cec6c35e35c520e93285"",""mobench"":""0.1.48"",""noir"":""1.0.0-beta.11""}","[{""raw_evidence_sha256"":""9056119b12163297f45ff807f506e0cda3609e7128e6d74488fc499ace1f643f""}]",,"Closest analogue, not equivalent: Noir binds challenge, type, origin, RP-ID hash, flags, and public key; the Circom counterpart omits several bindings. Native ProveKit exposes witness generation and proving as one integrated timed operation, so witness_time_ms is intentionally blank.",,,/Users/dcbuilder/Code/world/.worktrees/provekit-v1-cross-device-campaign/target/v1-benchmarks/input-to-proof/e15/publication/warm/provekit-webauthn-v2-postreboot-20260809/results.json,warm_reuse,27986.81054
input-to-proof-v1-20260807,webauthn_closest_analogue__motorola_e15__provekit_v1__warm_reuse-1,2026-08-09T16:30:47.313Z,motorola_e15,moto e15,14,armeabi-v7a,android_native,,webauthn,closest-analogue,0fb5b4aa1398281c2fd3dbe14db147e05b61f201,provekit_v1,noir,provekit-v1-whir-native,integrated-noir-beta11-witness,measured,1,ok,,,27898.193771,,27898.193771,493.74609375,715277,2362084,2312864,2362084,,input-to-proof-v1,9b2a6f37c67691eab4b0cec6c35e35c520e93285,"{""provekit"":""9b2a6f37c67691eab4b0cec6c35e35c520e93285"",""mobench"":""0.1.48"",""noir"":""1.0.0-beta.11""}","[{""raw_evidence_sha256"":""9056119b12163297f45ff807f506e0cda3609e7128e6d74488fc499ace1f643f""}]",,"Closest analogue, not equivalent: Noir binds challenge, type, origin, RP-ID hash, flags, and public key; the Circom counterpart omits several bindings. Native ProveKit exposes witness generation and proving as one integrated timed operation, so witness_time_ms is intentionally blank.",,,/Users/dcbuilder/Code/world/.worktrees/provekit-v1-cross-device-campaign/target/v1-benchmarks/input-to-proof/e15/publication/warm/provekit-webauthn-v2-postreboot-20260809/results.json,warm_reuse,27898.193771
input-to-proof-v1-20260807,webauthn_closest_analogue__motorola_e15__provekit_v1__warm_reuse-2,2026-08-09T16:30:47.313Z,motorola_e15,moto e15,14,armeabi-v7a,android_native,,webauthn,closest-analogue,0fb5b4aa1398281c2fd3dbe14db147e05b61f201,provekit_v1,noir,provekit-v1-whir-native,integrated-noir-beta11-witness,measured,2,ok,,,27803.135617,,27803.135617,491.97265625,715049,2362084,2312864,2362084,,input-to-proof-v1,9b2a6f37c67691eab4b0cec6c35e35c520e93285,"{""provekit"":""9b2a6f37c67691eab4b0cec6c35e35c520e93285"",""mobench"":""0.1.48"",""noir"":""1.0.0-beta.11""}","[{""raw_evidence_sha256"":""9056119b12163297f45ff807f506e0cda3609e7128e6d74488fc499ace1f643f""}]",,"Closest analogue, not equivalent: Noir binds challenge, type, origin, RP-ID hash, flags, and public key; the Circom counterpart omits several bindings. Native ProveKit exposes witness generation and proving as one integrated timed operation, so witness_time_ms is intentionally blank.",,,/Users/dcbuilder/Code/world/.worktrees/provekit-v1-cross-device-campaign/target/v1-benchmarks/input-to-proof/e15/publication/warm/provekit-webauthn-v2-postreboot-20260809/results.json,warm_reuse,27803.135617
input-to-proof-v1-20260807,webauthn_closest_analogue__motorola_e15__provekit_v1__warm_reuse-3,2026-08-09T16:30:47.313Z,motorola_e15,moto e15,14,armeabi-v7a,android_native,,webauthn,closest-analogue,0fb5b4aa1398281c2fd3dbe14db147e05b61f201,provekit_v1,noir,provekit-v1-whir-native,integrated-noir-beta11-witness,measured,3,ok,,,27862.763617,,27862.763617,501.51171875,716193,2362084,2312864,2362084,,input-to-proof-v1,9b2a6f37c67691eab4b0cec6c35e35c520e93285,"{""provekit"":""9b2a6f37c67691eab4b0cec6c35e35c520e93285"",""mobench"":""0.1.48"",""noir"":""1.0.0-beta.11""}","[{""raw_evidence_sha256"":""9056119b12163297f45ff807f506e0cda3609e7128e6d74488fc499ace1f643f""}]",,"Closest analogue, not equivalent: Noir binds challenge, type, origin, RP-ID hash, flags, and public key; the Circom counterpart omits several bindings. Native ProveKit exposes witness generation and proving as one integrated timed operation, so witness_time_ms is intentionally blank.",,,/Users/dcbuilder/Code/world/.worktrees/provekit-v1-cross-device-campaign/target/v1-benchmarks/input-to-proof/e15/publication/warm/provekit-webauthn-v2-postreboot-20260809/results.json,warm_reuse,27862.763617
input-to-proof-v1-20260807,webauthn_closest_analogue__motorola_e15__provekit_v1__warm_reuse-4,2026-08-09T16:30:47.313Z,motorola_e15,moto e15,14,armeabi-v7a,android_native,,webauthn,closest-analogue,0fb5b4aa1398281c2fd3dbe14db147e05b61f201,provekit_v1,noir,provekit-v1-whir-native,integrated-noir-beta11-witness,measured,4,ok,,,27743.926233,,27743.926233,500.5625,712986,2362084,2312864,2362084,,input-to-proof-v1,9b2a6f37c67691eab4b0cec6c35e35c520e93285,"{""provekit"":""9b2a6f37c67691eab4b0cec6c35e35c520e93285"",""mobench"":""0.1.48"",""noir"":""1.0.0-beta.11""}","[{""raw_evidence_sha256"":""9056119b12163297f45ff807f506e0cda3609e7128e6d74488fc499ace1f643f""}]",,"Closest analogue, not equivalent: Noir binds challenge, type, origin, RP-ID hash, flags, and public key; the Circom counterpart omits several bindings. Native ProveKit exposes witness generation and proving as one integrated timed operation, so witness_time_ms is intentionally blank.",,,/Users/dcbuilder/Code/world/.worktrees/provekit-v1-cross-device-campaign/target/v1-benchmarks/input-to-proof/e15/publication/warm/provekit-webauthn-v2-postreboot-20260809/results.json,warm_reuse,27743.926233
input-to-proof-v1-20260807,webauthn_closest_analogue__motorola_e15__provekit_v1__warm_reuse-5,2026-08-09T16:30:47.313Z,motorola_e15,moto e15,14,armeabi-v7a,android_native,,webauthn,closest-analogue,0fb5b4aa1398281c2fd3dbe14db147e05b61f201,provekit_v1,noir,provekit-v1-whir-native,integrated-noir-beta11-witness,measured,5,ok,,,27767.005925,,27767.005925,502.0390625,710361,2362084,2312864,2362084,,input-to-proof-v1,9b2a6f37c67691eab4b0cec6c35e35c520e93285,"{""provekit"":""9b2a6f37c67691eab4b0cec6c35e35c520e93285"",""mobench"":""0.1.48"",""noir"":""1.0.0-beta.11""}","[{""raw_evidence_sha256"":""9056119b12163297f45ff807f506e0cda3609e7128e6d74488fc499ace1f643f""}]",,"Closest analogue, not equivalent: Noir binds challenge, type, origin, RP-ID hash, flags, and public key; the Circom counterpart omits several bindings. Native ProveKit exposes witness generation and proving as one integrated timed operation, so witness_time_ms is intentionally blank.",,,/Users/dcbuilder/Code/world/.worktrees/provekit-v1-cross-device-campaign/target/v1-benchmarks/input-to-proof/e15/publication/warm/provekit-webauthn-v2-postreboot-20260809/results.json,warm_reuse,27767.005925
input-to-proof-v1-20260807,webauthn_closest_analogue__motorola_e15__noir_barretenberg__cold_local-0,2026-08-10T10:04:06.562Z,motorola_e15,moto e15,14,armeabi-v7a,android_native,,webauthn,closest-analogue,0fb5b4aa1398281c2fd3dbe14db147e05b61f201,noir_barretenberg,noir,barretenberg-rs-4.2.0-aztecnr-rc.2,acvm-beta19,warmup,0,ok,,7453.589847,107470.601853,,114924.192853,486.23828125,21092,271131517,271127379,271131517,,input-to-proof-v1,0fb5b4aa1398281c2fd3dbe14db147e05b61f201,"{""mopro"":""0.3.7"",""barretenberg_rs"":""4.2.0-aztecnr-rc.2"",""noir"":""1.0.0-beta.19""}","[{""raw_evidence_sha256"":""3d3e0937e8ecb2a964b3ae04e58eba0ba1ad220f3dd426ad73580efdd2794a37""}]",,"Closest analogue, not equivalent: Noir binds challenge, type, origin, RP-ID hash, flags, and public key; the Circom counterpart omits several bindings.",,,/Users/dcbuilder/Code/world/.worktrees/provekit-v1-cross-device-campaign/target/v1-benchmarks/input-to-proof/e15/publication/cold/barretenberg-webauthn/run-0/results.json,cold_local,114924.192853
input-to-proof-v1-20260807,webauthn_closest_analogue__motorola_e15__noir_barretenberg__cold_local-1,2026-08-10T10:11:16.913Z,motorola_e15,moto e15,14,armeabi-v7a,android_native,,webauthn,closest-analogue,0fb5b4aa1398281c2fd3dbe14db147e05b61f201,noir_barretenberg,noir,barretenberg-rs-4.2.0-aztecnr-rc.2,acvm-beta19,measured,1,ok,,7464.466385,106320.877467,,113785.344853,490.734375,21092,271131517,271127379,271131517,,input-to-proof-v1,0fb5b4aa1398281c2fd3dbe14db147e05b61f201,"{""mopro"":""0.3.7"",""barretenberg_rs"":""4.2.0-aztecnr-rc.2"",""noir"":""1.0.0-beta.19""}","[{""raw_evidence_sha256"":""1959c4bb4de693d8e213388939aa3fff408ce6a4bfd39bb7430079b7d7399cae""}]",,"Closest analogue, not equivalent: Noir binds challenge, type, origin, RP-ID hash, flags, and public key; the Circom counterpart omits several bindings.",,,/Users/dcbuilder/Code/world/.worktrees/provekit-v1-cross-device-campaign/target/v1-benchmarks/input-to-proof/e15/publication/cold/barretenberg-webauthn/run-1/results.json,cold_local,113785.344853
input-to-proof-v1-20260807,webauthn_closest_analogue__motorola_e15__noir_barretenberg__cold_local-2,2026-08-10T10:18:26.772Z,motorola_e15,moto e15,14,armeabi-v7a,android_native,,webauthn,closest-analogue,0fb5b4aa1398281c2fd3dbe14db147e05b61f201,noir_barretenberg,noir,barretenberg-rs-4.2.0-aztecnr-rc.2,acvm-beta19,measured,2,ok,,7463.362462,107215.131775,,114678.495315,493.37890625,21092,271131517,271127379,271131517,,input-to-proof-v1,0fb5b4aa1398281c2fd3dbe14db147e05b61f201,"{""mopro"":""0.3.7"",""barretenberg_rs"":""4.2.0-aztecnr-rc.2"",""noir"":""1.0.0-beta.19""}","[{""raw_evidence_sha256"":""c7eebf005b62db532f56b4ba72caaa77ddf7fa4da0229c941fcf5b3dde183ede""}]",,"Closest analogue, not equivalent: Noir binds challenge, type, origin, RP-ID hash, flags, and public key; the Circom counterpart omits several bindings.",,,/Users/dcbuilder/Code/world/.worktrees/provekit-v1-cross-device-campaign/target/v1-benchmarks/input-to-proof/e15/publication/cold/barretenberg-webauthn/run-2/results.json,cold_local,114678.495315
input-to-proof-v1-20260807,webauthn_closest_analogue__motorola_e15__noir_barretenberg__cold_local-3,2026-08-10T10:25:39.076Z,motorola_e15,moto e15,14,armeabi-v7a,android_native,,webauthn,closest-analogue,0fb5b4aa1398281c2fd3dbe14db147e05b61f201,noir_barretenberg,noir,barretenberg-rs-4.2.0-aztecnr-rc.2,acvm-beta19,measured,3,ok,,7442.536539,107617.012622,,115059.550238,492.9296875,21092,271131517,271127379,271131517,,input-to-proof-v1,0fb5b4aa1398281c2fd3dbe14db147e05b61f201,"{""mopro"":""0.3.7"",""barretenberg_rs"":""4.2.0-aztecnr-rc.2"",""noir"":""1.0.0-beta.19""}","[{""raw_evidence_sha256"":""d727ff17466c2d0280bf99f6391ed4e4c78714a199bf8d4fd58c4624b14ec071""}]",,"Closest analogue, not equivalent: Noir binds challenge, type, origin, RP-ID hash, flags, and public key; the Circom counterpart omits several bindings.",,,/Users/dcbuilder/Code/world/.worktrees/provekit-v1-cross-device-campaign/target/v1-benchmarks/input-to-proof/e15/publication/cold/barretenberg-webauthn/run-3/results.json,cold_local,115059.550238
input-to-proof-v1-20260807,webauthn_closest_analogue__motorola_e15__noir_barretenberg__cold_local-4,2026-08-10T10:32:50.164Z,motorola_e15,moto e15,14,armeabi-v7a,android_native,,webauthn,closest-analogue,0fb5b4aa1398281c2fd3dbe14db147e05b61f201,noir_barretenberg,noir,barretenberg-rs-4.2.0-aztecnr-rc.2,acvm-beta19,measured,4,ok,,7455.639385,107196.120929,,114651.761238,494.9140625,21092,271131517,271127379,271131517,,input-to-proof-v1,0fb5b4aa1398281c2fd3dbe14db147e05b61f201,"{""mopro"":""0.3.7"",""barretenberg_rs"":""4.2.0-aztecnr-rc.2"",""noir"":""1.0.0-beta.19""}","[{""raw_evidence_sha256"":""76261f17a59e8f803f69b08b1569e91056b5bacc951373fa414e09ec45285e4b""}]",,"Closest analogue, not equivalent: Noir binds challenge, type, origin, RP-ID hash, flags, and public key; the Circom counterpart omits several bindings.",,,/Users/dcbuilder/Code/world/.worktrees/provekit-v1-cross-device-campaign/target/v1-benchmarks/input-to-proof/e15/publication/cold/barretenberg-webauthn/run-4/results.json,cold_local,114651.761238
input-to-proof-v1-20260807,webauthn_closest_analogue__motorola_e15__noir_barretenberg__cold_local-5,2026-08-10T10:39:59.829Z,motorola_e15,moto e15,14,armeabi-v7a,android_native,,webauthn,closest-analogue,0fb5b4aa1398281c2fd3dbe14db147e05b61f201,noir_barretenberg,noir,barretenberg-rs-4.2.0-aztecnr-rc.2,acvm-beta19,measured,5,ok,,7464.392616,106954.437853,,114418.831468,494.05078125,21092,271131517,271127379,271131517,,input-to-proof-v1,0fb5b4aa1398281c2fd3dbe14db147e05b61f201,"{""mopro"":""0.3.7"",""barretenberg_rs"":""4.2.0-aztecnr-rc.2"",""noir"":""1.0.0-beta.19""}","[{""raw_evidence_sha256"":""d050f00a18626bf659e7f8efbb3c68361c40c320237f99acb68ab0d9a69e6422""}]",,"Closest analogue, not equivalent: Noir binds challenge, type, origin, RP-ID hash, flags, and public key; the Circom counterpart omits several bindings.",,,/Users/dcbuilder/Code/world/.worktrees/provekit-v1-cross-device-campaign/target/v1-benchmarks/input-to-proof/e15/publication/cold/barretenberg-webauthn/run-5/results.json,cold_local,114418.831468
input-to-proof-v1-20260807,webauthn_closest_analogue__motorola_e15__noir_barretenberg__warm_reuse-0,2026-08-10T08:33:58.785Z,motorola_e15,moto e15,14,armeabi-v7a,android_native,,webauthn,closest-analogue,0fb5b4aa1398281c2fd3dbe14db147e05b61f201,noir_barretenberg,noir,barretenberg-rs-4.2.0-aztecnr-rc.2,acvm-beta19,warmup,0,ok,,7427.613232,107333.576545,,114761.191161,,21092,271131517,271127379,271131517,,input-to-proof-v1,0fb5b4aa1398281c2fd3dbe14db147e05b61f201,"{""mopro"":""0.3.7"",""barretenberg_rs"":""4.2.0-aztecnr-rc.2"",""noir"":""1.0.0-beta.19""}","[{""raw_evidence_sha256"":""d24eee657c18b7d6e429f4650ed6caba9af28e15650d86f51f0bd13cbec56a7b""}]",,"Closest analogue, not equivalent: Noir binds challenge, type, origin, RP-ID hash, flags, and public key; the Circom counterpart omits several bindings.",,,/Users/dcbuilder/Code/world/.worktrees/provekit-v1-cross-device-campaign/target/v1-benchmarks/input-to-proof/e15/publication/warm/barretenberg-webauthn-20260810/results.json,warm_reuse,114761.191161
input-to-proof-v1-20260807,webauthn_closest_analogue__motorola_e15__noir_barretenberg__warm_reuse-1,2026-08-10T08:33:58.785Z,motorola_e15,moto e15,14,armeabi-v7a,android_native,,webauthn,closest-analogue,0fb5b4aa1398281c2fd3dbe14db147e05b61f201,noir_barretenberg,noir,barretenberg-rs-4.2.0-aztecnr-rc.2,acvm-beta19,measured,1,ok,,7449.868847,107294.658468,,114744.528315,494.7265625,21092,271131517,271127379,271131517,,input-to-proof-v1,0fb5b4aa1398281c2fd3dbe14db147e05b61f201,"{""mopro"":""0.3.7"",""barretenberg_rs"":""4.2.0-aztecnr-rc.2"",""noir"":""1.0.0-beta.19""}","[{""raw_evidence_sha256"":""d24eee657c18b7d6e429f4650ed6caba9af28e15650d86f51f0bd13cbec56a7b""}]",,"Closest analogue, not equivalent: Noir binds challenge, type, origin, RP-ID hash, flags, and public key; the Circom counterpart omits several bindings.",,,/Users/dcbuilder/Code/world/.worktrees/provekit-v1-cross-device-campaign/target/v1-benchmarks/input-to-proof/e15/publication/warm/barretenberg-webauthn-20260810/results.json,warm_reuse,114744.528315
input-to-proof-v1-20260807,webauthn_closest_analogue__motorola_e15__noir_barretenberg__warm_reuse-2,2026-08-10T08:33:58.785Z,motorola_e15,moto e15,14,armeabi-v7a,android_native,,webauthn,closest-analogue,0fb5b4aa1398281c2fd3dbe14db147e05b61f201,noir_barretenberg,noir,barretenberg-rs-4.2.0-aztecnr-rc.2,acvm-beta19,measured,2,ok,,7461.823385,107155.801468,,114617.625853,502.796875,21092,271131517,271127379,271131517,,input-to-proof-v1,0fb5b4aa1398281c2fd3dbe14db147e05b61f201,"{""mopro"":""0.3.7"",""barretenberg_rs"":""4.2.0-aztecnr-rc.2"",""noir"":""1.0.0-beta.19""}","[{""raw_evidence_sha256"":""d24eee657c18b7d6e429f4650ed6caba9af28e15650d86f51f0bd13cbec56a7b""}]",,"Closest analogue, not equivalent: Noir binds challenge, type, origin, RP-ID hash, flags, and public key; the Circom counterpart omits several bindings.",,,/Users/dcbuilder/Code/world/.worktrees/provekit-v1-cross-device-campaign/target/v1-benchmarks/input-to-proof/e15/publication/warm/barretenberg-webauthn-20260810/results.json,warm_reuse,114617.625853
input-to-proof-v1-20260807,webauthn_closest_analogue__motorola_e15__noir_barretenberg__warm_reuse-3,2026-08-10T08:33:58.785Z,motorola_e15,moto e15,14,armeabi-v7a,android_native,,webauthn,closest-analogue,0fb5b4aa1398281c2fd3dbe14db147e05b61f201,noir_barretenberg,noir,barretenberg-rs-4.2.0-aztecnr-rc.2,acvm-beta19,measured,3,ok,,7443.431078,107235.876545,,114679.308623,504.30859375,21092,271131517,271127379,271131517,,input-to-proof-v1,0fb5b4aa1398281c2fd3dbe14db147e05b61f201,"{""mopro"":""0.3.7"",""barretenberg_rs"":""4.2.0-aztecnr-rc.2"",""noir"":""1.0.0-beta.19""}","[{""raw_evidence_sha256"":""d24eee657c18b7d6e429f4650ed6caba9af28e15650d86f51f0bd13cbec56a7b""}]",,"Closest analogue, not equivalent: Noir binds challenge, type, origin, RP-ID hash, flags, and public key; the Circom counterpart omits several bindings.",,,/Users/dcbuilder/Code/world/.worktrees/provekit-v1-cross-device-campaign/target/v1-benchmarks/input-to-proof/e15/publication/warm/barretenberg-webauthn-20260810/results.json,warm_reuse,114679.308623
input-to-proof-v1-20260807,webauthn_closest_analogue__motorola_e15__noir_barretenberg__warm_reuse-4,2026-08-10T08:33:58.785Z,motorola_e15,moto e15,14,armeabi-v7a,android_native,,webauthn,closest-analogue,0fb5b4aa1398281c2fd3dbe14db147e05b61f201,noir_barretenberg,noir,barretenberg-rs-4.2.0-aztecnr-rc.2,acvm-beta19,measured,4,ok,,7451.634231,107122.822776,,114574.458468,506.52734375,21092,271131517,271127379,271131517,,input-to-proof-v1,0fb5b4aa1398281c2fd3dbe14db147e05b61f201,"{""mopro"":""0.3.7"",""barretenberg_rs"":""4.2.0-aztecnr-rc.2"",""noir"":""1.0.0-beta.19""}","[{""raw_evidence_sha256"":""d24eee657c18b7d6e429f4650ed6caba9af28e15650d86f51f0bd13cbec56a7b""}]",,"Closest analogue, not equivalent: Noir binds challenge, type, origin, RP-ID hash, flags, and public key; the Circom counterpart omits several bindings.",,,/Users/dcbuilder/Code/world/.worktrees/provekit-v1-cross-device-campaign/target/v1-benchmarks/input-to-proof/e15/publication/warm/barretenberg-webauthn-20260810/results.json,warm_reuse,114574.458468
input-to-proof-v1-20260807,webauthn_closest_analogue__motorola_e15__noir_barretenberg__warm_reuse-5,2026-08-10T08:33:58.785Z,motorola_e15,moto e15,14,armeabi-v7a,android_native,,webauthn,closest-analogue,0fb5b4aa1398281c2fd3dbe14db147e05b61f201,noir_barretenberg,noir,barretenberg-rs-4.2.0-aztecnr-rc.2,acvm-beta19,measured,5,ok,,7443.167308,107202.061775,,114645.229776,506.37890625,21092,271131517,271127379,271131517,,input-to-proof-v1,0fb5b4aa1398281c2fd3dbe14db147e05b61f201,"{""mopro"":""0.3.7"",""barretenberg_rs"":""4.2.0-aztecnr-rc.2"",""noir"":""1.0.0-beta.19""}","[{""raw_evidence_sha256"":""d24eee657c18b7d6e429f4650ed6caba9af28e15650d86f51f0bd13cbec56a7b""}]",,"Closest analogue, not equivalent: Noir binds challenge, type, origin, RP-ID hash, flags, and public key; the Circom counterpart omits several bindings.",,,/Users/dcbuilder/Code/world/.worktrees/provekit-v1-cross-device-campaign/target/v1-benchmarks/input-to-proof/e15/publication/warm/barretenberg-webauthn-20260810/results.json,warm_reuse,114645.229776
input-to-proof-v1-20260807,webauthn_closest_analogue__motorola_e15__circom_groth16__cold_local-gap,2026-08-11T10:47:03.183Z,motorola_e15,moto e15,Android 14,armeabi-v7a,android_native,,webauthn,closest-analogue,0fb5b4aa1398281c2fd3dbe14db147e05b61f201,circom_groth16,circom,rust-rapidsnark-0.1.4,rust-witness-0.1.6 (split helper canary),gap,,runtime_failed,,,,,,,,,,,,input-to-proof-v1,0fb5b4aa1398281c2fd3dbe14db147e05b61f201,"{""rust_rapidsnark"":""0.1.4"",""rust_witness"":""0.1.6"",""circom"":""2.2.2""}","{""report_sha256"":""41d6c31a71f5d19c512b9d240517ff372dd75ed6c026fa4c1be3ef5ce3e516ee"",""logcat_sha256"":""cfccf2a1be99f36e3968e157868513a43fc6b08f9e9e475a2574b87019499255""}",,"This is an explicit E15 input-to-proof gap. It is not a zero measurement, and no iPhone, Mac, or browser value is substituted.",out_of_memory,"Rapidsnark failed in the native E15 worker with `mmap failed: Out of memory`. The pinned WebAuthn zkey is 1,733,145,772 bytes and the frozen WTNS is 109,218,412 bytes; the 32-bit E15 could not create the proving mappings. Repeated helper-split and unmap canaries did not produce a stable valid run.",/Users/dcbuilder/Code/world/.worktrees/provekit-v1-cross-device-campaign/target/v1-benchmarks/input-to-proof/e15/attempts/circom-webauthn-helper-unmap-canary-20260811/results.json;/Users/dcbuilder/Code/world/.worktrees/provekit-v1-cross-device-campaign/target/v1-benchmarks/input-to-proof/e15/attempts/circom-webauthn-helper-unmap-canary-20260811/circom_webauthn_input_to_proof.logcat.txt,cold_local,
input-to-proof-v1-20260807,webauthn_closest_analogue__motorola_e15__circom_groth16__warm_reuse-0,2026-08-10T17:06:48.724Z,motorola_e15,moto e15,14,armeabi-v7a,android_native,,webauthn,closest-analogue,0fb5b4aa1398281c2fd3dbe14db147e05b61f201,circom_groth16,circom,rust-rapidsnark-0.1.4,rust-witness-0.1.6,warmup,0,ok,,459162.841874,856718.871744,,1315881.714925,,1005,1753618376,1733145772,1753618376,,input-to-proof-v1,0fb5b4aa1398281c2fd3dbe14db147e05b61f201,"{""rust_rapidsnark"":""0.1.4"",""rust_witness"":""0.1.6"",""circom"":""2.2.2""}","[{""raw_evidence_sha256"":""f4dc3c682d771ec953be5a18b92b21ac51a35f834df6f386c3e037b2ec7753cc""}]",,"Closest analogue, not equivalent: Noir binds challenge, type, origin, RP-ID hash, flags, and public key; the Circom counterpart omits several bindings.",,,/Users/dcbuilder/Code/world/.worktrees/provekit-v1-cross-device-campaign/target/v1-benchmarks/input-to-proof/e15/publication/warm/circom-webauthn/results.json,warm_reuse,1315881.714925
input-to-proof-v1-20260807,webauthn_closest_analogue__motorola_e15__circom_groth16__warm_reuse-1,2026-08-10T17:06:48.724Z,motorola_e15,moto e15,14,armeabi-v7a,android_native,,webauthn,closest-analogue,0fb5b4aa1398281c2fd3dbe14db147e05b61f201,circom_groth16,circom,rust-rapidsnark-0.1.4,rust-witness-0.1.6,measured,1,ok,,459192.934565,864361.80159,,1323554.737002,776.859375,1001,1753618376,1733145772,1753618376,,input-to-proof-v1,0fb5b4aa1398281c2fd3dbe14db147e05b61f201,"{""rust_rapidsnark"":""0.1.4"",""rust_witness"":""0.1.6"",""circom"":""2.2.2""}","[{""raw_evidence_sha256"":""f4dc3c682d771ec953be5a18b92b21ac51a35f834df6f386c3e037b2ec7753cc""}]",,"Closest analogue, not equivalent: Noir binds challenge, type, origin, RP-ID hash, flags, and public key; the Circom counterpart omits several bindings.",,,/Users/dcbuilder/Code/world/.worktrees/provekit-v1-cross-device-campaign/target/v1-benchmarks/input-to-proof/e15/publication/warm/circom-webauthn/results.json,warm_reuse,1323554.737002
input-to-proof-v1-20260807,webauthn_closest_analogue__motorola_e15__circom_groth16__warm_reuse-2,2026-08-10T17:06:48.724Z,motorola_e15,moto e15,14,armeabi-v7a,android_native,,webauthn,closest-analogue,0fb5b4aa1398281c2fd3dbe14db147e05b61f201,circom_groth16,circom,rust-rapidsnark-0.1.4,rust-witness-0.1.6,measured,2,ok,,460037.603105,862393.702743,,1322431.306233,663.66796875,1002,1753618376,1733145772,1753618376,,input-to-proof-v1,0fb5b4aa1398281c2fd3dbe14db147e05b61f201,"{""rust_rapidsnark"":""0.1.4"",""rust_witness"":""0.1.6"",""circom"":""2.2.2""}","[{""raw_evidence_sha256"":""f4dc3c682d771ec953be5a18b92b21ac51a35f834df6f386c3e037b2ec7753cc""}]",,"Closest analogue, not equivalent: Noir binds challenge, type, origin, RP-ID hash, flags, and public key; the Circom counterpart omits several bindings.",,,/Users/dcbuilder/Code/world/.worktrees/provekit-v1-cross-device-campaign/target/v1-benchmarks/input-to-proof/e15/publication/warm/circom-webauthn/results.json,warm_reuse,1322431.306233
input-to-proof-v1-20260807,webauthn_closest_analogue__motorola_e15__circom_groth16__warm_reuse-3,2026-08-10T17:06:48.724Z,motorola_e15,moto e15,14,armeabi-v7a,android_native,,webauthn,closest-analogue,0fb5b4aa1398281c2fd3dbe14db147e05b61f201,circom_groth16,circom,rust-rapidsnark-0.1.4,rust-witness-0.1.6,measured,3,ok,,459024.957566,860136.160974,,1319161.119694,705.38671875,1005,1753618376,1733145772,1753618376,,input-to-proof-v1,0fb5b4aa1398281c2fd3dbe14db147e05b61f201,"{""rust_rapidsnark"":""0.1.4"",""rust_witness"":""0.1.6"",""circom"":""2.2.2""}","[{""raw_evidence_sha256"":""f4dc3c682d771ec953be5a18b92b21ac51a35f834df6f386c3e037b2ec7753cc""}]",,"Closest analogue, not equivalent: Noir binds challenge, type, origin, RP-ID hash, flags, and public key; the Circom counterpart omits several bindings.",,,/Users/dcbuilder/Code/world/.worktrees/provekit-v1-cross-device-campaign/target/v1-benchmarks/input-to-proof/e15/publication/warm/circom-webauthn/results.json,warm_reuse,1319161.119694
input-to-proof-v1-20260807,webauthn_closest_analogue__motorola_e15__circom_groth16__warm_reuse-4,2026-08-10T17:06:48.724Z,motorola_e15,moto e15,14,armeabi-v7a,android_native,,webauthn,closest-analogue,0fb5b4aa1398281c2fd3dbe14db147e05b61f201,circom_groth16,circom,rust-rapidsnark-0.1.4,rust-witness-0.1.6,measured,4,ok,,459224.595335,853365.856667,,1312590.452616,717.85546875,1003,1753618376,1733145772,1753618376,,input-to-proof-v1,0fb5b4aa1398281c2fd3dbe14db147e05b61f201,"{""rust_rapidsnark"":""0.1.4"",""rust_witness"":""0.1.6"",""circom"":""2.2.2""}","[{""raw_evidence_sha256"":""f4dc3c682d771ec953be5a18b92b21ac51a35f834df6f386c3e037b2ec7753cc""}]",,"Closest analogue, not equivalent: Noir binds challenge, type, origin, RP-ID hash, flags, and public key; the Circom counterpart omits several bindings.",,,/Users/dcbuilder/Code/world/.worktrees/provekit-v1-cross-device-campaign/target/v1-benchmarks/input-to-proof/e15/publication/warm/circom-webauthn/results.json,warm_reuse,1312590.452616
input-to-proof-v1-20260807,webauthn_closest_analogue__motorola_e15__circom_groth16__warm_reuse-5,2026-08-10T17:06:48.724Z,motorola_e15,moto e15,14,armeabi-v7a,android_native,,webauthn,closest-analogue,0fb5b4aa1398281c2fd3dbe14db147e05b61f201,circom_groth16,circom,rust-rapidsnark-0.1.4,rust-witness-0.1.6,measured,5,ok,,459426.71272,853232.236667,,1312658.950001,810.06640625,1002,1753618376,1733145772,1753618376,,input-to-proof-v1,0fb5b4aa1398281c2fd3dbe14db147e05b61f201,"{""rust_rapidsnark"":""0.1.4"",""rust_witness"":""0.1.6"",""circom"":""2.2.2""}","[{""raw_evidence_sha256"":""f4dc3c682d771ec953be5a18b92b21ac51a35f834df6f386c3e037b2ec7753cc""}]",,"Closest analogue, not equivalent: Noir binds challenge, type, origin, RP-ID hash, flags, and public key; the Circom counterpart omits several bindings.",,,/Users/dcbuilder/Code/world/.worktrees/provekit-v1-cross-device-campaign/target/v1-benchmarks/input-to-proof/e15/publication/warm/circom-webauthn/results.json,warm_reuse,1312658.950001
