campaign_id,attempt_id,recorded_at_utc,hardware,device_model,os_version,abi,runtime,browser,circuit,circuit_variant,circuit_commit,prover,frontend,prover_backend,witness_backend,sample_kind,sample_index,status,initialization_time_ms,witness_time_ms,prover_time_ms,verify_time_ms,total_time_ms,peak_memory_mib,proof_size_bytes,circuit_size_bytes,artifact_size_bytes,bundle_size_bytes,constraint_count,artifact_version,source_commit,package_versions,artifact_hashes,session_id,non_equivalence_note,failure_code,failure_detail,evidence_path,timing_mode,input_to_proof_time_ms
input-to-proof-v1-20260807,passport_complete_age_check__mac_chrome__provekit_v1__cold_local-0,2026-08-07T16:13:28.693Z,macbook_m4,MacBook Pro (Apple M4 Max),26.5.2 (25F84),arm64,browser_wasm,Google Chrome 151.0.7922.76,passport_complete_age_check,historical-monolithic-age-integrity,9b2a6f37c67691eab4b0cec6c35e35c520e93285,provekit_v1,noir,provekit-v1-whir-wasm-single-thread,@noir-lang/noir_js@1.0.0-beta.11,warmup,0,ok,2723.875,1021.1799999475479,19760.03499996662,621.7900000810623,23505.08999991417,1372.28125,990332,4044410,4002796,22008360,711664,input-to-proof-v1,9b2a6f37c67691eab4b0cec6c35e35c520e93285,"{""provekit"":""9b2a6f37c67691eab4b0cec6c35e35c520e93285"",""noir_js"":""1.0.0-beta.11""}","{""raw_evidence_sha256"":""998f7de8f4c3a811add5e2e3d413afaa4bd28f014e690050be25ed424e317668""}",,Historical monolithic Passport age and integrity lane retained separately from the additional exact P1 source pair.,,,/Users/dcbuilder/Code/world/.worktrees/provekit-v1-cross-device-campaign/target/v1-benchmarks/input-to-proof/mac-chrome/passport_complete_age_check__mac_chrome__provekit_v1__cold_local.json,cold_local,23505.08999991417
input-to-proof-v1-20260807,passport_complete_age_check__mac_chrome__provekit_v1__cold_local-1,2026-08-07T16:13:28.693Z,macbook_m4,MacBook Pro (Apple M4 Max),26.5.2 (25F84),arm64,browser_wasm,Google Chrome 151.0.7922.76,passport_complete_age_check,historical-monolithic-age-integrity,9b2a6f37c67691eab4b0cec6c35e35c520e93285,provekit_v1,noir,provekit-v1-whir-wasm-single-thread,@noir-lang/noir_js@1.0.0-beta.11,measured,1,ok,2780.5449999570847,1017.835000038147,19667.875,629.5149999856949,23466.25499999523,1372.453125,994468,4044410,4002796,22008360,711664,input-to-proof-v1,9b2a6f37c67691eab4b0cec6c35e35c520e93285,"{""provekit"":""9b2a6f37c67691eab4b0cec6c35e35c520e93285"",""noir_js"":""1.0.0-beta.11""}","{""raw_evidence_sha256"":""998f7de8f4c3a811add5e2e3d413afaa4bd28f014e690050be25ed424e317668""}",,Historical monolithic Passport age and integrity lane retained separately from the additional exact P1 source pair.,,,/Users/dcbuilder/Code/world/.worktrees/provekit-v1-cross-device-campaign/target/v1-benchmarks/input-to-proof/mac-chrome/passport_complete_age_check__mac_chrome__provekit_v1__cold_local.json,cold_local,23466.25499999523
input-to-proof-v1-20260807,passport_complete_age_check__mac_chrome__provekit_v1__cold_local-2,2026-08-07T16:13:28.693Z,macbook_m4,MacBook Pro (Apple M4 Max),26.5.2 (25F84),arm64,browser_wasm,Google Chrome 151.0.7922.76,passport_complete_age_check,historical-monolithic-age-integrity,9b2a6f37c67691eab4b0cec6c35e35c520e93285,provekit_v1,noir,provekit-v1-whir-wasm-single-thread,@noir-lang/noir_js@1.0.0-beta.11,measured,2,ok,2726.0499999523163,1022.4049999713898,19703.820000052452,627.4950000047684,23452.274999976158,1371.296875,993828,4044410,4002796,22008360,711664,input-to-proof-v1,9b2a6f37c67691eab4b0cec6c35e35c520e93285,"{""provekit"":""9b2a6f37c67691eab4b0cec6c35e35c520e93285"",""noir_js"":""1.0.0-beta.11""}","{""raw_evidence_sha256"":""998f7de8f4c3a811add5e2e3d413afaa4bd28f014e690050be25ed424e317668""}",,Historical monolithic Passport age and integrity lane retained separately from the additional exact P1 source pair.,,,/Users/dcbuilder/Code/world/.worktrees/provekit-v1-cross-device-campaign/target/v1-benchmarks/input-to-proof/mac-chrome/passport_complete_age_check__mac_chrome__provekit_v1__cold_local.json,cold_local,23452.274999976158
input-to-proof-v1-20260807,passport_complete_age_check__mac_chrome__provekit_v1__cold_local-3,2026-08-07T16:13:28.693Z,macbook_m4,MacBook Pro (Apple M4 Max),26.5.2 (25F84),arm64,browser_wasm,Google Chrome 151.0.7922.76,passport_complete_age_check,historical-monolithic-age-integrity,9b2a6f37c67691eab4b0cec6c35e35c520e93285,provekit_v1,noir,provekit-v1-whir-wasm-single-thread,@noir-lang/noir_js@1.0.0-beta.11,measured,3,ok,2718.3849999904633,1023.914999961853,19682.149999976158,623.289999961853,23424.449999928474,1372.171875,989648,4044410,4002796,22008360,711664,input-to-proof-v1,9b2a6f37c67691eab4b0cec6c35e35c520e93285,"{""provekit"":""9b2a6f37c67691eab4b0cec6c35e35c520e93285"",""noir_js"":""1.0.0-beta.11""}","{""raw_evidence_sha256"":""998f7de8f4c3a811add5e2e3d413afaa4bd28f014e690050be25ed424e317668""}",,Historical monolithic Passport age and integrity lane retained separately from the additional exact P1 source pair.,,,/Users/dcbuilder/Code/world/.worktrees/provekit-v1-cross-device-campaign/target/v1-benchmarks/input-to-proof/mac-chrome/passport_complete_age_check__mac_chrome__provekit_v1__cold_local.json,cold_local,23424.449999928474
input-to-proof-v1-20260807,passport_complete_age_check__mac_chrome__provekit_v1__cold_local-4,2026-08-07T16:13:28.693Z,macbook_m4,MacBook Pro (Apple M4 Max),26.5.2 (25F84),arm64,browser_wasm,Google Chrome 151.0.7922.76,passport_complete_age_check,historical-monolithic-age-integrity,9b2a6f37c67691eab4b0cec6c35e35c520e93285,provekit_v1,noir,provekit-v1-whir-wasm-single-thread,@noir-lang/noir_js@1.0.0-beta.11,measured,4,ok,2747.960000038147,1029.0099999904633,19759.804999947548,630.7749999761581,23536.774999976158,1375.34375,990844,4044410,4002796,22008360,711664,input-to-proof-v1,9b2a6f37c67691eab4b0cec6c35e35c520e93285,"{""provekit"":""9b2a6f37c67691eab4b0cec6c35e35c520e93285"",""noir_js"":""1.0.0-beta.11""}","{""raw_evidence_sha256"":""998f7de8f4c3a811add5e2e3d413afaa4bd28f014e690050be25ed424e317668""}",,Historical monolithic Passport age and integrity lane retained separately from the additional exact P1 source pair.,,,/Users/dcbuilder/Code/world/.worktrees/provekit-v1-cross-device-campaign/target/v1-benchmarks/input-to-proof/mac-chrome/passport_complete_age_check__mac_chrome__provekit_v1__cold_local.json,cold_local,23536.774999976158
input-to-proof-v1-20260807,passport_complete_age_check__mac_chrome__provekit_v1__cold_local-5,2026-08-07T16:13:28.693Z,macbook_m4,MacBook Pro (Apple M4 Max),26.5.2 (25F84),arm64,browser_wasm,Google Chrome 151.0.7922.76,passport_complete_age_check,historical-monolithic-age-integrity,9b2a6f37c67691eab4b0cec6c35e35c520e93285,provekit_v1,noir,provekit-v1-whir-wasm-single-thread,@noir-lang/noir_js@1.0.0-beta.11,measured,5,ok,2724.9199999570847,1020.1850000619888,19708.37000000477,624.0599999427795,23453.475000023842,1372.75,995836,4044410,4002796,22008360,711664,input-to-proof-v1,9b2a6f37c67691eab4b0cec6c35e35c520e93285,"{""provekit"":""9b2a6f37c67691eab4b0cec6c35e35c520e93285"",""noir_js"":""1.0.0-beta.11""}","{""raw_evidence_sha256"":""998f7de8f4c3a811add5e2e3d413afaa4bd28f014e690050be25ed424e317668""}",,Historical monolithic Passport age and integrity lane retained separately from the additional exact P1 source pair.,,,/Users/dcbuilder/Code/world/.worktrees/provekit-v1-cross-device-campaign/target/v1-benchmarks/input-to-proof/mac-chrome/passport_complete_age_check__mac_chrome__provekit_v1__cold_local.json,cold_local,23453.475000023842
input-to-proof-v1-20260807,passport_complete_age_check__mac_chrome__provekit_v1__warm_reuse-0,2026-08-07T16:15:46.472Z,macbook_m4,MacBook Pro (Apple M4 Max),26.5.2 (25F84),arm64,browser_wasm,Google Chrome 151.0.7922.76,passport_complete_age_check,historical-monolithic-age-integrity,9b2a6f37c67691eab4b0cec6c35e35c520e93285,provekit_v1,noir,provekit-v1-whir-wasm-single-thread,@noir-lang/noir_js@1.0.0-beta.11,warmup,0,ok,1080.5499999523163,1021.2150000333786,19667.600000023842,625.5950000286102,21769.365000009537,1522.5,995580,4044410,4002796,22008360,711664,input-to-proof-v1,9b2a6f37c67691eab4b0cec6c35e35c520e93285,"{""provekit"":""9b2a6f37c67691eab4b0cec6c35e35c520e93285"",""noir_js"":""1.0.0-beta.11""}","{""raw_evidence_sha256"":""f0b56ce8d576ef9af847e24b1fd4737c78e7bd0f2ace59d656d66b34f4b19912""}",,Historical monolithic Passport age and integrity lane retained separately from the additional exact P1 source pair.,,,/Users/dcbuilder/Code/world/.worktrees/provekit-v1-cross-device-campaign/target/v1-benchmarks/input-to-proof/mac-chrome/passport_complete_age_check__mac_chrome__provekit_v1__warm_reuse.json,warm_reuse,21769.365000009537
input-to-proof-v1-20260807,passport_complete_age_check__mac_chrome__provekit_v1__warm_reuse-1,2026-08-07T16:15:46.472Z,macbook_m4,MacBook Pro (Apple M4 Max),26.5.2 (25F84),arm64,browser_wasm,Google Chrome 151.0.7922.76,passport_complete_age_check,historical-monolithic-age-integrity,9b2a6f37c67691eab4b0cec6c35e35c520e93285,provekit_v1,noir,provekit-v1-whir-wasm-single-thread,@noir-lang/noir_js@1.0.0-beta.11,measured,1,ok,1070.5750000476837,828.4299999475479,19509.705000042915,620.5650000572205,21408.710000038147,1522.5,994300,4044410,4002796,22008360,711664,input-to-proof-v1,9b2a6f37c67691eab4b0cec6c35e35c520e93285,"{""provekit"":""9b2a6f37c67691eab4b0cec6c35e35c520e93285"",""noir_js"":""1.0.0-beta.11""}","{""raw_evidence_sha256"":""f0b56ce8d576ef9af847e24b1fd4737c78e7bd0f2ace59d656d66b34f4b19912""}",,Historical monolithic Passport age and integrity lane retained separately from the additional exact P1 source pair.,,,/Users/dcbuilder/Code/world/.worktrees/provekit-v1-cross-device-campaign/target/v1-benchmarks/input-to-proof/mac-chrome/passport_complete_age_check__mac_chrome__provekit_v1__warm_reuse.json,warm_reuse,21408.710000038147
input-to-proof-v1-20260807,passport_complete_age_check__mac_chrome__provekit_v1__warm_reuse-2,2026-08-07T16:15:46.472Z,macbook_m4,MacBook Pro (Apple M4 Max),26.5.2 (25F84),arm64,browser_wasm,Google Chrome 151.0.7922.76,passport_complete_age_check,historical-monolithic-age-integrity,9b2a6f37c67691eab4b0cec6c35e35c520e93285,provekit_v1,noir,provekit-v1-whir-wasm-single-thread,@noir-lang/noir_js@1.0.0-beta.11,measured,2,ok,1083.3199999332428,820.375,19514.514999985695,616.1399999856949,21418.209999918938,1522.5,993616,4044410,4002796,22008360,711664,input-to-proof-v1,9b2a6f37c67691eab4b0cec6c35e35c520e93285,"{""provekit"":""9b2a6f37c67691eab4b0cec6c35e35c520e93285"",""noir_js"":""1.0.0-beta.11""}","{""raw_evidence_sha256"":""f0b56ce8d576ef9af847e24b1fd4737c78e7bd0f2ace59d656d66b34f4b19912""}",,Historical monolithic Passport age and integrity lane retained separately from the additional exact P1 source pair.,,,/Users/dcbuilder/Code/world/.worktrees/provekit-v1-cross-device-campaign/target/v1-benchmarks/input-to-proof/mac-chrome/passport_complete_age_check__mac_chrome__provekit_v1__warm_reuse.json,warm_reuse,21418.209999918938
input-to-proof-v1-20260807,passport_complete_age_check__mac_chrome__provekit_v1__warm_reuse-3,2026-08-07T16:15:46.472Z,macbook_m4,MacBook Pro (Apple M4 Max),26.5.2 (25F84),arm64,browser_wasm,Google Chrome 151.0.7922.76,passport_complete_age_check,historical-monolithic-age-integrity,9b2a6f37c67691eab4b0cec6c35e35c520e93285,provekit_v1,noir,provekit-v1-whir-wasm-single-thread,@noir-lang/noir_js@1.0.0-beta.11,measured,3,ok,1070.3899999856949,823.9950000047684,19503.06500005722,620.6699999570847,21397.450000047684,1522.5,995536,4044410,4002796,22008360,711664,input-to-proof-v1,9b2a6f37c67691eab4b0cec6c35e35c520e93285,"{""provekit"":""9b2a6f37c67691eab4b0cec6c35e35c520e93285"",""noir_js"":""1.0.0-beta.11""}","{""raw_evidence_sha256"":""f0b56ce8d576ef9af847e24b1fd4737c78e7bd0f2ace59d656d66b34f4b19912""}",,Historical monolithic Passport age and integrity lane retained separately from the additional exact P1 source pair.,,,/Users/dcbuilder/Code/world/.worktrees/provekit-v1-cross-device-campaign/target/v1-benchmarks/input-to-proof/mac-chrome/passport_complete_age_check__mac_chrome__provekit_v1__warm_reuse.json,warm_reuse,21397.450000047684
input-to-proof-v1-20260807,passport_complete_age_check__mac_chrome__provekit_v1__warm_reuse-4,2026-08-07T16:15:46.472Z,macbook_m4,MacBook Pro (Apple M4 Max),26.5.2 (25F84),arm64,browser_wasm,Google Chrome 151.0.7922.76,passport_complete_age_check,historical-monolithic-age-integrity,9b2a6f37c67691eab4b0cec6c35e35c520e93285,provekit_v1,noir,provekit-v1-whir-wasm-single-thread,@noir-lang/noir_js@1.0.0-beta.11,measured,4,ok,1077.6749999523163,823.8150000572205,19507.355000019073,615.2149999141693,21408.84500002861,1522.5,992420,4044410,4002796,22008360,711664,input-to-proof-v1,9b2a6f37c67691eab4b0cec6c35e35c520e93285,"{""provekit"":""9b2a6f37c67691eab4b0cec6c35e35c520e93285"",""noir_js"":""1.0.0-beta.11""}","{""raw_evidence_sha256"":""f0b56ce8d576ef9af847e24b1fd4737c78e7bd0f2ace59d656d66b34f4b19912""}",,Historical monolithic Passport age and integrity lane retained separately from the additional exact P1 source pair.,,,/Users/dcbuilder/Code/world/.worktrees/provekit-v1-cross-device-campaign/target/v1-benchmarks/input-to-proof/mac-chrome/passport_complete_age_check__mac_chrome__provekit_v1__warm_reuse.json,warm_reuse,21408.84500002861
input-to-proof-v1-20260807,passport_complete_age_check__mac_chrome__provekit_v1__warm_reuse-5,2026-08-07T16:15:46.472Z,macbook_m4,MacBook Pro (Apple M4 Max),26.5.2 (25F84),arm64,browser_wasm,Google Chrome 151.0.7922.76,passport_complete_age_check,historical-monolithic-age-integrity,9b2a6f37c67691eab4b0cec6c35e35c520e93285,provekit_v1,noir,provekit-v1-whir-wasm-single-thread,@noir-lang/noir_js@1.0.0-beta.11,measured,5,ok,1062.1200000047684,818.6950000524521,19529.269999980927,612.2200000286102,21410.09000003338,1522.5,993444,4044410,4002796,22008360,711664,input-to-proof-v1,9b2a6f37c67691eab4b0cec6c35e35c520e93285,"{""provekit"":""9b2a6f37c67691eab4b0cec6c35e35c520e93285"",""noir_js"":""1.0.0-beta.11""}","{""raw_evidence_sha256"":""f0b56ce8d576ef9af847e24b1fd4737c78e7bd0f2ace59d656d66b34f4b19912""}",,Historical monolithic Passport age and integrity lane retained separately from the additional exact P1 source pair.,,,/Users/dcbuilder/Code/world/.worktrees/provekit-v1-cross-device-campaign/target/v1-benchmarks/input-to-proof/mac-chrome/passport_complete_age_check__mac_chrome__provekit_v1__warm_reuse.json,warm_reuse,21410.09000003338
input-to-proof-v1-20260807,passport_complete_age_check__mac_chrome__noir_barretenberg__cold_local-0,2026-08-07T16:20:20.117Z,macbook_m4,MacBook Pro (Apple M4 Max),26.5.2 (25F84),arm64,browser_wasm,Google Chrome 151.0.7922.76,passport_complete_age_check,historical-monolithic-age-integrity,9b2a6f37c67691eab4b0cec6c35e35c520e93285,noir_barretenberg,noir,barretenberg-ultrahonk-wasm-single-thread,@noir-lang/noir_js@1.0.0-beta.19,warmup,0,ok,15379.11,700.27,18252.43,4282.355,34331.81,1480.765625,16000,73375498,73333886,73375498,,input-to-proof-v1,9b2a6f37c67691eab4b0cec6c35e35c520e93285,"{""bb_js"":""4.2.0-aztecnr-rc.2"",""noir_js"":""1.0.0-beta.19""}","{""raw_evidence_sha256"":""848753290c4f93666c61e16a3e3cfe3515dd1d4159994617458ffce48c2bccaf""}",,Historical monolithic Passport age and integrity lane retained separately from the additional exact P1 source pair.,,,/Users/dcbuilder/Code/world/.worktrees/provekit-v1-cross-device-campaign/target/v1-benchmarks/input-to-proof/mac-chrome/passport_complete_age_check__mac_chrome__noir_barretenberg__cold_local.json,cold_local,34331.81
input-to-proof-v1-20260807,passport_complete_age_check__mac_chrome__noir_barretenberg__cold_local-1,2026-08-07T16:20:20.117Z,macbook_m4,MacBook Pro (Apple M4 Max),26.5.2 (25F84),arm64,browser_wasm,Google Chrome 151.0.7922.76,passport_complete_age_check,historical-monolithic-age-integrity,9b2a6f37c67691eab4b0cec6c35e35c520e93285,noir_barretenberg,noir,barretenberg-ultrahonk-wasm-single-thread,@noir-lang/noir_js@1.0.0-beta.19,measured,1,ok,15346.235,689.705,18243.385,4246.385,34279.325,1475.359375,16000,73375498,73333886,73375498,,input-to-proof-v1,9b2a6f37c67691eab4b0cec6c35e35c520e93285,"{""bb_js"":""4.2.0-aztecnr-rc.2"",""noir_js"":""1.0.0-beta.19""}","{""raw_evidence_sha256"":""848753290c4f93666c61e16a3e3cfe3515dd1d4159994617458ffce48c2bccaf""}",,Historical monolithic Passport age and integrity lane retained separately from the additional exact P1 source pair.,,,/Users/dcbuilder/Code/world/.worktrees/provekit-v1-cross-device-campaign/target/v1-benchmarks/input-to-proof/mac-chrome/passport_complete_age_check__mac_chrome__noir_barretenberg__cold_local.json,cold_local,34279.325
input-to-proof-v1-20260807,passport_complete_age_check__mac_chrome__noir_barretenberg__cold_local-2,2026-08-07T16:20:20.117Z,macbook_m4,MacBook Pro (Apple M4 Max),26.5.2 (25F84),arm64,browser_wasm,Google Chrome 151.0.7922.76,passport_complete_age_check,historical-monolithic-age-integrity,9b2a6f37c67691eab4b0cec6c35e35c520e93285,noir_barretenberg,noir,barretenberg-ultrahonk-wasm-single-thread,@noir-lang/noir_js@1.0.0-beta.19,measured,2,ok,15481.24,690.6,18268.155,4235.185,34439.995,1481.65625,16000,73375498,73333886,73375498,,input-to-proof-v1,9b2a6f37c67691eab4b0cec6c35e35c520e93285,"{""bb_js"":""4.2.0-aztecnr-rc.2"",""noir_js"":""1.0.0-beta.19""}","{""raw_evidence_sha256"":""848753290c4f93666c61e16a3e3cfe3515dd1d4159994617458ffce48c2bccaf""}",,Historical monolithic Passport age and integrity lane retained separately from the additional exact P1 source pair.,,,/Users/dcbuilder/Code/world/.worktrees/provekit-v1-cross-device-campaign/target/v1-benchmarks/input-to-proof/mac-chrome/passport_complete_age_check__mac_chrome__noir_barretenberg__cold_local.json,cold_local,34439.995
input-to-proof-v1-20260807,passport_complete_age_check__mac_chrome__noir_barretenberg__cold_local-3,2026-08-07T16:20:20.117Z,macbook_m4,MacBook Pro (Apple M4 Max),26.5.2 (25F84),arm64,browser_wasm,Google Chrome 151.0.7922.76,passport_complete_age_check,historical-monolithic-age-integrity,9b2a6f37c67691eab4b0cec6c35e35c520e93285,noir_barretenberg,noir,barretenberg-ultrahonk-wasm-single-thread,@noir-lang/noir_js@1.0.0-beta.19,measured,3,ok,15350.765,697.095,18291.345,4255.595,34339.205,1476.09375,16000,73375498,73333886,73375498,,input-to-proof-v1,9b2a6f37c67691eab4b0cec6c35e35c520e93285,"{""bb_js"":""4.2.0-aztecnr-rc.2"",""noir_js"":""1.0.0-beta.19""}","{""raw_evidence_sha256"":""848753290c4f93666c61e16a3e3cfe3515dd1d4159994617458ffce48c2bccaf""}",,Historical monolithic Passport age and integrity lane retained separately from the additional exact P1 source pair.,,,/Users/dcbuilder/Code/world/.worktrees/provekit-v1-cross-device-campaign/target/v1-benchmarks/input-to-proof/mac-chrome/passport_complete_age_check__mac_chrome__noir_barretenberg__cold_local.json,cold_local,34339.205
input-to-proof-v1-20260807,passport_complete_age_check__mac_chrome__noir_barretenberg__cold_local-4,2026-08-07T16:20:20.117Z,macbook_m4,MacBook Pro (Apple M4 Max),26.5.2 (25F84),arm64,browser_wasm,Google Chrome 151.0.7922.76,passport_complete_age_check,historical-monolithic-age-integrity,9b2a6f37c67691eab4b0cec6c35e35c520e93285,noir_barretenberg,noir,barretenberg-ultrahonk-wasm-single-thread,@noir-lang/noir_js@1.0.0-beta.19,measured,4,ok,15300.62,694.115,18287.205,4241.65,34281.94,1480.53125,16000,73375498,73333886,73375498,,input-to-proof-v1,9b2a6f37c67691eab4b0cec6c35e35c520e93285,"{""bb_js"":""4.2.0-aztecnr-rc.2"",""noir_js"":""1.0.0-beta.19""}","{""raw_evidence_sha256"":""848753290c4f93666c61e16a3e3cfe3515dd1d4159994617458ffce48c2bccaf""}",,Historical monolithic Passport age and integrity lane retained separately from the additional exact P1 source pair.,,,/Users/dcbuilder/Code/world/.worktrees/provekit-v1-cross-device-campaign/target/v1-benchmarks/input-to-proof/mac-chrome/passport_complete_age_check__mac_chrome__noir_barretenberg__cold_local.json,cold_local,34281.94
input-to-proof-v1-20260807,passport_complete_age_check__mac_chrome__noir_barretenberg__cold_local-5,2026-08-07T16:20:20.117Z,macbook_m4,MacBook Pro (Apple M4 Max),26.5.2 (25F84),arm64,browser_wasm,Google Chrome 151.0.7922.76,passport_complete_age_check,historical-monolithic-age-integrity,9b2a6f37c67691eab4b0cec6c35e35c520e93285,noir_barretenberg,noir,barretenberg-ultrahonk-wasm-single-thread,@noir-lang/noir_js@1.0.0-beta.19,measured,5,ok,15271.005,694.57,18292.98,4220.565,34258.555,1473.28125,16000,73375498,73333886,73375498,,input-to-proof-v1,9b2a6f37c67691eab4b0cec6c35e35c520e93285,"{""bb_js"":""4.2.0-aztecnr-rc.2"",""noir_js"":""1.0.0-beta.19""}","{""raw_evidence_sha256"":""848753290c4f93666c61e16a3e3cfe3515dd1d4159994617458ffce48c2bccaf""}",,Historical monolithic Passport age and integrity lane retained separately from the additional exact P1 source pair.,,,/Users/dcbuilder/Code/world/.worktrees/provekit-v1-cross-device-campaign/target/v1-benchmarks/input-to-proof/mac-chrome/passport_complete_age_check__mac_chrome__noir_barretenberg__cold_local.json,cold_local,34258.555
input-to-proof-v1-20260807,passport_complete_age_check__mac_chrome__noir_barretenberg__warm_reuse-0,2026-08-07T16:22:54.730Z,macbook_m4,MacBook Pro (Apple M4 Max),26.5.2 (25F84),arm64,browser_wasm,Google Chrome 151.0.7922.76,passport_complete_age_check,historical-monolithic-age-integrity,9b2a6f37c67691eab4b0cec6c35e35c520e93285,noir_barretenberg,noir,barretenberg-ultrahonk-wasm-single-thread,@noir-lang/noir_js@1.0.0-beta.19,warmup,0,ok,0,569.59,17951.74,0,18521.345,1676.65625,16000,73375498,73333886,73375498,,input-to-proof-v1,9b2a6f37c67691eab4b0cec6c35e35c520e93285,"{""bb_js"":""4.2.0-aztecnr-rc.2"",""noir_js"":""1.0.0-beta.19""}","{""raw_evidence_sha256"":""54433d48de89c1c5827118804fb6252e7452dae07a5731567ce74df8a519ed82""}",,Historical monolithic Passport age and integrity lane retained separately from the additional exact P1 source pair.,,,/Users/dcbuilder/Code/world/.worktrees/provekit-v1-cross-device-campaign/target/v1-benchmarks/input-to-proof/mac-chrome/passport_complete_age_check__mac_chrome__noir_barretenberg__warm_reuse.json,warm_reuse,18521.345
input-to-proof-v1-20260807,passport_complete_age_check__mac_chrome__noir_barretenberg__warm_reuse-1,2026-08-07T16:22:54.730Z,macbook_m4,MacBook Pro (Apple M4 Max),26.5.2 (25F84),arm64,browser_wasm,Google Chrome 151.0.7922.76,passport_complete_age_check,historical-monolithic-age-integrity,9b2a6f37c67691eab4b0cec6c35e35c520e93285,noir_barretenberg,noir,barretenberg-ultrahonk-wasm-single-thread,@noir-lang/noir_js@1.0.0-beta.19,measured,1,ok,0,557.095,17882.9,0,18440.035,1676.65625,16000,73375498,73333886,73375498,,input-to-proof-v1,9b2a6f37c67691eab4b0cec6c35e35c520e93285,"{""bb_js"":""4.2.0-aztecnr-rc.2"",""noir_js"":""1.0.0-beta.19""}","{""raw_evidence_sha256"":""54433d48de89c1c5827118804fb6252e7452dae07a5731567ce74df8a519ed82""}",,Historical monolithic Passport age and integrity lane retained separately from the additional exact P1 source pair.,,,/Users/dcbuilder/Code/world/.worktrees/provekit-v1-cross-device-campaign/target/v1-benchmarks/input-to-proof/mac-chrome/passport_complete_age_check__mac_chrome__noir_barretenberg__warm_reuse.json,warm_reuse,18440.035
input-to-proof-v1-20260807,passport_complete_age_check__mac_chrome__noir_barretenberg__warm_reuse-2,2026-08-07T16:22:54.730Z,macbook_m4,MacBook Pro (Apple M4 Max),26.5.2 (25F84),arm64,browser_wasm,Google Chrome 151.0.7922.76,passport_complete_age_check,historical-monolithic-age-integrity,9b2a6f37c67691eab4b0cec6c35e35c520e93285,noir_barretenberg,noir,barretenberg-ultrahonk-wasm-single-thread,@noir-lang/noir_js@1.0.0-beta.19,measured,2,ok,0,579.705,17939.99,0,18519.715,1676.65625,16000,73375498,73333886,73375498,,input-to-proof-v1,9b2a6f37c67691eab4b0cec6c35e35c520e93285,"{""bb_js"":""4.2.0-aztecnr-rc.2"",""noir_js"":""1.0.0-beta.19""}","{""raw_evidence_sha256"":""54433d48de89c1c5827118804fb6252e7452dae07a5731567ce74df8a519ed82""}",,Historical monolithic Passport age and integrity lane retained separately from the additional exact P1 source pair.,,,/Users/dcbuilder/Code/world/.worktrees/provekit-v1-cross-device-campaign/target/v1-benchmarks/input-to-proof/mac-chrome/passport_complete_age_check__mac_chrome__noir_barretenberg__warm_reuse.json,warm_reuse,18519.715
input-to-proof-v1-20260807,passport_complete_age_check__mac_chrome__noir_barretenberg__warm_reuse-3,2026-08-07T16:22:54.730Z,macbook_m4,MacBook Pro (Apple M4 Max),26.5.2 (25F84),arm64,browser_wasm,Google Chrome 151.0.7922.76,passport_complete_age_check,historical-monolithic-age-integrity,9b2a6f37c67691eab4b0cec6c35e35c520e93285,noir_barretenberg,noir,barretenberg-ultrahonk-wasm-single-thread,@noir-lang/noir_js@1.0.0-beta.19,measured,3,ok,0,569.235,17943.8,0,18513.21,1676.65625,16000,73375498,73333886,73375498,,input-to-proof-v1,9b2a6f37c67691eab4b0cec6c35e35c520e93285,"{""bb_js"":""4.2.0-aztecnr-rc.2"",""noir_js"":""1.0.0-beta.19""}","{""raw_evidence_sha256"":""54433d48de89c1c5827118804fb6252e7452dae07a5731567ce74df8a519ed82""}",,Historical monolithic Passport age and integrity lane retained separately from the additional exact P1 source pair.,,,/Users/dcbuilder/Code/world/.worktrees/provekit-v1-cross-device-campaign/target/v1-benchmarks/input-to-proof/mac-chrome/passport_complete_age_check__mac_chrome__noir_barretenberg__warm_reuse.json,warm_reuse,18513.21
input-to-proof-v1-20260807,passport_complete_age_check__mac_chrome__noir_barretenberg__warm_reuse-4,2026-08-07T16:22:54.730Z,macbook_m4,MacBook Pro (Apple M4 Max),26.5.2 (25F84),arm64,browser_wasm,Google Chrome 151.0.7922.76,passport_complete_age_check,historical-monolithic-age-integrity,9b2a6f37c67691eab4b0cec6c35e35c520e93285,noir_barretenberg,noir,barretenberg-ultrahonk-wasm-single-thread,@noir-lang/noir_js@1.0.0-beta.19,measured,4,ok,0,580.34,17866.225,0,18446.71,1676.65625,16000,73375498,73333886,73375498,,input-to-proof-v1,9b2a6f37c67691eab4b0cec6c35e35c520e93285,"{""bb_js"":""4.2.0-aztecnr-rc.2"",""noir_js"":""1.0.0-beta.19""}","{""raw_evidence_sha256"":""54433d48de89c1c5827118804fb6252e7452dae07a5731567ce74df8a519ed82""}",,Historical monolithic Passport age and integrity lane retained separately from the additional exact P1 source pair.,,,/Users/dcbuilder/Code/world/.worktrees/provekit-v1-cross-device-campaign/target/v1-benchmarks/input-to-proof/mac-chrome/passport_complete_age_check__mac_chrome__noir_barretenberg__warm_reuse.json,warm_reuse,18446.71
input-to-proof-v1-20260807,passport_complete_age_check__mac_chrome__noir_barretenberg__warm_reuse-5,2026-08-07T16:22:54.730Z,macbook_m4,MacBook Pro (Apple M4 Max),26.5.2 (25F84),arm64,browser_wasm,Google Chrome 151.0.7922.76,passport_complete_age_check,historical-monolithic-age-integrity,9b2a6f37c67691eab4b0cec6c35e35c520e93285,noir_barretenberg,noir,barretenberg-ultrahonk-wasm-single-thread,@noir-lang/noir_js@1.0.0-beta.19,measured,5,ok,0,584.12,17840.73,0,18425.005,1676.65625,16000,73375498,73333886,73375498,,input-to-proof-v1,9b2a6f37c67691eab4b0cec6c35e35c520e93285,"{""bb_js"":""4.2.0-aztecnr-rc.2"",""noir_js"":""1.0.0-beta.19""}","{""raw_evidence_sha256"":""54433d48de89c1c5827118804fb6252e7452dae07a5731567ce74df8a519ed82""}",,Historical monolithic Passport age and integrity lane retained separately from the additional exact P1 source pair.,,,/Users/dcbuilder/Code/world/.worktrees/provekit-v1-cross-device-campaign/target/v1-benchmarks/input-to-proof/mac-chrome/passport_complete_age_check__mac_chrome__noir_barretenberg__warm_reuse.json,warm_reuse,18425.005
input-to-proof-v1-20260807,passport_complete_age_check__mac_chrome__circom_groth16__cold_local-0,2026-08-07T16:28:58.792Z,macbook_m4,MacBook Pro (Apple M4 Max),26.5.2 (25F84),arm64,browser_wasm,Google Chrome 151.0.7922.76,passport_complete_age_check,historical-monolithic-age-integrity,9b2a6f37c67691eab4b0cec6c35e35c520e93285,circom_groth16,circom,snarkjs-groth16-browser-wasm-single-thread,circom-witness-wasm,warmup,0,ok,7.6,4171.7,55421.5,59.7,59600.8,6027.234375,1447,588352242,568828944,588352242,,input-to-proof-v1,9b2a6f37c67691eab4b0cec6c35e35c520e93285,"{""circom"":""2.2.2"",""snarkjs"":""0.7.6""}","{""raw_evidence_sha256"":""0f5da4f5c857290f9b842874a431e7f5b98670f927eafa7aad38a64f38031e0b""}",,Historical monolithic Passport age and integrity lane retained separately from the additional exact P1 source pair.,,,/Users/dcbuilder/Code/world/.worktrees/provekit-v1-cross-device-campaign/target/v1-benchmarks/input-to-proof/mac-chrome/passport_complete_age_check__mac_chrome__circom_groth16__cold_local.json,cold_local,59600.8
input-to-proof-v1-20260807,passport_complete_age_check__mac_chrome__circom_groth16__cold_local-1,2026-08-07T16:28:58.792Z,macbook_m4,MacBook Pro (Apple M4 Max),26.5.2 (25F84),arm64,browser_wasm,Google Chrome 151.0.7922.76,passport_complete_age_check,historical-monolithic-age-integrity,9b2a6f37c67691eab4b0cec6c35e35c520e93285,circom_groth16,circom,snarkjs-groth16-browser-wasm-single-thread,circom-witness-wasm,measured,1,ok,5.9,4183.3,55487.9,60.2,59677.1,6029.28125,1448,588352242,568828944,588352242,,input-to-proof-v1,9b2a6f37c67691eab4b0cec6c35e35c520e93285,"{""circom"":""2.2.2"",""snarkjs"":""0.7.6""}","{""raw_evidence_sha256"":""0f5da4f5c857290f9b842874a431e7f5b98670f927eafa7aad38a64f38031e0b""}",,Historical monolithic Passport age and integrity lane retained separately from the additional exact P1 source pair.,,,/Users/dcbuilder/Code/world/.worktrees/provekit-v1-cross-device-campaign/target/v1-benchmarks/input-to-proof/mac-chrome/passport_complete_age_check__mac_chrome__circom_groth16__cold_local.json,cold_local,59677.1
input-to-proof-v1-20260807,passport_complete_age_check__mac_chrome__circom_groth16__cold_local-2,2026-08-07T16:28:58.792Z,macbook_m4,MacBook Pro (Apple M4 Max),26.5.2 (25F84),arm64,browser_wasm,Google Chrome 151.0.7922.76,passport_complete_age_check,historical-monolithic-age-integrity,9b2a6f37c67691eab4b0cec6c35e35c520e93285,circom_groth16,circom,snarkjs-groth16-browser-wasm-single-thread,circom-witness-wasm,measured,2,ok,5.4,4180.5,55360.7,58.5,59546.6,6029.140625,1445,588352242,568828944,588352242,,input-to-proof-v1,9b2a6f37c67691eab4b0cec6c35e35c520e93285,"{""circom"":""2.2.2"",""snarkjs"":""0.7.6""}","{""raw_evidence_sha256"":""0f5da4f5c857290f9b842874a431e7f5b98670f927eafa7aad38a64f38031e0b""}",,Historical monolithic Passport age and integrity lane retained separately from the additional exact P1 source pair.,,,/Users/dcbuilder/Code/world/.worktrees/provekit-v1-cross-device-campaign/target/v1-benchmarks/input-to-proof/mac-chrome/passport_complete_age_check__mac_chrome__circom_groth16__cold_local.json,cold_local,59546.6
input-to-proof-v1-20260807,passport_complete_age_check__mac_chrome__circom_groth16__cold_local-3,2026-08-07T16:28:58.792Z,macbook_m4,MacBook Pro (Apple M4 Max),26.5.2 (25F84),arm64,browser_wasm,Google Chrome 151.0.7922.76,passport_complete_age_check,historical-monolithic-age-integrity,9b2a6f37c67691eab4b0cec6c35e35c520e93285,circom_groth16,circom,snarkjs-groth16-browser-wasm-single-thread,circom-witness-wasm,measured,3,ok,5.6,4186.2,55453.4,62.2,59645.2,6029.703125,1443,588352242,568828944,588352242,,input-to-proof-v1,9b2a6f37c67691eab4b0cec6c35e35c520e93285,"{""circom"":""2.2.2"",""snarkjs"":""0.7.6""}","{""raw_evidence_sha256"":""0f5da4f5c857290f9b842874a431e7f5b98670f927eafa7aad38a64f38031e0b""}",,Historical monolithic Passport age and integrity lane retained separately from the additional exact P1 source pair.,,,/Users/dcbuilder/Code/world/.worktrees/provekit-v1-cross-device-campaign/target/v1-benchmarks/input-to-proof/mac-chrome/passport_complete_age_check__mac_chrome__circom_groth16__cold_local.json,cold_local,59645.2
input-to-proof-v1-20260807,passport_complete_age_check__mac_chrome__circom_groth16__cold_local-4,2026-08-07T16:28:58.792Z,macbook_m4,MacBook Pro (Apple M4 Max),26.5.2 (25F84),arm64,browser_wasm,Google Chrome 151.0.7922.76,passport_complete_age_check,historical-monolithic-age-integrity,9b2a6f37c67691eab4b0cec6c35e35c520e93285,circom_groth16,circom,snarkjs-groth16-browser-wasm-single-thread,circom-witness-wasm,measured,4,ok,5.8,4166,55376.9,59.4,59548.7,6031.453125,1446,588352242,568828944,588352242,,input-to-proof-v1,9b2a6f37c67691eab4b0cec6c35e35c520e93285,"{""circom"":""2.2.2"",""snarkjs"":""0.7.6""}","{""raw_evidence_sha256"":""0f5da4f5c857290f9b842874a431e7f5b98670f927eafa7aad38a64f38031e0b""}",,Historical monolithic Passport age and integrity lane retained separately from the additional exact P1 source pair.,,,/Users/dcbuilder/Code/world/.worktrees/provekit-v1-cross-device-campaign/target/v1-benchmarks/input-to-proof/mac-chrome/passport_complete_age_check__mac_chrome__circom_groth16__cold_local.json,cold_local,59548.7
input-to-proof-v1-20260807,passport_complete_age_check__mac_chrome__circom_groth16__cold_local-5,2026-08-07T16:28:58.792Z,macbook_m4,MacBook Pro (Apple M4 Max),26.5.2 (25F84),arm64,browser_wasm,Google Chrome 151.0.7922.76,passport_complete_age_check,historical-monolithic-age-integrity,9b2a6f37c67691eab4b0cec6c35e35c520e93285,circom_groth16,circom,snarkjs-groth16-browser-wasm-single-thread,circom-witness-wasm,measured,5,ok,8.1,4166.3,55328.4,57.7,59502.8,6031.34375,1448,588352242,568828944,588352242,,input-to-proof-v1,9b2a6f37c67691eab4b0cec6c35e35c520e93285,"{""circom"":""2.2.2"",""snarkjs"":""0.7.6""}","{""raw_evidence_sha256"":""0f5da4f5c857290f9b842874a431e7f5b98670f927eafa7aad38a64f38031e0b""}",,Historical monolithic Passport age and integrity lane retained separately from the additional exact P1 source pair.,,,/Users/dcbuilder/Code/world/.worktrees/provekit-v1-cross-device-campaign/target/v1-benchmarks/input-to-proof/mac-chrome/passport_complete_age_check__mac_chrome__circom_groth16__cold_local.json,cold_local,59502.8
input-to-proof-v1-20260807,passport_complete_age_check__mac_chrome__circom_groth16__warm_reuse-0,2026-08-07T16:34:57.284Z,macbook_m4,MacBook Pro (Apple M4 Max),26.5.2 (25F84),arm64,browser_wasm,Google Chrome 151.0.7922.76,passport_complete_age_check,historical-monolithic-age-integrity,9b2a6f37c67691eab4b0cec6c35e35c520e93285,circom_groth16,circom,snarkjs-groth16-browser-wasm-single-thread,circom-witness-wasm,warmup,0,ok,0,4170.3,55332.3,59.6,59503,6269.046875,1443,588352242,568828944,588352242,,input-to-proof-v1,9b2a6f37c67691eab4b0cec6c35e35c520e93285,"{""circom"":""2.2.2"",""snarkjs"":""0.7.6""}","{""raw_evidence_sha256"":""a542698687cbee69bb21ee1e6ed568e6d440e12c7a27c000b5e68da98126d991""}",,Historical monolithic Passport age and integrity lane retained separately from the additional exact P1 source pair.,,,/Users/dcbuilder/Code/world/.worktrees/provekit-v1-cross-device-campaign/target/v1-benchmarks/input-to-proof/mac-chrome/passport_complete_age_check__mac_chrome__circom_groth16__warm_reuse.json,warm_reuse,59503
input-to-proof-v1-20260807,passport_complete_age_check__mac_chrome__circom_groth16__warm_reuse-1,2026-08-07T16:34:57.284Z,macbook_m4,MacBook Pro (Apple M4 Max),26.5.2 (25F84),arm64,browser_wasm,Google Chrome 151.0.7922.76,passport_complete_age_check,historical-monolithic-age-integrity,9b2a6f37c67691eab4b0cec6c35e35c520e93285,circom_groth16,circom,snarkjs-groth16-browser-wasm-single-thread,circom-witness-wasm,measured,1,ok,0,4133.6,55414.7,11.5,59548.5,6269.046875,1444,588352242,568828944,588352242,,input-to-proof-v1,9b2a6f37c67691eab4b0cec6c35e35c520e93285,"{""circom"":""2.2.2"",""snarkjs"":""0.7.6""}","{""raw_evidence_sha256"":""a542698687cbee69bb21ee1e6ed568e6d440e12c7a27c000b5e68da98126d991""}",,Historical monolithic Passport age and integrity lane retained separately from the additional exact P1 source pair.,,,/Users/dcbuilder/Code/world/.worktrees/provekit-v1-cross-device-campaign/target/v1-benchmarks/input-to-proof/mac-chrome/passport_complete_age_check__mac_chrome__circom_groth16__warm_reuse.json,warm_reuse,59548.5
input-to-proof-v1-20260807,passport_complete_age_check__mac_chrome__circom_groth16__warm_reuse-2,2026-08-07T16:34:57.284Z,macbook_m4,MacBook Pro (Apple M4 Max),26.5.2 (25F84),arm64,browser_wasm,Google Chrome 151.0.7922.76,passport_complete_age_check,historical-monolithic-age-integrity,9b2a6f37c67691eab4b0cec6c35e35c520e93285,circom_groth16,circom,snarkjs-groth16-browser-wasm-single-thread,circom-witness-wasm,measured,2,ok,0,4156,55405.1,11.4,59561.3,6269.046875,1450,588352242,568828944,588352242,,input-to-proof-v1,9b2a6f37c67691eab4b0cec6c35e35c520e93285,"{""circom"":""2.2.2"",""snarkjs"":""0.7.6""}","{""raw_evidence_sha256"":""a542698687cbee69bb21ee1e6ed568e6d440e12c7a27c000b5e68da98126d991""}",,Historical monolithic Passport age and integrity lane retained separately from the additional exact P1 source pair.,,,/Users/dcbuilder/Code/world/.worktrees/provekit-v1-cross-device-campaign/target/v1-benchmarks/input-to-proof/mac-chrome/passport_complete_age_check__mac_chrome__circom_groth16__warm_reuse.json,warm_reuse,59561.3
input-to-proof-v1-20260807,passport_complete_age_check__mac_chrome__circom_groth16__warm_reuse-3,2026-08-07T16:34:57.284Z,macbook_m4,MacBook Pro (Apple M4 Max),26.5.2 (25F84),arm64,browser_wasm,Google Chrome 151.0.7922.76,passport_complete_age_check,historical-monolithic-age-integrity,9b2a6f37c67691eab4b0cec6c35e35c520e93285,circom_groth16,circom,snarkjs-groth16-browser-wasm-single-thread,circom-witness-wasm,measured,3,ok,0,4174.2,55417.1,10.9,59591.5,6269.046875,1446,588352242,568828944,588352242,,input-to-proof-v1,9b2a6f37c67691eab4b0cec6c35e35c520e93285,"{""circom"":""2.2.2"",""snarkjs"":""0.7.6""}","{""raw_evidence_sha256"":""a542698687cbee69bb21ee1e6ed568e6d440e12c7a27c000b5e68da98126d991""}",,Historical monolithic Passport age and integrity lane retained separately from the additional exact P1 source pair.,,,/Users/dcbuilder/Code/world/.worktrees/provekit-v1-cross-device-campaign/target/v1-benchmarks/input-to-proof/mac-chrome/passport_complete_age_check__mac_chrome__circom_groth16__warm_reuse.json,warm_reuse,59591.5
input-to-proof-v1-20260807,passport_complete_age_check__mac_chrome__circom_groth16__warm_reuse-4,2026-08-07T16:34:57.284Z,macbook_m4,MacBook Pro (Apple M4 Max),26.5.2 (25F84),arm64,browser_wasm,Google Chrome 151.0.7922.76,passport_complete_age_check,historical-monolithic-age-integrity,9b2a6f37c67691eab4b0cec6c35e35c520e93285,circom_groth16,circom,snarkjs-groth16-browser-wasm-single-thread,circom-witness-wasm,measured,4,ok,0,4158.3,55596.2,11,59759.2,6269.046875,1443,588352242,568828944,588352242,,input-to-proof-v1,9b2a6f37c67691eab4b0cec6c35e35c520e93285,"{""circom"":""2.2.2"",""snarkjs"":""0.7.6""}","{""raw_evidence_sha256"":""a542698687cbee69bb21ee1e6ed568e6d440e12c7a27c000b5e68da98126d991""}",,Historical monolithic Passport age and integrity lane retained separately from the additional exact P1 source pair.,,,/Users/dcbuilder/Code/world/.worktrees/provekit-v1-cross-device-campaign/target/v1-benchmarks/input-to-proof/mac-chrome/passport_complete_age_check__mac_chrome__circom_groth16__warm_reuse.json,warm_reuse,59759.2
input-to-proof-v1-20260807,passport_complete_age_check__mac_chrome__circom_groth16__warm_reuse-5,2026-08-07T16:34:57.284Z,macbook_m4,MacBook Pro (Apple M4 Max),26.5.2 (25F84),arm64,browser_wasm,Google Chrome 151.0.7922.76,passport_complete_age_check,historical-monolithic-age-integrity,9b2a6f37c67691eab4b0cec6c35e35c520e93285,circom_groth16,circom,snarkjs-groth16-browser-wasm-single-thread,circom-witness-wasm,measured,5,ok,0,4127.6,55130.5,11,59259.1,6269.046875,1446,588352242,568828944,588352242,,input-to-proof-v1,9b2a6f37c67691eab4b0cec6c35e35c520e93285,"{""circom"":""2.2.2"",""snarkjs"":""0.7.6""}","{""raw_evidence_sha256"":""a542698687cbee69bb21ee1e6ed568e6d440e12c7a27c000b5e68da98126d991""}",,Historical monolithic Passport age and integrity lane retained separately from the additional exact P1 source pair.,,,/Users/dcbuilder/Code/world/.worktrees/provekit-v1-cross-device-campaign/target/v1-benchmarks/input-to-proof/mac-chrome/passport_complete_age_check__mac_chrome__circom_groth16__warm_reuse.json,warm_reuse,59259.1
input-to-proof-v1-20260807,passport_p1__mac_chrome__provekit_v1__cold_local-0,2026-08-07T16:36:15.896Z,macbook_m4,MacBook Pro (Apple M4 Max),26.5.2 (25F84),arm64,browser_wasm,Google Chrome 151.0.7922.76,passport_age_integrity,P1-matched-monolithic-RSA4096,092621d721cfef9ff39b0787f5ba2c1f07eb6d95,provekit_v1,noir,provekit-v1-whir-wasm-single-thread,@noir-lang/noir_js@1.0.0-beta.11,warmup,0,ok,1500.6849999427795,794.5,9408.820000052452,309.789999961853,11704.004999995232,844.640625,961913,2310275,2279592,15006054,294402,input-to-proof-v1,9b2a6f37c67691eab4b0cec6c35e35c520e93285,"{""provekit"":""9b2a6f37c67691eab4b0cec6c35e35c520e93285"",""noir_js"":""1.0.0-beta.11""}","{""raw_evidence_sha256"":""8ed8d3606516bd417816fcaa9a3c685294f49511560a4c9d7b797df9f8738382""}",,"Matched P1 profile: monolithic RSA-4096 passport integrity, registry authorization, DG1 validity, and minimum-age assertion.",,,/Users/dcbuilder/Code/world/.worktrees/provekit-v1-cross-device-campaign/target/v1-benchmarks/input-to-proof/mac-chrome/passport_p1__mac_chrome__provekit_v1__cold_local.json,cold_local,11704.004999995232
input-to-proof-v1-20260807,passport_p1__mac_chrome__provekit_v1__cold_local-1,2026-08-07T16:36:15.896Z,macbook_m4,MacBook Pro (Apple M4 Max),26.5.2 (25F84),arm64,browser_wasm,Google Chrome 151.0.7922.76,passport_age_integrity,P1-matched-monolithic-RSA4096,092621d721cfef9ff39b0787f5ba2c1f07eb6d95,provekit_v1,noir,provekit-v1-whir-wasm-single-thread,@noir-lang/noir_js@1.0.0-beta.11,measured,1,ok,1526.204999923706,779.5,9355.389999985695,313.3700000047684,11661.094999909401,842.578125,960209,2310275,2279592,15006054,294402,input-to-proof-v1,9b2a6f37c67691eab4b0cec6c35e35c520e93285,"{""provekit"":""9b2a6f37c67691eab4b0cec6c35e35c520e93285"",""noir_js"":""1.0.0-beta.11""}","{""raw_evidence_sha256"":""8ed8d3606516bd417816fcaa9a3c685294f49511560a4c9d7b797df9f8738382""}",,"Matched P1 profile: monolithic RSA-4096 passport integrity, registry authorization, DG1 validity, and minimum-age assertion.",,,/Users/dcbuilder/Code/world/.worktrees/provekit-v1-cross-device-campaign/target/v1-benchmarks/input-to-proof/mac-chrome/passport_p1__mac_chrome__provekit_v1__cold_local.json,cold_local,11661.094999909401
input-to-proof-v1-20260807,passport_p1__mac_chrome__provekit_v1__cold_local-2,2026-08-07T16:36:15.896Z,macbook_m4,MacBook Pro (Apple M4 Max),26.5.2 (25F84),arm64,browser_wasm,Google Chrome 151.0.7922.76,passport_age_integrity,P1-matched-monolithic-RSA4096,092621d721cfef9ff39b0787f5ba2c1f07eb6d95,provekit_v1,noir,provekit-v1-whir-wasm-single-thread,@noir-lang/noir_js@1.0.0-beta.11,measured,2,ok,1492.3199999332428,784.8450000286102,9389.264999985695,305.94000005722046,11666.429999947548,842.265625,964601,2310275,2279592,15006054,294402,input-to-proof-v1,9b2a6f37c67691eab4b0cec6c35e35c520e93285,"{""provekit"":""9b2a6f37c67691eab4b0cec6c35e35c520e93285"",""noir_js"":""1.0.0-beta.11""}","{""raw_evidence_sha256"":""8ed8d3606516bd417816fcaa9a3c685294f49511560a4c9d7b797df9f8738382""}",,"Matched P1 profile: monolithic RSA-4096 passport integrity, registry authorization, DG1 validity, and minimum-age assertion.",,,/Users/dcbuilder/Code/world/.worktrees/provekit-v1-cross-device-campaign/target/v1-benchmarks/input-to-proof/mac-chrome/passport_p1__mac_chrome__provekit_v1__cold_local.json,cold_local,11666.429999947548
input-to-proof-v1-20260807,passport_p1__mac_chrome__provekit_v1__cold_local-3,2026-08-07T16:36:15.896Z,macbook_m4,MacBook Pro (Apple M4 Max),26.5.2 (25F84),arm64,browser_wasm,Google Chrome 151.0.7922.76,passport_age_integrity,P1-matched-monolithic-RSA4096,092621d721cfef9ff39b0787f5ba2c1f07eb6d95,provekit_v1,noir,provekit-v1-whir-wasm-single-thread,@noir-lang/noir_js@1.0.0-beta.11,measured,3,ok,1506.0900000333786,784.9049999713898,9398.320000052452,309.25999999046326,11689.31500005722,842.75,963025,2310275,2279592,15006054,294402,input-to-proof-v1,9b2a6f37c67691eab4b0cec6c35e35c520e93285,"{""provekit"":""9b2a6f37c67691eab4b0cec6c35e35c520e93285"",""noir_js"":""1.0.0-beta.11""}","{""raw_evidence_sha256"":""8ed8d3606516bd417816fcaa9a3c685294f49511560a4c9d7b797df9f8738382""}",,"Matched P1 profile: monolithic RSA-4096 passport integrity, registry authorization, DG1 validity, and minimum-age assertion.",,,/Users/dcbuilder/Code/world/.worktrees/provekit-v1-cross-device-campaign/target/v1-benchmarks/input-to-proof/mac-chrome/passport_p1__mac_chrome__provekit_v1__cold_local.json,cold_local,11689.31500005722
input-to-proof-v1-20260807,passport_p1__mac_chrome__provekit_v1__cold_local-4,2026-08-07T16:36:15.896Z,macbook_m4,MacBook Pro (Apple M4 Max),26.5.2 (25F84),arm64,browser_wasm,Google Chrome 151.0.7922.76,passport_age_integrity,P1-matched-monolithic-RSA4096,092621d721cfef9ff39b0787f5ba2c1f07eb6d95,provekit_v1,noir,provekit-v1-whir-wasm-single-thread,@noir-lang/noir_js@1.0.0-beta.11,measured,4,ok,1499.3499999046326,788.0250000953674,9403.854999899864,305.6100000143051,11691.229999899864,838.296875,966309,2310275,2279592,15006054,294402,input-to-proof-v1,9b2a6f37c67691eab4b0cec6c35e35c520e93285,"{""provekit"":""9b2a6f37c67691eab4b0cec6c35e35c520e93285"",""noir_js"":""1.0.0-beta.11""}","{""raw_evidence_sha256"":""8ed8d3606516bd417816fcaa9a3c685294f49511560a4c9d7b797df9f8738382""}",,"Matched P1 profile: monolithic RSA-4096 passport integrity, registry authorization, DG1 validity, and minimum-age assertion.",,,/Users/dcbuilder/Code/world/.worktrees/provekit-v1-cross-device-campaign/target/v1-benchmarks/input-to-proof/mac-chrome/passport_p1__mac_chrome__provekit_v1__cold_local.json,cold_local,11691.229999899864
input-to-proof-v1-20260807,passport_p1__mac_chrome__provekit_v1__cold_local-5,2026-08-07T16:36:15.896Z,macbook_m4,MacBook Pro (Apple M4 Max),26.5.2 (25F84),arm64,browser_wasm,Google Chrome 151.0.7922.76,passport_age_integrity,P1-matched-monolithic-RSA4096,092621d721cfef9ff39b0787f5ba2c1f07eb6d95,provekit_v1,noir,provekit-v1-whir-wasm-single-thread,@noir-lang/noir_js@1.0.0-beta.11,measured,5,ok,1524.0750000476837,789.4349999427795,9377.504999995232,306.70500004291534,11691.014999985695,841.671875,964217,2310275,2279592,15006054,294402,input-to-proof-v1,9b2a6f37c67691eab4b0cec6c35e35c520e93285,"{""provekit"":""9b2a6f37c67691eab4b0cec6c35e35c520e93285"",""noir_js"":""1.0.0-beta.11""}","{""raw_evidence_sha256"":""8ed8d3606516bd417816fcaa9a3c685294f49511560a4c9d7b797df9f8738382""}",,"Matched P1 profile: monolithic RSA-4096 passport integrity, registry authorization, DG1 validity, and minimum-age assertion.",,,/Users/dcbuilder/Code/world/.worktrees/provekit-v1-cross-device-campaign/target/v1-benchmarks/input-to-proof/mac-chrome/passport_p1__mac_chrome__provekit_v1__cold_local.json,cold_local,11691.014999985695
input-to-proof-v1-20260807,passport_p1__mac_chrome__provekit_v1__warm_reuse-0,2026-08-07T16:37:23.428Z,macbook_m4,MacBook Pro (Apple M4 Max),26.5.2 (25F84),arm64,browser_wasm,Google Chrome 151.0.7922.76,passport_age_integrity,P1-matched-monolithic-RSA4096,092621d721cfef9ff39b0787f5ba2c1f07eb6d95,provekit_v1,noir,provekit-v1-whir-wasm-single-thread,@noir-lang/noir_js@1.0.0-beta.11,warmup,0,ok,555.8699998855591,774.4400000572205,9409.610000014305,305.25,10739.919999957085,997.859375,963065,2310275,2279592,15006054,294402,input-to-proof-v1,9b2a6f37c67691eab4b0cec6c35e35c520e93285,"{""provekit"":""9b2a6f37c67691eab4b0cec6c35e35c520e93285"",""noir_js"":""1.0.0-beta.11""}","{""raw_evidence_sha256"":""8facca6a304d91bbf2c392b05ee408c3a82bb2a519a62725acf487707a2047c3""}",,"Matched P1 profile: monolithic RSA-4096 passport integrity, registry authorization, DG1 validity, and minimum-age assertion.",,,/Users/dcbuilder/Code/world/.worktrees/provekit-v1-cross-device-campaign/target/v1-benchmarks/input-to-proof/mac-chrome/passport_p1__mac_chrome__provekit_v1__warm_reuse.json,warm_reuse,10739.919999957085
input-to-proof-v1-20260807,passport_p1__mac_chrome__provekit_v1__warm_reuse-1,2026-08-07T16:37:23.428Z,macbook_m4,MacBook Pro (Apple M4 Max),26.5.2 (25F84),arm64,browser_wasm,Google Chrome 151.0.7922.76,passport_age_integrity,P1-matched-monolithic-RSA4096,092621d721cfef9ff39b0787f5ba2c1f07eb6d95,provekit_v1,noir,provekit-v1-whir-wasm-single-thread,@noir-lang/noir_js@1.0.0-beta.11,measured,1,ok,539.4950000047684,615.1450001001358,9273.989999890327,303.40000009536743,10428.634999990463,997.859375,965497,2310275,2279592,15006054,294402,input-to-proof-v1,9b2a6f37c67691eab4b0cec6c35e35c520e93285,"{""provekit"":""9b2a6f37c67691eab4b0cec6c35e35c520e93285"",""noir_js"":""1.0.0-beta.11""}","{""raw_evidence_sha256"":""8facca6a304d91bbf2c392b05ee408c3a82bb2a519a62725acf487707a2047c3""}",,"Matched P1 profile: monolithic RSA-4096 passport integrity, registry authorization, DG1 validity, and minimum-age assertion.",,,/Users/dcbuilder/Code/world/.worktrees/provekit-v1-cross-device-campaign/target/v1-benchmarks/input-to-proof/mac-chrome/passport_p1__mac_chrome__provekit_v1__warm_reuse.json,warm_reuse,10428.634999990463
input-to-proof-v1-20260807,passport_p1__mac_chrome__provekit_v1__warm_reuse-2,2026-08-07T16:37:23.428Z,macbook_m4,MacBook Pro (Apple M4 Max),26.5.2 (25F84),arm64,browser_wasm,Google Chrome 151.0.7922.76,passport_age_integrity,P1-matched-monolithic-RSA4096,092621d721cfef9ff39b0787f5ba2c1f07eb6d95,provekit_v1,noir,provekit-v1-whir-wasm-single-thread,@noir-lang/noir_js@1.0.0-beta.11,measured,2,ok,545.4800000190735,617.6900000572205,9355.27999997139,301.5199999809265,10518.455000042915,997.859375,965285,2310275,2279592,15006054,294402,input-to-proof-v1,9b2a6f37c67691eab4b0cec6c35e35c520e93285,"{""provekit"":""9b2a6f37c67691eab4b0cec6c35e35c520e93285"",""noir_js"":""1.0.0-beta.11""}","{""raw_evidence_sha256"":""8facca6a304d91bbf2c392b05ee408c3a82bb2a519a62725acf487707a2047c3""}",,"Matched P1 profile: monolithic RSA-4096 passport integrity, registry authorization, DG1 validity, and minimum-age assertion.",,,/Users/dcbuilder/Code/world/.worktrees/provekit-v1-cross-device-campaign/target/v1-benchmarks/input-to-proof/mac-chrome/passport_p1__mac_chrome__provekit_v1__warm_reuse.json,warm_reuse,10518.455000042915
input-to-proof-v1-20260807,passport_p1__mac_chrome__provekit_v1__warm_reuse-3,2026-08-07T16:37:23.428Z,macbook_m4,MacBook Pro (Apple M4 Max),26.5.2 (25F84),arm64,browser_wasm,Google Chrome 151.0.7922.76,passport_age_integrity,P1-matched-monolithic-RSA4096,092621d721cfef9ff39b0787f5ba2c1f07eb6d95,provekit_v1,noir,provekit-v1-whir-wasm-single-thread,@noir-lang/noir_js@1.0.0-beta.11,measured,3,ok,544.8700000047684,611.3400000333786,9294.245000004768,308.88499999046326,10450.455000042915,997.859375,963321,2310275,2279592,15006054,294402,input-to-proof-v1,9b2a6f37c67691eab4b0cec6c35e35c520e93285,"{""provekit"":""9b2a6f37c67691eab4b0cec6c35e35c520e93285"",""noir_js"":""1.0.0-beta.11""}","{""raw_evidence_sha256"":""8facca6a304d91bbf2c392b05ee408c3a82bb2a519a62725acf487707a2047c3""}",,"Matched P1 profile: monolithic RSA-4096 passport integrity, registry authorization, DG1 validity, and minimum-age assertion.",,,/Users/dcbuilder/Code/world/.worktrees/provekit-v1-cross-device-campaign/target/v1-benchmarks/input-to-proof/mac-chrome/passport_p1__mac_chrome__provekit_v1__warm_reuse.json,warm_reuse,10450.455000042915
input-to-proof-v1-20260807,passport_p1__mac_chrome__provekit_v1__warm_reuse-4,2026-08-07T16:37:23.428Z,macbook_m4,MacBook Pro (Apple M4 Max),26.5.2 (25F84),arm64,browser_wasm,Google Chrome 151.0.7922.76,passport_age_integrity,P1-matched-monolithic-RSA4096,092621d721cfef9ff39b0787f5ba2c1f07eb6d95,provekit_v1,noir,provekit-v1-whir-wasm-single-thread,@noir-lang/noir_js@1.0.0-beta.11,measured,4,ok,546.8349999189377,605.125,9289.44000005722,303.04499995708466,10441.40499997139,997.859375,961957,2310275,2279592,15006054,294402,input-to-proof-v1,9b2a6f37c67691eab4b0cec6c35e35c520e93285,"{""provekit"":""9b2a6f37c67691eab4b0cec6c35e35c520e93285"",""noir_js"":""1.0.0-beta.11""}","{""raw_evidence_sha256"":""8facca6a304d91bbf2c392b05ee408c3a82bb2a519a62725acf487707a2047c3""}",,"Matched P1 profile: monolithic RSA-4096 passport integrity, registry authorization, DG1 validity, and minimum-age assertion.",,,/Users/dcbuilder/Code/world/.worktrees/provekit-v1-cross-device-campaign/target/v1-benchmarks/input-to-proof/mac-chrome/passport_p1__mac_chrome__provekit_v1__warm_reuse.json,warm_reuse,10441.40499997139
input-to-proof-v1-20260807,passport_p1__mac_chrome__provekit_v1__warm_reuse-5,2026-08-07T16:37:23.428Z,macbook_m4,MacBook Pro (Apple M4 Max),26.5.2 (25F84),arm64,browser_wasm,Google Chrome 151.0.7922.76,passport_age_integrity,P1-matched-monolithic-RSA4096,092621d721cfef9ff39b0787f5ba2c1f07eb6d95,provekit_v1,noir,provekit-v1-whir-wasm-single-thread,@noir-lang/noir_js@1.0.0-beta.11,measured,5,ok,539.9700000286102,606.6100000143051,9303.079999923706,297.4300000667572,10449.659999966621,997.859375,960549,2310275,2279592,15006054,294402,input-to-proof-v1,9b2a6f37c67691eab4b0cec6c35e35c520e93285,"{""provekit"":""9b2a6f37c67691eab4b0cec6c35e35c520e93285"",""noir_js"":""1.0.0-beta.11""}","{""raw_evidence_sha256"":""8facca6a304d91bbf2c392b05ee408c3a82bb2a519a62725acf487707a2047c3""}",,"Matched P1 profile: monolithic RSA-4096 passport integrity, registry authorization, DG1 validity, and minimum-age assertion.",,,/Users/dcbuilder/Code/world/.worktrees/provekit-v1-cross-device-campaign/target/v1-benchmarks/input-to-proof/mac-chrome/passport_p1__mac_chrome__provekit_v1__warm_reuse.json,warm_reuse,10449.659999966621
input-to-proof-v1-20260807,passport_p1__mac_chrome__noir_barretenberg__cold_local-0,2026-08-07T16:43:43.806Z,macbook_m4,MacBook Pro (Apple M4 Max),26.5.2 (25F84),arm64,browser_wasm,Google Chrome 151.0.7922.76,passport_age_integrity,P1-matched-monolithic-RSA4096,092621d721cfef9ff39b0787f5ba2c1f07eb6d95,noir_barretenberg,noir,barretenberg-ultrahonk-wasm-single-thread,@noir-lang/noir_js@1.0.0-beta.19,warmup,0,ok,130146.235,531.335,10662.43,2734.97,141340,1142.296875,16000,74595035,74564360,74595035,,input-to-proof-v1,092621d721cfef9ff39b0787f5ba2c1f07eb6d95,"{""bb_js"":""4.2.0-aztecnr-rc.2"",""noir_js"":""1.0.0-beta.19""}","{""raw_evidence_sha256"":""23f1202ffe65bbe2e0d486f53f8f4a491a01d64edbe796f8816312b2dd977f79""}",,"Matched P1 profile: monolithic RSA-4096 passport integrity, registry authorization, DG1 validity, and minimum-age assertion.",,,/Users/dcbuilder/Code/world/.worktrees/provekit-v1-cross-device-campaign/target/v1-benchmarks/input-to-proof/mac-chrome/passport_p1__mac_chrome__noir_barretenberg__cold_local.json,cold_local,141340
input-to-proof-v1-20260807,passport_p1__mac_chrome__noir_barretenberg__cold_local-1,2026-08-07T16:43:43.806Z,macbook_m4,MacBook Pro (Apple M4 Max),26.5.2 (25F84),arm64,browser_wasm,Google Chrome 151.0.7922.76,passport_age_integrity,P1-matched-monolithic-RSA4096,092621d721cfef9ff39b0787f5ba2c1f07eb6d95,noir_barretenberg,noir,barretenberg-ultrahonk-wasm-single-thread,@noir-lang/noir_js@1.0.0-beta.19,measured,1,ok,15356.73,541.655,10643.84,2699.295,26542.225,1144.171875,16000,74595035,74564360,74595035,,input-to-proof-v1,092621d721cfef9ff39b0787f5ba2c1f07eb6d95,"{""bb_js"":""4.2.0-aztecnr-rc.2"",""noir_js"":""1.0.0-beta.19""}","{""raw_evidence_sha256"":""23f1202ffe65bbe2e0d486f53f8f4a491a01d64edbe796f8816312b2dd977f79""}",,"Matched P1 profile: monolithic RSA-4096 passport integrity, registry authorization, DG1 validity, and minimum-age assertion.",,,/Users/dcbuilder/Code/world/.worktrees/provekit-v1-cross-device-campaign/target/v1-benchmarks/input-to-proof/mac-chrome/passport_p1__mac_chrome__noir_barretenberg__cold_local.json,cold_local,26542.225
input-to-proof-v1-20260807,passport_p1__mac_chrome__noir_barretenberg__cold_local-2,2026-08-07T16:43:43.806Z,macbook_m4,MacBook Pro (Apple M4 Max),26.5.2 (25F84),arm64,browser_wasm,Google Chrome 151.0.7922.76,passport_age_integrity,P1-matched-monolithic-RSA4096,092621d721cfef9ff39b0787f5ba2c1f07eb6d95,noir_barretenberg,noir,barretenberg-ultrahonk-wasm-single-thread,@noir-lang/noir_js@1.0.0-beta.19,measured,2,ok,15369.985,530.425,10631.695,2697.45,26532.105,1143.75,16000,74595035,74564360,74595035,,input-to-proof-v1,092621d721cfef9ff39b0787f5ba2c1f07eb6d95,"{""bb_js"":""4.2.0-aztecnr-rc.2"",""noir_js"":""1.0.0-beta.19""}","{""raw_evidence_sha256"":""23f1202ffe65bbe2e0d486f53f8f4a491a01d64edbe796f8816312b2dd977f79""}",,"Matched P1 profile: monolithic RSA-4096 passport integrity, registry authorization, DG1 validity, and minimum-age assertion.",,,/Users/dcbuilder/Code/world/.worktrees/provekit-v1-cross-device-campaign/target/v1-benchmarks/input-to-proof/mac-chrome/passport_p1__mac_chrome__noir_barretenberg__cold_local.json,cold_local,26532.105
input-to-proof-v1-20260807,passport_p1__mac_chrome__noir_barretenberg__cold_local-3,2026-08-07T16:43:43.806Z,macbook_m4,MacBook Pro (Apple M4 Max),26.5.2 (25F84),arm64,browser_wasm,Google Chrome 151.0.7922.76,passport_age_integrity,P1-matched-monolithic-RSA4096,092621d721cfef9ff39b0787f5ba2c1f07eb6d95,noir_barretenberg,noir,barretenberg-ultrahonk-wasm-single-thread,@noir-lang/noir_js@1.0.0-beta.19,measured,3,ok,15291.88,533.825,10712.03,2729.52,26537.735,1143.703125,16000,74595035,74564360,74595035,,input-to-proof-v1,092621d721cfef9ff39b0787f5ba2c1f07eb6d95,"{""bb_js"":""4.2.0-aztecnr-rc.2"",""noir_js"":""1.0.0-beta.19""}","{""raw_evidence_sha256"":""23f1202ffe65bbe2e0d486f53f8f4a491a01d64edbe796f8816312b2dd977f79""}",,"Matched P1 profile: monolithic RSA-4096 passport integrity, registry authorization, DG1 validity, and minimum-age assertion.",,,/Users/dcbuilder/Code/world/.worktrees/provekit-v1-cross-device-campaign/target/v1-benchmarks/input-to-proof/mac-chrome/passport_p1__mac_chrome__noir_barretenberg__cold_local.json,cold_local,26537.735
input-to-proof-v1-20260807,passport_p1__mac_chrome__noir_barretenberg__cold_local-4,2026-08-07T16:43:43.806Z,macbook_m4,MacBook Pro (Apple M4 Max),26.5.2 (25F84),arm64,browser_wasm,Google Chrome 151.0.7922.76,passport_age_integrity,P1-matched-monolithic-RSA4096,092621d721cfef9ff39b0787f5ba2c1f07eb6d95,noir_barretenberg,noir,barretenberg-ultrahonk-wasm-single-thread,@noir-lang/noir_js@1.0.0-beta.19,measured,4,ok,15282.485,534.16,10637.615,2715.605,26454.26,1143.625,16000,74595035,74564360,74595035,,input-to-proof-v1,092621d721cfef9ff39b0787f5ba2c1f07eb6d95,"{""bb_js"":""4.2.0-aztecnr-rc.2"",""noir_js"":""1.0.0-beta.19""}","{""raw_evidence_sha256"":""23f1202ffe65bbe2e0d486f53f8f4a491a01d64edbe796f8816312b2dd977f79""}",,"Matched P1 profile: monolithic RSA-4096 passport integrity, registry authorization, DG1 validity, and minimum-age assertion.",,,/Users/dcbuilder/Code/world/.worktrees/provekit-v1-cross-device-campaign/target/v1-benchmarks/input-to-proof/mac-chrome/passport_p1__mac_chrome__noir_barretenberg__cold_local.json,cold_local,26454.26
input-to-proof-v1-20260807,passport_p1__mac_chrome__noir_barretenberg__cold_local-5,2026-08-07T16:43:43.806Z,macbook_m4,MacBook Pro (Apple M4 Max),26.5.2 (25F84),arm64,browser_wasm,Google Chrome 151.0.7922.76,passport_age_integrity,P1-matched-monolithic-RSA4096,092621d721cfef9ff39b0787f5ba2c1f07eb6d95,noir_barretenberg,noir,barretenberg-ultrahonk-wasm-single-thread,@noir-lang/noir_js@1.0.0-beta.19,measured,5,ok,15423.19,524.665,10641.91,2712.075,26589.765,1146.0625,16000,74595035,74564360,74595035,,input-to-proof-v1,092621d721cfef9ff39b0787f5ba2c1f07eb6d95,"{""bb_js"":""4.2.0-aztecnr-rc.2"",""noir_js"":""1.0.0-beta.19""}","{""raw_evidence_sha256"":""23f1202ffe65bbe2e0d486f53f8f4a491a01d64edbe796f8816312b2dd977f79""}",,"Matched P1 profile: monolithic RSA-4096 passport integrity, registry authorization, DG1 validity, and minimum-age assertion.",,,/Users/dcbuilder/Code/world/.worktrees/provekit-v1-cross-device-campaign/target/v1-benchmarks/input-to-proof/mac-chrome/passport_p1__mac_chrome__noir_barretenberg__cold_local.json,cold_local,26589.765
input-to-proof-v1-20260807,passport_p1__mac_chrome__noir_barretenberg__warm_reuse-0,2026-08-07T16:45:22.018Z,macbook_m4,MacBook Pro (Apple M4 Max),26.5.2 (25F84),arm64,browser_wasm,Google Chrome 151.0.7922.76,passport_age_integrity,P1-matched-monolithic-RSA4096,092621d721cfef9ff39b0787f5ba2c1f07eb6d95,noir_barretenberg,noir,barretenberg-ultrahonk-wasm-single-thread,@noir-lang/noir_js@1.0.0-beta.19,warmup,0,ok,0,430.995,10472.015,0,10903.03,1232.375,16000,74595035,74564360,74595035,,input-to-proof-v1,092621d721cfef9ff39b0787f5ba2c1f07eb6d95,"{""bb_js"":""4.2.0-aztecnr-rc.2"",""noir_js"":""1.0.0-beta.19""}","{""raw_evidence_sha256"":""cb52cc691f1efdbf276ca4f1f1c7fac1ea100f37ec3633d84b23e6597523ad3b""}",,"Matched P1 profile: monolithic RSA-4096 passport integrity, registry authorization, DG1 validity, and minimum-age assertion.",,,/Users/dcbuilder/Code/world/.worktrees/provekit-v1-cross-device-campaign/target/v1-benchmarks/input-to-proof/mac-chrome/passport_p1__mac_chrome__noir_barretenberg__warm_reuse.json,warm_reuse,10903.03
input-to-proof-v1-20260807,passport_p1__mac_chrome__noir_barretenberg__warm_reuse-1,2026-08-07T16:45:22.018Z,macbook_m4,MacBook Pro (Apple M4 Max),26.5.2 (25F84),arm64,browser_wasm,Google Chrome 151.0.7922.76,passport_age_integrity,P1-matched-monolithic-RSA4096,092621d721cfef9ff39b0787f5ba2c1f07eb6d95,noir_barretenberg,noir,barretenberg-ultrahonk-wasm-single-thread,@noir-lang/noir_js@1.0.0-beta.19,measured,1,ok,0,428.515,10444.685,0,10873.22,1232.375,16000,74595035,74564360,74595035,,input-to-proof-v1,092621d721cfef9ff39b0787f5ba2c1f07eb6d95,"{""bb_js"":""4.2.0-aztecnr-rc.2"",""noir_js"":""1.0.0-beta.19""}","{""raw_evidence_sha256"":""cb52cc691f1efdbf276ca4f1f1c7fac1ea100f37ec3633d84b23e6597523ad3b""}",,"Matched P1 profile: monolithic RSA-4096 passport integrity, registry authorization, DG1 validity, and minimum-age assertion.",,,/Users/dcbuilder/Code/world/.worktrees/provekit-v1-cross-device-campaign/target/v1-benchmarks/input-to-proof/mac-chrome/passport_p1__mac_chrome__noir_barretenberg__warm_reuse.json,warm_reuse,10873.22
input-to-proof-v1-20260807,passport_p1__mac_chrome__noir_barretenberg__warm_reuse-2,2026-08-07T16:45:22.018Z,macbook_m4,MacBook Pro (Apple M4 Max),26.5.2 (25F84),arm64,browser_wasm,Google Chrome 151.0.7922.76,passport_age_integrity,P1-matched-monolithic-RSA4096,092621d721cfef9ff39b0787f5ba2c1f07eb6d95,noir_barretenberg,noir,barretenberg-ultrahonk-wasm-single-thread,@noir-lang/noir_js@1.0.0-beta.19,measured,2,ok,0,429.665,10436.49,0,10866.175,1232.375,16000,74595035,74564360,74595035,,input-to-proof-v1,092621d721cfef9ff39b0787f5ba2c1f07eb6d95,"{""bb_js"":""4.2.0-aztecnr-rc.2"",""noir_js"":""1.0.0-beta.19""}","{""raw_evidence_sha256"":""cb52cc691f1efdbf276ca4f1f1c7fac1ea100f37ec3633d84b23e6597523ad3b""}",,"Matched P1 profile: monolithic RSA-4096 passport integrity, registry authorization, DG1 validity, and minimum-age assertion.",,,/Users/dcbuilder/Code/world/.worktrees/provekit-v1-cross-device-campaign/target/v1-benchmarks/input-to-proof/mac-chrome/passport_p1__mac_chrome__noir_barretenberg__warm_reuse.json,warm_reuse,10866.175
input-to-proof-v1-20260807,passport_p1__mac_chrome__noir_barretenberg__warm_reuse-3,2026-08-07T16:45:22.018Z,macbook_m4,MacBook Pro (Apple M4 Max),26.5.2 (25F84),arm64,browser_wasm,Google Chrome 151.0.7922.76,passport_age_integrity,P1-matched-monolithic-RSA4096,092621d721cfef9ff39b0787f5ba2c1f07eb6d95,noir_barretenberg,noir,barretenberg-ultrahonk-wasm-single-thread,@noir-lang/noir_js@1.0.0-beta.19,measured,3,ok,0,430.2,10420.61,0,10850.975,1232.375,16000,74595035,74564360,74595035,,input-to-proof-v1,092621d721cfef9ff39b0787f5ba2c1f07eb6d95,"{""bb_js"":""4.2.0-aztecnr-rc.2"",""noir_js"":""1.0.0-beta.19""}","{""raw_evidence_sha256"":""cb52cc691f1efdbf276ca4f1f1c7fac1ea100f37ec3633d84b23e6597523ad3b""}",,"Matched P1 profile: monolithic RSA-4096 passport integrity, registry authorization, DG1 validity, and minimum-age assertion.",,,/Users/dcbuilder/Code/world/.worktrees/provekit-v1-cross-device-campaign/target/v1-benchmarks/input-to-proof/mac-chrome/passport_p1__mac_chrome__noir_barretenberg__warm_reuse.json,warm_reuse,10850.975
input-to-proof-v1-20260807,passport_p1__mac_chrome__noir_barretenberg__warm_reuse-4,2026-08-07T16:45:22.018Z,macbook_m4,MacBook Pro (Apple M4 Max),26.5.2 (25F84),arm64,browser_wasm,Google Chrome 151.0.7922.76,passport_age_integrity,P1-matched-monolithic-RSA4096,092621d721cfef9ff39b0787f5ba2c1f07eb6d95,noir_barretenberg,noir,barretenberg-ultrahonk-wasm-single-thread,@noir-lang/noir_js@1.0.0-beta.19,measured,4,ok,0,442.2,10480.235,0,10922.6,1232.375,16000,74595035,74564360,74595035,,input-to-proof-v1,092621d721cfef9ff39b0787f5ba2c1f07eb6d95,"{""bb_js"":""4.2.0-aztecnr-rc.2"",""noir_js"":""1.0.0-beta.19""}","{""raw_evidence_sha256"":""cb52cc691f1efdbf276ca4f1f1c7fac1ea100f37ec3633d84b23e6597523ad3b""}",,"Matched P1 profile: monolithic RSA-4096 passport integrity, registry authorization, DG1 validity, and minimum-age assertion.",,,/Users/dcbuilder/Code/world/.worktrees/provekit-v1-cross-device-campaign/target/v1-benchmarks/input-to-proof/mac-chrome/passport_p1__mac_chrome__noir_barretenberg__warm_reuse.json,warm_reuse,10922.6
input-to-proof-v1-20260807,passport_p1__mac_chrome__noir_barretenberg__warm_reuse-5,2026-08-07T16:45:22.018Z,macbook_m4,MacBook Pro (Apple M4 Max),26.5.2 (25F84),arm64,browser_wasm,Google Chrome 151.0.7922.76,passport_age_integrity,P1-matched-monolithic-RSA4096,092621d721cfef9ff39b0787f5ba2c1f07eb6d95,noir_barretenberg,noir,barretenberg-ultrahonk-wasm-single-thread,@noir-lang/noir_js@1.0.0-beta.19,measured,5,ok,0,432.755,10424.655,0,10857.595,1232.375,16000,74595035,74564360,74595035,,input-to-proof-v1,092621d721cfef9ff39b0787f5ba2c1f07eb6d95,"{""bb_js"":""4.2.0-aztecnr-rc.2"",""noir_js"":""1.0.0-beta.19""}","{""raw_evidence_sha256"":""cb52cc691f1efdbf276ca4f1f1c7fac1ea100f37ec3633d84b23e6597523ad3b""}",,"Matched P1 profile: monolithic RSA-4096 passport integrity, registry authorization, DG1 validity, and minimum-age assertion.",,,/Users/dcbuilder/Code/world/.worktrees/provekit-v1-cross-device-campaign/target/v1-benchmarks/input-to-proof/mac-chrome/passport_p1__mac_chrome__noir_barretenberg__warm_reuse.json,warm_reuse,10857.595
input-to-proof-v1-20260807,passport_p1__mac_chrome__circom_groth16__cold_local-0,2026-08-07T16:49:43.182Z,macbook_m4,MacBook Pro (Apple M4 Max),26.5.2 (25F84),arm64,browser_wasm,Google Chrome 151.0.7922.76,passport_age_integrity,P1-matched-monolithic-RSA4096,092621d721cfef9ff39b0787f5ba2c1f07eb6d95,circom_groth16,circom,snarkjs-groth16-browser-wasm-single-thread,circom-witness-wasm,warmup,0,ok,2.4,3933.5,38435.9,56.6,42371.8,6017.609375,725,508332927,498212512,508332927,,input-to-proof-v1,092621d721cfef9ff39b0787f5ba2c1f07eb6d95,"{""circom"":""2.2.2"",""snarkjs"":""0.7.6""}","{""raw_evidence_sha256"":""d1f5c41bc9612e31b4c0158a96542901e6fbe6c2fdf08f00d0900ad5897b8a99""}",,"Matched P1 profile: monolithic RSA-4096 passport integrity, registry authorization, DG1 validity, and minimum-age assertion.",,,/Users/dcbuilder/Code/world/.worktrees/provekit-v1-cross-device-campaign/target/v1-benchmarks/input-to-proof/mac-chrome/passport_p1__mac_chrome__circom_groth16__cold_local.json,cold_local,42371.8
input-to-proof-v1-20260807,passport_p1__mac_chrome__circom_groth16__cold_local-1,2026-08-07T16:49:43.182Z,macbook_m4,MacBook Pro (Apple M4 Max),26.5.2 (25F84),arm64,browser_wasm,Google Chrome 151.0.7922.76,passport_age_integrity,P1-matched-monolithic-RSA4096,092621d721cfef9ff39b0787f5ba2c1f07eb6d95,circom_groth16,circom,snarkjs-groth16-browser-wasm-single-thread,circom-witness-wasm,measured,1,ok,3.4,3944.3,38526,58.9,42473.7,6020.484375,726,508332927,498212512,508332927,,input-to-proof-v1,092621d721cfef9ff39b0787f5ba2c1f07eb6d95,"{""circom"":""2.2.2"",""snarkjs"":""0.7.6""}","{""raw_evidence_sha256"":""d1f5c41bc9612e31b4c0158a96542901e6fbe6c2fdf08f00d0900ad5897b8a99""}",,"Matched P1 profile: monolithic RSA-4096 passport integrity, registry authorization, DG1 validity, and minimum-age assertion.",,,/Users/dcbuilder/Code/world/.worktrees/provekit-v1-cross-device-campaign/target/v1-benchmarks/input-to-proof/mac-chrome/passport_p1__mac_chrome__circom_groth16__cold_local.json,cold_local,42473.7
input-to-proof-v1-20260807,passport_p1__mac_chrome__circom_groth16__cold_local-2,2026-08-07T16:49:43.182Z,macbook_m4,MacBook Pro (Apple M4 Max),26.5.2 (25F84),arm64,browser_wasm,Google Chrome 151.0.7922.76,passport_age_integrity,P1-matched-monolithic-RSA4096,092621d721cfef9ff39b0787f5ba2c1f07eb6d95,circom_groth16,circom,snarkjs-groth16-browser-wasm-single-thread,circom-witness-wasm,measured,2,ok,2.2,3913.5,38411.6,56.5,42327.3,6018.375,725,508332927,498212512,508332927,,input-to-proof-v1,092621d721cfef9ff39b0787f5ba2c1f07eb6d95,"{""circom"":""2.2.2"",""snarkjs"":""0.7.6""}","{""raw_evidence_sha256"":""d1f5c41bc9612e31b4c0158a96542901e6fbe6c2fdf08f00d0900ad5897b8a99""}",,"Matched P1 profile: monolithic RSA-4096 passport integrity, registry authorization, DG1 validity, and minimum-age assertion.",,,/Users/dcbuilder/Code/world/.worktrees/provekit-v1-cross-device-campaign/target/v1-benchmarks/input-to-proof/mac-chrome/passport_p1__mac_chrome__circom_groth16__cold_local.json,cold_local,42327.3
input-to-proof-v1-20260807,passport_p1__mac_chrome__circom_groth16__cold_local-3,2026-08-07T16:49:43.182Z,macbook_m4,MacBook Pro (Apple M4 Max),26.5.2 (25F84),arm64,browser_wasm,Google Chrome 151.0.7922.76,passport_age_integrity,P1-matched-monolithic-RSA4096,092621d721cfef9ff39b0787f5ba2c1f07eb6d95,circom_groth16,circom,snarkjs-groth16-browser-wasm-single-thread,circom-witness-wasm,measured,3,ok,2.4,3906.7,38487.8,55.9,42396.9,6019.09375,722,508332927,498212512,508332927,,input-to-proof-v1,092621d721cfef9ff39b0787f5ba2c1f07eb6d95,"{""circom"":""2.2.2"",""snarkjs"":""0.7.6""}","{""raw_evidence_sha256"":""d1f5c41bc9612e31b4c0158a96542901e6fbe6c2fdf08f00d0900ad5897b8a99""}",,"Matched P1 profile: monolithic RSA-4096 passport integrity, registry authorization, DG1 validity, and minimum-age assertion.",,,/Users/dcbuilder/Code/world/.worktrees/provekit-v1-cross-device-campaign/target/v1-benchmarks/input-to-proof/mac-chrome/passport_p1__mac_chrome__circom_groth16__cold_local.json,cold_local,42396.9
input-to-proof-v1-20260807,passport_p1__mac_chrome__circom_groth16__cold_local-4,2026-08-07T16:49:43.182Z,macbook_m4,MacBook Pro (Apple M4 Max),26.5.2 (25F84),arm64,browser_wasm,Google Chrome 151.0.7922.76,passport_age_integrity,P1-matched-monolithic-RSA4096,092621d721cfef9ff39b0787f5ba2c1f07eb6d95,circom_groth16,circom,snarkjs-groth16-browser-wasm-single-thread,circom-witness-wasm,measured,4,ok,2.8,3937.7,38445.8,55.9,42386.3,6017.84375,723,508332927,498212512,508332927,,input-to-proof-v1,092621d721cfef9ff39b0787f5ba2c1f07eb6d95,"{""circom"":""2.2.2"",""snarkjs"":""0.7.6""}","{""raw_evidence_sha256"":""d1f5c41bc9612e31b4c0158a96542901e6fbe6c2fdf08f00d0900ad5897b8a99""}",,"Matched P1 profile: monolithic RSA-4096 passport integrity, registry authorization, DG1 validity, and minimum-age assertion.",,,/Users/dcbuilder/Code/world/.worktrees/provekit-v1-cross-device-campaign/target/v1-benchmarks/input-to-proof/mac-chrome/passport_p1__mac_chrome__circom_groth16__cold_local.json,cold_local,42386.3
input-to-proof-v1-20260807,passport_p1__mac_chrome__circom_groth16__cold_local-5,2026-08-07T16:49:43.182Z,macbook_m4,MacBook Pro (Apple M4 Max),26.5.2 (25F84),arm64,browser_wasm,Google Chrome 151.0.7922.76,passport_age_integrity,P1-matched-monolithic-RSA4096,092621d721cfef9ff39b0787f5ba2c1f07eb6d95,circom_groth16,circom,snarkjs-groth16-browser-wasm-single-thread,circom-witness-wasm,measured,5,ok,2.7,3928.9,38528.6,55.6,42460.2,6019.8125,722,508332927,498212512,508332927,,input-to-proof-v1,092621d721cfef9ff39b0787f5ba2c1f07eb6d95,"{""circom"":""2.2.2"",""snarkjs"":""0.7.6""}","{""raw_evidence_sha256"":""d1f5c41bc9612e31b4c0158a96542901e6fbe6c2fdf08f00d0900ad5897b8a99""}",,"Matched P1 profile: monolithic RSA-4096 passport integrity, registry authorization, DG1 validity, and minimum-age assertion.",,,/Users/dcbuilder/Code/world/.worktrees/provekit-v1-cross-device-campaign/target/v1-benchmarks/input-to-proof/mac-chrome/passport_p1__mac_chrome__circom_groth16__cold_local.json,cold_local,42460.2
input-to-proof-v1-20260807,passport_p1__mac_chrome__circom_groth16__warm_reuse-0,2026-08-07T16:56:29.340Z,macbook_m4,MacBook Pro (Apple M4 Max),26.5.2 (25F84),arm64,browser_wasm,Google Chrome 151.0.7922.76,passport_age_integrity,P1-matched-monolithic-RSA4096,092621d721cfef9ff39b0787f5ba2c1f07eb6d95,circom_groth16,circom,snarkjs-groth16-browser-wasm-single-thread,circom-witness-wasm,warmup,0,ok,0,3916.7,38416.5,53.7,42333.2,6224.875,724,508332927,498212512,508332927,,input-to-proof-v1,092621d721cfef9ff39b0787f5ba2c1f07eb6d95,"{""circom"":""2.2.2"",""snarkjs"":""0.7.6""}","{""raw_evidence_sha256"":""a98e306ffa800420536289012fd0695e7bafc168a186c2dc7ae162b7da4aa508""}",,"Matched P1 profile: monolithic RSA-4096 passport integrity, registry authorization, DG1 validity, and minimum-age assertion.",,,/Users/dcbuilder/Code/world/.worktrees/provekit-v1-cross-device-campaign/target/v1-benchmarks/input-to-proof/mac-chrome/passport_p1__mac_chrome__circom_groth16__warm_reuse.json,warm_reuse,42333.2
input-to-proof-v1-20260807,passport_p1__mac_chrome__circom_groth16__warm_reuse-1,2026-08-07T16:56:29.340Z,macbook_m4,MacBook Pro (Apple M4 Max),26.5.2 (25F84),arm64,browser_wasm,Google Chrome 151.0.7922.76,passport_age_integrity,P1-matched-monolithic-RSA4096,092621d721cfef9ff39b0787f5ba2c1f07eb6d95,circom_groth16,circom,snarkjs-groth16-browser-wasm-single-thread,circom-witness-wasm,measured,1,ok,0,3925,38545.5,6.1,42470.7,6224.875,720,508332927,498212512,508332927,,input-to-proof-v1,092621d721cfef9ff39b0787f5ba2c1f07eb6d95,"{""circom"":""2.2.2"",""snarkjs"":""0.7.6""}","{""raw_evidence_sha256"":""a98e306ffa800420536289012fd0695e7bafc168a186c2dc7ae162b7da4aa508""}",,"Matched P1 profile: monolithic RSA-4096 passport integrity, registry authorization, DG1 validity, and minimum-age assertion.",,,/Users/dcbuilder/Code/world/.worktrees/provekit-v1-cross-device-campaign/target/v1-benchmarks/input-to-proof/mac-chrome/passport_p1__mac_chrome__circom_groth16__warm_reuse.json,warm_reuse,42470.7
input-to-proof-v1-20260807,passport_p1__mac_chrome__circom_groth16__warm_reuse-2,2026-08-07T16:56:29.340Z,macbook_m4,MacBook Pro (Apple M4 Max),26.5.2 (25F84),arm64,browser_wasm,Google Chrome 151.0.7922.76,passport_age_integrity,P1-matched-monolithic-RSA4096,092621d721cfef9ff39b0787f5ba2c1f07eb6d95,circom_groth16,circom,snarkjs-groth16-browser-wasm-single-thread,circom-witness-wasm,measured,2,ok,0,3922.4,38603.5,6.1,42526.1,6224.875,724,508332927,498212512,508332927,,input-to-proof-v1,092621d721cfef9ff39b0787f5ba2c1f07eb6d95,"{""circom"":""2.2.2"",""snarkjs"":""0.7.6""}","{""raw_evidence_sha256"":""a98e306ffa800420536289012fd0695e7bafc168a186c2dc7ae162b7da4aa508""}",,"Matched P1 profile: monolithic RSA-4096 passport integrity, registry authorization, DG1 validity, and minimum-age assertion.",,,/Users/dcbuilder/Code/world/.worktrees/provekit-v1-cross-device-campaign/target/v1-benchmarks/input-to-proof/mac-chrome/passport_p1__mac_chrome__circom_groth16__warm_reuse.json,warm_reuse,42526.1
input-to-proof-v1-20260807,passport_p1__mac_chrome__circom_groth16__warm_reuse-3,2026-08-07T16:56:29.340Z,macbook_m4,MacBook Pro (Apple M4 Max),26.5.2 (25F84),arm64,browser_wasm,Google Chrome 151.0.7922.76,passport_age_integrity,P1-matched-monolithic-RSA4096,092621d721cfef9ff39b0787f5ba2c1f07eb6d95,circom_groth16,circom,snarkjs-groth16-browser-wasm-single-thread,circom-witness-wasm,measured,3,ok,0,3913.1,38405.1,5.9,42318.4,6224.875,724,508332927,498212512,508332927,,input-to-proof-v1,092621d721cfef9ff39b0787f5ba2c1f07eb6d95,"{""circom"":""2.2.2"",""snarkjs"":""0.7.6""}","{""raw_evidence_sha256"":""a98e306ffa800420536289012fd0695e7bafc168a186c2dc7ae162b7da4aa508""}",,"Matched P1 profile: monolithic RSA-4096 passport integrity, registry authorization, DG1 validity, and minimum-age assertion.",,,/Users/dcbuilder/Code/world/.worktrees/provekit-v1-cross-device-campaign/target/v1-benchmarks/input-to-proof/mac-chrome/passport_p1__mac_chrome__circom_groth16__warm_reuse.json,warm_reuse,42318.4
input-to-proof-v1-20260807,passport_p1__mac_chrome__circom_groth16__warm_reuse-4,2026-08-07T16:56:29.340Z,macbook_m4,MacBook Pro (Apple M4 Max),26.5.2 (25F84),arm64,browser_wasm,Google Chrome 151.0.7922.76,passport_age_integrity,P1-matched-monolithic-RSA4096,092621d721cfef9ff39b0787f5ba2c1f07eb6d95,circom_groth16,circom,snarkjs-groth16-browser-wasm-single-thread,circom-witness-wasm,measured,4,ok,0,3925.8,38443.5,5.8,42369.4,6224.875,723,508332927,498212512,508332927,,input-to-proof-v1,092621d721cfef9ff39b0787f5ba2c1f07eb6d95,"{""circom"":""2.2.2"",""snarkjs"":""0.7.6""}","{""raw_evidence_sha256"":""a98e306ffa800420536289012fd0695e7bafc168a186c2dc7ae162b7da4aa508""}",,"Matched P1 profile: monolithic RSA-4096 passport integrity, registry authorization, DG1 validity, and minimum-age assertion.",,,/Users/dcbuilder/Code/world/.worktrees/provekit-v1-cross-device-campaign/target/v1-benchmarks/input-to-proof/mac-chrome/passport_p1__mac_chrome__circom_groth16__warm_reuse.json,warm_reuse,42369.4
input-to-proof-v1-20260807,passport_p1__mac_chrome__circom_groth16__warm_reuse-5,2026-08-07T16:56:29.340Z,macbook_m4,MacBook Pro (Apple M4 Max),26.5.2 (25F84),arm64,browser_wasm,Google Chrome 151.0.7922.76,passport_age_integrity,P1-matched-monolithic-RSA4096,092621d721cfef9ff39b0787f5ba2c1f07eb6d95,circom_groth16,circom,snarkjs-groth16-browser-wasm-single-thread,circom-witness-wasm,measured,5,ok,0,3948,38359.2,6.4,42307.2,6224.875,724,508332927,498212512,508332927,,input-to-proof-v1,092621d721cfef9ff39b0787f5ba2c1f07eb6d95,"{""circom"":""2.2.2"",""snarkjs"":""0.7.6""}","{""raw_evidence_sha256"":""a98e306ffa800420536289012fd0695e7bafc168a186c2dc7ae162b7da4aa508""}",,"Matched P1 profile: monolithic RSA-4096 passport integrity, registry authorization, DG1 validity, and minimum-age assertion.",,,/Users/dcbuilder/Code/world/.worktrees/provekit-v1-cross-device-campaign/target/v1-benchmarks/input-to-proof/mac-chrome/passport_p1__mac_chrome__circom_groth16__warm_reuse.json,warm_reuse,42307.2
input-to-proof-v1-20260807,oprf_o2__mac_chrome__provekit_v1__cold_local-0,2026-08-07T16:56:58.737Z,macbook_m4,MacBook Pro (Apple M4 Max),26.5.2 (25F84),arm64,browser_wasm,Google Chrome 151.0.7922.76,oprf_nullifier,O2-world-id-nullifier,85aeeef539961cae5a63de794997b507a5975717,provekit_v1,noir,provekit-v1-whir-wasm-single-thread,@noir-lang/noir_js@1.0.0-beta.11,warmup,0,ok,1081.2050000429153,1377.9449999332428,1383.7549999952316,136.7300000190735,3842.9049999713898,557.578125,846754,1644635,1638340,11872918,95921,input-to-proof-v1,9b2a6f37c67691eab4b0cec6c35e35c520e93285,"{""provekit"":""9b2a6f37c67691eab4b0cec6c35e35c520e93285"",""noir_js"":""1.0.0-beta.11""}","{""raw_evidence_sha256"":""1185f3511060b1318589d0309060fcf255cfb93f291e1df41be93c5b05b10f0b""}",,"Matched O2 profile: World ID nullifier statement and frozen semantic inputs, including the same public nullifier.",,,/Users/dcbuilder/Code/world/.worktrees/provekit-v1-cross-device-campaign/target/v1-benchmarks/input-to-proof/mac-chrome/oprf_o2__mac_chrome__provekit_v1__cold_local.json,cold_local,3842.9049999713898
input-to-proof-v1-20260807,oprf_o2__mac_chrome__provekit_v1__cold_local-1,2026-08-07T16:56:58.737Z,macbook_m4,MacBook Pro (Apple M4 Max),26.5.2 (25F84),arm64,browser_wasm,Google Chrome 151.0.7922.76,oprf_nullifier,O2-world-id-nullifier,85aeeef539961cae5a63de794997b507a5975717,provekit_v1,noir,provekit-v1-whir-wasm-single-thread,@noir-lang/noir_js@1.0.0-beta.11,measured,1,ok,1071.0149999856949,1374.7299998998642,1408.9000000953674,137.2699999809265,3854.6449999809265,559.078125,846926,1644635,1638340,11872918,95921,input-to-proof-v1,9b2a6f37c67691eab4b0cec6c35e35c520e93285,"{""provekit"":""9b2a6f37c67691eab4b0cec6c35e35c520e93285"",""noir_js"":""1.0.0-beta.11""}","{""raw_evidence_sha256"":""1185f3511060b1318589d0309060fcf255cfb93f291e1df41be93c5b05b10f0b""}",,"Matched O2 profile: World ID nullifier statement and frozen semantic inputs, including the same public nullifier.",,,/Users/dcbuilder/Code/world/.worktrees/provekit-v1-cross-device-campaign/target/v1-benchmarks/input-to-proof/mac-chrome/oprf_o2__mac_chrome__provekit_v1__cold_local.json,cold_local,3854.6449999809265
input-to-proof-v1-20260807,oprf_o2__mac_chrome__provekit_v1__cold_local-2,2026-08-07T16:56:58.737Z,macbook_m4,MacBook Pro (Apple M4 Max),26.5.2 (25F84),arm64,browser_wasm,Google Chrome 151.0.7922.76,oprf_nullifier,O2-world-id-nullifier,85aeeef539961cae5a63de794997b507a5975717,provekit_v1,noir,provekit-v1-whir-wasm-single-thread,@noir-lang/noir_js@1.0.0-beta.11,measured,2,ok,1091.1100000143051,1396.8249999284744,1396.9750000238419,136.1950000524521,3884.9099999666214,558.40625,846454,1644635,1638340,11872918,95921,input-to-proof-v1,9b2a6f37c67691eab4b0cec6c35e35c520e93285,"{""provekit"":""9b2a6f37c67691eab4b0cec6c35e35c520e93285"",""noir_js"":""1.0.0-beta.11""}","{""raw_evidence_sha256"":""1185f3511060b1318589d0309060fcf255cfb93f291e1df41be93c5b05b10f0b""}",,"Matched O2 profile: World ID nullifier statement and frozen semantic inputs, including the same public nullifier.",,,/Users/dcbuilder/Code/world/.worktrees/provekit-v1-cross-device-campaign/target/v1-benchmarks/input-to-proof/mac-chrome/oprf_o2__mac_chrome__provekit_v1__cold_local.json,cold_local,3884.9099999666214
input-to-proof-v1-20260807,oprf_o2__mac_chrome__provekit_v1__cold_local-3,2026-08-07T16:56:58.737Z,macbook_m4,MacBook Pro (Apple M4 Max),26.5.2 (25F84),arm64,browser_wasm,Google Chrome 151.0.7922.76,oprf_nullifier,O2-world-id-nullifier,85aeeef539961cae5a63de794997b507a5975717,provekit_v1,noir,provekit-v1-whir-wasm-single-thread,@noir-lang/noir_js@1.0.0-beta.11,measured,3,ok,1064.5049999952316,1381.5299999713898,1397.1900000572205,142.07499992847443,3843.225000023842,560.703125,845858,1644635,1638340,11872918,95921,input-to-proof-v1,9b2a6f37c67691eab4b0cec6c35e35c520e93285,"{""provekit"":""9b2a6f37c67691eab4b0cec6c35e35c520e93285"",""noir_js"":""1.0.0-beta.11""}","{""raw_evidence_sha256"":""1185f3511060b1318589d0309060fcf255cfb93f291e1df41be93c5b05b10f0b""}",,"Matched O2 profile: World ID nullifier statement and frozen semantic inputs, including the same public nullifier.",,,/Users/dcbuilder/Code/world/.worktrees/provekit-v1-cross-device-campaign/target/v1-benchmarks/input-to-proof/mac-chrome/oprf_o2__mac_chrome__provekit_v1__cold_local.json,cold_local,3843.225000023842
input-to-proof-v1-20260807,oprf_o2__mac_chrome__provekit_v1__cold_local-4,2026-08-07T16:56:58.737Z,macbook_m4,MacBook Pro (Apple M4 Max),26.5.2 (25F84),arm64,browser_wasm,Google Chrome 151.0.7922.76,oprf_nullifier,O2-world-id-nullifier,85aeeef539961cae5a63de794997b507a5975717,provekit_v1,noir,provekit-v1-whir-wasm-single-thread,@noir-lang/noir_js@1.0.0-beta.11,measured,4,ok,1116.7000000476837,1380.829999923706,1398.8300000429153,136.16999995708466,3896.360000014305,559.84375,842958,1644635,1638340,11872918,95921,input-to-proof-v1,9b2a6f37c67691eab4b0cec6c35e35c520e93285,"{""provekit"":""9b2a6f37c67691eab4b0cec6c35e35c520e93285"",""noir_js"":""1.0.0-beta.11""}","{""raw_evidence_sha256"":""1185f3511060b1318589d0309060fcf255cfb93f291e1df41be93c5b05b10f0b""}",,"Matched O2 profile: World ID nullifier statement and frozen semantic inputs, including the same public nullifier.",,,/Users/dcbuilder/Code/world/.worktrees/provekit-v1-cross-device-campaign/target/v1-benchmarks/input-to-proof/mac-chrome/oprf_o2__mac_chrome__provekit_v1__cold_local.json,cold_local,3896.360000014305
input-to-proof-v1-20260807,oprf_o2__mac_chrome__provekit_v1__cold_local-5,2026-08-07T16:56:58.737Z,macbook_m4,MacBook Pro (Apple M4 Max),26.5.2 (25F84),arm64,browser_wasm,Google Chrome 151.0.7922.76,oprf_nullifier,O2-world-id-nullifier,85aeeef539961cae5a63de794997b507a5975717,provekit_v1,noir,provekit-v1-whir-wasm-single-thread,@noir-lang/noir_js@1.0.0-beta.11,measured,5,ok,1069.6999999284744,1373.125,1398.9000000953674,137.67499995231628,3841.725000023842,556.28125,845218,1644635,1638340,11872918,95921,input-to-proof-v1,9b2a6f37c67691eab4b0cec6c35e35c520e93285,"{""provekit"":""9b2a6f37c67691eab4b0cec6c35e35c520e93285"",""noir_js"":""1.0.0-beta.11""}","{""raw_evidence_sha256"":""1185f3511060b1318589d0309060fcf255cfb93f291e1df41be93c5b05b10f0b""}",,"Matched O2 profile: World ID nullifier statement and frozen semantic inputs, including the same public nullifier.",,,/Users/dcbuilder/Code/world/.worktrees/provekit-v1-cross-device-campaign/target/v1-benchmarks/input-to-proof/mac-chrome/oprf_o2__mac_chrome__provekit_v1__cold_local.json,cold_local,3841.725000023842
input-to-proof-v1-20260807,oprf_o2__mac_chrome__provekit_v1__warm_reuse-0,2026-08-07T16:57:44.166Z,macbook_m4,MacBook Pro (Apple M4 Max),26.5.2 (25F84),arm64,browser_wasm,Google Chrome 151.0.7922.76,oprf_nullifier,O2-world-id-nullifier,85aeeef539961cae5a63de794997b507a5975717,provekit_v1,noir,provekit-v1-whir-wasm-single-thread,@noir-lang/noir_js@1.0.0-beta.11,warmup,0,ok,363.8950001001358,1399.6699999570847,1410.2300000190735,137.76499998569489,3173.795000076294,702.234375,843982,1644635,1638340,11872918,95921,input-to-proof-v1,9b2a6f37c67691eab4b0cec6c35e35c520e93285,"{""provekit"":""9b2a6f37c67691eab4b0cec6c35e35c520e93285"",""noir_js"":""1.0.0-beta.11""}","{""raw_evidence_sha256"":""05cf0fc2c50392f7a1e5bfea93a6652ea04a81fd2889089648e73a29df21836c""}",,"Matched O2 profile: World ID nullifier statement and frozen semantic inputs, including the same public nullifier.",,,/Users/dcbuilder/Code/world/.worktrees/provekit-v1-cross-device-campaign/target/v1-benchmarks/input-to-proof/mac-chrome/oprf_o2__mac_chrome__provekit_v1__warm_reuse.json,warm_reuse,3173.795000076294
input-to-proof-v1-20260807,oprf_o2__mac_chrome__provekit_v1__warm_reuse-1,2026-08-07T16:57:44.166Z,macbook_m4,MacBook Pro (Apple M4 Max),26.5.2 (25F84),arm64,browser_wasm,Google Chrome 151.0.7922.76,oprf_nullifier,O2-world-id-nullifier,85aeeef539961cae5a63de794997b507a5975717,provekit_v1,noir,provekit-v1-whir-wasm-single-thread,@noir-lang/noir_js@1.0.0-beta.11,measured,1,ok,357.5200001001358,1283.8499999046326,1345.8949999809265,129.88499999046326,2987.264999985695,702.234375,845262,1644635,1638340,11872918,95921,input-to-proof-v1,9b2a6f37c67691eab4b0cec6c35e35c520e93285,"{""provekit"":""9b2a6f37c67691eab4b0cec6c35e35c520e93285"",""noir_js"":""1.0.0-beta.11""}","{""raw_evidence_sha256"":""05cf0fc2c50392f7a1e5bfea93a6652ea04a81fd2889089648e73a29df21836c""}",,"Matched O2 profile: World ID nullifier statement and frozen semantic inputs, including the same public nullifier.",,,/Users/dcbuilder/Code/world/.worktrees/provekit-v1-cross-device-campaign/target/v1-benchmarks/input-to-proof/mac-chrome/oprf_o2__mac_chrome__provekit_v1__warm_reuse.json,warm_reuse,2987.264999985695
input-to-proof-v1-20260807,oprf_o2__mac_chrome__provekit_v1__warm_reuse-2,2026-08-07T16:57:44.166Z,macbook_m4,MacBook Pro (Apple M4 Max),26.5.2 (25F84),arm64,browser_wasm,Google Chrome 151.0.7922.76,oprf_nullifier,O2-world-id-nullifier,85aeeef539961cae5a63de794997b507a5975717,provekit_v1,noir,provekit-v1-whir-wasm-single-thread,@noir-lang/noir_js@1.0.0-beta.11,measured,2,ok,353.289999961853,1291.0249999761581,1360.6549999713898,131.15499997138977,3004.969999909401,702.234375,848886,1644635,1638340,11872918,95921,input-to-proof-v1,9b2a6f37c67691eab4b0cec6c35e35c520e93285,"{""provekit"":""9b2a6f37c67691eab4b0cec6c35e35c520e93285"",""noir_js"":""1.0.0-beta.11""}","{""raw_evidence_sha256"":""05cf0fc2c50392f7a1e5bfea93a6652ea04a81fd2889089648e73a29df21836c""}",,"Matched O2 profile: World ID nullifier statement and frozen semantic inputs, including the same public nullifier.",,,/Users/dcbuilder/Code/world/.worktrees/provekit-v1-cross-device-campaign/target/v1-benchmarks/input-to-proof/mac-chrome/oprf_o2__mac_chrome__provekit_v1__warm_reuse.json,warm_reuse,3004.969999909401
input-to-proof-v1-20260807,oprf_o2__mac_chrome__provekit_v1__warm_reuse-3,2026-08-07T16:57:44.166Z,macbook_m4,MacBook Pro (Apple M4 Max),26.5.2 (25F84),arm64,browser_wasm,Google Chrome 151.0.7922.76,oprf_nullifier,O2-world-id-nullifier,85aeeef539961cae5a63de794997b507a5975717,provekit_v1,noir,provekit-v1-whir-wasm-single-thread,@noir-lang/noir_js@1.0.0-beta.11,measured,3,ok,359.0749999284744,1291.375,1355.2849999666214,133.85999989509583,3005.734999895096,702.234375,846882,1644635,1638340,11872918,95921,input-to-proof-v1,9b2a6f37c67691eab4b0cec6c35e35c520e93285,"{""provekit"":""9b2a6f37c67691eab4b0cec6c35e35c520e93285"",""noir_js"":""1.0.0-beta.11""}","{""raw_evidence_sha256"":""05cf0fc2c50392f7a1e5bfea93a6652ea04a81fd2889089648e73a29df21836c""}",,"Matched O2 profile: World ID nullifier statement and frozen semantic inputs, including the same public nullifier.",,,/Users/dcbuilder/Code/world/.worktrees/provekit-v1-cross-device-campaign/target/v1-benchmarks/input-to-proof/mac-chrome/oprf_o2__mac_chrome__provekit_v1__warm_reuse.json,warm_reuse,3005.734999895096
input-to-proof-v1-20260807,oprf_o2__mac_chrome__provekit_v1__warm_reuse-4,2026-08-07T16:57:44.166Z,macbook_m4,MacBook Pro (Apple M4 Max),26.5.2 (25F84),arm64,browser_wasm,Google Chrome 151.0.7922.76,oprf_nullifier,O2-world-id-nullifier,85aeeef539961cae5a63de794997b507a5975717,provekit_v1,noir,provekit-v1-whir-wasm-single-thread,@noir-lang/noir_js@1.0.0-beta.11,measured,4,ok,362.29499995708466,1297.625,1338.3550000190735,129.91499996185303,2998.274999976158,702.234375,846754,1644635,1638340,11872918,95921,input-to-proof-v1,9b2a6f37c67691eab4b0cec6c35e35c520e93285,"{""provekit"":""9b2a6f37c67691eab4b0cec6c35e35c520e93285"",""noir_js"":""1.0.0-beta.11""}","{""raw_evidence_sha256"":""05cf0fc2c50392f7a1e5bfea93a6652ea04a81fd2889089648e73a29df21836c""}",,"Matched O2 profile: World ID nullifier statement and frozen semantic inputs, including the same public nullifier.",,,/Users/dcbuilder/Code/world/.worktrees/provekit-v1-cross-device-campaign/target/v1-benchmarks/input-to-proof/mac-chrome/oprf_o2__mac_chrome__provekit_v1__warm_reuse.json,warm_reuse,2998.274999976158
input-to-proof-v1-20260807,oprf_o2__mac_chrome__provekit_v1__warm_reuse-5,2026-08-07T16:57:44.166Z,macbook_m4,MacBook Pro (Apple M4 Max),26.5.2 (25F84),arm64,browser_wasm,Google Chrome 151.0.7922.76,oprf_nullifier,O2-world-id-nullifier,85aeeef539961cae5a63de794997b507a5975717,provekit_v1,noir,provekit-v1-whir-wasm-single-thread,@noir-lang/noir_js@1.0.0-beta.11,measured,5,ok,353.06500005722046,1296.1200000047684,1365.1899999380112,129.90000009536743,3014.375,702.234375,844406,1644635,1638340,11872918,95921,input-to-proof-v1,9b2a6f37c67691eab4b0cec6c35e35c520e93285,"{""provekit"":""9b2a6f37c67691eab4b0cec6c35e35c520e93285"",""noir_js"":""1.0.0-beta.11""}","{""raw_evidence_sha256"":""05cf0fc2c50392f7a1e5bfea93a6652ea04a81fd2889089648e73a29df21836c""}",,"Matched O2 profile: World ID nullifier statement and frozen semantic inputs, including the same public nullifier.",,,/Users/dcbuilder/Code/world/.worktrees/provekit-v1-cross-device-campaign/target/v1-benchmarks/input-to-proof/mac-chrome/oprf_o2__mac_chrome__provekit_v1__warm_reuse.json,warm_reuse,3014.375
input-to-proof-v1-20260807,oprf_o2__mac_chrome__noir_barretenberg__cold_local-0,2026-08-07T17:02:20.615Z,macbook_m4,MacBook Pro (Apple M4 Max),26.5.2 (25F84),arm64,browser_wasm,Google Chrome 151.0.7922.76,oprf_nullifier,O2-world-id-nullifier,85aeeef539961cae5a63de794997b507a5975717,noir_barretenberg,noir,barretenberg-ultrahonk-wasm-single-thread,@noir-lang/noir_js@1.0.0-beta.19,warmup,0,ok,15657.87,591.47,6138,1513.085,22387.34,1080.3125,16000,73925206,73918911,73925206,,input-to-proof-v1,85aeeef539961cae5a63de794997b507a5975717,"{""bb_js"":""4.2.0-aztecnr-rc.2"",""noir_js"":""1.0.0-beta.19""}","{""raw_evidence_sha256"":""0c5b771614472a6d784d650bcb66b0734cd9ca9bfe7811e5f05e04a1ce057637""}",,"Matched O2 profile: World ID nullifier statement and frozen semantic inputs, including the same public nullifier.",,,/Users/dcbuilder/Code/world/.worktrees/provekit-v1-cross-device-campaign/target/v1-benchmarks/input-to-proof/mac-chrome/oprf_o2__mac_chrome__noir_barretenberg__cold_local.json,cold_local,22387.34
input-to-proof-v1-20260807,oprf_o2__mac_chrome__noir_barretenberg__cold_local-1,2026-08-07T17:02:20.615Z,macbook_m4,MacBook Pro (Apple M4 Max),26.5.2 (25F84),arm64,browser_wasm,Google Chrome 151.0.7922.76,oprf_nullifier,O2-world-id-nullifier,85aeeef539961cae5a63de794997b507a5975717,noir_barretenberg,noir,barretenberg-ultrahonk-wasm-single-thread,@noir-lang/noir_js@1.0.0-beta.19,measured,1,ok,15280.475,586.54,6075.125,1503.7,21942.14,1090.171875,16000,73925206,73918911,73925206,,input-to-proof-v1,85aeeef539961cae5a63de794997b507a5975717,"{""bb_js"":""4.2.0-aztecnr-rc.2"",""noir_js"":""1.0.0-beta.19""}","{""raw_evidence_sha256"":""0c5b771614472a6d784d650bcb66b0734cd9ca9bfe7811e5f05e04a1ce057637""}",,"Matched O2 profile: World ID nullifier statement and frozen semantic inputs, including the same public nullifier.",,,/Users/dcbuilder/Code/world/.worktrees/provekit-v1-cross-device-campaign/target/v1-benchmarks/input-to-proof/mac-chrome/oprf_o2__mac_chrome__noir_barretenberg__cold_local.json,cold_local,21942.14
input-to-proof-v1-20260807,oprf_o2__mac_chrome__noir_barretenberg__cold_local-2,2026-08-07T17:02:20.615Z,macbook_m4,MacBook Pro (Apple M4 Max),26.5.2 (25F84),arm64,browser_wasm,Google Chrome 151.0.7922.76,oprf_nullifier,O2-world-id-nullifier,85aeeef539961cae5a63de794997b507a5975717,noir_barretenberg,noir,barretenberg-ultrahonk-wasm-single-thread,@noir-lang/noir_js@1.0.0-beta.19,measured,2,ok,15329.44,579.745,6125.34,1517.63,22034.525,1081.171875,16000,73925206,73918911,73925206,,input-to-proof-v1,85aeeef539961cae5a63de794997b507a5975717,"{""bb_js"":""4.2.0-aztecnr-rc.2"",""noir_js"":""1.0.0-beta.19""}","{""raw_evidence_sha256"":""0c5b771614472a6d784d650bcb66b0734cd9ca9bfe7811e5f05e04a1ce057637""}",,"Matched O2 profile: World ID nullifier statement and frozen semantic inputs, including the same public nullifier.",,,/Users/dcbuilder/Code/world/.worktrees/provekit-v1-cross-device-campaign/target/v1-benchmarks/input-to-proof/mac-chrome/oprf_o2__mac_chrome__noir_barretenberg__cold_local.json,cold_local,22034.525
input-to-proof-v1-20260807,oprf_o2__mac_chrome__noir_barretenberg__cold_local-3,2026-08-07T17:02:20.615Z,macbook_m4,MacBook Pro (Apple M4 Max),26.5.2 (25F84),arm64,browser_wasm,Google Chrome 151.0.7922.76,oprf_nullifier,O2-world-id-nullifier,85aeeef539961cae5a63de794997b507a5975717,noir_barretenberg,noir,barretenberg-ultrahonk-wasm-single-thread,@noir-lang/noir_js@1.0.0-beta.19,measured,3,ok,15539.245,576.615,6175.665,1503.07,22291.525,1082.421875,16000,73925206,73918911,73925206,,input-to-proof-v1,85aeeef539961cae5a63de794997b507a5975717,"{""bb_js"":""4.2.0-aztecnr-rc.2"",""noir_js"":""1.0.0-beta.19""}","{""raw_evidence_sha256"":""0c5b771614472a6d784d650bcb66b0734cd9ca9bfe7811e5f05e04a1ce057637""}",,"Matched O2 profile: World ID nullifier statement and frozen semantic inputs, including the same public nullifier.",,,/Users/dcbuilder/Code/world/.worktrees/provekit-v1-cross-device-campaign/target/v1-benchmarks/input-to-proof/mac-chrome/oprf_o2__mac_chrome__noir_barretenberg__cold_local.json,cold_local,22291.525
input-to-proof-v1-20260807,oprf_o2__mac_chrome__noir_barretenberg__cold_local-4,2026-08-07T17:02:20.615Z,macbook_m4,MacBook Pro (Apple M4 Max),26.5.2 (25F84),arm64,browser_wasm,Google Chrome 151.0.7922.76,oprf_nullifier,O2-world-id-nullifier,85aeeef539961cae5a63de794997b507a5975717,noir_barretenberg,noir,barretenberg-ultrahonk-wasm-single-thread,@noir-lang/noir_js@1.0.0-beta.19,measured,4,ok,15426.975,587.415,6092.2,1513.685,22106.59,1082.5625,16000,73925206,73918911,73925206,,input-to-proof-v1,85aeeef539961cae5a63de794997b507a5975717,"{""bb_js"":""4.2.0-aztecnr-rc.2"",""noir_js"":""1.0.0-beta.19""}","{""raw_evidence_sha256"":""0c5b771614472a6d784d650bcb66b0734cd9ca9bfe7811e5f05e04a1ce057637""}",,"Matched O2 profile: World ID nullifier statement and frozen semantic inputs, including the same public nullifier.",,,/Users/dcbuilder/Code/world/.worktrees/provekit-v1-cross-device-campaign/target/v1-benchmarks/input-to-proof/mac-chrome/oprf_o2__mac_chrome__noir_barretenberg__cold_local.json,cold_local,22106.59
input-to-proof-v1-20260807,oprf_o2__mac_chrome__noir_barretenberg__cold_local-5,2026-08-07T17:02:20.615Z,macbook_m4,MacBook Pro (Apple M4 Max),26.5.2 (25F84),arm64,browser_wasm,Google Chrome 151.0.7922.76,oprf_nullifier,O2-world-id-nullifier,85aeeef539961cae5a63de794997b507a5975717,noir_barretenberg,noir,barretenberg-ultrahonk-wasm-single-thread,@noir-lang/noir_js@1.0.0-beta.19,measured,5,ok,15323.075,583.15,6113.445,1528.045,22019.67,1083.6875,16000,73925206,73918911,73925206,,input-to-proof-v1,85aeeef539961cae5a63de794997b507a5975717,"{""bb_js"":""4.2.0-aztecnr-rc.2"",""noir_js"":""1.0.0-beta.19""}","{""raw_evidence_sha256"":""0c5b771614472a6d784d650bcb66b0734cd9ca9bfe7811e5f05e04a1ce057637""}",,"Matched O2 profile: World ID nullifier statement and frozen semantic inputs, including the same public nullifier.",,,/Users/dcbuilder/Code/world/.worktrees/provekit-v1-cross-device-campaign/target/v1-benchmarks/input-to-proof/mac-chrome/oprf_o2__mac_chrome__noir_barretenberg__cold_local.json,cold_local,22019.67
input-to-proof-v1-20260807,oprf_o2__mac_chrome__noir_barretenberg__warm_reuse-0,2026-08-07T17:03:26.165Z,macbook_m4,MacBook Pro (Apple M4 Max),26.5.2 (25F84),arm64,browser_wasm,Google Chrome 151.0.7922.76,oprf_nullifier,O2-world-id-nullifier,85aeeef539961cae5a63de794997b507a5975717,noir_barretenberg,noir,barretenberg-ultrahonk-wasm-single-thread,@noir-lang/noir_js@1.0.0-beta.19,warmup,0,ok,0,501.22,6032.5,0,6533.78,1119.046875,16000,73925206,73918911,73925206,,input-to-proof-v1,85aeeef539961cae5a63de794997b507a5975717,"{""bb_js"":""4.2.0-aztecnr-rc.2"",""noir_js"":""1.0.0-beta.19""}","{""raw_evidence_sha256"":""5f17546a8f06152e00669b23c419ae8e1022fe9b950133ea90d01550d11d8dfa""}",,"Matched O2 profile: World ID nullifier statement and frozen semantic inputs, including the same public nullifier.",,,/Users/dcbuilder/Code/world/.worktrees/provekit-v1-cross-device-campaign/target/v1-benchmarks/input-to-proof/mac-chrome/oprf_o2__mac_chrome__noir_barretenberg__warm_reuse.json,warm_reuse,6533.78
input-to-proof-v1-20260807,oprf_o2__mac_chrome__noir_barretenberg__warm_reuse-1,2026-08-07T17:03:26.165Z,macbook_m4,MacBook Pro (Apple M4 Max),26.5.2 (25F84),arm64,browser_wasm,Google Chrome 151.0.7922.76,oprf_nullifier,O2-world-id-nullifier,85aeeef539961cae5a63de794997b507a5975717,noir_barretenberg,noir,barretenberg-ultrahonk-wasm-single-thread,@noir-lang/noir_js@1.0.0-beta.19,measured,1,ok,0,519.23,5964.815,0,6484.07,1119.046875,16000,73925206,73918911,73925206,,input-to-proof-v1,85aeeef539961cae5a63de794997b507a5975717,"{""bb_js"":""4.2.0-aztecnr-rc.2"",""noir_js"":""1.0.0-beta.19""}","{""raw_evidence_sha256"":""5f17546a8f06152e00669b23c419ae8e1022fe9b950133ea90d01550d11d8dfa""}",,"Matched O2 profile: World ID nullifier statement and frozen semantic inputs, including the same public nullifier.",,,/Users/dcbuilder/Code/world/.worktrees/provekit-v1-cross-device-campaign/target/v1-benchmarks/input-to-proof/mac-chrome/oprf_o2__mac_chrome__noir_barretenberg__warm_reuse.json,warm_reuse,6484.07
input-to-proof-v1-20260807,oprf_o2__mac_chrome__noir_barretenberg__warm_reuse-2,2026-08-07T17:03:26.165Z,macbook_m4,MacBook Pro (Apple M4 Max),26.5.2 (25F84),arm64,browser_wasm,Google Chrome 151.0.7922.76,oprf_nullifier,O2-world-id-nullifier,85aeeef539961cae5a63de794997b507a5975717,noir_barretenberg,noir,barretenberg-ultrahonk-wasm-single-thread,@noir-lang/noir_js@1.0.0-beta.19,measured,2,ok,0,516.92,6004.94,0,6522.02,1119.046875,16000,73925206,73918911,73925206,,input-to-proof-v1,85aeeef539961cae5a63de794997b507a5975717,"{""bb_js"":""4.2.0-aztecnr-rc.2"",""noir_js"":""1.0.0-beta.19""}","{""raw_evidence_sha256"":""5f17546a8f06152e00669b23c419ae8e1022fe9b950133ea90d01550d11d8dfa""}",,"Matched O2 profile: World ID nullifier statement and frozen semantic inputs, including the same public nullifier.",,,/Users/dcbuilder/Code/world/.worktrees/provekit-v1-cross-device-campaign/target/v1-benchmarks/input-to-proof/mac-chrome/oprf_o2__mac_chrome__noir_barretenberg__warm_reuse.json,warm_reuse,6522.02
input-to-proof-v1-20260807,oprf_o2__mac_chrome__noir_barretenberg__warm_reuse-3,2026-08-07T17:03:26.165Z,macbook_m4,MacBook Pro (Apple M4 Max),26.5.2 (25F84),arm64,browser_wasm,Google Chrome 151.0.7922.76,oprf_nullifier,O2-world-id-nullifier,85aeeef539961cae5a63de794997b507a5975717,noir_barretenberg,noir,barretenberg-ultrahonk-wasm-single-thread,@noir-lang/noir_js@1.0.0-beta.19,measured,3,ok,0,509.695,6016.15,0,6525.995,1119.046875,16000,73925206,73918911,73925206,,input-to-proof-v1,85aeeef539961cae5a63de794997b507a5975717,"{""bb_js"":""4.2.0-aztecnr-rc.2"",""noir_js"":""1.0.0-beta.19""}","{""raw_evidence_sha256"":""5f17546a8f06152e00669b23c419ae8e1022fe9b950133ea90d01550d11d8dfa""}",,"Matched O2 profile: World ID nullifier statement and frozen semantic inputs, including the same public nullifier.",,,/Users/dcbuilder/Code/world/.worktrees/provekit-v1-cross-device-campaign/target/v1-benchmarks/input-to-proof/mac-chrome/oprf_o2__mac_chrome__noir_barretenberg__warm_reuse.json,warm_reuse,6525.995
input-to-proof-v1-20260807,oprf_o2__mac_chrome__noir_barretenberg__warm_reuse-4,2026-08-07T17:03:26.165Z,macbook_m4,MacBook Pro (Apple M4 Max),26.5.2 (25F84),arm64,browser_wasm,Google Chrome 151.0.7922.76,oprf_nullifier,O2-world-id-nullifier,85aeeef539961cae5a63de794997b507a5975717,noir_barretenberg,noir,barretenberg-ultrahonk-wasm-single-thread,@noir-lang/noir_js@1.0.0-beta.19,measured,4,ok,0,515.08,5973.155,0,6488.455,1119.046875,16000,73925206,73918911,73925206,,input-to-proof-v1,85aeeef539961cae5a63de794997b507a5975717,"{""bb_js"":""4.2.0-aztecnr-rc.2"",""noir_js"":""1.0.0-beta.19""}","{""raw_evidence_sha256"":""5f17546a8f06152e00669b23c419ae8e1022fe9b950133ea90d01550d11d8dfa""}",,"Matched O2 profile: World ID nullifier statement and frozen semantic inputs, including the same public nullifier.",,,/Users/dcbuilder/Code/world/.worktrees/provekit-v1-cross-device-campaign/target/v1-benchmarks/input-to-proof/mac-chrome/oprf_o2__mac_chrome__noir_barretenberg__warm_reuse.json,warm_reuse,6488.455
input-to-proof-v1-20260807,oprf_o2__mac_chrome__noir_barretenberg__warm_reuse-5,2026-08-07T17:03:26.165Z,macbook_m4,MacBook Pro (Apple M4 Max),26.5.2 (25F84),arm64,browser_wasm,Google Chrome 151.0.7922.76,oprf_nullifier,O2-world-id-nullifier,85aeeef539961cae5a63de794997b507a5975717,noir_barretenberg,noir,barretenberg-ultrahonk-wasm-single-thread,@noir-lang/noir_js@1.0.0-beta.19,measured,5,ok,0,506.74,5985.01,0,6491.9,1119.046875,16000,73925206,73918911,73925206,,input-to-proof-v1,85aeeef539961cae5a63de794997b507a5975717,"{""bb_js"":""4.2.0-aztecnr-rc.2"",""noir_js"":""1.0.0-beta.19""}","{""raw_evidence_sha256"":""5f17546a8f06152e00669b23c419ae8e1022fe9b950133ea90d01550d11d8dfa""}",,"Matched O2 profile: World ID nullifier statement and frozen semantic inputs, including the same public nullifier.",,,/Users/dcbuilder/Code/world/.worktrees/provekit-v1-cross-device-campaign/target/v1-benchmarks/input-to-proof/mac-chrome/oprf_o2__mac_chrome__noir_barretenberg__warm_reuse.json,warm_reuse,6491.9
input-to-proof-v1-20260807,oprf_o2__mac_chrome__circom_groth16__cold_local-0,2026-08-07T17:04:54.535Z,macbook_m4,MacBook Pro (Apple M4 Max),26.5.2 (25F84),arm64,browser_wasm,Google Chrome 151.0.7922.76,oprf_nullifier,O2-world-id-nullifier,85aeeef539961cae5a63de794997b507a5975717,circom_groth16,circom,snarkjs-groth16-browser-wasm-single-thread,circom-witness-wasm,warmup,0,ok,3.1,123.4,9134.5,6.6,9261,902.765625,721,39203507,38279392,39203507,,input-to-proof-v1,85aeeef539961cae5a63de794997b507a5975717,"{""circom"":""2.2.2"",""snarkjs"":""0.7.6""}","{""raw_evidence_sha256"":""d21088a3fb869681fa99b5b9a77e9b64491d77c80e1e1985ccbd0d3618a6f1af""}",,"Matched O2 profile: World ID nullifier statement and frozen semantic inputs, including the same public nullifier.",,,/Users/dcbuilder/Code/world/.worktrees/provekit-v1-cross-device-campaign/target/v1-benchmarks/input-to-proof/mac-chrome/oprf_o2__mac_chrome__circom_groth16__cold_local.json,cold_local,9261
input-to-proof-v1-20260807,oprf_o2__mac_chrome__circom_groth16__cold_local-1,2026-08-07T17:04:54.535Z,macbook_m4,MacBook Pro (Apple M4 Max),26.5.2 (25F84),arm64,browser_wasm,Google Chrome 151.0.7922.76,oprf_nullifier,O2-world-id-nullifier,85aeeef539961cae5a63de794997b507a5975717,circom_groth16,circom,snarkjs-groth16-browser-wasm-single-thread,circom-witness-wasm,measured,1,ok,3.4,121.2,9012.5,6.1,9137.1,969.921875,724,39203507,38279392,39203507,,input-to-proof-v1,85aeeef539961cae5a63de794997b507a5975717,"{""circom"":""2.2.2"",""snarkjs"":""0.7.6""}","{""raw_evidence_sha256"":""d21088a3fb869681fa99b5b9a77e9b64491d77c80e1e1985ccbd0d3618a6f1af""}",,"Matched O2 profile: World ID nullifier statement and frozen semantic inputs, including the same public nullifier.",,,/Users/dcbuilder/Code/world/.worktrees/provekit-v1-cross-device-campaign/target/v1-benchmarks/input-to-proof/mac-chrome/oprf_o2__mac_chrome__circom_groth16__cold_local.json,cold_local,9137.1
input-to-proof-v1-20260807,oprf_o2__mac_chrome__circom_groth16__cold_local-2,2026-08-07T17:04:54.535Z,macbook_m4,MacBook Pro (Apple M4 Max),26.5.2 (25F84),arm64,browser_wasm,Google Chrome 151.0.7922.76,oprf_nullifier,O2-world-id-nullifier,85aeeef539961cae5a63de794997b507a5975717,circom_groth16,circom,snarkjs-groth16-browser-wasm-single-thread,circom-witness-wasm,measured,2,ok,2.6,123.8,9034.7,6,9161.1,914.953125,721,39203507,38279392,39203507,,input-to-proof-v1,85aeeef539961cae5a63de794997b507a5975717,"{""circom"":""2.2.2"",""snarkjs"":""0.7.6""}","{""raw_evidence_sha256"":""d21088a3fb869681fa99b5b9a77e9b64491d77c80e1e1985ccbd0d3618a6f1af""}",,"Matched O2 profile: World ID nullifier statement and frozen semantic inputs, including the same public nullifier.",,,/Users/dcbuilder/Code/world/.worktrees/provekit-v1-cross-device-campaign/target/v1-benchmarks/input-to-proof/mac-chrome/oprf_o2__mac_chrome__circom_groth16__cold_local.json,cold_local,9161.1
input-to-proof-v1-20260807,oprf_o2__mac_chrome__circom_groth16__cold_local-3,2026-08-07T17:04:54.535Z,macbook_m4,MacBook Pro (Apple M4 Max),26.5.2 (25F84),arm64,browser_wasm,Google Chrome 151.0.7922.76,oprf_nullifier,O2-world-id-nullifier,85aeeef539961cae5a63de794997b507a5975717,circom_groth16,circom,snarkjs-groth16-browser-wasm-single-thread,circom-witness-wasm,measured,3,ok,2.7,126.1,9026.9,6,9155.7,970.84375,724,39203507,38279392,39203507,,input-to-proof-v1,85aeeef539961cae5a63de794997b507a5975717,"{""circom"":""2.2.2"",""snarkjs"":""0.7.6""}","{""raw_evidence_sha256"":""d21088a3fb869681fa99b5b9a77e9b64491d77c80e1e1985ccbd0d3618a6f1af""}",,"Matched O2 profile: World ID nullifier statement and frozen semantic inputs, including the same public nullifier.",,,/Users/dcbuilder/Code/world/.worktrees/provekit-v1-cross-device-campaign/target/v1-benchmarks/input-to-proof/mac-chrome/oprf_o2__mac_chrome__circom_groth16__cold_local.json,cold_local,9155.7
input-to-proof-v1-20260807,oprf_o2__mac_chrome__circom_groth16__cold_local-4,2026-08-07T17:04:54.535Z,macbook_m4,MacBook Pro (Apple M4 Max),26.5.2 (25F84),arm64,browser_wasm,Google Chrome 151.0.7922.76,oprf_nullifier,O2-world-id-nullifier,85aeeef539961cae5a63de794997b507a5975717,circom_groth16,circom,snarkjs-groth16-browser-wasm-single-thread,circom-witness-wasm,measured,4,ok,2.5,123,9019.9,6,9145.4,914.828125,719,39203507,38279392,39203507,,input-to-proof-v1,85aeeef539961cae5a63de794997b507a5975717,"{""circom"":""2.2.2"",""snarkjs"":""0.7.6""}","{""raw_evidence_sha256"":""d21088a3fb869681fa99b5b9a77e9b64491d77c80e1e1985ccbd0d3618a6f1af""}",,"Matched O2 profile: World ID nullifier statement and frozen semantic inputs, including the same public nullifier.",,,/Users/dcbuilder/Code/world/.worktrees/provekit-v1-cross-device-campaign/target/v1-benchmarks/input-to-proof/mac-chrome/oprf_o2__mac_chrome__circom_groth16__cold_local.json,cold_local,9145.4
input-to-proof-v1-20260807,oprf_o2__mac_chrome__circom_groth16__cold_local-5,2026-08-07T17:04:54.535Z,macbook_m4,MacBook Pro (Apple M4 Max),26.5.2 (25F84),arm64,browser_wasm,Google Chrome 151.0.7922.76,oprf_nullifier,O2-world-id-nullifier,85aeeef539961cae5a63de794997b507a5975717,circom_groth16,circom,snarkjs-groth16-browser-wasm-single-thread,circom-witness-wasm,measured,5,ok,2.6,121.7,9032.8,6,9157.1,914.65625,724,39203507,38279392,39203507,,input-to-proof-v1,85aeeef539961cae5a63de794997b507a5975717,"{""circom"":""2.2.2"",""snarkjs"":""0.7.6""}","{""raw_evidence_sha256"":""d21088a3fb869681fa99b5b9a77e9b64491d77c80e1e1985ccbd0d3618a6f1af""}",,"Matched O2 profile: World ID nullifier statement and frozen semantic inputs, including the same public nullifier.",,,/Users/dcbuilder/Code/world/.worktrees/provekit-v1-cross-device-campaign/target/v1-benchmarks/input-to-proof/mac-chrome/oprf_o2__mac_chrome__circom_groth16__cold_local.json,cold_local,9157.1
input-to-proof-v1-20260807,oprf_o2__mac_chrome__circom_groth16__warm_reuse-0,2026-08-07T17:06:22.622Z,macbook_m4,MacBook Pro (Apple M4 Max),26.5.2 (25F84),arm64,browser_wasm,Google Chrome 151.0.7922.76,oprf_nullifier,O2-world-id-nullifier,85aeeef539961cae5a63de794997b507a5975717,circom_groth16,circom,snarkjs-groth16-browser-wasm-single-thread,circom-witness-wasm,warmup,0,ok,0,125.5,9000.9,5.9,9126.9,1044.609375,723,39203507,38279392,39203507,,input-to-proof-v1,85aeeef539961cae5a63de794997b507a5975717,"{""circom"":""2.2.2"",""snarkjs"":""0.7.6""}","{""raw_evidence_sha256"":""b753e17b7a98eaffc65aea9ada93f4ed0f5d481a074df79cee9e28fe8cbdd094""}",,"Matched O2 profile: World ID nullifier statement and frozen semantic inputs, including the same public nullifier.",,,/Users/dcbuilder/Code/world/.worktrees/provekit-v1-cross-device-campaign/target/v1-benchmarks/input-to-proof/mac-chrome/oprf_o2__mac_chrome__circom_groth16__warm_reuse.json,warm_reuse,9126.9
input-to-proof-v1-20260807,oprf_o2__mac_chrome__circom_groth16__warm_reuse-1,2026-08-07T17:06:22.622Z,macbook_m4,MacBook Pro (Apple M4 Max),26.5.2 (25F84),arm64,browser_wasm,Google Chrome 151.0.7922.76,oprf_nullifier,O2-world-id-nullifier,85aeeef539961cae5a63de794997b507a5975717,circom_groth16,circom,snarkjs-groth16-browser-wasm-single-thread,circom-witness-wasm,measured,1,ok,0,122,9016.7,6.5,9139.2,1044.609375,722,39203507,38279392,39203507,,input-to-proof-v1,85aeeef539961cae5a63de794997b507a5975717,"{""circom"":""2.2.2"",""snarkjs"":""0.7.6""}","{""raw_evidence_sha256"":""b753e17b7a98eaffc65aea9ada93f4ed0f5d481a074df79cee9e28fe8cbdd094""}",,"Matched O2 profile: World ID nullifier statement and frozen semantic inputs, including the same public nullifier.",,,/Users/dcbuilder/Code/world/.worktrees/provekit-v1-cross-device-campaign/target/v1-benchmarks/input-to-proof/mac-chrome/oprf_o2__mac_chrome__circom_groth16__warm_reuse.json,warm_reuse,9139.2
input-to-proof-v1-20260807,oprf_o2__mac_chrome__circom_groth16__warm_reuse-2,2026-08-07T17:06:22.622Z,macbook_m4,MacBook Pro (Apple M4 Max),26.5.2 (25F84),arm64,browser_wasm,Google Chrome 151.0.7922.76,oprf_nullifier,O2-world-id-nullifier,85aeeef539961cae5a63de794997b507a5975717,circom_groth16,circom,snarkjs-groth16-browser-wasm-single-thread,circom-witness-wasm,measured,2,ok,0,124.4,9000.3,6.4,9125.3,1044.609375,723,39203507,38279392,39203507,,input-to-proof-v1,85aeeef539961cae5a63de794997b507a5975717,"{""circom"":""2.2.2"",""snarkjs"":""0.7.6""}","{""raw_evidence_sha256"":""b753e17b7a98eaffc65aea9ada93f4ed0f5d481a074df79cee9e28fe8cbdd094""}",,"Matched O2 profile: World ID nullifier statement and frozen semantic inputs, including the same public nullifier.",,,/Users/dcbuilder/Code/world/.worktrees/provekit-v1-cross-device-campaign/target/v1-benchmarks/input-to-proof/mac-chrome/oprf_o2__mac_chrome__circom_groth16__warm_reuse.json,warm_reuse,9125.3
input-to-proof-v1-20260807,oprf_o2__mac_chrome__circom_groth16__warm_reuse-3,2026-08-07T17:06:22.622Z,macbook_m4,MacBook Pro (Apple M4 Max),26.5.2 (25F84),arm64,browser_wasm,Google Chrome 151.0.7922.76,oprf_nullifier,O2-world-id-nullifier,85aeeef539961cae5a63de794997b507a5975717,circom_groth16,circom,snarkjs-groth16-browser-wasm-single-thread,circom-witness-wasm,measured,3,ok,0,124,8996.1,8.9,9120.7,1044.609375,722,39203507,38279392,39203507,,input-to-proof-v1,85aeeef539961cae5a63de794997b507a5975717,"{""circom"":""2.2.2"",""snarkjs"":""0.7.6""}","{""raw_evidence_sha256"":""b753e17b7a98eaffc65aea9ada93f4ed0f5d481a074df79cee9e28fe8cbdd094""}",,"Matched O2 profile: World ID nullifier statement and frozen semantic inputs, including the same public nullifier.",,,/Users/dcbuilder/Code/world/.worktrees/provekit-v1-cross-device-campaign/target/v1-benchmarks/input-to-proof/mac-chrome/oprf_o2__mac_chrome__circom_groth16__warm_reuse.json,warm_reuse,9120.7
input-to-proof-v1-20260807,oprf_o2__mac_chrome__circom_groth16__warm_reuse-4,2026-08-07T17:06:22.622Z,macbook_m4,MacBook Pro (Apple M4 Max),26.5.2 (25F84),arm64,browser_wasm,Google Chrome 151.0.7922.76,oprf_nullifier,O2-world-id-nullifier,85aeeef539961cae5a63de794997b507a5975717,circom_groth16,circom,snarkjs-groth16-browser-wasm-single-thread,circom-witness-wasm,measured,4,ok,0,126.1,9009.6,5.9,9135.8,1044.609375,722,39203507,38279392,39203507,,input-to-proof-v1,85aeeef539961cae5a63de794997b507a5975717,"{""circom"":""2.2.2"",""snarkjs"":""0.7.6""}","{""raw_evidence_sha256"":""b753e17b7a98eaffc65aea9ada93f4ed0f5d481a074df79cee9e28fe8cbdd094""}",,"Matched O2 profile: World ID nullifier statement and frozen semantic inputs, including the same public nullifier.",,,/Users/dcbuilder/Code/world/.worktrees/provekit-v1-cross-device-campaign/target/v1-benchmarks/input-to-proof/mac-chrome/oprf_o2__mac_chrome__circom_groth16__warm_reuse.json,warm_reuse,9135.8
input-to-proof-v1-20260807,oprf_o2__mac_chrome__circom_groth16__warm_reuse-5,2026-08-07T17:06:22.622Z,macbook_m4,MacBook Pro (Apple M4 Max),26.5.2 (25F84),arm64,browser_wasm,Google Chrome 151.0.7922.76,oprf_nullifier,O2-world-id-nullifier,85aeeef539961cae5a63de794997b507a5975717,circom_groth16,circom,snarkjs-groth16-browser-wasm-single-thread,circom-witness-wasm,measured,5,ok,0,123.4,9011,5.9,9135,1044.609375,725,39203507,38279392,39203507,,input-to-proof-v1,85aeeef539961cae5a63de794997b507a5975717,"{""circom"":""2.2.2"",""snarkjs"":""0.7.6""}","{""raw_evidence_sha256"":""b753e17b7a98eaffc65aea9ada93f4ed0f5d481a074df79cee9e28fe8cbdd094""}",,"Matched O2 profile: World ID nullifier statement and frozen semantic inputs, including the same public nullifier.",,,/Users/dcbuilder/Code/world/.worktrees/provekit-v1-cross-device-campaign/target/v1-benchmarks/input-to-proof/mac-chrome/oprf_o2__mac_chrome__circom_groth16__warm_reuse.json,warm_reuse,9135
input-to-proof-v1-20260807,webauthn_closest_analogue__mac_chrome__provekit_v1__cold_local-0,2026-08-07T17:07:48.584Z,macbook_m4,MacBook Pro (Apple M4 Max),26.5.2 (25F84),arm64,browser_wasm,Google Chrome 151.0.7922.76,webauthn,closest-analogue,0fb5b4aa1398281c2fd3dbe14db147e05b61f201,provekit_v1,noir,provekit-v1-whir-wasm-single-thread,@noir-lang/noir_js@1.0.0-beta.11,warmup,0,ok,1560.7200000286102,1589.2699999809265,9640.730000019073,368.9950000047684,12790.72000002861,929.140625,974672,2283707,2275876,15913725,389181,input-to-proof-v1,9b2a6f37c67691eab4b0cec6c35e35c520e93285,"{""provekit"":""9b2a6f37c67691eab4b0cec6c35e35c520e93285"",""noir_js"":""1.0.0-beta.11""}","{""raw_evidence_sha256"":""ae99683701a2bf52ad9d6bde513f3702768dab7e2f6900afde7a647a69a318da""}",,"Closest analogue, not equivalent: Noir binds challenge, type, origin, RP-ID hash, flags, and public key; the Circom counterpart omits several bindings.",,,/Users/dcbuilder/Code/world/.worktrees/provekit-v1-cross-device-campaign/target/v1-benchmarks/input-to-proof/mac-chrome/webauthn_closest_analogue__mac_chrome__provekit_v1__cold_local.json,cold_local,12790.72000002861
input-to-proof-v1-20260807,webauthn_closest_analogue__mac_chrome__provekit_v1__cold_local-1,2026-08-07T17:07:48.584Z,macbook_m4,MacBook Pro (Apple M4 Max),26.5.2 (25F84),arm64,browser_wasm,Google Chrome 151.0.7922.76,webauthn,closest-analogue,0fb5b4aa1398281c2fd3dbe14db147e05b61f201,provekit_v1,noir,provekit-v1-whir-wasm-single-thread,@noir-lang/noir_js@1.0.0-beta.11,measured,1,ok,1544.5649999380112,1604.0349999666214,9633.780000090599,384.9299999475479,12782.379999995232,927.765625,970192,2283707,2275876,15913725,389181,input-to-proof-v1,9b2a6f37c67691eab4b0cec6c35e35c520e93285,"{""provekit"":""9b2a6f37c67691eab4b0cec6c35e35c520e93285"",""noir_js"":""1.0.0-beta.11""}","{""raw_evidence_sha256"":""ae99683701a2bf52ad9d6bde513f3702768dab7e2f6900afde7a647a69a318da""}",,"Closest analogue, not equivalent: Noir binds challenge, type, origin, RP-ID hash, flags, and public key; the Circom counterpart omits several bindings.",,,/Users/dcbuilder/Code/world/.worktrees/provekit-v1-cross-device-campaign/target/v1-benchmarks/input-to-proof/mac-chrome/webauthn_closest_analogue__mac_chrome__provekit_v1__cold_local.json,cold_local,12782.379999995232
input-to-proof-v1-20260807,webauthn_closest_analogue__mac_chrome__provekit_v1__cold_local-2,2026-08-07T17:07:48.584Z,macbook_m4,MacBook Pro (Apple M4 Max),26.5.2 (25F84),arm64,browser_wasm,Google Chrome 151.0.7922.76,webauthn,closest-analogue,0fb5b4aa1398281c2fd3dbe14db147e05b61f201,provekit_v1,noir,provekit-v1-whir-wasm-single-thread,@noir-lang/noir_js@1.0.0-beta.11,measured,2,ok,1545.9100000858307,1596.3999999761581,9693.375,373.289999961853,12835.685000061989,924.453125,974928,2283707,2275876,15913725,389181,input-to-proof-v1,9b2a6f37c67691eab4b0cec6c35e35c520e93285,"{""provekit"":""9b2a6f37c67691eab4b0cec6c35e35c520e93285"",""noir_js"":""1.0.0-beta.11""}","{""raw_evidence_sha256"":""ae99683701a2bf52ad9d6bde513f3702768dab7e2f6900afde7a647a69a318da""}",,"Closest analogue, not equivalent: Noir binds challenge, type, origin, RP-ID hash, flags, and public key; the Circom counterpart omits several bindings.",,,/Users/dcbuilder/Code/world/.worktrees/provekit-v1-cross-device-campaign/target/v1-benchmarks/input-to-proof/mac-chrome/webauthn_closest_analogue__mac_chrome__provekit_v1__cold_local.json,cold_local,12835.685000061989
input-to-proof-v1-20260807,webauthn_closest_analogue__mac_chrome__provekit_v1__cold_local-3,2026-08-07T17:07:48.584Z,macbook_m4,MacBook Pro (Apple M4 Max),26.5.2 (25F84),arm64,browser_wasm,Google Chrome 151.0.7922.76,webauthn,closest-analogue,0fb5b4aa1398281c2fd3dbe14db147e05b61f201,provekit_v1,noir,provekit-v1-whir-wasm-single-thread,@noir-lang/noir_js@1.0.0-beta.11,measured,3,ok,1533.1599999666214,1601.5550000667572,9643.679999947548,373.04499995708466,12778.394999980927,925.578125,975224,2283707,2275876,15913725,389181,input-to-proof-v1,9b2a6f37c67691eab4b0cec6c35e35c520e93285,"{""provekit"":""9b2a6f37c67691eab4b0cec6c35e35c520e93285"",""noir_js"":""1.0.0-beta.11""}","{""raw_evidence_sha256"":""ae99683701a2bf52ad9d6bde513f3702768dab7e2f6900afde7a647a69a318da""}",,"Closest analogue, not equivalent: Noir binds challenge, type, origin, RP-ID hash, flags, and public key; the Circom counterpart omits several bindings.",,,/Users/dcbuilder/Code/world/.worktrees/provekit-v1-cross-device-campaign/target/v1-benchmarks/input-to-proof/mac-chrome/webauthn_closest_analogue__mac_chrome__provekit_v1__cold_local.json,cold_local,12778.394999980927
input-to-proof-v1-20260807,webauthn_closest_analogue__mac_chrome__provekit_v1__cold_local-4,2026-08-07T17:07:48.584Z,macbook_m4,MacBook Pro (Apple M4 Max),26.5.2 (25F84),arm64,browser_wasm,Google Chrome 151.0.7922.76,webauthn,closest-analogue,0fb5b4aa1398281c2fd3dbe14db147e05b61f201,provekit_v1,noir,provekit-v1-whir-wasm-single-thread,@noir-lang/noir_js@1.0.0-beta.11,measured,4,ok,1540.9199999570847,1581.4500000476837,9604.769999980927,362.6750000715256,12727.139999985695,929.90625,976548,2283707,2275876,15913725,389181,input-to-proof-v1,9b2a6f37c67691eab4b0cec6c35e35c520e93285,"{""provekit"":""9b2a6f37c67691eab4b0cec6c35e35c520e93285"",""noir_js"":""1.0.0-beta.11""}","{""raw_evidence_sha256"":""ae99683701a2bf52ad9d6bde513f3702768dab7e2f6900afde7a647a69a318da""}",,"Closest analogue, not equivalent: Noir binds challenge, type, origin, RP-ID hash, flags, and public key; the Circom counterpart omits several bindings.",,,/Users/dcbuilder/Code/world/.worktrees/provekit-v1-cross-device-campaign/target/v1-benchmarks/input-to-proof/mac-chrome/webauthn_closest_analogue__mac_chrome__provekit_v1__cold_local.json,cold_local,12727.139999985695
input-to-proof-v1-20260807,webauthn_closest_analogue__mac_chrome__provekit_v1__cold_local-5,2026-08-07T17:07:48.584Z,macbook_m4,MacBook Pro (Apple M4 Max),26.5.2 (25F84),arm64,browser_wasm,Google Chrome 151.0.7922.76,webauthn,closest-analogue,0fb5b4aa1398281c2fd3dbe14db147e05b61f201,provekit_v1,noir,provekit-v1-whir-wasm-single-thread,@noir-lang/noir_js@1.0.0-beta.11,measured,5,ok,1552.0400000810623,1600.5149999856949,9630.5,368.0199999809265,12783.055000066757,929.46875,971600,2283707,2275876,15913725,389181,input-to-proof-v1,9b2a6f37c67691eab4b0cec6c35e35c520e93285,"{""provekit"":""9b2a6f37c67691eab4b0cec6c35e35c520e93285"",""noir_js"":""1.0.0-beta.11""}","{""raw_evidence_sha256"":""ae99683701a2bf52ad9d6bde513f3702768dab7e2f6900afde7a647a69a318da""}",,"Closest analogue, not equivalent: Noir binds challenge, type, origin, RP-ID hash, flags, and public key; the Circom counterpart omits several bindings.",,,/Users/dcbuilder/Code/world/.worktrees/provekit-v1-cross-device-campaign/target/v1-benchmarks/input-to-proof/mac-chrome/webauthn_closest_analogue__mac_chrome__provekit_v1__cold_local.json,cold_local,12783.055000066757
input-to-proof-v1-20260807,webauthn_closest_analogue__mac_chrome__provekit_v1__warm_reuse-0,2026-08-07T17:09:01.941Z,macbook_m4,MacBook Pro (Apple M4 Max),26.5.2 (25F84),arm64,browser_wasm,Google Chrome 151.0.7922.76,webauthn,closest-analogue,0fb5b4aa1398281c2fd3dbe14db147e05b61f201,provekit_v1,noir,provekit-v1-whir-wasm-single-thread,@noir-lang/noir_js@1.0.0-beta.11,warmup,0,ok,576.5900000333786,1596.125,9637.524999976158,367.44000005722046,11810.240000009537,1027.15625,973860,2283707,2275876,15913725,389181,input-to-proof-v1,9b2a6f37c67691eab4b0cec6c35e35c520e93285,"{""provekit"":""9b2a6f37c67691eab4b0cec6c35e35c520e93285"",""noir_js"":""1.0.0-beta.11""}","{""raw_evidence_sha256"":""056f32c8ce5f5185a7e3a23a0b9b61ec8c51cc105db5c033c3dc719ed8254867""}",,"Closest analogue, not equivalent: Noir binds challenge, type, origin, RP-ID hash, flags, and public key; the Circom counterpart omits several bindings.",,,/Users/dcbuilder/Code/world/.worktrees/provekit-v1-cross-device-campaign/target/v1-benchmarks/input-to-proof/mac-chrome/webauthn_closest_analogue__mac_chrome__provekit_v1__warm_reuse.json,warm_reuse,11810.240000009537
input-to-proof-v1-20260807,webauthn_closest_analogue__mac_chrome__provekit_v1__warm_reuse-1,2026-08-07T17:09:01.941Z,macbook_m4,MacBook Pro (Apple M4 Max),26.5.2 (25F84),arm64,browser_wasm,Google Chrome 151.0.7922.76,webauthn,closest-analogue,0fb5b4aa1398281c2fd3dbe14db147e05b61f201,provekit_v1,noir,provekit-v1-whir-wasm-single-thread,@noir-lang/noir_js@1.0.0-beta.11,measured,1,ok,583.5899999141693,1188.8450000286102,9549.27999997139,355.8799999952316,11321.71499991417,1027.15625,973520,2283707,2275876,15913725,389181,input-to-proof-v1,9b2a6f37c67691eab4b0cec6c35e35c520e93285,"{""provekit"":""9b2a6f37c67691eab4b0cec6c35e35c520e93285"",""noir_js"":""1.0.0-beta.11""}","{""raw_evidence_sha256"":""056f32c8ce5f5185a7e3a23a0b9b61ec8c51cc105db5c033c3dc719ed8254867""}",,"Closest analogue, not equivalent: Noir binds challenge, type, origin, RP-ID hash, flags, and public key; the Circom counterpart omits several bindings.",,,/Users/dcbuilder/Code/world/.worktrees/provekit-v1-cross-device-campaign/target/v1-benchmarks/input-to-proof/mac-chrome/webauthn_closest_analogue__mac_chrome__provekit_v1__warm_reuse.json,warm_reuse,11321.71499991417
input-to-proof-v1-20260807,webauthn_closest_analogue__mac_chrome__provekit_v1__warm_reuse-2,2026-08-07T17:09:01.941Z,macbook_m4,MacBook Pro (Apple M4 Max),26.5.2 (25F84),arm64,browser_wasm,Google Chrome 151.0.7922.76,webauthn,closest-analogue,0fb5b4aa1398281c2fd3dbe14db147e05b61f201,provekit_v1,noir,provekit-v1-whir-wasm-single-thread,@noir-lang/noir_js@1.0.0-beta.11,measured,2,ok,584.7800000905991,1182.679999947548,9524.820000052452,356.5849999189377,11292.280000090599,1027.15625,972368,2283707,2275876,15913725,389181,input-to-proof-v1,9b2a6f37c67691eab4b0cec6c35e35c520e93285,"{""provekit"":""9b2a6f37c67691eab4b0cec6c35e35c520e93285"",""noir_js"":""1.0.0-beta.11""}","{""raw_evidence_sha256"":""056f32c8ce5f5185a7e3a23a0b9b61ec8c51cc105db5c033c3dc719ed8254867""}",,"Closest analogue, not equivalent: Noir binds challenge, type, origin, RP-ID hash, flags, and public key; the Circom counterpart omits several bindings.",,,/Users/dcbuilder/Code/world/.worktrees/provekit-v1-cross-device-campaign/target/v1-benchmarks/input-to-proof/mac-chrome/webauthn_closest_analogue__mac_chrome__provekit_v1__warm_reuse.json,warm_reuse,11292.280000090599
input-to-proof-v1-20260807,webauthn_closest_analogue__mac_chrome__provekit_v1__warm_reuse-3,2026-08-07T17:09:01.941Z,macbook_m4,MacBook Pro (Apple M4 Max),26.5.2 (25F84),arm64,browser_wasm,Google Chrome 151.0.7922.76,webauthn,closest-analogue,0fb5b4aa1398281c2fd3dbe14db147e05b61f201,provekit_v1,noir,provekit-v1-whir-wasm-single-thread,@noir-lang/noir_js@1.0.0-beta.11,measured,3,ok,576.6549999713898,1192.1749999523163,9520.915000081062,359.7549999952316,11289.745000004768,1027.15625,970576,2283707,2275876,15913725,389181,input-to-proof-v1,9b2a6f37c67691eab4b0cec6c35e35c520e93285,"{""provekit"":""9b2a6f37c67691eab4b0cec6c35e35c520e93285"",""noir_js"":""1.0.0-beta.11""}","{""raw_evidence_sha256"":""056f32c8ce5f5185a7e3a23a0b9b61ec8c51cc105db5c033c3dc719ed8254867""}",,"Closest analogue, not equivalent: Noir binds challenge, type, origin, RP-ID hash, flags, and public key; the Circom counterpart omits several bindings.",,,/Users/dcbuilder/Code/world/.worktrees/provekit-v1-cross-device-campaign/target/v1-benchmarks/input-to-proof/mac-chrome/webauthn_closest_analogue__mac_chrome__provekit_v1__warm_reuse.json,warm_reuse,11289.745000004768
input-to-proof-v1-20260807,webauthn_closest_analogue__mac_chrome__provekit_v1__warm_reuse-4,2026-08-07T17:09:01.941Z,macbook_m4,MacBook Pro (Apple M4 Max),26.5.2 (25F84),arm64,browser_wasm,Google Chrome 151.0.7922.76,webauthn,closest-analogue,0fb5b4aa1398281c2fd3dbe14db147e05b61f201,provekit_v1,noir,provekit-v1-whir-wasm-single-thread,@noir-lang/noir_js@1.0.0-beta.11,measured,4,ok,579.8249999284744,1210.7549999952316,9551.820000052452,357.8250000476837,11342.40499997139,1027.15625,974500,2283707,2275876,15913725,389181,input-to-proof-v1,9b2a6f37c67691eab4b0cec6c35e35c520e93285,"{""provekit"":""9b2a6f37c67691eab4b0cec6c35e35c520e93285"",""noir_js"":""1.0.0-beta.11""}","{""raw_evidence_sha256"":""056f32c8ce5f5185a7e3a23a0b9b61ec8c51cc105db5c033c3dc719ed8254867""}",,"Closest analogue, not equivalent: Noir binds challenge, type, origin, RP-ID hash, flags, and public key; the Circom counterpart omits several bindings.",,,/Users/dcbuilder/Code/world/.worktrees/provekit-v1-cross-device-campaign/target/v1-benchmarks/input-to-proof/mac-chrome/webauthn_closest_analogue__mac_chrome__provekit_v1__warm_reuse.json,warm_reuse,11342.40499997139
input-to-proof-v1-20260807,webauthn_closest_analogue__mac_chrome__provekit_v1__warm_reuse-5,2026-08-07T17:09:01.941Z,macbook_m4,MacBook Pro (Apple M4 Max),26.5.2 (25F84),arm64,browser_wasm,Google Chrome 151.0.7922.76,webauthn,closest-analogue,0fb5b4aa1398281c2fd3dbe14db147e05b61f201,provekit_v1,noir,provekit-v1-whir-wasm-single-thread,@noir-lang/noir_js@1.0.0-beta.11,measured,5,ok,580.5600000619888,1195.5749999284744,9510.040000081062,364.4800000190735,11286.175000071526,1027.15625,974160,2283707,2275876,15913725,389181,input-to-proof-v1,9b2a6f37c67691eab4b0cec6c35e35c520e93285,"{""provekit"":""9b2a6f37c67691eab4b0cec6c35e35c520e93285"",""noir_js"":""1.0.0-beta.11""}","{""raw_evidence_sha256"":""056f32c8ce5f5185a7e3a23a0b9b61ec8c51cc105db5c033c3dc719ed8254867""}",,"Closest analogue, not equivalent: Noir binds challenge, type, origin, RP-ID hash, flags, and public key; the Circom counterpart omits several bindings.",,,/Users/dcbuilder/Code/world/.worktrees/provekit-v1-cross-device-campaign/target/v1-benchmarks/input-to-proof/mac-chrome/webauthn_closest_analogue__mac_chrome__provekit_v1__warm_reuse.json,warm_reuse,11286.175000071526
input-to-proof-v1-20260807,webauthn_closest_analogue__mac_chrome__noir_barretenberg__cold_local-0,2026-08-07T17:13:44.104Z,macbook_m4,MacBook Pro (Apple M4 Max),26.5.2 (25F84),arm64,browser_wasm,Google Chrome 151.0.7922.76,webauthn,closest-analogue,0fb5b4aa1398281c2fd3dbe14db147e05b61f201,noir_barretenberg,noir,barretenberg-ultrahonk-wasm-single-thread,@noir-lang/noir_js@1.0.0-beta.19,warmup,0,ok,15434.12,1250.56,9614.075,2209.79,26298.755,1217.046875,16000,74003114,73995283,74003114,,input-to-proof-v1,0fb5b4aa1398281c2fd3dbe14db147e05b61f201,"{""bb_js"":""4.2.0-aztecnr-rc.2"",""noir_js"":""1.0.0-beta.19""}","{""raw_evidence_sha256"":""23359d4ff7ba5e9320f9ce02e5ca5c7b5f3e20c3f12004cb5283e1a0a7ba4743""}",,"Closest analogue, not equivalent: Noir binds challenge, type, origin, RP-ID hash, flags, and public key; the Circom counterpart omits several bindings.",,,/Users/dcbuilder/Code/world/.worktrees/provekit-v1-cross-device-campaign/target/v1-benchmarks/input-to-proof/mac-chrome/webauthn_closest_analogue__mac_chrome__noir_barretenberg__cold_local.json,cold_local,26298.755
input-to-proof-v1-20260807,webauthn_closest_analogue__mac_chrome__noir_barretenberg__cold_local-1,2026-08-07T17:13:44.104Z,macbook_m4,MacBook Pro (Apple M4 Max),26.5.2 (25F84),arm64,browser_wasm,Google Chrome 151.0.7922.76,webauthn,closest-analogue,0fb5b4aa1398281c2fd3dbe14db147e05b61f201,noir_barretenberg,noir,barretenberg-ultrahonk-wasm-single-thread,@noir-lang/noir_js@1.0.0-beta.19,measured,1,ok,15267.53,1235.16,9607.57,2213.555,26110.26,1218.328125,16000,74003114,73995283,74003114,,input-to-proof-v1,0fb5b4aa1398281c2fd3dbe14db147e05b61f201,"{""bb_js"":""4.2.0-aztecnr-rc.2"",""noir_js"":""1.0.0-beta.19""}","{""raw_evidence_sha256"":""23359d4ff7ba5e9320f9ce02e5ca5c7b5f3e20c3f12004cb5283e1a0a7ba4743""}",,"Closest analogue, not equivalent: Noir binds challenge, type, origin, RP-ID hash, flags, and public key; the Circom counterpart omits several bindings.",,,/Users/dcbuilder/Code/world/.worktrees/provekit-v1-cross-device-campaign/target/v1-benchmarks/input-to-proof/mac-chrome/webauthn_closest_analogue__mac_chrome__noir_barretenberg__cold_local.json,cold_local,26110.26
input-to-proof-v1-20260807,webauthn_closest_analogue__mac_chrome__noir_barretenberg__cold_local-2,2026-08-07T17:13:44.104Z,macbook_m4,MacBook Pro (Apple M4 Max),26.5.2 (25F84),arm64,browser_wasm,Google Chrome 151.0.7922.76,webauthn,closest-analogue,0fb5b4aa1398281c2fd3dbe14db147e05b61f201,noir_barretenberg,noir,barretenberg-ultrahonk-wasm-single-thread,@noir-lang/noir_js@1.0.0-beta.19,measured,2,ok,15584.6,1230.495,9566.49,2183.805,26381.585,1222.96875,16000,74003114,73995283,74003114,,input-to-proof-v1,0fb5b4aa1398281c2fd3dbe14db147e05b61f201,"{""bb_js"":""4.2.0-aztecnr-rc.2"",""noir_js"":""1.0.0-beta.19""}","{""raw_evidence_sha256"":""23359d4ff7ba5e9320f9ce02e5ca5c7b5f3e20c3f12004cb5283e1a0a7ba4743""}",,"Closest analogue, not equivalent: Noir binds challenge, type, origin, RP-ID hash, flags, and public key; the Circom counterpart omits several bindings.",,,/Users/dcbuilder/Code/world/.worktrees/provekit-v1-cross-device-campaign/target/v1-benchmarks/input-to-proof/mac-chrome/webauthn_closest_analogue__mac_chrome__noir_barretenberg__cold_local.json,cold_local,26381.585
input-to-proof-v1-20260807,webauthn_closest_analogue__mac_chrome__noir_barretenberg__cold_local-3,2026-08-07T17:13:44.104Z,macbook_m4,MacBook Pro (Apple M4 Max),26.5.2 (25F84),arm64,browser_wasm,Google Chrome 151.0.7922.76,webauthn,closest-analogue,0fb5b4aa1398281c2fd3dbe14db147e05b61f201,noir_barretenberg,noir,barretenberg-ultrahonk-wasm-single-thread,@noir-lang/noir_js@1.0.0-beta.19,measured,3,ok,15239.62,1231.67,9611.06,2217.63,26082.35,1223.015625,16000,74003114,73995283,74003114,,input-to-proof-v1,0fb5b4aa1398281c2fd3dbe14db147e05b61f201,"{""bb_js"":""4.2.0-aztecnr-rc.2"",""noir_js"":""1.0.0-beta.19""}","{""raw_evidence_sha256"":""23359d4ff7ba5e9320f9ce02e5ca5c7b5f3e20c3f12004cb5283e1a0a7ba4743""}",,"Closest analogue, not equivalent: Noir binds challenge, type, origin, RP-ID hash, flags, and public key; the Circom counterpart omits several bindings.",,,/Users/dcbuilder/Code/world/.worktrees/provekit-v1-cross-device-campaign/target/v1-benchmarks/input-to-proof/mac-chrome/webauthn_closest_analogue__mac_chrome__noir_barretenberg__cold_local.json,cold_local,26082.35
input-to-proof-v1-20260807,webauthn_closest_analogue__mac_chrome__noir_barretenberg__cold_local-4,2026-08-07T17:13:44.104Z,macbook_m4,MacBook Pro (Apple M4 Max),26.5.2 (25F84),arm64,browser_wasm,Google Chrome 151.0.7922.76,webauthn,closest-analogue,0fb5b4aa1398281c2fd3dbe14db147e05b61f201,noir_barretenberg,noir,barretenberg-ultrahonk-wasm-single-thread,@noir-lang/noir_js@1.0.0-beta.19,measured,4,ok,15396.51,1233.48,9566.9,2182.6,26196.89,1219.296875,16000,74003114,73995283,74003114,,input-to-proof-v1,0fb5b4aa1398281c2fd3dbe14db147e05b61f201,"{""bb_js"":""4.2.0-aztecnr-rc.2"",""noir_js"":""1.0.0-beta.19""}","{""raw_evidence_sha256"":""23359d4ff7ba5e9320f9ce02e5ca5c7b5f3e20c3f12004cb5283e1a0a7ba4743""}",,"Closest analogue, not equivalent: Noir binds challenge, type, origin, RP-ID hash, flags, and public key; the Circom counterpart omits several bindings.",,,/Users/dcbuilder/Code/world/.worktrees/provekit-v1-cross-device-campaign/target/v1-benchmarks/input-to-proof/mac-chrome/webauthn_closest_analogue__mac_chrome__noir_barretenberg__cold_local.json,cold_local,26196.89
input-to-proof-v1-20260807,webauthn_closest_analogue__mac_chrome__noir_barretenberg__cold_local-5,2026-08-07T17:13:44.104Z,macbook_m4,MacBook Pro (Apple M4 Max),26.5.2 (25F84),arm64,browser_wasm,Google Chrome 151.0.7922.76,webauthn,closest-analogue,0fb5b4aa1398281c2fd3dbe14db147e05b61f201,noir_barretenberg,noir,barretenberg-ultrahonk-wasm-single-thread,@noir-lang/noir_js@1.0.0-beta.19,measured,5,ok,15536.365,1224.615,9573.805,2181.74,26334.785,1223.90625,16000,74003114,73995283,74003114,,input-to-proof-v1,0fb5b4aa1398281c2fd3dbe14db147e05b61f201,"{""bb_js"":""4.2.0-aztecnr-rc.2"",""noir_js"":""1.0.0-beta.19""}","{""raw_evidence_sha256"":""23359d4ff7ba5e9320f9ce02e5ca5c7b5f3e20c3f12004cb5283e1a0a7ba4743""}",,"Closest analogue, not equivalent: Noir binds challenge, type, origin, RP-ID hash, flags, and public key; the Circom counterpart omits several bindings.",,,/Users/dcbuilder/Code/world/.worktrees/provekit-v1-cross-device-campaign/target/v1-benchmarks/input-to-proof/mac-chrome/webauthn_closest_analogue__mac_chrome__noir_barretenberg__cold_local.json,cold_local,26334.785
input-to-proof-v1-20260807,webauthn_closest_analogue__mac_chrome__noir_barretenberg__warm_reuse-0,2026-08-07T17:15:17.999Z,macbook_m4,MacBook Pro (Apple M4 Max),26.5.2 (25F84),arm64,browser_wasm,Google Chrome 151.0.7922.76,webauthn,closest-analogue,0fb5b4aa1398281c2fd3dbe14db147e05b61f201,noir_barretenberg,noir,barretenberg-ultrahonk-wasm-single-thread,@noir-lang/noir_js@1.0.0-beta.19,warmup,0,ok,0,1001.84,9374.79,0,10376.67,1388.984375,16000,74003114,73995283,74003114,,input-to-proof-v1,0fb5b4aa1398281c2fd3dbe14db147e05b61f201,"{""bb_js"":""4.2.0-aztecnr-rc.2"",""noir_js"":""1.0.0-beta.19""}","{""raw_evidence_sha256"":""f99d3e5d12736e72ae28f79687f456b24df0dd135f71a7ee8cdb60ab01b53544""}",,"Closest analogue, not equivalent: Noir binds challenge, type, origin, RP-ID hash, flags, and public key; the Circom counterpart omits several bindings.",,,/Users/dcbuilder/Code/world/.worktrees/provekit-v1-cross-device-campaign/target/v1-benchmarks/input-to-proof/mac-chrome/webauthn_closest_analogue__mac_chrome__noir_barretenberg__warm_reuse.json,warm_reuse,10376.67
input-to-proof-v1-20260807,webauthn_closest_analogue__mac_chrome__noir_barretenberg__warm_reuse-1,2026-08-07T17:15:17.999Z,macbook_m4,MacBook Pro (Apple M4 Max),26.5.2 (25F84),arm64,browser_wasm,Google Chrome 151.0.7922.76,webauthn,closest-analogue,0fb5b4aa1398281c2fd3dbe14db147e05b61f201,noir_barretenberg,noir,barretenberg-ultrahonk-wasm-single-thread,@noir-lang/noir_js@1.0.0-beta.19,measured,1,ok,0,1004.135,9414.56,0,10418.72,1388.984375,16000,74003114,73995283,74003114,,input-to-proof-v1,0fb5b4aa1398281c2fd3dbe14db147e05b61f201,"{""bb_js"":""4.2.0-aztecnr-rc.2"",""noir_js"":""1.0.0-beta.19""}","{""raw_evidence_sha256"":""f99d3e5d12736e72ae28f79687f456b24df0dd135f71a7ee8cdb60ab01b53544""}",,"Closest analogue, not equivalent: Noir binds challenge, type, origin, RP-ID hash, flags, and public key; the Circom counterpart omits several bindings.",,,/Users/dcbuilder/Code/world/.worktrees/provekit-v1-cross-device-campaign/target/v1-benchmarks/input-to-proof/mac-chrome/webauthn_closest_analogue__mac_chrome__noir_barretenberg__warm_reuse.json,warm_reuse,10418.72
input-to-proof-v1-20260807,webauthn_closest_analogue__mac_chrome__noir_barretenberg__warm_reuse-2,2026-08-07T17:15:17.999Z,macbook_m4,MacBook Pro (Apple M4 Max),26.5.2 (25F84),arm64,browser_wasm,Google Chrome 151.0.7922.76,webauthn,closest-analogue,0fb5b4aa1398281c2fd3dbe14db147e05b61f201,noir_barretenberg,noir,barretenberg-ultrahonk-wasm-single-thread,@noir-lang/noir_js@1.0.0-beta.19,measured,2,ok,0,1000.75,9393.03,0,10393.81,1388.984375,16000,74003114,73995283,74003114,,input-to-proof-v1,0fb5b4aa1398281c2fd3dbe14db147e05b61f201,"{""bb_js"":""4.2.0-aztecnr-rc.2"",""noir_js"":""1.0.0-beta.19""}","{""raw_evidence_sha256"":""f99d3e5d12736e72ae28f79687f456b24df0dd135f71a7ee8cdb60ab01b53544""}",,"Closest analogue, not equivalent: Noir binds challenge, type, origin, RP-ID hash, flags, and public key; the Circom counterpart omits several bindings.",,,/Users/dcbuilder/Code/world/.worktrees/provekit-v1-cross-device-campaign/target/v1-benchmarks/input-to-proof/mac-chrome/webauthn_closest_analogue__mac_chrome__noir_barretenberg__warm_reuse.json,warm_reuse,10393.81
input-to-proof-v1-20260807,webauthn_closest_analogue__mac_chrome__noir_barretenberg__warm_reuse-3,2026-08-07T17:15:17.999Z,macbook_m4,MacBook Pro (Apple M4 Max),26.5.2 (25F84),arm64,browser_wasm,Google Chrome 151.0.7922.76,webauthn,closest-analogue,0fb5b4aa1398281c2fd3dbe14db147e05b61f201,noir_barretenberg,noir,barretenberg-ultrahonk-wasm-single-thread,@noir-lang/noir_js@1.0.0-beta.19,measured,3,ok,0,992.96,9367.595,0,10360.74,1388.984375,16000,74003114,73995283,74003114,,input-to-proof-v1,0fb5b4aa1398281c2fd3dbe14db147e05b61f201,"{""bb_js"":""4.2.0-aztecnr-rc.2"",""noir_js"":""1.0.0-beta.19""}","{""raw_evidence_sha256"":""f99d3e5d12736e72ae28f79687f456b24df0dd135f71a7ee8cdb60ab01b53544""}",,"Closest analogue, not equivalent: Noir binds challenge, type, origin, RP-ID hash, flags, and public key; the Circom counterpart omits several bindings.",,,/Users/dcbuilder/Code/world/.worktrees/provekit-v1-cross-device-campaign/target/v1-benchmarks/input-to-proof/mac-chrome/webauthn_closest_analogue__mac_chrome__noir_barretenberg__warm_reuse.json,warm_reuse,10360.74
input-to-proof-v1-20260807,webauthn_closest_analogue__mac_chrome__noir_barretenberg__warm_reuse-4,2026-08-07T17:15:17.999Z,macbook_m4,MacBook Pro (Apple M4 Max),26.5.2 (25F84),arm64,browser_wasm,Google Chrome 151.0.7922.76,webauthn,closest-analogue,0fb5b4aa1398281c2fd3dbe14db147e05b61f201,noir_barretenberg,noir,barretenberg-ultrahonk-wasm-single-thread,@noir-lang/noir_js@1.0.0-beta.19,measured,4,ok,0,984.25,9401.005,0,10385.285,1388.984375,16000,74003114,73995283,74003114,,input-to-proof-v1,0fb5b4aa1398281c2fd3dbe14db147e05b61f201,"{""bb_js"":""4.2.0-aztecnr-rc.2"",""noir_js"":""1.0.0-beta.19""}","{""raw_evidence_sha256"":""f99d3e5d12736e72ae28f79687f456b24df0dd135f71a7ee8cdb60ab01b53544""}",,"Closest analogue, not equivalent: Noir binds challenge, type, origin, RP-ID hash, flags, and public key; the Circom counterpart omits several bindings.",,,/Users/dcbuilder/Code/world/.worktrees/provekit-v1-cross-device-campaign/target/v1-benchmarks/input-to-proof/mac-chrome/webauthn_closest_analogue__mac_chrome__noir_barretenberg__warm_reuse.json,warm_reuse,10385.285
input-to-proof-v1-20260807,webauthn_closest_analogue__mac_chrome__noir_barretenberg__warm_reuse-5,2026-08-07T17:15:17.999Z,macbook_m4,MacBook Pro (Apple M4 Max),26.5.2 (25F84),arm64,browser_wasm,Google Chrome 151.0.7922.76,webauthn,closest-analogue,0fb5b4aa1398281c2fd3dbe14db147e05b61f201,noir_barretenberg,noir,barretenberg-ultrahonk-wasm-single-thread,@noir-lang/noir_js@1.0.0-beta.19,measured,5,ok,0,1018.24,9382.185,0,10400.44,1388.984375,16000,74003114,73995283,74003114,,input-to-proof-v1,0fb5b4aa1398281c2fd3dbe14db147e05b61f201,"{""bb_js"":""4.2.0-aztecnr-rc.2"",""noir_js"":""1.0.0-beta.19""}","{""raw_evidence_sha256"":""f99d3e5d12736e72ae28f79687f456b24df0dd135f71a7ee8cdb60ab01b53544""}",,"Closest analogue, not equivalent: Noir binds challenge, type, origin, RP-ID hash, flags, and public key; the Circom counterpart omits several bindings.",,,/Users/dcbuilder/Code/world/.worktrees/provekit-v1-cross-device-campaign/target/v1-benchmarks/input-to-proof/mac-chrome/webauthn_closest_analogue__mac_chrome__noir_barretenberg__warm_reuse.json,warm_reuse,10400.44
input-to-proof-v1-20260807,webauthn_closest_analogue__mac_chrome__circom_groth16__cold_local-0,2026-08-07T17:40:07.664Z,macbook_m4,MacBook Pro (Apple M4 Max),26.5.2 (25F84),arm64,browser_wasm,Google Chrome 151.0.7922.76,webauthn,closest-analogue,0fb5b4aa1398281c2fd3dbe14db147e05b61f201,circom_groth16,circom,snarkjs-groth16-browser-wasm-single-thread,circom-witness-wasm,warmup,0,ok,2.9,60789.1,153769.8,42.5,214561.8,10632.9375,724,1753618376,1733145772,1753618376,,input-to-proof-v1,0fb5b4aa1398281c2fd3dbe14db147e05b61f201,"{""circom"":""2.2.2"",""snarkjs"":""0.7.6""}","{""raw_evidence_sha256"":""230e8560ba13b43008d797675bcd487a253a56d7eec3f837957f626a16e964f2""}",,"Closest analogue, not equivalent: Noir binds challenge, type, origin, RP-ID hash, flags, and public key; the Circom counterpart omits several bindings.",,,/Users/dcbuilder/Code/world/.worktrees/provekit-v1-cross-device-campaign/target/v1-benchmarks/input-to-proof/mac-chrome/webauthn_closest_analogue__mac_chrome__circom_groth16__cold_local.json,cold_local,214561.8
input-to-proof-v1-20260807,webauthn_closest_analogue__mac_chrome__circom_groth16__cold_local-1,2026-08-07T17:40:07.664Z,macbook_m4,MacBook Pro (Apple M4 Max),26.5.2 (25F84),arm64,browser_wasm,Google Chrome 151.0.7922.76,webauthn,closest-analogue,0fb5b4aa1398281c2fd3dbe14db147e05b61f201,circom_groth16,circom,snarkjs-groth16-browser-wasm-single-thread,circom-witness-wasm,measured,1,ok,4.3,60845.5,153344.2,42.1,214194,10811.59375,723,1753618376,1733145772,1753618376,,input-to-proof-v1,0fb5b4aa1398281c2fd3dbe14db147e05b61f201,"{""circom"":""2.2.2"",""snarkjs"":""0.7.6""}","{""raw_evidence_sha256"":""230e8560ba13b43008d797675bcd487a253a56d7eec3f837957f626a16e964f2""}",,"Closest analogue, not equivalent: Noir binds challenge, type, origin, RP-ID hash, flags, and public key; the Circom counterpart omits several bindings.",,,/Users/dcbuilder/Code/world/.worktrees/provekit-v1-cross-device-campaign/target/v1-benchmarks/input-to-proof/mac-chrome/webauthn_closest_analogue__mac_chrome__circom_groth16__cold_local.json,cold_local,214194
input-to-proof-v1-20260807,webauthn_closest_analogue__mac_chrome__circom_groth16__cold_local-2,2026-08-07T17:40:07.664Z,macbook_m4,MacBook Pro (Apple M4 Max),26.5.2 (25F84),arm64,browser_wasm,Google Chrome 151.0.7922.76,webauthn,closest-analogue,0fb5b4aa1398281c2fd3dbe14db147e05b61f201,circom_groth16,circom,snarkjs-groth16-browser-wasm-single-thread,circom-witness-wasm,measured,2,ok,3.3,60769.9,153086.7,41.2,213859.9,10640.71875,722,1753618376,1733145772,1753618376,,input-to-proof-v1,0fb5b4aa1398281c2fd3dbe14db147e05b61f201,"{""circom"":""2.2.2"",""snarkjs"":""0.7.6""}","{""raw_evidence_sha256"":""230e8560ba13b43008d797675bcd487a253a56d7eec3f837957f626a16e964f2""}",,"Closest analogue, not equivalent: Noir binds challenge, type, origin, RP-ID hash, flags, and public key; the Circom counterpart omits several bindings.",,,/Users/dcbuilder/Code/world/.worktrees/provekit-v1-cross-device-campaign/target/v1-benchmarks/input-to-proof/mac-chrome/webauthn_closest_analogue__mac_chrome__circom_groth16__cold_local.json,cold_local,213859.9
input-to-proof-v1-20260807,webauthn_closest_analogue__mac_chrome__circom_groth16__cold_local-3,2026-08-07T17:40:07.664Z,macbook_m4,MacBook Pro (Apple M4 Max),26.5.2 (25F84),arm64,browser_wasm,Google Chrome 151.0.7922.76,webauthn,closest-analogue,0fb5b4aa1398281c2fd3dbe14db147e05b61f201,circom_groth16,circom,snarkjs-groth16-browser-wasm-single-thread,circom-witness-wasm,measured,3,ok,3.5,60862.8,152847.2,41.5,213713.5,10800.390625,725,1753618376,1733145772,1753618376,,input-to-proof-v1,0fb5b4aa1398281c2fd3dbe14db147e05b61f201,"{""circom"":""2.2.2"",""snarkjs"":""0.7.6""}","{""raw_evidence_sha256"":""230e8560ba13b43008d797675bcd487a253a56d7eec3f837957f626a16e964f2""}",,"Closest analogue, not equivalent: Noir binds challenge, type, origin, RP-ID hash, flags, and public key; the Circom counterpart omits several bindings.",,,/Users/dcbuilder/Code/world/.worktrees/provekit-v1-cross-device-campaign/target/v1-benchmarks/input-to-proof/mac-chrome/webauthn_closest_analogue__mac_chrome__circom_groth16__cold_local.json,cold_local,213713.5
input-to-proof-v1-20260807,webauthn_closest_analogue__mac_chrome__circom_groth16__cold_local-4,2026-08-07T17:40:07.664Z,macbook_m4,MacBook Pro (Apple M4 Max),26.5.2 (25F84),arm64,browser_wasm,Google Chrome 151.0.7922.76,webauthn,closest-analogue,0fb5b4aa1398281c2fd3dbe14db147e05b61f201,circom_groth16,circom,snarkjs-groth16-browser-wasm-single-thread,circom-witness-wasm,measured,4,ok,4.9,60718.4,153483.5,41.5,214206.8,10643.8125,724,1753618376,1733145772,1753618376,,input-to-proof-v1,0fb5b4aa1398281c2fd3dbe14db147e05b61f201,"{""circom"":""2.2.2"",""snarkjs"":""0.7.6""}","{""raw_evidence_sha256"":""230e8560ba13b43008d797675bcd487a253a56d7eec3f837957f626a16e964f2""}",,"Closest analogue, not equivalent: Noir binds challenge, type, origin, RP-ID hash, flags, and public key; the Circom counterpart omits several bindings.",,,/Users/dcbuilder/Code/world/.worktrees/provekit-v1-cross-device-campaign/target/v1-benchmarks/input-to-proof/mac-chrome/webauthn_closest_analogue__mac_chrome__circom_groth16__cold_local.json,cold_local,214206.8
input-to-proof-v1-20260807,webauthn_closest_analogue__mac_chrome__circom_groth16__cold_local-5,2026-08-07T17:40:07.664Z,macbook_m4,MacBook Pro (Apple M4 Max),26.5.2 (25F84),arm64,browser_wasm,Google Chrome 151.0.7922.76,webauthn,closest-analogue,0fb5b4aa1398281c2fd3dbe14db147e05b61f201,circom_groth16,circom,snarkjs-groth16-browser-wasm-single-thread,circom-witness-wasm,measured,5,ok,12.3,60921.4,153416.8,41.7,214350.5,10669.96875,725,1753618376,1733145772,1753618376,,input-to-proof-v1,0fb5b4aa1398281c2fd3dbe14db147e05b61f201,"{""circom"":""2.2.2"",""snarkjs"":""0.7.6""}","{""raw_evidence_sha256"":""230e8560ba13b43008d797675bcd487a253a56d7eec3f837957f626a16e964f2""}",,"Closest analogue, not equivalent: Noir binds challenge, type, origin, RP-ID hash, flags, and public key; the Circom counterpart omits several bindings.",,,/Users/dcbuilder/Code/world/.worktrees/provekit-v1-cross-device-campaign/target/v1-benchmarks/input-to-proof/mac-chrome/webauthn_closest_analogue__mac_chrome__circom_groth16__cold_local.json,cold_local,214350.5
input-to-proof-v1-20260807,webauthn_closest_analogue__mac_chrome__circom_groth16__warm_reuse-0,2026-08-07T18:01:29.909Z,macbook_m4,MacBook Pro (Apple M4 Max),26.5.2 (25F84),arm64,browser_wasm,Google Chrome 151.0.7922.76,webauthn,closest-analogue,0fb5b4aa1398281c2fd3dbe14db147e05b61f201,circom_groth16,circom,snarkjs-groth16-browser-wasm-single-thread,circom-witness-wasm,warmup,0,ok,0,60861.4,152867.5,40.8,213729.6,10953.46875,723,1753618376,1733145772,1753618376,,input-to-proof-v1,0fb5b4aa1398281c2fd3dbe14db147e05b61f201,"{""circom"":""2.2.2"",""snarkjs"":""0.7.6""}","{""raw_evidence_sha256"":""169b2396679dfdc87ab586e07adcb48dfea7d1e5965c3d07f8cb83dad3057660""}",,"Closest analogue, not equivalent: Noir binds challenge, type, origin, RP-ID hash, flags, and public key; the Circom counterpart omits several bindings.",,,/Users/dcbuilder/Code/world/.worktrees/provekit-v1-cross-device-campaign/target/v1-benchmarks/input-to-proof/mac-chrome/webauthn_closest_analogue__mac_chrome__circom_groth16__warm_reuse.json,warm_reuse,213729.6
input-to-proof-v1-20260807,webauthn_closest_analogue__mac_chrome__circom_groth16__warm_reuse-1,2026-08-07T18:01:29.909Z,macbook_m4,MacBook Pro (Apple M4 Max),26.5.2 (25F84),arm64,browser_wasm,Google Chrome 151.0.7922.76,webauthn,closest-analogue,0fb5b4aa1398281c2fd3dbe14db147e05b61f201,circom_groth16,circom,snarkjs-groth16-browser-wasm-single-thread,circom-witness-wasm,measured,1,ok,0,60699.7,152742,8.4,213441.8,10953.46875,724,1753618376,1733145772,1753618376,,input-to-proof-v1,0fb5b4aa1398281c2fd3dbe14db147e05b61f201,"{""circom"":""2.2.2"",""snarkjs"":""0.7.6""}","{""raw_evidence_sha256"":""169b2396679dfdc87ab586e07adcb48dfea7d1e5965c3d07f8cb83dad3057660""}",,"Closest analogue, not equivalent: Noir binds challenge, type, origin, RP-ID hash, flags, and public key; the Circom counterpart omits several bindings.",,,/Users/dcbuilder/Code/world/.worktrees/provekit-v1-cross-device-campaign/target/v1-benchmarks/input-to-proof/mac-chrome/webauthn_closest_analogue__mac_chrome__circom_groth16__warm_reuse.json,warm_reuse,213441.8
input-to-proof-v1-20260807,webauthn_closest_analogue__mac_chrome__circom_groth16__warm_reuse-2,2026-08-07T18:01:29.909Z,macbook_m4,MacBook Pro (Apple M4 Max),26.5.2 (25F84),arm64,browser_wasm,Google Chrome 151.0.7922.76,webauthn,closest-analogue,0fb5b4aa1398281c2fd3dbe14db147e05b61f201,circom_groth16,circom,snarkjs-groth16-browser-wasm-single-thread,circom-witness-wasm,measured,2,ok,0,60519.6,152559,6.3,213078.8,10953.46875,722,1753618376,1733145772,1753618376,,input-to-proof-v1,0fb5b4aa1398281c2fd3dbe14db147e05b61f201,"{""circom"":""2.2.2"",""snarkjs"":""0.7.6""}","{""raw_evidence_sha256"":""169b2396679dfdc87ab586e07adcb48dfea7d1e5965c3d07f8cb83dad3057660""}",,"Closest analogue, not equivalent: Noir binds challenge, type, origin, RP-ID hash, flags, and public key; the Circom counterpart omits several bindings.",,,/Users/dcbuilder/Code/world/.worktrees/provekit-v1-cross-device-campaign/target/v1-benchmarks/input-to-proof/mac-chrome/webauthn_closest_analogue__mac_chrome__circom_groth16__warm_reuse.json,warm_reuse,213078.8
input-to-proof-v1-20260807,webauthn_closest_analogue__mac_chrome__circom_groth16__warm_reuse-3,2026-08-07T18:01:29.909Z,macbook_m4,MacBook Pro (Apple M4 Max),26.5.2 (25F84),arm64,browser_wasm,Google Chrome 151.0.7922.76,webauthn,closest-analogue,0fb5b4aa1398281c2fd3dbe14db147e05b61f201,circom_groth16,circom,snarkjs-groth16-browser-wasm-single-thread,circom-witness-wasm,measured,3,ok,0,60605.6,152661.4,6,213267.1,10953.46875,720,1753618376,1733145772,1753618376,,input-to-proof-v1,0fb5b4aa1398281c2fd3dbe14db147e05b61f201,"{""circom"":""2.2.2"",""snarkjs"":""0.7.6""}","{""raw_evidence_sha256"":""169b2396679dfdc87ab586e07adcb48dfea7d1e5965c3d07f8cb83dad3057660""}",,"Closest analogue, not equivalent: Noir binds challenge, type, origin, RP-ID hash, flags, and public key; the Circom counterpart omits several bindings.",,,/Users/dcbuilder/Code/world/.worktrees/provekit-v1-cross-device-campaign/target/v1-benchmarks/input-to-proof/mac-chrome/webauthn_closest_analogue__mac_chrome__circom_groth16__warm_reuse.json,warm_reuse,213267.1
input-to-proof-v1-20260807,webauthn_closest_analogue__mac_chrome__circom_groth16__warm_reuse-4,2026-08-07T18:01:29.909Z,macbook_m4,MacBook Pro (Apple M4 Max),26.5.2 (25F84),arm64,browser_wasm,Google Chrome 151.0.7922.76,webauthn,closest-analogue,0fb5b4aa1398281c2fd3dbe14db147e05b61f201,circom_groth16,circom,snarkjs-groth16-browser-wasm-single-thread,circom-witness-wasm,measured,4,ok,0,60607.8,153069.3,8.4,213677.1,10953.46875,724,1753618376,1733145772,1753618376,,input-to-proof-v1,0fb5b4aa1398281c2fd3dbe14db147e05b61f201,"{""circom"":""2.2.2"",""snarkjs"":""0.7.6""}","{""raw_evidence_sha256"":""169b2396679dfdc87ab586e07adcb48dfea7d1e5965c3d07f8cb83dad3057660""}",,"Closest analogue, not equivalent: Noir binds challenge, type, origin, RP-ID hash, flags, and public key; the Circom counterpart omits several bindings.",,,/Users/dcbuilder/Code/world/.worktrees/provekit-v1-cross-device-campaign/target/v1-benchmarks/input-to-proof/mac-chrome/webauthn_closest_analogue__mac_chrome__circom_groth16__warm_reuse.json,warm_reuse,213677.1
input-to-proof-v1-20260807,webauthn_closest_analogue__mac_chrome__circom_groth16__warm_reuse-5,2026-08-07T18:01:29.909Z,macbook_m4,MacBook Pro (Apple M4 Max),26.5.2 (25F84),arm64,browser_wasm,Google Chrome 151.0.7922.76,webauthn,closest-analogue,0fb5b4aa1398281c2fd3dbe14db147e05b61f201,circom_groth16,circom,snarkjs-groth16-browser-wasm-single-thread,circom-witness-wasm,measured,5,ok,0,60644.4,153119,6.1,213763.5,10953.46875,723,1753618376,1733145772,1753618376,,input-to-proof-v1,0fb5b4aa1398281c2fd3dbe14db147e05b61f201,"{""circom"":""2.2.2"",""snarkjs"":""0.7.6""}","{""raw_evidence_sha256"":""169b2396679dfdc87ab586e07adcb48dfea7d1e5965c3d07f8cb83dad3057660""}",,"Closest analogue, not equivalent: Noir binds challenge, type, origin, RP-ID hash, flags, and public key; the Circom counterpart omits several bindings.",,,/Users/dcbuilder/Code/world/.worktrees/provekit-v1-cross-device-campaign/target/v1-benchmarks/input-to-proof/mac-chrome/webauthn_closest_analogue__mac_chrome__circom_groth16__warm_reuse.json,warm_reuse,213763.5
input-to-proof-v1-20260807,passport_complete_age_check__iphone_se_2022__provekit_v1__cold_local-0,2026-08-09T10:19:40.000Z,iphone_se_2022,iPhone SE 2022,15.4,arm64,ios_native,,passport_complete_age_check,historical-monolithic-age-integrity,9b2a6f37c67691eab4b0cec6c35e35c520e93285,provekit_v1,noir,provekit-v1-whir-native,integrated-noir-beta11-witness,warmup,0,ok,,,5561.899083,,5561.899083,1012.59375,738899,4246785,3974928,4246785,,input-to-proof-v1,9b2a6f37c67691eab4b0cec6c35e35c520e93285,"{""provekit"":""9b2a6f37c67691eab4b0cec6c35e35c520e93285"",""mobench"":""0.1.48"",""noir"":""1.0.0-beta.11""}","{""raw_evidence_sha256"":[{""report_sha256"":""4ea6255262d3053ce332b889d06c5381b4170ef3b39e027f5b6bbe841a27d8eb"",""session_sha256"":""56f2537e2dc9a209678717ce282d613f12881ec6a816694298c0016df140bf3b"",""build_sha256"":""88091bfe4097f9144e3567321552ef37718ad0ee8fae960e5aff9c07161bf9bb""}]}",59ede0a8fdfa8407cb733d42789bee61a31d6891/de6ca216158ba317cfa49a9b2d67fdea5a3afdee,"Historical monolithic Passport age and integrity lane retained separately from the additional exact P1 source pair. Native ProveKit exposes witness generation and proving as one integrated timed operation, so witness_time_ms is intentionally blank.",,,/Users/dcbuilder/Code/world/.worktrees/provekit-v1-cross-device-campaign/target/v1-benchmarks/input-to-proof/iphone/publication/cold/batch/remaining/59ede0a8fdfa8407cb733d42789bee61a31d6891/session-de6ca216158ba317cfa49a9b2d67fdea5a3afdee/bench-report.json,cold_local,5561.899083
input-to-proof-v1-20260807,passport_complete_age_check__iphone_se_2022__provekit_v1__cold_local-1,2026-08-09T10:19:40.000Z,iphone_se_2022,iPhone SE 2022,15.4,arm64,ios_native,,passport_complete_age_check,historical-monolithic-age-integrity,9b2a6f37c67691eab4b0cec6c35e35c520e93285,provekit_v1,noir,provekit-v1-whir-native,integrated-noir-beta11-witness,measured,1,ok,,,6721.897208,,6721.897208,1032.640625,739119,4242061,3970204,4242061,,input-to-proof-v1,9b2a6f37c67691eab4b0cec6c35e35c520e93285,"{""provekit"":""9b2a6f37c67691eab4b0cec6c35e35c520e93285"",""mobench"":""0.1.48"",""noir"":""1.0.0-beta.11""}","{""raw_evidence_sha256"":[{""report_sha256"":""4ea6255262d3053ce332b889d06c5381b4170ef3b39e027f5b6bbe841a27d8eb"",""session_sha256"":""56f2537e2dc9a209678717ce282d613f12881ec6a816694298c0016df140bf3b"",""build_sha256"":""88091bfe4097f9144e3567321552ef37718ad0ee8fae960e5aff9c07161bf9bb""}]}",59ede0a8fdfa8407cb733d42789bee61a31d6891/de6ca216158ba317cfa49a9b2d67fdea5a3afdee,"Historical monolithic Passport age and integrity lane retained separately from the additional exact P1 source pair. Native ProveKit exposes witness generation and proving as one integrated timed operation, so witness_time_ms is intentionally blank.",,,/Users/dcbuilder/Code/world/.worktrees/provekit-v1-cross-device-campaign/target/v1-benchmarks/input-to-proof/iphone/publication/cold/batch/remaining/59ede0a8fdfa8407cb733d42789bee61a31d6891/session-de6ca216158ba317cfa49a9b2d67fdea5a3afdee/bench-report.json,cold_local,6721.897208
input-to-proof-v1-20260807,passport_complete_age_check__iphone_se_2022__provekit_v1__cold_local-2,2026-08-09T10:19:40.000Z,iphone_se_2022,iPhone SE 2022,15.4,arm64,ios_native,,passport_complete_age_check,historical-monolithic-age-integrity,9b2a6f37c67691eab4b0cec6c35e35c520e93285,provekit_v1,noir,provekit-v1-whir-native,integrated-noir-beta11-witness,measured,2,ok,,,6744.484625,,6744.484625,1021.984375,738515,4297357,4025500,4297357,,input-to-proof-v1,9b2a6f37c67691eab4b0cec6c35e35c520e93285,"{""provekit"":""9b2a6f37c67691eab4b0cec6c35e35c520e93285"",""mobench"":""0.1.48"",""noir"":""1.0.0-beta.11""}","{""raw_evidence_sha256"":[{""report_sha256"":""4ea6255262d3053ce332b889d06c5381b4170ef3b39e027f5b6bbe841a27d8eb"",""session_sha256"":""56f2537e2dc9a209678717ce282d613f12881ec6a816694298c0016df140bf3b"",""build_sha256"":""88091bfe4097f9144e3567321552ef37718ad0ee8fae960e5aff9c07161bf9bb""}]}",59ede0a8fdfa8407cb733d42789bee61a31d6891/de6ca216158ba317cfa49a9b2d67fdea5a3afdee,"Historical monolithic Passport age and integrity lane retained separately from the additional exact P1 source pair. Native ProveKit exposes witness generation and proving as one integrated timed operation, so witness_time_ms is intentionally blank.",,,/Users/dcbuilder/Code/world/.worktrees/provekit-v1-cross-device-campaign/target/v1-benchmarks/input-to-proof/iphone/publication/cold/batch/remaining/59ede0a8fdfa8407cb733d42789bee61a31d6891/session-de6ca216158ba317cfa49a9b2d67fdea5a3afdee/bench-report.json,cold_local,6744.484625
input-to-proof-v1-20260807,passport_complete_age_check__iphone_se_2022__provekit_v1__cold_local-3,2026-08-09T10:19:40.000Z,iphone_se_2022,iPhone SE 2022,15.4,arm64,ios_native,,passport_complete_age_check,historical-monolithic-age-integrity,9b2a6f37c67691eab4b0cec6c35e35c520e93285,provekit_v1,noir,provekit-v1-whir-native,integrated-noir-beta11-witness,measured,3,ok,,,6786.961709,,6786.961709,1018.59375,740692,4280029,4008172,4280029,,input-to-proof-v1,9b2a6f37c67691eab4b0cec6c35e35c520e93285,"{""provekit"":""9b2a6f37c67691eab4b0cec6c35e35c520e93285"",""mobench"":""0.1.48"",""noir"":""1.0.0-beta.11""}","{""raw_evidence_sha256"":[{""report_sha256"":""4ea6255262d3053ce332b889d06c5381b4170ef3b39e027f5b6bbe841a27d8eb"",""session_sha256"":""56f2537e2dc9a209678717ce282d613f12881ec6a816694298c0016df140bf3b"",""build_sha256"":""88091bfe4097f9144e3567321552ef37718ad0ee8fae960e5aff9c07161bf9bb""}]}",59ede0a8fdfa8407cb733d42789bee61a31d6891/de6ca216158ba317cfa49a9b2d67fdea5a3afdee,"Historical monolithic Passport age and integrity lane retained separately from the additional exact P1 source pair. Native ProveKit exposes witness generation and proving as one integrated timed operation, so witness_time_ms is intentionally blank.",,,/Users/dcbuilder/Code/world/.worktrees/provekit-v1-cross-device-campaign/target/v1-benchmarks/input-to-proof/iphone/publication/cold/batch/remaining/59ede0a8fdfa8407cb733d42789bee61a31d6891/session-de6ca216158ba317cfa49a9b2d67fdea5a3afdee/bench-report.json,cold_local,6786.961709
input-to-proof-v1-20260807,passport_complete_age_check__iphone_se_2022__provekit_v1__cold_local-4,2026-08-09T10:19:40.000Z,iphone_se_2022,iPhone SE 2022,15.4,arm64,ios_native,,passport_complete_age_check,historical-monolithic-age-integrity,9b2a6f37c67691eab4b0cec6c35e35c520e93285,provekit_v1,noir,provekit-v1-whir-native,integrated-noir-beta11-witness,measured,4,ok,,,7751.007208,,7751.007208,1028.75,739227,4199409,3927552,4199409,,input-to-proof-v1,9b2a6f37c67691eab4b0cec6c35e35c520e93285,"{""provekit"":""9b2a6f37c67691eab4b0cec6c35e35c520e93285"",""mobench"":""0.1.48"",""noir"":""1.0.0-beta.11""}","{""raw_evidence_sha256"":[{""report_sha256"":""4ea6255262d3053ce332b889d06c5381b4170ef3b39e027f5b6bbe841a27d8eb"",""session_sha256"":""56f2537e2dc9a209678717ce282d613f12881ec6a816694298c0016df140bf3b"",""build_sha256"":""88091bfe4097f9144e3567321552ef37718ad0ee8fae960e5aff9c07161bf9bb""}]}",59ede0a8fdfa8407cb733d42789bee61a31d6891/de6ca216158ba317cfa49a9b2d67fdea5a3afdee,"Historical monolithic Passport age and integrity lane retained separately from the additional exact P1 source pair. Native ProveKit exposes witness generation and proving as one integrated timed operation, so witness_time_ms is intentionally blank.",,,/Users/dcbuilder/Code/world/.worktrees/provekit-v1-cross-device-campaign/target/v1-benchmarks/input-to-proof/iphone/publication/cold/batch/remaining/59ede0a8fdfa8407cb733d42789bee61a31d6891/session-de6ca216158ba317cfa49a9b2d67fdea5a3afdee/bench-report.json,cold_local,7751.007208
input-to-proof-v1-20260807,passport_complete_age_check__iphone_se_2022__provekit_v1__cold_local-5,2026-08-09T10:19:40.000Z,iphone_se_2022,iPhone SE 2022,15.4,arm64,ios_native,,passport_complete_age_check,historical-monolithic-age-integrity,9b2a6f37c67691eab4b0cec6c35e35c520e93285,provekit_v1,noir,provekit-v1-whir-native,integrated-noir-beta11-witness,measured,5,ok,,,7404.360792,,7404.360792,1022.75,739919,4237853,3965996,4237853,,input-to-proof-v1,9b2a6f37c67691eab4b0cec6c35e35c520e93285,"{""provekit"":""9b2a6f37c67691eab4b0cec6c35e35c520e93285"",""mobench"":""0.1.48"",""noir"":""1.0.0-beta.11""}","{""raw_evidence_sha256"":[{""report_sha256"":""4ea6255262d3053ce332b889d06c5381b4170ef3b39e027f5b6bbe841a27d8eb"",""session_sha256"":""56f2537e2dc9a209678717ce282d613f12881ec6a816694298c0016df140bf3b"",""build_sha256"":""88091bfe4097f9144e3567321552ef37718ad0ee8fae960e5aff9c07161bf9bb""}]}",59ede0a8fdfa8407cb733d42789bee61a31d6891/de6ca216158ba317cfa49a9b2d67fdea5a3afdee,"Historical monolithic Passport age and integrity lane retained separately from the additional exact P1 source pair. Native ProveKit exposes witness generation and proving as one integrated timed operation, so witness_time_ms is intentionally blank.",,,/Users/dcbuilder/Code/world/.worktrees/provekit-v1-cross-device-campaign/target/v1-benchmarks/input-to-proof/iphone/publication/cold/batch/remaining/59ede0a8fdfa8407cb733d42789bee61a31d6891/session-de6ca216158ba317cfa49a9b2d67fdea5a3afdee/bench-report.json,cold_local,7404.360792
input-to-proof-v1-20260807,passport_complete_age_check__iphone_se_2022__provekit_v1__warm_reuse-0,2026-08-07T21:03:35.000Z,iphone_se_2022,iPhone SE 2022,15.4,arm64,ios_native,,passport_complete_age_check,historical-monolithic-age-integrity,9b2a6f37c67691eab4b0cec6c35e35c520e93285,provekit_v1,noir,provekit-v1-whir-native,integrated-noir-beta11-witness,warmup,0,ok,,,4706.155042,,4706.155042,,737829,4221081,3949224,4221081,,input-to-proof-v1,9b2a6f37c67691eab4b0cec6c35e35c520e93285,"{""provekit"":""9b2a6f37c67691eab4b0cec6c35e35c520e93285"",""mobench"":""0.1.48"",""noir"":""1.0.0-beta.11""}","{""raw_evidence_sha256"":[{""report_sha256"":""0d3d105010ead7fb5ef86da72e94a1489166ac35dc169c9dccab4fa79a515b8e"",""session_sha256"":""0334b48f738cc964eafa3eaab9e26c79a5088f57b719f4c6be97d0611a5c748a"",""build_sha256"":""dc73d7976573897e7a4291583df02bad092a6911790a4870801bf1b5cd74a938""}]}",b1e5ccd3fa7556b2b15a9ff1cde3484e154c5bd9/39065e1bd4344ac23a8cb16d6c09574f81591946,"Historical monolithic Passport age and integrity lane retained separately from the additional exact P1 source pair. Native ProveKit exposes witness generation and proving as one integrated timed operation, so witness_time_ms is intentionally blank.",,,/Users/dcbuilder/Code/world/.worktrees/provekit-v1-cross-device-campaign/target/v1-benchmarks/input-to-proof/iphone/publication/warm/provekit/browserstack/b1e5ccd3fa7556b2b15a9ff1cde3484e154c5bd9/session-39065e1bd4344ac23a8cb16d6c09574f81591946/bench-report.json,warm_reuse,4706.155042
input-to-proof-v1-20260807,passport_complete_age_check__iphone_se_2022__provekit_v1__warm_reuse-1,2026-08-07T21:03:35.000Z,iphone_se_2022,iPhone SE 2022,15.4,arm64,ios_native,,passport_complete_age_check,historical-monolithic-age-integrity,9b2a6f37c67691eab4b0cec6c35e35c520e93285,provekit_v1,noir,provekit-v1-whir-native,integrated-noir-beta11-witness,measured,1,ok,,,6449.621417,,6449.621417,1036.625,741414,4221081,3949224,4221081,,input-to-proof-v1,9b2a6f37c67691eab4b0cec6c35e35c520e93285,"{""provekit"":""9b2a6f37c67691eab4b0cec6c35e35c520e93285"",""mobench"":""0.1.48"",""noir"":""1.0.0-beta.11""}","{""raw_evidence_sha256"":[{""report_sha256"":""0d3d105010ead7fb5ef86da72e94a1489166ac35dc169c9dccab4fa79a515b8e"",""session_sha256"":""0334b48f738cc964eafa3eaab9e26c79a5088f57b719f4c6be97d0611a5c748a"",""build_sha256"":""dc73d7976573897e7a4291583df02bad092a6911790a4870801bf1b5cd74a938""}]}",b1e5ccd3fa7556b2b15a9ff1cde3484e154c5bd9/39065e1bd4344ac23a8cb16d6c09574f81591946,"Historical monolithic Passport age and integrity lane retained separately from the additional exact P1 source pair. Native ProveKit exposes witness generation and proving as one integrated timed operation, so witness_time_ms is intentionally blank.",,,/Users/dcbuilder/Code/world/.worktrees/provekit-v1-cross-device-campaign/target/v1-benchmarks/input-to-proof/iphone/publication/warm/provekit/browserstack/b1e5ccd3fa7556b2b15a9ff1cde3484e154c5bd9/session-39065e1bd4344ac23a8cb16d6c09574f81591946/bench-report.json,warm_reuse,6449.621417
input-to-proof-v1-20260807,passport_complete_age_check__iphone_se_2022__provekit_v1__warm_reuse-2,2026-08-07T21:03:35.000Z,iphone_se_2022,iPhone SE 2022,15.4,arm64,ios_native,,passport_complete_age_check,historical-monolithic-age-integrity,9b2a6f37c67691eab4b0cec6c35e35c520e93285,provekit_v1,noir,provekit-v1-whir-native,integrated-noir-beta11-witness,measured,2,ok,,,6485.354208,,6485.354208,1058.1875,739392,4221081,3949224,4221081,,input-to-proof-v1,9b2a6f37c67691eab4b0cec6c35e35c520e93285,"{""provekit"":""9b2a6f37c67691eab4b0cec6c35e35c520e93285"",""mobench"":""0.1.48"",""noir"":""1.0.0-beta.11""}","{""raw_evidence_sha256"":[{""report_sha256"":""0d3d105010ead7fb5ef86da72e94a1489166ac35dc169c9dccab4fa79a515b8e"",""session_sha256"":""0334b48f738cc964eafa3eaab9e26c79a5088f57b719f4c6be97d0611a5c748a"",""build_sha256"":""dc73d7976573897e7a4291583df02bad092a6911790a4870801bf1b5cd74a938""}]}",b1e5ccd3fa7556b2b15a9ff1cde3484e154c5bd9/39065e1bd4344ac23a8cb16d6c09574f81591946,"Historical monolithic Passport age and integrity lane retained separately from the additional exact P1 source pair. Native ProveKit exposes witness generation and proving as one integrated timed operation, so witness_time_ms is intentionally blank.",,,/Users/dcbuilder/Code/world/.worktrees/provekit-v1-cross-device-campaign/target/v1-benchmarks/input-to-proof/iphone/publication/warm/provekit/browserstack/b1e5ccd3fa7556b2b15a9ff1cde3484e154c5bd9/session-39065e1bd4344ac23a8cb16d6c09574f81591946/bench-report.json,warm_reuse,6485.354208
input-to-proof-v1-20260807,passport_complete_age_check__iphone_se_2022__provekit_v1__warm_reuse-3,2026-08-07T21:03:35.000Z,iphone_se_2022,iPhone SE 2022,15.4,arm64,ios_native,,passport_complete_age_check,historical-monolithic-age-integrity,9b2a6f37c67691eab4b0cec6c35e35c520e93285,provekit_v1,noir,provekit-v1-whir-native,integrated-noir-beta11-witness,measured,3,ok,,,6428.335125,,6428.335125,1074,740525,4221081,3949224,4221081,,input-to-proof-v1,9b2a6f37c67691eab4b0cec6c35e35c520e93285,"{""provekit"":""9b2a6f37c67691eab4b0cec6c35e35c520e93285"",""mobench"":""0.1.48"",""noir"":""1.0.0-beta.11""}","{""raw_evidence_sha256"":[{""report_sha256"":""0d3d105010ead7fb5ef86da72e94a1489166ac35dc169c9dccab4fa79a515b8e"",""session_sha256"":""0334b48f738cc964eafa3eaab9e26c79a5088f57b719f4c6be97d0611a5c748a"",""build_sha256"":""dc73d7976573897e7a4291583df02bad092a6911790a4870801bf1b5cd74a938""}]}",b1e5ccd3fa7556b2b15a9ff1cde3484e154c5bd9/39065e1bd4344ac23a8cb16d6c09574f81591946,"Historical monolithic Passport age and integrity lane retained separately from the additional exact P1 source pair. Native ProveKit exposes witness generation and proving as one integrated timed operation, so witness_time_ms is intentionally blank.",,,/Users/dcbuilder/Code/world/.worktrees/provekit-v1-cross-device-campaign/target/v1-benchmarks/input-to-proof/iphone/publication/warm/provekit/browserstack/b1e5ccd3fa7556b2b15a9ff1cde3484e154c5bd9/session-39065e1bd4344ac23a8cb16d6c09574f81591946/bench-report.json,warm_reuse,6428.335125
input-to-proof-v1-20260807,passport_complete_age_check__iphone_se_2022__provekit_v1__warm_reuse-4,2026-08-07T21:03:35.000Z,iphone_se_2022,iPhone SE 2022,15.4,arm64,ios_native,,passport_complete_age_check,historical-monolithic-age-integrity,9b2a6f37c67691eab4b0cec6c35e35c520e93285,provekit_v1,noir,provekit-v1-whir-native,integrated-noir-beta11-witness,measured,4,ok,,,6479.023709,,6479.023709,1090.65625,738544,4221081,3949224,4221081,,input-to-proof-v1,9b2a6f37c67691eab4b0cec6c35e35c520e93285,"{""provekit"":""9b2a6f37c67691eab4b0cec6c35e35c520e93285"",""mobench"":""0.1.48"",""noir"":""1.0.0-beta.11""}","{""raw_evidence_sha256"":[{""report_sha256"":""0d3d105010ead7fb5ef86da72e94a1489166ac35dc169c9dccab4fa79a515b8e"",""session_sha256"":""0334b48f738cc964eafa3eaab9e26c79a5088f57b719f4c6be97d0611a5c748a"",""build_sha256"":""dc73d7976573897e7a4291583df02bad092a6911790a4870801bf1b5cd74a938""}]}",b1e5ccd3fa7556b2b15a9ff1cde3484e154c5bd9/39065e1bd4344ac23a8cb16d6c09574f81591946,"Historical monolithic Passport age and integrity lane retained separately from the additional exact P1 source pair. Native ProveKit exposes witness generation and proving as one integrated timed operation, so witness_time_ms is intentionally blank.",,,/Users/dcbuilder/Code/world/.worktrees/provekit-v1-cross-device-campaign/target/v1-benchmarks/input-to-proof/iphone/publication/warm/provekit/browserstack/b1e5ccd3fa7556b2b15a9ff1cde3484e154c5bd9/session-39065e1bd4344ac23a8cb16d6c09574f81591946/bench-report.json,warm_reuse,6479.023709
input-to-proof-v1-20260807,passport_complete_age_check__iphone_se_2022__provekit_v1__warm_reuse-5,2026-08-07T21:03:35.000Z,iphone_se_2022,iPhone SE 2022,15.4,arm64,ios_native,,passport_complete_age_check,historical-monolithic-age-integrity,9b2a6f37c67691eab4b0cec6c35e35c520e93285,provekit_v1,noir,provekit-v1-whir-native,integrated-noir-beta11-witness,measured,5,ok,,,6415.690167,,6415.690167,1096.0625,742373,4221081,3949224,4221081,,input-to-proof-v1,9b2a6f37c67691eab4b0cec6c35e35c520e93285,"{""provekit"":""9b2a6f37c67691eab4b0cec6c35e35c520e93285"",""mobench"":""0.1.48"",""noir"":""1.0.0-beta.11""}","{""raw_evidence_sha256"":[{""report_sha256"":""0d3d105010ead7fb5ef86da72e94a1489166ac35dc169c9dccab4fa79a515b8e"",""session_sha256"":""0334b48f738cc964eafa3eaab9e26c79a5088f57b719f4c6be97d0611a5c748a"",""build_sha256"":""dc73d7976573897e7a4291583df02bad092a6911790a4870801bf1b5cd74a938""}]}",b1e5ccd3fa7556b2b15a9ff1cde3484e154c5bd9/39065e1bd4344ac23a8cb16d6c09574f81591946,"Historical monolithic Passport age and integrity lane retained separately from the additional exact P1 source pair. Native ProveKit exposes witness generation and proving as one integrated timed operation, so witness_time_ms is intentionally blank.",,,/Users/dcbuilder/Code/world/.worktrees/provekit-v1-cross-device-campaign/target/v1-benchmarks/input-to-proof/iphone/publication/warm/provekit/browserstack/b1e5ccd3fa7556b2b15a9ff1cde3484e154c5bd9/session-39065e1bd4344ac23a8cb16d6c09574f81591946/bench-report.json,warm_reuse,6415.690167
input-to-proof-v1-20260807,passport_complete_age_check__iphone_se_2022__noir_barretenberg__cold_local-0,2026-08-09T10:54:13.000Z,iphone_se_2022,iPhone SE 2022,15.4,arm64,ios_native,,passport_complete_age_check,historical-monolithic-age-integrity,9b2a6f37c67691eab4b0cec6c35e35c520e93285,noir_barretenberg,noir,barretenberg-rs-4.2.0-aztecnr-rc.2,acvm-beta19,warmup,0,ok,,452.420083,6643.58075,,7096.001,862.4375,16100,270482218,270465982,270482218,,input-to-proof-v1,9b2a6f37c67691eab4b0cec6c35e35c520e93285,"{""mopro"":""0.3.7"",""barretenberg_rs"":""4.2.0-aztecnr-rc.2"",""noir"":""1.0.0-beta.19""}","{""raw_evidence_sha256"":[{""report_sha256"":""a8396e36494447199bc887a4b9b384ef9d287a50955df684ea719045b0e19547"",""session_sha256"":""269d645c36f3044ca24661bce576315479866988232930de7ed4bf0a7dcff8b8"",""build_sha256"":""2cba1dbb861a5af2a723f9a929598c8a9a94e640a63535bac2a9ae29c4dab644""}]}",3ecb537628abb1a3d2adeca3b8a96323d1543548/848c866210b16592d24339c5fa3beb73b4d4a254,Historical monolithic Passport age and integrity lane retained separately from the additional exact P1 source pair.,,,/Users/dcbuilder/Code/world/.worktrees/provekit-v1-cross-device-campaign/target/v1-benchmarks/input-to-proof/iphone/publication/cold/batch/remaining/3ecb537628abb1a3d2adeca3b8a96323d1543548/session-848c866210b16592d24339c5fa3beb73b4d4a254/bench-report.json,cold_local,7096.001
input-to-proof-v1-20260807,passport_complete_age_check__iphone_se_2022__noir_barretenberg__cold_local-1,2026-08-09T10:54:13.000Z,iphone_se_2022,iPhone SE 2022,15.4,arm64,ios_native,,passport_complete_age_check,historical-monolithic-age-integrity,9b2a6f37c67691eab4b0cec6c35e35c520e93285,noir_barretenberg,noir,barretenberg-rs-4.2.0-aztecnr-rc.2,acvm-beta19,measured,1,ok,,503.480542,7514.892833,,8018.373459,859.15625,16100,270482218,270465982,270482218,,input-to-proof-v1,9b2a6f37c67691eab4b0cec6c35e35c520e93285,"{""mopro"":""0.3.7"",""barretenberg_rs"":""4.2.0-aztecnr-rc.2"",""noir"":""1.0.0-beta.19""}","{""raw_evidence_sha256"":[{""report_sha256"":""a8396e36494447199bc887a4b9b384ef9d287a50955df684ea719045b0e19547"",""session_sha256"":""269d645c36f3044ca24661bce576315479866988232930de7ed4bf0a7dcff8b8"",""build_sha256"":""2cba1dbb861a5af2a723f9a929598c8a9a94e640a63535bac2a9ae29c4dab644""}]}",3ecb537628abb1a3d2adeca3b8a96323d1543548/848c866210b16592d24339c5fa3beb73b4d4a254,Historical monolithic Passport age and integrity lane retained separately from the additional exact P1 source pair.,,,/Users/dcbuilder/Code/world/.worktrees/provekit-v1-cross-device-campaign/target/v1-benchmarks/input-to-proof/iphone/publication/cold/batch/remaining/3ecb537628abb1a3d2adeca3b8a96323d1543548/session-848c866210b16592d24339c5fa3beb73b4d4a254/bench-report.json,cold_local,8018.373459
input-to-proof-v1-20260807,passport_complete_age_check__iphone_se_2022__noir_barretenberg__cold_local-2,2026-08-09T10:54:13.000Z,iphone_se_2022,iPhone SE 2022,15.4,arm64,ios_native,,passport_complete_age_check,historical-monolithic-age-integrity,9b2a6f37c67691eab4b0cec6c35e35c520e93285,noir_barretenberg,noir,barretenberg-rs-4.2.0-aztecnr-rc.2,acvm-beta19,measured,2,ok,,503.247291,7648.712417,,8151.95975,872.140625,16100,270482218,270465982,270482218,,input-to-proof-v1,9b2a6f37c67691eab4b0cec6c35e35c520e93285,"{""mopro"":""0.3.7"",""barretenberg_rs"":""4.2.0-aztecnr-rc.2"",""noir"":""1.0.0-beta.19""}","{""raw_evidence_sha256"":[{""report_sha256"":""a8396e36494447199bc887a4b9b384ef9d287a50955df684ea719045b0e19547"",""session_sha256"":""269d645c36f3044ca24661bce576315479866988232930de7ed4bf0a7dcff8b8"",""build_sha256"":""2cba1dbb861a5af2a723f9a929598c8a9a94e640a63535bac2a9ae29c4dab644""}]}",3ecb537628abb1a3d2adeca3b8a96323d1543548/848c866210b16592d24339c5fa3beb73b4d4a254,Historical monolithic Passport age and integrity lane retained separately from the additional exact P1 source pair.,,,/Users/dcbuilder/Code/world/.worktrees/provekit-v1-cross-device-campaign/target/v1-benchmarks/input-to-proof/iphone/publication/cold/batch/remaining/3ecb537628abb1a3d2adeca3b8a96323d1543548/session-848c866210b16592d24339c5fa3beb73b4d4a254/bench-report.json,cold_local,8151.95975
input-to-proof-v1-20260807,passport_complete_age_check__iphone_se_2022__noir_barretenberg__cold_local-3,2026-08-09T10:54:13.000Z,iphone_se_2022,iPhone SE 2022,15.4,arm64,ios_native,,passport_complete_age_check,historical-monolithic-age-integrity,9b2a6f37c67691eab4b0cec6c35e35c520e93285,noir_barretenberg,noir,barretenberg-rs-4.2.0-aztecnr-rc.2,acvm-beta19,measured,3,ok,,503.200875,7473.9845,,7977.1855,857.0625,16100,270482218,270465982,270482218,,input-to-proof-v1,9b2a6f37c67691eab4b0cec6c35e35c520e93285,"{""mopro"":""0.3.7"",""barretenberg_rs"":""4.2.0-aztecnr-rc.2"",""noir"":""1.0.0-beta.19""}","{""raw_evidence_sha256"":[{""report_sha256"":""a8396e36494447199bc887a4b9b384ef9d287a50955df684ea719045b0e19547"",""session_sha256"":""269d645c36f3044ca24661bce576315479866988232930de7ed4bf0a7dcff8b8"",""build_sha256"":""2cba1dbb861a5af2a723f9a929598c8a9a94e640a63535bac2a9ae29c4dab644""}]}",3ecb537628abb1a3d2adeca3b8a96323d1543548/848c866210b16592d24339c5fa3beb73b4d4a254,Historical monolithic Passport age and integrity lane retained separately from the additional exact P1 source pair.,,,/Users/dcbuilder/Code/world/.worktrees/provekit-v1-cross-device-campaign/target/v1-benchmarks/input-to-proof/iphone/publication/cold/batch/remaining/3ecb537628abb1a3d2adeca3b8a96323d1543548/session-848c866210b16592d24339c5fa3beb73b4d4a254/bench-report.json,cold_local,7977.1855
input-to-proof-v1-20260807,passport_complete_age_check__iphone_se_2022__noir_barretenberg__cold_local-4,2026-08-09T10:54:13.000Z,iphone_se_2022,iPhone SE 2022,15.4,arm64,ios_native,,passport_complete_age_check,historical-monolithic-age-integrity,9b2a6f37c67691eab4b0cec6c35e35c520e93285,noir_barretenberg,noir,barretenberg-rs-4.2.0-aztecnr-rc.2,acvm-beta19,measured,4,ok,,521.086042,7572.189625,,8093.275709,853.5,16100,270482218,270465982,270482218,,input-to-proof-v1,9b2a6f37c67691eab4b0cec6c35e35c520e93285,"{""mopro"":""0.3.7"",""barretenberg_rs"":""4.2.0-aztecnr-rc.2"",""noir"":""1.0.0-beta.19""}","{""raw_evidence_sha256"":[{""report_sha256"":""a8396e36494447199bc887a4b9b384ef9d287a50955df684ea719045b0e19547"",""session_sha256"":""269d645c36f3044ca24661bce576315479866988232930de7ed4bf0a7dcff8b8"",""build_sha256"":""2cba1dbb861a5af2a723f9a929598c8a9a94e640a63535bac2a9ae29c4dab644""}]}",3ecb537628abb1a3d2adeca3b8a96323d1543548/848c866210b16592d24339c5fa3beb73b4d4a254,Historical monolithic Passport age and integrity lane retained separately from the additional exact P1 source pair.,,,/Users/dcbuilder/Code/world/.worktrees/provekit-v1-cross-device-campaign/target/v1-benchmarks/input-to-proof/iphone/publication/cold/batch/remaining/3ecb537628abb1a3d2adeca3b8a96323d1543548/session-848c866210b16592d24339c5fa3beb73b4d4a254/bench-report.json,cold_local,8093.275709
input-to-proof-v1-20260807,passport_complete_age_check__iphone_se_2022__noir_barretenberg__cold_local-5,2026-08-09T10:54:13.000Z,iphone_se_2022,iPhone SE 2022,15.4,arm64,ios_native,,passport_complete_age_check,historical-monolithic-age-integrity,9b2a6f37c67691eab4b0cec6c35e35c520e93285,noir_barretenberg,noir,barretenberg-rs-4.2.0-aztecnr-rc.2,acvm-beta19,measured,5,ok,,503.777375,7113.808542,,7617.586041,855.5,16100,270482218,270465982,270482218,,input-to-proof-v1,9b2a6f37c67691eab4b0cec6c35e35c520e93285,"{""mopro"":""0.3.7"",""barretenberg_rs"":""4.2.0-aztecnr-rc.2"",""noir"":""1.0.0-beta.19""}","{""raw_evidence_sha256"":[{""report_sha256"":""a8396e36494447199bc887a4b9b384ef9d287a50955df684ea719045b0e19547"",""session_sha256"":""269d645c36f3044ca24661bce576315479866988232930de7ed4bf0a7dcff8b8"",""build_sha256"":""2cba1dbb861a5af2a723f9a929598c8a9a94e640a63535bac2a9ae29c4dab644""}]}",3ecb537628abb1a3d2adeca3b8a96323d1543548/848c866210b16592d24339c5fa3beb73b4d4a254,Historical monolithic Passport age and integrity lane retained separately from the additional exact P1 source pair.,,,/Users/dcbuilder/Code/world/.worktrees/provekit-v1-cross-device-campaign/target/v1-benchmarks/input-to-proof/iphone/publication/cold/batch/remaining/3ecb537628abb1a3d2adeca3b8a96323d1543548/session-848c866210b16592d24339c5fa3beb73b4d4a254/bench-report.json,cold_local,7617.586041
input-to-proof-v1-20260807,passport_complete_age_check__iphone_se_2022__noir_barretenberg__warm_reuse-0,2026-08-07T21:14:12.000Z,iphone_se_2022,iPhone SE 2022,15.4,arm64,ios_native,,passport_complete_age_check,historical-monolithic-age-integrity,9b2a6f37c67691eab4b0cec6c35e35c520e93285,noir_barretenberg,noir,barretenberg-rs-4.2.0-aztecnr-rc.2,acvm-beta19,warmup,0,ok,,457.751292,7447.586333,,7905.337833,,16100,270482218,270465982,270482218,,input-to-proof-v1,9b2a6f37c67691eab4b0cec6c35e35c520e93285,"{""mopro"":""0.3.7"",""barretenberg_rs"":""4.2.0-aztecnr-rc.2"",""noir"":""1.0.0-beta.19""}","{""raw_evidence_sha256"":[{""report_sha256"":""fb4ddd25d9e988d65d1ec2bfc7cd3ca04014528c52369e97cf9979eed061ee20"",""session_sha256"":""f3021c1620053b2d3a47c69d02f79c9524a853f4a8a9615fca65391cb0e9a543"",""build_sha256"":""b8dd725870051fa3522e746d1111b82a2cfa1c0bfd140471cc1d78f3e782cd5f""}]}",4859c9ff6d9c01236cdd5246bb4062d982187dbd/9e106c9f7e6a90f732d65d2d0d1554ad71a9cef2,Historical monolithic Passport age and integrity lane retained separately from the additional exact P1 source pair.,,,/Users/dcbuilder/Code/world/.worktrees/provekit-v1-cross-device-campaign/target/v1-benchmarks/input-to-proof/iphone/publication/warm/noir/browserstack/4859c9ff6d9c01236cdd5246bb4062d982187dbd/session-9e106c9f7e6a90f732d65d2d0d1554ad71a9cef2/bench-report.json,warm_reuse,7905.337833
input-to-proof-v1-20260807,passport_complete_age_check__iphone_se_2022__noir_barretenberg__warm_reuse-1,2026-08-07T21:14:12.000Z,iphone_se_2022,iPhone SE 2022,15.4,arm64,ios_native,,passport_complete_age_check,historical-monolithic-age-integrity,9b2a6f37c67691eab4b0cec6c35e35c520e93285,noir_barretenberg,noir,barretenberg-rs-4.2.0-aztecnr-rc.2,acvm-beta19,measured,1,ok,,482.815042,7496.62,,7979.435125,884.5625,16100,270482218,270465982,270482218,,input-to-proof-v1,9b2a6f37c67691eab4b0cec6c35e35c520e93285,"{""mopro"":""0.3.7"",""barretenberg_rs"":""4.2.0-aztecnr-rc.2"",""noir"":""1.0.0-beta.19""}","{""raw_evidence_sha256"":[{""report_sha256"":""fb4ddd25d9e988d65d1ec2bfc7cd3ca04014528c52369e97cf9979eed061ee20"",""session_sha256"":""f3021c1620053b2d3a47c69d02f79c9524a853f4a8a9615fca65391cb0e9a543"",""build_sha256"":""b8dd725870051fa3522e746d1111b82a2cfa1c0bfd140471cc1d78f3e782cd5f""}]}",4859c9ff6d9c01236cdd5246bb4062d982187dbd/9e106c9f7e6a90f732d65d2d0d1554ad71a9cef2,Historical monolithic Passport age and integrity lane retained separately from the additional exact P1 source pair.,,,/Users/dcbuilder/Code/world/.worktrees/provekit-v1-cross-device-campaign/target/v1-benchmarks/input-to-proof/iphone/publication/warm/noir/browserstack/4859c9ff6d9c01236cdd5246bb4062d982187dbd/session-9e106c9f7e6a90f732d65d2d0d1554ad71a9cef2/bench-report.json,warm_reuse,7979.435125
input-to-proof-v1-20260807,passport_complete_age_check__iphone_se_2022__noir_barretenberg__warm_reuse-2,2026-08-07T21:14:12.000Z,iphone_se_2022,iPhone SE 2022,15.4,arm64,ios_native,,passport_complete_age_check,historical-monolithic-age-integrity,9b2a6f37c67691eab4b0cec6c35e35c520e93285,noir_barretenberg,noir,barretenberg-rs-4.2.0-aztecnr-rc.2,acvm-beta19,measured,2,ok,,515.780959,7643.547334,,8159.328416,891.953125,16100,270482218,270465982,270482218,,input-to-proof-v1,9b2a6f37c67691eab4b0cec6c35e35c520e93285,"{""mopro"":""0.3.7"",""barretenberg_rs"":""4.2.0-aztecnr-rc.2"",""noir"":""1.0.0-beta.19""}","{""raw_evidence_sha256"":[{""report_sha256"":""fb4ddd25d9e988d65d1ec2bfc7cd3ca04014528c52369e97cf9979eed061ee20"",""session_sha256"":""f3021c1620053b2d3a47c69d02f79c9524a853f4a8a9615fca65391cb0e9a543"",""build_sha256"":""b8dd725870051fa3522e746d1111b82a2cfa1c0bfd140471cc1d78f3e782cd5f""}]}",4859c9ff6d9c01236cdd5246bb4062d982187dbd/9e106c9f7e6a90f732d65d2d0d1554ad71a9cef2,Historical monolithic Passport age and integrity lane retained separately from the additional exact P1 source pair.,,,/Users/dcbuilder/Code/world/.worktrees/provekit-v1-cross-device-campaign/target/v1-benchmarks/input-to-proof/iphone/publication/warm/noir/browserstack/4859c9ff6d9c01236cdd5246bb4062d982187dbd/session-9e106c9f7e6a90f732d65d2d0d1554ad71a9cef2/bench-report.json,warm_reuse,8159.328416
input-to-proof-v1-20260807,passport_complete_age_check__iphone_se_2022__noir_barretenberg__warm_reuse-3,2026-08-07T21:14:12.000Z,iphone_se_2022,iPhone SE 2022,15.4,arm64,ios_native,,passport_complete_age_check,historical-monolithic-age-integrity,9b2a6f37c67691eab4b0cec6c35e35c520e93285,noir_barretenberg,noir,barretenberg-rs-4.2.0-aztecnr-rc.2,acvm-beta19,measured,3,ok,,504.39725,7713.985542,,8218.382875,891.890625,16100,270482218,270465982,270482218,,input-to-proof-v1,9b2a6f37c67691eab4b0cec6c35e35c520e93285,"{""mopro"":""0.3.7"",""barretenberg_rs"":""4.2.0-aztecnr-rc.2"",""noir"":""1.0.0-beta.19""}","{""raw_evidence_sha256"":[{""report_sha256"":""fb4ddd25d9e988d65d1ec2bfc7cd3ca04014528c52369e97cf9979eed061ee20"",""session_sha256"":""f3021c1620053b2d3a47c69d02f79c9524a853f4a8a9615fca65391cb0e9a543"",""build_sha256"":""b8dd725870051fa3522e746d1111b82a2cfa1c0bfd140471cc1d78f3e782cd5f""}]}",4859c9ff6d9c01236cdd5246bb4062d982187dbd/9e106c9f7e6a90f732d65d2d0d1554ad71a9cef2,Historical monolithic Passport age and integrity lane retained separately from the additional exact P1 source pair.,,,/Users/dcbuilder/Code/world/.worktrees/provekit-v1-cross-device-campaign/target/v1-benchmarks/input-to-proof/iphone/publication/warm/noir/browserstack/4859c9ff6d9c01236cdd5246bb4062d982187dbd/session-9e106c9f7e6a90f732d65d2d0d1554ad71a9cef2/bench-report.json,warm_reuse,8218.382875
input-to-proof-v1-20260807,passport_complete_age_check__iphone_se_2022__noir_barretenberg__warm_reuse-4,2026-08-07T21:14:12.000Z,iphone_se_2022,iPhone SE 2022,15.4,arm64,ios_native,,passport_complete_age_check,historical-monolithic-age-integrity,9b2a6f37c67691eab4b0cec6c35e35c520e93285,noir_barretenberg,noir,barretenberg-rs-4.2.0-aztecnr-rc.2,acvm-beta19,measured,4,ok,,511.586792,7285.887125,,7797.474042,891.96875,16100,270482218,270465982,270482218,,input-to-proof-v1,9b2a6f37c67691eab4b0cec6c35e35c520e93285,"{""mopro"":""0.3.7"",""barretenberg_rs"":""4.2.0-aztecnr-rc.2"",""noir"":""1.0.0-beta.19""}","{""raw_evidence_sha256"":[{""report_sha256"":""fb4ddd25d9e988d65d1ec2bfc7cd3ca04014528c52369e97cf9979eed061ee20"",""session_sha256"":""f3021c1620053b2d3a47c69d02f79c9524a853f4a8a9615fca65391cb0e9a543"",""build_sha256"":""b8dd725870051fa3522e746d1111b82a2cfa1c0bfd140471cc1d78f3e782cd5f""}]}",4859c9ff6d9c01236cdd5246bb4062d982187dbd/9e106c9f7e6a90f732d65d2d0d1554ad71a9cef2,Historical monolithic Passport age and integrity lane retained separately from the additional exact P1 source pair.,,,/Users/dcbuilder/Code/world/.worktrees/provekit-v1-cross-device-campaign/target/v1-benchmarks/input-to-proof/iphone/publication/warm/noir/browserstack/4859c9ff6d9c01236cdd5246bb4062d982187dbd/session-9e106c9f7e6a90f732d65d2d0d1554ad71a9cef2/bench-report.json,warm_reuse,7797.474042
input-to-proof-v1-20260807,passport_complete_age_check__iphone_se_2022__noir_barretenberg__warm_reuse-5,2026-08-07T21:14:12.000Z,iphone_se_2022,iPhone SE 2022,15.4,arm64,ios_native,,passport_complete_age_check,historical-monolithic-age-integrity,9b2a6f37c67691eab4b0cec6c35e35c520e93285,noir_barretenberg,noir,barretenberg-rs-4.2.0-aztecnr-rc.2,acvm-beta19,measured,5,ok,,509.84,7720.695958,,8230.536,891.921875,16100,270482218,270465982,270482218,,input-to-proof-v1,9b2a6f37c67691eab4b0cec6c35e35c520e93285,"{""mopro"":""0.3.7"",""barretenberg_rs"":""4.2.0-aztecnr-rc.2"",""noir"":""1.0.0-beta.19""}","{""raw_evidence_sha256"":[{""report_sha256"":""fb4ddd25d9e988d65d1ec2bfc7cd3ca04014528c52369e97cf9979eed061ee20"",""session_sha256"":""f3021c1620053b2d3a47c69d02f79c9524a853f4a8a9615fca65391cb0e9a543"",""build_sha256"":""b8dd725870051fa3522e746d1111b82a2cfa1c0bfd140471cc1d78f3e782cd5f""}]}",4859c9ff6d9c01236cdd5246bb4062d982187dbd/9e106c9f7e6a90f732d65d2d0d1554ad71a9cef2,Historical monolithic Passport age and integrity lane retained separately from the additional exact P1 source pair.,,,/Users/dcbuilder/Code/world/.worktrees/provekit-v1-cross-device-campaign/target/v1-benchmarks/input-to-proof/iphone/publication/warm/noir/browserstack/4859c9ff6d9c01236cdd5246bb4062d982187dbd/session-9e106c9f7e6a90f732d65d2d0d1554ad71a9cef2/bench-report.json,warm_reuse,8230.536
input-to-proof-v1-20260807,passport_p1__iphone_se_2022__provekit_v1__cold_local-0,2026-08-09T10:35:07.000Z,iphone_se_2022,iPhone SE 2022,15.4,arm64,ios_native,,passport_age_integrity,P1-matched-monolithic-RSA4096,092621d721cfef9ff39b0787f5ba2c1f07eb6d95,provekit_v1,noir,provekit-v1-whir-native,integrated-noir-beta11-witness,warmup,0,ok,,,2172.8525,,2172.8525,530.65625,716750,2578799,2331760,2578799,,input-to-proof-v1,9b2a6f37c67691eab4b0cec6c35e35c520e93285,"{""provekit"":""9b2a6f37c67691eab4b0cec6c35e35c520e93285"",""mobench"":""0.1.48"",""noir"":""1.0.0-beta.11""}","{""raw_evidence_sha256"":[{""report_sha256"":""2fac9f84021ad6846ac29b54588b6557d21c89040a3ce82fea6eb7184bd83690"",""session_sha256"":""0bf31c2e1f726894208bd223d38b8eb6ea9a76de2a81f4984c0172754a3c6a3b"",""build_sha256"":""a4cfd230d1d3741ac48781c9d5eba0b81a2efeaca16ece68b9c1788a129be672""}]}",ee67db274e3809e95af215a5c744b25be006b6d1/1933dc94f98688456525e69437a433797fb3c918,"Matched P1 profile: monolithic RSA-4096 passport integrity, registry authorization, DG1 validity, and minimum-age assertion. Native ProveKit exposes witness generation and proving as one integrated timed operation, so witness_time_ms is intentionally blank.",,,/Users/dcbuilder/Code/world/.worktrees/provekit-v1-cross-device-campaign/target/v1-benchmarks/input-to-proof/iphone/publication/cold/batch/remaining/ee67db274e3809e95af215a5c744b25be006b6d1/session-1933dc94f98688456525e69437a433797fb3c918/bench-report.json,cold_local,2172.8525
input-to-proof-v1-20260807,passport_p1__iphone_se_2022__provekit_v1__cold_local-1,2026-08-09T10:35:07.000Z,iphone_se_2022,iPhone SE 2022,15.4,arm64,ios_native,,passport_age_integrity,P1-matched-monolithic-RSA4096,092621d721cfef9ff39b0787f5ba2c1f07eb6d95,provekit_v1,noir,provekit-v1-whir-native,integrated-noir-beta11-witness,measured,1,ok,,,2242.035291,,2242.035291,527.359375,716187,2514819,2267780,2514819,,input-to-proof-v1,9b2a6f37c67691eab4b0cec6c35e35c520e93285,"{""provekit"":""9b2a6f37c67691eab4b0cec6c35e35c520e93285"",""mobench"":""0.1.48"",""noir"":""1.0.0-beta.11""}","{""raw_evidence_sha256"":[{""report_sha256"":""2fac9f84021ad6846ac29b54588b6557d21c89040a3ce82fea6eb7184bd83690"",""session_sha256"":""0bf31c2e1f726894208bd223d38b8eb6ea9a76de2a81f4984c0172754a3c6a3b"",""build_sha256"":""a4cfd230d1d3741ac48781c9d5eba0b81a2efeaca16ece68b9c1788a129be672""}]}",ee67db274e3809e95af215a5c744b25be006b6d1/1933dc94f98688456525e69437a433797fb3c918,"Matched P1 profile: monolithic RSA-4096 passport integrity, registry authorization, DG1 validity, and minimum-age assertion. Native ProveKit exposes witness generation and proving as one integrated timed operation, so witness_time_ms is intentionally blank.",,,/Users/dcbuilder/Code/world/.worktrees/provekit-v1-cross-device-campaign/target/v1-benchmarks/input-to-proof/iphone/publication/cold/batch/remaining/ee67db274e3809e95af215a5c744b25be006b6d1/session-1933dc94f98688456525e69437a433797fb3c918/bench-report.json,cold_local,2242.035291
input-to-proof-v1-20260807,passport_p1__iphone_se_2022__provekit_v1__cold_local-2,2026-08-09T10:35:07.000Z,iphone_se_2022,iPhone SE 2022,15.4,arm64,ios_native,,passport_age_integrity,P1-matched-monolithic-RSA4096,092621d721cfef9ff39b0787f5ba2c1f07eb6d95,provekit_v1,noir,provekit-v1-whir-native,integrated-noir-beta11-witness,measured,2,ok,,,2898.778958,,2898.778958,526.703125,715938,2573939,2326900,2573939,,input-to-proof-v1,9b2a6f37c67691eab4b0cec6c35e35c520e93285,"{""provekit"":""9b2a6f37c67691eab4b0cec6c35e35c520e93285"",""mobench"":""0.1.48"",""noir"":""1.0.0-beta.11""}","{""raw_evidence_sha256"":[{""report_sha256"":""2fac9f84021ad6846ac29b54588b6557d21c89040a3ce82fea6eb7184bd83690"",""session_sha256"":""0bf31c2e1f726894208bd223d38b8eb6ea9a76de2a81f4984c0172754a3c6a3b"",""build_sha256"":""a4cfd230d1d3741ac48781c9d5eba0b81a2efeaca16ece68b9c1788a129be672""}]}",ee67db274e3809e95af215a5c744b25be006b6d1/1933dc94f98688456525e69437a433797fb3c918,"Matched P1 profile: monolithic RSA-4096 passport integrity, registry authorization, DG1 validity, and minimum-age assertion. Native ProveKit exposes witness generation and proving as one integrated timed operation, so witness_time_ms is intentionally blank.",,,/Users/dcbuilder/Code/world/.worktrees/provekit-v1-cross-device-campaign/target/v1-benchmarks/input-to-proof/iphone/publication/cold/batch/remaining/ee67db274e3809e95af215a5c744b25be006b6d1/session-1933dc94f98688456525e69437a433797fb3c918/bench-report.json,cold_local,2898.778958
input-to-proof-v1-20260807,passport_p1__iphone_se_2022__provekit_v1__cold_local-3,2026-08-09T10:35:07.000Z,iphone_se_2022,iPhone SE 2022,15.4,arm64,ios_native,,passport_age_integrity,P1-matched-monolithic-RSA4096,092621d721cfef9ff39b0787f5ba2c1f07eb6d95,provekit_v1,noir,provekit-v1-whir-native,integrated-noir-beta11-witness,measured,3,ok,,,2410.340917,,2410.340917,530.140625,714941,2565007,2317968,2565007,,input-to-proof-v1,9b2a6f37c67691eab4b0cec6c35e35c520e93285,"{""provekit"":""9b2a6f37c67691eab4b0cec6c35e35c520e93285"",""mobench"":""0.1.48"",""noir"":""1.0.0-beta.11""}","{""raw_evidence_sha256"":[{""report_sha256"":""2fac9f84021ad6846ac29b54588b6557d21c89040a3ce82fea6eb7184bd83690"",""session_sha256"":""0bf31c2e1f726894208bd223d38b8eb6ea9a76de2a81f4984c0172754a3c6a3b"",""build_sha256"":""a4cfd230d1d3741ac48781c9d5eba0b81a2efeaca16ece68b9c1788a129be672""}]}",ee67db274e3809e95af215a5c744b25be006b6d1/1933dc94f98688456525e69437a433797fb3c918,"Matched P1 profile: monolithic RSA-4096 passport integrity, registry authorization, DG1 validity, and minimum-age assertion. Native ProveKit exposes witness generation and proving as one integrated timed operation, so witness_time_ms is intentionally blank.",,,/Users/dcbuilder/Code/world/.worktrees/provekit-v1-cross-device-campaign/target/v1-benchmarks/input-to-proof/iphone/publication/cold/batch/remaining/ee67db274e3809e95af215a5c744b25be006b6d1/session-1933dc94f98688456525e69437a433797fb3c918/bench-report.json,cold_local,2410.340917
input-to-proof-v1-20260807,passport_p1__iphone_se_2022__provekit_v1__cold_local-4,2026-08-09T10:35:07.000Z,iphone_se_2022,iPhone SE 2022,15.4,arm64,ios_native,,passport_age_integrity,P1-matched-monolithic-RSA4096,092621d721cfef9ff39b0787f5ba2c1f07eb6d95,provekit_v1,noir,provekit-v1-whir-native,integrated-noir-beta11-witness,measured,4,ok,,,2929.068875,,2929.068875,530.640625,715885,2547371,2300332,2547371,,input-to-proof-v1,9b2a6f37c67691eab4b0cec6c35e35c520e93285,"{""provekit"":""9b2a6f37c67691eab4b0cec6c35e35c520e93285"",""mobench"":""0.1.48"",""noir"":""1.0.0-beta.11""}","{""raw_evidence_sha256"":[{""report_sha256"":""2fac9f84021ad6846ac29b54588b6557d21c89040a3ce82fea6eb7184bd83690"",""session_sha256"":""0bf31c2e1f726894208bd223d38b8eb6ea9a76de2a81f4984c0172754a3c6a3b"",""build_sha256"":""a4cfd230d1d3741ac48781c9d5eba0b81a2efeaca16ece68b9c1788a129be672""}]}",ee67db274e3809e95af215a5c744b25be006b6d1/1933dc94f98688456525e69437a433797fb3c918,"Matched P1 profile: monolithic RSA-4096 passport integrity, registry authorization, DG1 validity, and minimum-age assertion. Native ProveKit exposes witness generation and proving as one integrated timed operation, so witness_time_ms is intentionally blank.",,,/Users/dcbuilder/Code/world/.worktrees/provekit-v1-cross-device-campaign/target/v1-benchmarks/input-to-proof/iphone/publication/cold/batch/remaining/ee67db274e3809e95af215a5c744b25be006b6d1/session-1933dc94f98688456525e69437a433797fb3c918/bench-report.json,cold_local,2929.068875
input-to-proof-v1-20260807,passport_p1__iphone_se_2022__provekit_v1__cold_local-5,2026-08-09T10:35:07.000Z,iphone_se_2022,iPhone SE 2022,15.4,arm64,ios_native,,passport_age_integrity,P1-matched-monolithic-RSA4096,092621d721cfef9ff39b0787f5ba2c1f07eb6d95,provekit_v1,noir,provekit-v1-whir-native,integrated-noir-beta11-witness,measured,5,ok,,,2426.808625,,2426.808625,536.59375,715147,2519239,2272200,2519239,,input-to-proof-v1,9b2a6f37c67691eab4b0cec6c35e35c520e93285,"{""provekit"":""9b2a6f37c67691eab4b0cec6c35e35c520e93285"",""mobench"":""0.1.48"",""noir"":""1.0.0-beta.11""}","{""raw_evidence_sha256"":[{""report_sha256"":""2fac9f84021ad6846ac29b54588b6557d21c89040a3ce82fea6eb7184bd83690"",""session_sha256"":""0bf31c2e1f726894208bd223d38b8eb6ea9a76de2a81f4984c0172754a3c6a3b"",""build_sha256"":""a4cfd230d1d3741ac48781c9d5eba0b81a2efeaca16ece68b9c1788a129be672""}]}",ee67db274e3809e95af215a5c744b25be006b6d1/1933dc94f98688456525e69437a433797fb3c918,"Matched P1 profile: monolithic RSA-4096 passport integrity, registry authorization, DG1 validity, and minimum-age assertion. Native ProveKit exposes witness generation and proving as one integrated timed operation, so witness_time_ms is intentionally blank.",,,/Users/dcbuilder/Code/world/.worktrees/provekit-v1-cross-device-campaign/target/v1-benchmarks/input-to-proof/iphone/publication/cold/batch/remaining/ee67db274e3809e95af215a5c744b25be006b6d1/session-1933dc94f98688456525e69437a433797fb3c918/bench-report.json,cold_local,2426.808625
input-to-proof-v1-20260807,passport_p1__iphone_se_2022__provekit_v1__warm_reuse-0,2026-08-07T21:16:56.000Z,iphone_se_2022,iPhone SE 2022,15.4,arm64,ios_native,,passport_age_integrity,P1-matched-monolithic-RSA4096,092621d721cfef9ff39b0787f5ba2c1f07eb6d95,provekit_v1,noir,provekit-v1-whir-native,integrated-noir-beta11-witness,warmup,0,ok,,,2137.248125,,2137.248125,,717410,2539811,2292772,2539811,,input-to-proof-v1,9b2a6f37c67691eab4b0cec6c35e35c520e93285,"{""provekit"":""9b2a6f37c67691eab4b0cec6c35e35c520e93285"",""mobench"":""0.1.48"",""noir"":""1.0.0-beta.11""}","{""raw_evidence_sha256"":[{""report_sha256"":""143088b17165db8578e4983ab96aabca71ecac22098ea8438746f091ce8d114c"",""session_sha256"":""c0283d9d01d6ae93beebc5eb0b968612694c1a975395948189107efb39f5b8a4"",""build_sha256"":""e9d4dd36b5182dd375894b63b62e07f96fd5d63b851d9736af2e91e6782e1dc3""}]}",c7577b09dea478eb7abb1a8378feac929929af69/6786df4010f93ec42074908be3cd9c40bc9a8fe8,"Matched P1 profile: monolithic RSA-4096 passport integrity, registry authorization, DG1 validity, and minimum-age assertion. Native ProveKit exposes witness generation and proving as one integrated timed operation, so witness_time_ms is intentionally blank.",,,/Users/dcbuilder/Code/world/.worktrees/provekit-v1-cross-device-campaign/target/v1-benchmarks/input-to-proof/iphone/publication/warm/provekit/browserstack/c7577b09dea478eb7abb1a8378feac929929af69/session-6786df4010f93ec42074908be3cd9c40bc9a8fe8/bench-report.json,warm_reuse,2137.248125
input-to-proof-v1-20260807,passport_p1__iphone_se_2022__provekit_v1__warm_reuse-1,2026-08-07T21:16:56.000Z,iphone_se_2022,iPhone SE 2022,15.4,arm64,ios_native,,passport_age_integrity,P1-matched-monolithic-RSA4096,092621d721cfef9ff39b0787f5ba2c1f07eb6d95,provekit_v1,noir,provekit-v1-whir-native,integrated-noir-beta11-witness,measured,1,ok,,,2242.047,,2242.047,538.09375,714730,2539811,2292772,2539811,,input-to-proof-v1,9b2a6f37c67691eab4b0cec6c35e35c520e93285,"{""provekit"":""9b2a6f37c67691eab4b0cec6c35e35c520e93285"",""mobench"":""0.1.48"",""noir"":""1.0.0-beta.11""}","{""raw_evidence_sha256"":[{""report_sha256"":""143088b17165db8578e4983ab96aabca71ecac22098ea8438746f091ce8d114c"",""session_sha256"":""c0283d9d01d6ae93beebc5eb0b968612694c1a975395948189107efb39f5b8a4"",""build_sha256"":""e9d4dd36b5182dd375894b63b62e07f96fd5d63b851d9736af2e91e6782e1dc3""}]}",c7577b09dea478eb7abb1a8378feac929929af69/6786df4010f93ec42074908be3cd9c40bc9a8fe8,"Matched P1 profile: monolithic RSA-4096 passport integrity, registry authorization, DG1 validity, and minimum-age assertion. Native ProveKit exposes witness generation and proving as one integrated timed operation, so witness_time_ms is intentionally blank.",,,/Users/dcbuilder/Code/world/.worktrees/provekit-v1-cross-device-campaign/target/v1-benchmarks/input-to-proof/iphone/publication/warm/provekit/browserstack/c7577b09dea478eb7abb1a8378feac929929af69/session-6786df4010f93ec42074908be3cd9c40bc9a8fe8/bench-report.json,warm_reuse,2242.047
input-to-proof-v1-20260807,passport_p1__iphone_se_2022__provekit_v1__warm_reuse-2,2026-08-07T21:16:56.000Z,iphone_se_2022,iPhone SE 2022,15.4,arm64,ios_native,,passport_age_integrity,P1-matched-monolithic-RSA4096,092621d721cfef9ff39b0787f5ba2c1f07eb6d95,provekit_v1,noir,provekit-v1-whir-native,integrated-noir-beta11-witness,measured,2,ok,,,2244.620417,,2244.620417,556.046875,718955,2539811,2292772,2539811,,input-to-proof-v1,9b2a6f37c67691eab4b0cec6c35e35c520e93285,"{""provekit"":""9b2a6f37c67691eab4b0cec6c35e35c520e93285"",""mobench"":""0.1.48"",""noir"":""1.0.0-beta.11""}","{""raw_evidence_sha256"":[{""report_sha256"":""143088b17165db8578e4983ab96aabca71ecac22098ea8438746f091ce8d114c"",""session_sha256"":""c0283d9d01d6ae93beebc5eb0b968612694c1a975395948189107efb39f5b8a4"",""build_sha256"":""e9d4dd36b5182dd375894b63b62e07f96fd5d63b851d9736af2e91e6782e1dc3""}]}",c7577b09dea478eb7abb1a8378feac929929af69/6786df4010f93ec42074908be3cd9c40bc9a8fe8,"Matched P1 profile: monolithic RSA-4096 passport integrity, registry authorization, DG1 validity, and minimum-age assertion. Native ProveKit exposes witness generation and proving as one integrated timed operation, so witness_time_ms is intentionally blank.",,,/Users/dcbuilder/Code/world/.worktrees/provekit-v1-cross-device-campaign/target/v1-benchmarks/input-to-proof/iphone/publication/warm/provekit/browserstack/c7577b09dea478eb7abb1a8378feac929929af69/session-6786df4010f93ec42074908be3cd9c40bc9a8fe8/bench-report.json,warm_reuse,2244.620417
input-to-proof-v1-20260807,passport_p1__iphone_se_2022__provekit_v1__warm_reuse-3,2026-08-07T21:16:56.000Z,iphone_se_2022,iPhone SE 2022,15.4,arm64,ios_native,,passport_age_integrity,P1-matched-monolithic-RSA4096,092621d721cfef9ff39b0787f5ba2c1f07eb6d95,provekit_v1,noir,provekit-v1-whir-native,integrated-noir-beta11-witness,measured,3,ok,,,2315.447916,,2315.447916,568.015625,713994,2539811,2292772,2539811,,input-to-proof-v1,9b2a6f37c67691eab4b0cec6c35e35c520e93285,"{""provekit"":""9b2a6f37c67691eab4b0cec6c35e35c520e93285"",""mobench"":""0.1.48"",""noir"":""1.0.0-beta.11""}","{""raw_evidence_sha256"":[{""report_sha256"":""143088b17165db8578e4983ab96aabca71ecac22098ea8438746f091ce8d114c"",""session_sha256"":""c0283d9d01d6ae93beebc5eb0b968612694c1a975395948189107efb39f5b8a4"",""build_sha256"":""e9d4dd36b5182dd375894b63b62e07f96fd5d63b851d9736af2e91e6782e1dc3""}]}",c7577b09dea478eb7abb1a8378feac929929af69/6786df4010f93ec42074908be3cd9c40bc9a8fe8,"Matched P1 profile: monolithic RSA-4096 passport integrity, registry authorization, DG1 validity, and minimum-age assertion. Native ProveKit exposes witness generation and proving as one integrated timed operation, so witness_time_ms is intentionally blank.",,,/Users/dcbuilder/Code/world/.worktrees/provekit-v1-cross-device-campaign/target/v1-benchmarks/input-to-proof/iphone/publication/warm/provekit/browserstack/c7577b09dea478eb7abb1a8378feac929929af69/session-6786df4010f93ec42074908be3cd9c40bc9a8fe8/bench-report.json,warm_reuse,2315.447916
input-to-proof-v1-20260807,passport_p1__iphone_se_2022__provekit_v1__warm_reuse-4,2026-08-07T21:16:56.000Z,iphone_se_2022,iPhone SE 2022,15.4,arm64,ios_native,,passport_age_integrity,P1-matched-monolithic-RSA4096,092621d721cfef9ff39b0787f5ba2c1f07eb6d95,provekit_v1,noir,provekit-v1-whir-native,integrated-noir-beta11-witness,measured,4,ok,,,2304.393875,,2304.393875,573.609375,717286,2539811,2292772,2539811,,input-to-proof-v1,9b2a6f37c67691eab4b0cec6c35e35c520e93285,"{""provekit"":""9b2a6f37c67691eab4b0cec6c35e35c520e93285"",""mobench"":""0.1.48"",""noir"":""1.0.0-beta.11""}","{""raw_evidence_sha256"":[{""report_sha256"":""143088b17165db8578e4983ab96aabca71ecac22098ea8438746f091ce8d114c"",""session_sha256"":""c0283d9d01d6ae93beebc5eb0b968612694c1a975395948189107efb39f5b8a4"",""build_sha256"":""e9d4dd36b5182dd375894b63b62e07f96fd5d63b851d9736af2e91e6782e1dc3""}]}",c7577b09dea478eb7abb1a8378feac929929af69/6786df4010f93ec42074908be3cd9c40bc9a8fe8,"Matched P1 profile: monolithic RSA-4096 passport integrity, registry authorization, DG1 validity, and minimum-age assertion. Native ProveKit exposes witness generation and proving as one integrated timed operation, so witness_time_ms is intentionally blank.",,,/Users/dcbuilder/Code/world/.worktrees/provekit-v1-cross-device-campaign/target/v1-benchmarks/input-to-proof/iphone/publication/warm/provekit/browserstack/c7577b09dea478eb7abb1a8378feac929929af69/session-6786df4010f93ec42074908be3cd9c40bc9a8fe8/bench-report.json,warm_reuse,2304.393875
input-to-proof-v1-20260807,passport_p1__iphone_se_2022__provekit_v1__warm_reuse-5,2026-08-07T21:16:56.000Z,iphone_se_2022,iPhone SE 2022,15.4,arm64,ios_native,,passport_age_integrity,P1-matched-monolithic-RSA4096,092621d721cfef9ff39b0787f5ba2c1f07eb6d95,provekit_v1,noir,provekit-v1-whir-native,integrated-noir-beta11-witness,measured,5,ok,,,2322.712625,,2322.712625,575.828125,717635,2539811,2292772,2539811,,input-to-proof-v1,9b2a6f37c67691eab4b0cec6c35e35c520e93285,"{""provekit"":""9b2a6f37c67691eab4b0cec6c35e35c520e93285"",""mobench"":""0.1.48"",""noir"":""1.0.0-beta.11""}","{""raw_evidence_sha256"":[{""report_sha256"":""143088b17165db8578e4983ab96aabca71ecac22098ea8438746f091ce8d114c"",""session_sha256"":""c0283d9d01d6ae93beebc5eb0b968612694c1a975395948189107efb39f5b8a4"",""build_sha256"":""e9d4dd36b5182dd375894b63b62e07f96fd5d63b851d9736af2e91e6782e1dc3""}]}",c7577b09dea478eb7abb1a8378feac929929af69/6786df4010f93ec42074908be3cd9c40bc9a8fe8,"Matched P1 profile: monolithic RSA-4096 passport integrity, registry authorization, DG1 validity, and minimum-age assertion. Native ProveKit exposes witness generation and proving as one integrated timed operation, so witness_time_ms is intentionally blank.",,,/Users/dcbuilder/Code/world/.worktrees/provekit-v1-cross-device-campaign/target/v1-benchmarks/input-to-proof/iphone/publication/warm/provekit/browserstack/c7577b09dea478eb7abb1a8378feac929929af69/session-6786df4010f93ec42074908be3cd9c40bc9a8fe8/bench-report.json,warm_reuse,2322.712625
input-to-proof-v1-20260807,passport_p1__iphone_se_2022__noir_barretenberg__cold_local-0,2026-08-09T11:00:03.000Z,iphone_se_2022,iPhone SE 2022,15.4,arm64,ios_native,,passport_age_integrity,P1-matched-monolithic-RSA4096,092621d721cfef9ff39b0787f5ba2c1f07eb6d95,noir_barretenberg,noir,barretenberg-rs-4.2.0-aztecnr-rc.2,acvm-beta19,warmup,0,ok,,283.588792,4691.273167,,4974.862125,491.59375,16324,271712159,271696456,271712159,,input-to-proof-v1,092621d721cfef9ff39b0787f5ba2c1f07eb6d95,"{""mopro"":""0.3.7"",""barretenberg_rs"":""4.2.0-aztecnr-rc.2"",""noir"":""1.0.0-beta.19""}","{""raw_evidence_sha256"":[{""report_sha256"":""11f54d3ec3ab6c7f17e17ab0dea7fb12ba8ba3f28bb7c762e569519a8013e1ee"",""session_sha256"":""47e72f01bb0434cfa8297df1847b7ff971f129d34efabb960f6df2bf7060cd79"",""build_sha256"":""daf30450c3cc12ecb3870fcc87defad5175b061de4dbd6a15ee9c6833ba66115""}]}",7ac7924fdfaae9cac6242ca49a98dd640f6c7750/b7e1e0c86b3a1c2ae43f7f3f7751e87b102d2e79,"Matched P1 profile: monolithic RSA-4096 passport integrity, registry authorization, DG1 validity, and minimum-age assertion.",,,/Users/dcbuilder/Code/world/.worktrees/provekit-v1-cross-device-campaign/target/v1-benchmarks/input-to-proof/iphone/publication/cold/batch/remaining/7ac7924fdfaae9cac6242ca49a98dd640f6c7750/session-b7e1e0c86b3a1c2ae43f7f3f7751e87b102d2e79/bench-report.json,cold_local,4974.862125
input-to-proof-v1-20260807,passport_p1__iphone_se_2022__noir_barretenberg__cold_local-1,2026-08-09T11:00:03.000Z,iphone_se_2022,iPhone SE 2022,15.4,arm64,ios_native,,passport_age_integrity,P1-matched-monolithic-RSA4096,092621d721cfef9ff39b0787f5ba2c1f07eb6d95,noir_barretenberg,noir,barretenberg-rs-4.2.0-aztecnr-rc.2,acvm-beta19,measured,1,ok,,288.769333,4321.633625,,4610.403042,496.984375,16324,271712159,271696456,271712159,,input-to-proof-v1,092621d721cfef9ff39b0787f5ba2c1f07eb6d95,"{""mopro"":""0.3.7"",""barretenberg_rs"":""4.2.0-aztecnr-rc.2"",""noir"":""1.0.0-beta.19""}","{""raw_evidence_sha256"":[{""report_sha256"":""11f54d3ec3ab6c7f17e17ab0dea7fb12ba8ba3f28bb7c762e569519a8013e1ee"",""session_sha256"":""47e72f01bb0434cfa8297df1847b7ff971f129d34efabb960f6df2bf7060cd79"",""build_sha256"":""daf30450c3cc12ecb3870fcc87defad5175b061de4dbd6a15ee9c6833ba66115""}]}",7ac7924fdfaae9cac6242ca49a98dd640f6c7750/b7e1e0c86b3a1c2ae43f7f3f7751e87b102d2e79,"Matched P1 profile: monolithic RSA-4096 passport integrity, registry authorization, DG1 validity, and minimum-age assertion.",,,/Users/dcbuilder/Code/world/.worktrees/provekit-v1-cross-device-campaign/target/v1-benchmarks/input-to-proof/iphone/publication/cold/batch/remaining/7ac7924fdfaae9cac6242ca49a98dd640f6c7750/session-b7e1e0c86b3a1c2ae43f7f3f7751e87b102d2e79/bench-report.json,cold_local,4610.403042
input-to-proof-v1-20260807,passport_p1__iphone_se_2022__noir_barretenberg__cold_local-2,2026-08-09T11:00:03.000Z,iphone_se_2022,iPhone SE 2022,15.4,arm64,ios_native,,passport_age_integrity,P1-matched-monolithic-RSA4096,092621d721cfef9ff39b0787f5ba2c1f07eb6d95,noir_barretenberg,noir,barretenberg-rs-4.2.0-aztecnr-rc.2,acvm-beta19,measured,2,ok,,307.65025,4593.549125,,4901.1995,481.046875,16324,271712159,271696456,271712159,,input-to-proof-v1,092621d721cfef9ff39b0787f5ba2c1f07eb6d95,"{""mopro"":""0.3.7"",""barretenberg_rs"":""4.2.0-aztecnr-rc.2"",""noir"":""1.0.0-beta.19""}","{""raw_evidence_sha256"":[{""report_sha256"":""11f54d3ec3ab6c7f17e17ab0dea7fb12ba8ba3f28bb7c762e569519a8013e1ee"",""session_sha256"":""47e72f01bb0434cfa8297df1847b7ff971f129d34efabb960f6df2bf7060cd79"",""build_sha256"":""daf30450c3cc12ecb3870fcc87defad5175b061de4dbd6a15ee9c6833ba66115""}]}",7ac7924fdfaae9cac6242ca49a98dd640f6c7750/b7e1e0c86b3a1c2ae43f7f3f7751e87b102d2e79,"Matched P1 profile: monolithic RSA-4096 passport integrity, registry authorization, DG1 validity, and minimum-age assertion.",,,/Users/dcbuilder/Code/world/.worktrees/provekit-v1-cross-device-campaign/target/v1-benchmarks/input-to-proof/iphone/publication/cold/batch/remaining/7ac7924fdfaae9cac6242ca49a98dd640f6c7750/session-b7e1e0c86b3a1c2ae43f7f3f7751e87b102d2e79/bench-report.json,cold_local,4901.1995
input-to-proof-v1-20260807,passport_p1__iphone_se_2022__noir_barretenberg__cold_local-3,2026-08-09T11:00:03.000Z,iphone_se_2022,iPhone SE 2022,15.4,arm64,ios_native,,passport_age_integrity,P1-matched-monolithic-RSA4096,092621d721cfef9ff39b0787f5ba2c1f07eb6d95,noir_barretenberg,noir,barretenberg-rs-4.2.0-aztecnr-rc.2,acvm-beta19,measured,3,ok,,300.4865,4444.501334,,4744.987958,493.78125,16324,271712159,271696456,271712159,,input-to-proof-v1,092621d721cfef9ff39b0787f5ba2c1f07eb6d95,"{""mopro"":""0.3.7"",""barretenberg_rs"":""4.2.0-aztecnr-rc.2"",""noir"":""1.0.0-beta.19""}","{""raw_evidence_sha256"":[{""report_sha256"":""11f54d3ec3ab6c7f17e17ab0dea7fb12ba8ba3f28bb7c762e569519a8013e1ee"",""session_sha256"":""47e72f01bb0434cfa8297df1847b7ff971f129d34efabb960f6df2bf7060cd79"",""build_sha256"":""daf30450c3cc12ecb3870fcc87defad5175b061de4dbd6a15ee9c6833ba66115""}]}",7ac7924fdfaae9cac6242ca49a98dd640f6c7750/b7e1e0c86b3a1c2ae43f7f3f7751e87b102d2e79,"Matched P1 profile: monolithic RSA-4096 passport integrity, registry authorization, DG1 validity, and minimum-age assertion.",,,/Users/dcbuilder/Code/world/.worktrees/provekit-v1-cross-device-campaign/target/v1-benchmarks/input-to-proof/iphone/publication/cold/batch/remaining/7ac7924fdfaae9cac6242ca49a98dd640f6c7750/session-b7e1e0c86b3a1c2ae43f7f3f7751e87b102d2e79/bench-report.json,cold_local,4744.987958
input-to-proof-v1-20260807,passport_p1__iphone_se_2022__noir_barretenberg__cold_local-4,2026-08-09T11:00:03.000Z,iphone_se_2022,iPhone SE 2022,15.4,arm64,ios_native,,passport_age_integrity,P1-matched-monolithic-RSA4096,092621d721cfef9ff39b0787f5ba2c1f07eb6d95,noir_barretenberg,noir,barretenberg-rs-4.2.0-aztecnr-rc.2,acvm-beta19,measured,4,ok,,317.124917,4704.524709,,5021.64975,488.078125,16324,271712159,271696456,271712159,,input-to-proof-v1,092621d721cfef9ff39b0787f5ba2c1f07eb6d95,"{""mopro"":""0.3.7"",""barretenberg_rs"":""4.2.0-aztecnr-rc.2"",""noir"":""1.0.0-beta.19""}","{""raw_evidence_sha256"":[{""report_sha256"":""11f54d3ec3ab6c7f17e17ab0dea7fb12ba8ba3f28bb7c762e569519a8013e1ee"",""session_sha256"":""47e72f01bb0434cfa8297df1847b7ff971f129d34efabb960f6df2bf7060cd79"",""build_sha256"":""daf30450c3cc12ecb3870fcc87defad5175b061de4dbd6a15ee9c6833ba66115""}]}",7ac7924fdfaae9cac6242ca49a98dd640f6c7750/b7e1e0c86b3a1c2ae43f7f3f7751e87b102d2e79,"Matched P1 profile: monolithic RSA-4096 passport integrity, registry authorization, DG1 validity, and minimum-age assertion.",,,/Users/dcbuilder/Code/world/.worktrees/provekit-v1-cross-device-campaign/target/v1-benchmarks/input-to-proof/iphone/publication/cold/batch/remaining/7ac7924fdfaae9cac6242ca49a98dd640f6c7750/session-b7e1e0c86b3a1c2ae43f7f3f7751e87b102d2e79/bench-report.json,cold_local,5021.64975
input-to-proof-v1-20260807,passport_p1__iphone_se_2022__noir_barretenberg__cold_local-5,2026-08-09T11:00:03.000Z,iphone_se_2022,iPhone SE 2022,15.4,arm64,ios_native,,passport_age_integrity,P1-matched-monolithic-RSA4096,092621d721cfef9ff39b0787f5ba2c1f07eb6d95,noir_barretenberg,noir,barretenberg-rs-4.2.0-aztecnr-rc.2,acvm-beta19,measured,5,ok,,305.928125,4811.90775,,5117.835958,487.609375,16324,271712159,271696456,271712159,,input-to-proof-v1,092621d721cfef9ff39b0787f5ba2c1f07eb6d95,"{""mopro"":""0.3.7"",""barretenberg_rs"":""4.2.0-aztecnr-rc.2"",""noir"":""1.0.0-beta.19""}","{""raw_evidence_sha256"":[{""report_sha256"":""11f54d3ec3ab6c7f17e17ab0dea7fb12ba8ba3f28bb7c762e569519a8013e1ee"",""session_sha256"":""47e72f01bb0434cfa8297df1847b7ff971f129d34efabb960f6df2bf7060cd79"",""build_sha256"":""daf30450c3cc12ecb3870fcc87defad5175b061de4dbd6a15ee9c6833ba66115""}]}",7ac7924fdfaae9cac6242ca49a98dd640f6c7750/b7e1e0c86b3a1c2ae43f7f3f7751e87b102d2e79,"Matched P1 profile: monolithic RSA-4096 passport integrity, registry authorization, DG1 validity, and minimum-age assertion.",,,/Users/dcbuilder/Code/world/.worktrees/provekit-v1-cross-device-campaign/target/v1-benchmarks/input-to-proof/iphone/publication/cold/batch/remaining/7ac7924fdfaae9cac6242ca49a98dd640f6c7750/session-b7e1e0c86b3a1c2ae43f7f3f7751e87b102d2e79/bench-report.json,cold_local,5117.835958
input-to-proof-v1-20260807,passport_p1__iphone_se_2022__noir_barretenberg__warm_reuse-0,2026-08-07T21:28:47.000Z,iphone_se_2022,iPhone SE 2022,15.4,arm64,ios_native,,passport_age_integrity,P1-matched-monolithic-RSA4096,092621d721cfef9ff39b0787f5ba2c1f07eb6d95,noir_barretenberg,noir,barretenberg-rs-4.2.0-aztecnr-rc.2,acvm-beta19,warmup,0,ok,,278.133166,4241.928583,,4520.062375,,16324,271712159,271696456,271712159,,input-to-proof-v1,092621d721cfef9ff39b0787f5ba2c1f07eb6d95,"{""mopro"":""0.3.7"",""barretenberg_rs"":""4.2.0-aztecnr-rc.2"",""noir"":""1.0.0-beta.19""}","{""raw_evidence_sha256"":[{""report_sha256"":""633cb29f209a4e615a01ec15bcfd197ab8e8e894fc9c6180d2cc3ceb453f5745"",""session_sha256"":""a53e52d1f5ad540cd83d2b1f5dfc062bb689536658ec65331659b3343e62e3e3"",""build_sha256"":""ff444bdb5858250a18c8ca117fe4c92782aee817fe23e5582f9a1d4ccf2f1513""}]}",add170877eda73b95b8334e434ebcf68a831baf3/70bfc877199f31cd467422b4c17a75684ebbbe74,"Matched P1 profile: monolithic RSA-4096 passport integrity, registry authorization, DG1 validity, and minimum-age assertion.",,,/Users/dcbuilder/Code/world/.worktrees/provekit-v1-cross-device-campaign/target/v1-benchmarks/input-to-proof/iphone/publication/warm/noir/browserstack/add170877eda73b95b8334e434ebcf68a831baf3/session-70bfc877199f31cd467422b4c17a75684ebbbe74/bench-report.json,warm_reuse,4520.062375
input-to-proof-v1-20260807,passport_p1__iphone_se_2022__noir_barretenberg__warm_reuse-1,2026-08-07T21:28:47.000Z,iphone_se_2022,iPhone SE 2022,15.4,arm64,ios_native,,passport_age_integrity,P1-matched-monolithic-RSA4096,092621d721cfef9ff39b0787f5ba2c1f07eb6d95,noir_barretenberg,noir,barretenberg-rs-4.2.0-aztecnr-rc.2,acvm-beta19,measured,1,ok,,308.967083,4330.398917,,4639.366125,490.84375,16324,271712159,271696456,271712159,,input-to-proof-v1,092621d721cfef9ff39b0787f5ba2c1f07eb6d95,"{""mopro"":""0.3.7"",""barretenberg_rs"":""4.2.0-aztecnr-rc.2"",""noir"":""1.0.0-beta.19""}","{""raw_evidence_sha256"":[{""report_sha256"":""633cb29f209a4e615a01ec15bcfd197ab8e8e894fc9c6180d2cc3ceb453f5745"",""session_sha256"":""a53e52d1f5ad540cd83d2b1f5dfc062bb689536658ec65331659b3343e62e3e3"",""build_sha256"":""ff444bdb5858250a18c8ca117fe4c92782aee817fe23e5582f9a1d4ccf2f1513""}]}",add170877eda73b95b8334e434ebcf68a831baf3/70bfc877199f31cd467422b4c17a75684ebbbe74,"Matched P1 profile: monolithic RSA-4096 passport integrity, registry authorization, DG1 validity, and minimum-age assertion.",,,/Users/dcbuilder/Code/world/.worktrees/provekit-v1-cross-device-campaign/target/v1-benchmarks/input-to-proof/iphone/publication/warm/noir/browserstack/add170877eda73b95b8334e434ebcf68a831baf3/session-70bfc877199f31cd467422b4c17a75684ebbbe74/bench-report.json,warm_reuse,4639.366125
input-to-proof-v1-20260807,passport_p1__iphone_se_2022__noir_barretenberg__warm_reuse-2,2026-08-07T21:28:47.000Z,iphone_se_2022,iPhone SE 2022,15.4,arm64,ios_native,,passport_age_integrity,P1-matched-monolithic-RSA4096,092621d721cfef9ff39b0787f5ba2c1f07eb6d95,noir_barretenberg,noir,barretenberg-rs-4.2.0-aztecnr-rc.2,acvm-beta19,measured,2,ok,,315.864333,4321.75475,,4637.619209,491.15625,16324,271712159,271696456,271712159,,input-to-proof-v1,092621d721cfef9ff39b0787f5ba2c1f07eb6d95,"{""mopro"":""0.3.7"",""barretenberg_rs"":""4.2.0-aztecnr-rc.2"",""noir"":""1.0.0-beta.19""}","{""raw_evidence_sha256"":[{""report_sha256"":""633cb29f209a4e615a01ec15bcfd197ab8e8e894fc9c6180d2cc3ceb453f5745"",""session_sha256"":""a53e52d1f5ad540cd83d2b1f5dfc062bb689536658ec65331659b3343e62e3e3"",""build_sha256"":""ff444bdb5858250a18c8ca117fe4c92782aee817fe23e5582f9a1d4ccf2f1513""}]}",add170877eda73b95b8334e434ebcf68a831baf3/70bfc877199f31cd467422b4c17a75684ebbbe74,"Matched P1 profile: monolithic RSA-4096 passport integrity, registry authorization, DG1 validity, and minimum-age assertion.",,,/Users/dcbuilder/Code/world/.worktrees/provekit-v1-cross-device-campaign/target/v1-benchmarks/input-to-proof/iphone/publication/warm/noir/browserstack/add170877eda73b95b8334e434ebcf68a831baf3/session-70bfc877199f31cd467422b4c17a75684ebbbe74/bench-report.json,warm_reuse,4637.619209
input-to-proof-v1-20260807,passport_p1__iphone_se_2022__noir_barretenberg__warm_reuse-3,2026-08-07T21:28:47.000Z,iphone_se_2022,iPhone SE 2022,15.4,arm64,ios_native,,passport_age_integrity,P1-matched-monolithic-RSA4096,092621d721cfef9ff39b0787f5ba2c1f07eb6d95,noir_barretenberg,noir,barretenberg-rs-4.2.0-aztecnr-rc.2,acvm-beta19,measured,3,ok,,318.497667,4321.779917,,4640.277709,491.171875,16324,271712159,271696456,271712159,,input-to-proof-v1,092621d721cfef9ff39b0787f5ba2c1f07eb6d95,"{""mopro"":""0.3.7"",""barretenberg_rs"":""4.2.0-aztecnr-rc.2"",""noir"":""1.0.0-beta.19""}","{""raw_evidence_sha256"":[{""report_sha256"":""633cb29f209a4e615a01ec15bcfd197ab8e8e894fc9c6180d2cc3ceb453f5745"",""session_sha256"":""a53e52d1f5ad540cd83d2b1f5dfc062bb689536658ec65331659b3343e62e3e3"",""build_sha256"":""ff444bdb5858250a18c8ca117fe4c92782aee817fe23e5582f9a1d4ccf2f1513""}]}",add170877eda73b95b8334e434ebcf68a831baf3/70bfc877199f31cd467422b4c17a75684ebbbe74,"Matched P1 profile: monolithic RSA-4096 passport integrity, registry authorization, DG1 validity, and minimum-age assertion.",,,/Users/dcbuilder/Code/world/.worktrees/provekit-v1-cross-device-campaign/target/v1-benchmarks/input-to-proof/iphone/publication/warm/noir/browserstack/add170877eda73b95b8334e434ebcf68a831baf3/session-70bfc877199f31cd467422b4c17a75684ebbbe74/bench-report.json,warm_reuse,4640.277709
input-to-proof-v1-20260807,passport_p1__iphone_se_2022__noir_barretenberg__warm_reuse-4,2026-08-07T21:28:47.000Z,iphone_se_2022,iPhone SE 2022,15.4,arm64,ios_native,,passport_age_integrity,P1-matched-monolithic-RSA4096,092621d721cfef9ff39b0787f5ba2c1f07eb6d95,noir_barretenberg,noir,barretenberg-rs-4.2.0-aztecnr-rc.2,acvm-beta19,measured,4,ok,,333.711875,4346.148625,,4679.860584,491.234375,16324,271712159,271696456,271712159,,input-to-proof-v1,092621d721cfef9ff39b0787f5ba2c1f07eb6d95,"{""mopro"":""0.3.7"",""barretenberg_rs"":""4.2.0-aztecnr-rc.2"",""noir"":""1.0.0-beta.19""}","{""raw_evidence_sha256"":[{""report_sha256"":""633cb29f209a4e615a01ec15bcfd197ab8e8e894fc9c6180d2cc3ceb453f5745"",""session_sha256"":""a53e52d1f5ad540cd83d2b1f5dfc062bb689536658ec65331659b3343e62e3e3"",""build_sha256"":""ff444bdb5858250a18c8ca117fe4c92782aee817fe23e5582f9a1d4ccf2f1513""}]}",add170877eda73b95b8334e434ebcf68a831baf3/70bfc877199f31cd467422b4c17a75684ebbbe74,"Matched P1 profile: monolithic RSA-4096 passport integrity, registry authorization, DG1 validity, and minimum-age assertion.",,,/Users/dcbuilder/Code/world/.worktrees/provekit-v1-cross-device-campaign/target/v1-benchmarks/input-to-proof/iphone/publication/warm/noir/browserstack/add170877eda73b95b8334e434ebcf68a831baf3/session-70bfc877199f31cd467422b4c17a75684ebbbe74/bench-report.json,warm_reuse,4679.860584
input-to-proof-v1-20260807,passport_p1__iphone_se_2022__noir_barretenberg__warm_reuse-5,2026-08-07T21:28:47.000Z,iphone_se_2022,iPhone SE 2022,15.4,arm64,ios_native,,passport_age_integrity,P1-matched-monolithic-RSA4096,092621d721cfef9ff39b0787f5ba2c1f07eb6d95,noir_barretenberg,noir,barretenberg-rs-4.2.0-aztecnr-rc.2,acvm-beta19,measured,5,ok,,314.228041,4364.101459,,4678.3295,491.265625,16324,271712159,271696456,271712159,,input-to-proof-v1,092621d721cfef9ff39b0787f5ba2c1f07eb6d95,"{""mopro"":""0.3.7"",""barretenberg_rs"":""4.2.0-aztecnr-rc.2"",""noir"":""1.0.0-beta.19""}","{""raw_evidence_sha256"":[{""report_sha256"":""633cb29f209a4e615a01ec15bcfd197ab8e8e894fc9c6180d2cc3ceb453f5745"",""session_sha256"":""a53e52d1f5ad540cd83d2b1f5dfc062bb689536658ec65331659b3343e62e3e3"",""build_sha256"":""ff444bdb5858250a18c8ca117fe4c92782aee817fe23e5582f9a1d4ccf2f1513""}]}",add170877eda73b95b8334e434ebcf68a831baf3/70bfc877199f31cd467422b4c17a75684ebbbe74,"Matched P1 profile: monolithic RSA-4096 passport integrity, registry authorization, DG1 validity, and minimum-age assertion.",,,/Users/dcbuilder/Code/world/.worktrees/provekit-v1-cross-device-campaign/target/v1-benchmarks/input-to-proof/iphone/publication/warm/noir/browserstack/add170877eda73b95b8334e434ebcf68a831baf3/session-70bfc877199f31cd467422b4c17a75684ebbbe74/bench-report.json,warm_reuse,4678.3295
input-to-proof-v1-20260807,oprf_o2__iphone_se_2022__provekit_v1__cold_local-0,2026-08-09T10:45:09.000Z,iphone_se_2022,iPhone SE 2022,15.4,arm64,ios_native,,oprf_nullifier,O2-world-id-nullifier,85aeeef539961cae5a63de794997b507a5975717,provekit_v1,noir,provekit-v1-whir-native,integrated-noir-beta11-witness,warmup,0,ok,,,1140.392959,,1140.392959,143.328125,632660,1648269,1642416,1648269,,input-to-proof-v1,9b2a6f37c67691eab4b0cec6c35e35c520e93285,"{""provekit"":""9b2a6f37c67691eab4b0cec6c35e35c520e93285"",""mobench"":""0.1.48"",""noir"":""1.0.0-beta.11""}","{""raw_evidence_sha256"":[{""report_sha256"":""e628a63f508565673cdce331185dea4abb70f66afb666debf939f42b9ee4cad7"",""session_sha256"":""95927199f0a90598080ba361f72cac69e2ac4254285a97ddbf0683e89bded230"",""build_sha256"":""b57b080a236425ad84fc1bf75b726b1651245b20971f52b5013a0710027b1ae4""}]}",6ec3478e3deafbfe2c9d1b7cf3ad263db8e4752b/7b5fd61c76a93135772d30e55ef971df9f78f166,"Matched O2 profile: World ID nullifier statement and frozen semantic inputs, including the same public nullifier. Native ProveKit exposes witness generation and proving as one integrated timed operation, so witness_time_ms is intentionally blank.",,,/Users/dcbuilder/Code/world/.worktrees/provekit-v1-cross-device-campaign/target/v1-benchmarks/input-to-proof/iphone/publication/cold/batch/remaining/6ec3478e3deafbfe2c9d1b7cf3ad263db8e4752b/session-7b5fd61c76a93135772d30e55ef971df9f78f166/bench-report.json,cold_local,1140.392959
input-to-proof-v1-20260807,oprf_o2__iphone_se_2022__provekit_v1__cold_local-1,2026-08-09T10:45:09.000Z,iphone_se_2022,iPhone SE 2022,15.4,arm64,ios_native,,oprf_nullifier,O2-world-id-nullifier,85aeeef539961cae5a63de794997b507a5975717,provekit_v1,noir,provekit-v1-whir-native,integrated-noir-beta11-witness,measured,1,ok,,,919.743542,,919.743542,142.671875,634964,1648269,1642416,1648269,,input-to-proof-v1,9b2a6f37c67691eab4b0cec6c35e35c520e93285,"{""provekit"":""9b2a6f37c67691eab4b0cec6c35e35c520e93285"",""mobench"":""0.1.48"",""noir"":""1.0.0-beta.11""}","{""raw_evidence_sha256"":[{""report_sha256"":""e628a63f508565673cdce331185dea4abb70f66afb666debf939f42b9ee4cad7"",""session_sha256"":""95927199f0a90598080ba361f72cac69e2ac4254285a97ddbf0683e89bded230"",""build_sha256"":""b57b080a236425ad84fc1bf75b726b1651245b20971f52b5013a0710027b1ae4""}]}",6ec3478e3deafbfe2c9d1b7cf3ad263db8e4752b/7b5fd61c76a93135772d30e55ef971df9f78f166,"Matched O2 profile: World ID nullifier statement and frozen semantic inputs, including the same public nullifier. Native ProveKit exposes witness generation and proving as one integrated timed operation, so witness_time_ms is intentionally blank.",,,/Users/dcbuilder/Code/world/.worktrees/provekit-v1-cross-device-campaign/target/v1-benchmarks/input-to-proof/iphone/publication/cold/batch/remaining/6ec3478e3deafbfe2c9d1b7cf3ad263db8e4752b/session-7b5fd61c76a93135772d30e55ef971df9f78f166/bench-report.json,cold_local,919.743542
input-to-proof-v1-20260807,oprf_o2__iphone_se_2022__provekit_v1__cold_local-2,2026-08-09T10:45:09.000Z,iphone_se_2022,iPhone SE 2022,15.4,arm64,ios_native,,oprf_nullifier,O2-world-id-nullifier,85aeeef539961cae5a63de794997b507a5975717,provekit_v1,noir,provekit-v1-whir-native,integrated-noir-beta11-witness,measured,2,ok,,,1254.2595,,1254.2595,141.125,635604,1648269,1642416,1648269,,input-to-proof-v1,9b2a6f37c67691eab4b0cec6c35e35c520e93285,"{""provekit"":""9b2a6f37c67691eab4b0cec6c35e35c520e93285"",""mobench"":""0.1.48"",""noir"":""1.0.0-beta.11""}","{""raw_evidence_sha256"":[{""report_sha256"":""e628a63f508565673cdce331185dea4abb70f66afb666debf939f42b9ee4cad7"",""session_sha256"":""95927199f0a90598080ba361f72cac69e2ac4254285a97ddbf0683e89bded230"",""build_sha256"":""b57b080a236425ad84fc1bf75b726b1651245b20971f52b5013a0710027b1ae4""}]}",6ec3478e3deafbfe2c9d1b7cf3ad263db8e4752b/7b5fd61c76a93135772d30e55ef971df9f78f166,"Matched O2 profile: World ID nullifier statement and frozen semantic inputs, including the same public nullifier. Native ProveKit exposes witness generation and proving as one integrated timed operation, so witness_time_ms is intentionally blank.",,,/Users/dcbuilder/Code/world/.worktrees/provekit-v1-cross-device-campaign/target/v1-benchmarks/input-to-proof/iphone/publication/cold/batch/remaining/6ec3478e3deafbfe2c9d1b7cf3ad263db8e4752b/session-7b5fd61c76a93135772d30e55ef971df9f78f166/bench-report.json,cold_local,1254.2595
input-to-proof-v1-20260807,oprf_o2__iphone_se_2022__provekit_v1__cold_local-3,2026-08-09T10:45:09.000Z,iphone_se_2022,iPhone SE 2022,15.4,arm64,ios_native,,oprf_nullifier,O2-world-id-nullifier,85aeeef539961cae5a63de794997b507a5975717,provekit_v1,noir,provekit-v1-whir-native,integrated-noir-beta11-witness,measured,3,ok,,,1199.335791,,1199.335791,141.90625,635764,1648269,1642416,1648269,,input-to-proof-v1,9b2a6f37c67691eab4b0cec6c35e35c520e93285,"{""provekit"":""9b2a6f37c67691eab4b0cec6c35e35c520e93285"",""mobench"":""0.1.48"",""noir"":""1.0.0-beta.11""}","{""raw_evidence_sha256"":[{""report_sha256"":""e628a63f508565673cdce331185dea4abb70f66afb666debf939f42b9ee4cad7"",""session_sha256"":""95927199f0a90598080ba361f72cac69e2ac4254285a97ddbf0683e89bded230"",""build_sha256"":""b57b080a236425ad84fc1bf75b726b1651245b20971f52b5013a0710027b1ae4""}]}",6ec3478e3deafbfe2c9d1b7cf3ad263db8e4752b/7b5fd61c76a93135772d30e55ef971df9f78f166,"Matched O2 profile: World ID nullifier statement and frozen semantic inputs, including the same public nullifier. Native ProveKit exposes witness generation and proving as one integrated timed operation, so witness_time_ms is intentionally blank.",,,/Users/dcbuilder/Code/world/.worktrees/provekit-v1-cross-device-campaign/target/v1-benchmarks/input-to-proof/iphone/publication/cold/batch/remaining/6ec3478e3deafbfe2c9d1b7cf3ad263db8e4752b/session-7b5fd61c76a93135772d30e55ef971df9f78f166/bench-report.json,cold_local,1199.335791
input-to-proof-v1-20260807,oprf_o2__iphone_se_2022__provekit_v1__cold_local-4,2026-08-09T10:45:09.000Z,iphone_se_2022,iPhone SE 2022,15.4,arm64,ios_native,,oprf_nullifier,O2-world-id-nullifier,85aeeef539961cae5a63de794997b507a5975717,provekit_v1,noir,provekit-v1-whir-native,integrated-noir-beta11-witness,measured,4,ok,,,1337.309875,,1337.309875,141.453125,629195,1648269,1642416,1648269,,input-to-proof-v1,9b2a6f37c67691eab4b0cec6c35e35c520e93285,"{""provekit"":""9b2a6f37c67691eab4b0cec6c35e35c520e93285"",""mobench"":""0.1.48"",""noir"":""1.0.0-beta.11""}","{""raw_evidence_sha256"":[{""report_sha256"":""e628a63f508565673cdce331185dea4abb70f66afb666debf939f42b9ee4cad7"",""session_sha256"":""95927199f0a90598080ba361f72cac69e2ac4254285a97ddbf0683e89bded230"",""build_sha256"":""b57b080a236425ad84fc1bf75b726b1651245b20971f52b5013a0710027b1ae4""}]}",6ec3478e3deafbfe2c9d1b7cf3ad263db8e4752b/7b5fd61c76a93135772d30e55ef971df9f78f166,"Matched O2 profile: World ID nullifier statement and frozen semantic inputs, including the same public nullifier. Native ProveKit exposes witness generation and proving as one integrated timed operation, so witness_time_ms is intentionally blank.",,,/Users/dcbuilder/Code/world/.worktrees/provekit-v1-cross-device-campaign/target/v1-benchmarks/input-to-proof/iphone/publication/cold/batch/remaining/6ec3478e3deafbfe2c9d1b7cf3ad263db8e4752b/session-7b5fd61c76a93135772d30e55ef971df9f78f166/bench-report.json,cold_local,1337.309875
input-to-proof-v1-20260807,oprf_o2__iphone_se_2022__provekit_v1__cold_local-5,2026-08-09T10:45:09.000Z,iphone_se_2022,iPhone SE 2022,15.4,arm64,ios_native,,oprf_nullifier,O2-world-id-nullifier,85aeeef539961cae5a63de794997b507a5975717,provekit_v1,noir,provekit-v1-whir-native,integrated-noir-beta11-witness,measured,5,ok,,,903.116333,,903.116333,144.53125,629740,1648269,1642416,1648269,,input-to-proof-v1,9b2a6f37c67691eab4b0cec6c35e35c520e93285,"{""provekit"":""9b2a6f37c67691eab4b0cec6c35e35c520e93285"",""mobench"":""0.1.48"",""noir"":""1.0.0-beta.11""}","{""raw_evidence_sha256"":[{""report_sha256"":""e628a63f508565673cdce331185dea4abb70f66afb666debf939f42b9ee4cad7"",""session_sha256"":""95927199f0a90598080ba361f72cac69e2ac4254285a97ddbf0683e89bded230"",""build_sha256"":""b57b080a236425ad84fc1bf75b726b1651245b20971f52b5013a0710027b1ae4""}]}",6ec3478e3deafbfe2c9d1b7cf3ad263db8e4752b/7b5fd61c76a93135772d30e55ef971df9f78f166,"Matched O2 profile: World ID nullifier statement and frozen semantic inputs, including the same public nullifier. Native ProveKit exposes witness generation and proving as one integrated timed operation, so witness_time_ms is intentionally blank.",,,/Users/dcbuilder/Code/world/.worktrees/provekit-v1-cross-device-campaign/target/v1-benchmarks/input-to-proof/iphone/publication/cold/batch/remaining/6ec3478e3deafbfe2c9d1b7cf3ad263db8e4752b/session-7b5fd61c76a93135772d30e55ef971df9f78f166/bench-report.json,cold_local,903.116333
input-to-proof-v1-20260807,oprf_o2__iphone_se_2022__provekit_v1__warm_reuse-0,2026-08-07T19:15:14.000Z,iphone_se_2022,iPhone SE 2022,15.4,arm64,ios_native,,oprf_nullifier,O2-world-id-nullifier,85aeeef539961cae5a63de794997b507a5975717,provekit_v1,noir,provekit-v1-whir-native,integrated-noir-beta11-witness,warmup,0,ok,,,909.477083,,909.477083,,632244,1648269,1642416,1648269,,input-to-proof-v1,9b2a6f37c67691eab4b0cec6c35e35c520e93285,"{""provekit"":""9b2a6f37c67691eab4b0cec6c35e35c520e93285"",""mobench"":""0.1.48"",""noir"":""1.0.0-beta.11""}","{""raw_evidence_sha256"":[{""report_sha256"":""8473606319e2fd8c91d47d8b575e0c99e54f2a2644b562d5bccf39c6d94ef1bf"",""session_sha256"":""4f9b76e7347f28fe880d35fb1be165cd7221b0bdc2252f5ec1ebd1b754bd2f34"",""build_sha256"":""a8353450fc064ddf20d14fd60f78ff7002b61ebd8ccbbb2ecbd8186321990b81""}]}",a547a225089d90695ee928448239a289a6f17486/4c17c3b0d49a7054b63af876b3e2b6874576694a,"Matched O2 profile: World ID nullifier statement and frozen semantic inputs, including the same public nullifier. Native ProveKit exposes witness generation and proving as one integrated timed operation, so witness_time_ms is intentionally blank.",,,/Users/dcbuilder/Code/world/.worktrees/provekit-v1-cross-device-campaign/target/v1-benchmarks/input-to-proof/iphone/publication/warm/provekit/browserstack/a547a225089d90695ee928448239a289a6f17486/session-4c17c3b0d49a7054b63af876b3e2b6874576694a/bench-report.json,warm_reuse,909.477083
input-to-proof-v1-20260807,oprf_o2__iphone_se_2022__provekit_v1__warm_reuse-1,2026-08-07T19:15:14.000Z,iphone_se_2022,iPhone SE 2022,15.4,arm64,ios_native,,oprf_nullifier,O2-world-id-nullifier,85aeeef539961cae5a63de794997b507a5975717,provekit_v1,noir,provekit-v1-whir-native,integrated-noir-beta11-witness,measured,1,ok,,,1237.383833,,1237.383833,144.125,634644,1648269,1642416,1648269,,input-to-proof-v1,9b2a6f37c67691eab4b0cec6c35e35c520e93285,"{""provekit"":""9b2a6f37c67691eab4b0cec6c35e35c520e93285"",""mobench"":""0.1.48"",""noir"":""1.0.0-beta.11""}","{""raw_evidence_sha256"":[{""report_sha256"":""8473606319e2fd8c91d47d8b575e0c99e54f2a2644b562d5bccf39c6d94ef1bf"",""session_sha256"":""4f9b76e7347f28fe880d35fb1be165cd7221b0bdc2252f5ec1ebd1b754bd2f34"",""build_sha256"":""a8353450fc064ddf20d14fd60f78ff7002b61ebd8ccbbb2ecbd8186321990b81""}]}",a547a225089d90695ee928448239a289a6f17486/4c17c3b0d49a7054b63af876b3e2b6874576694a,"Matched O2 profile: World ID nullifier statement and frozen semantic inputs, including the same public nullifier. Native ProveKit exposes witness generation and proving as one integrated timed operation, so witness_time_ms is intentionally blank.",,,/Users/dcbuilder/Code/world/.worktrees/provekit-v1-cross-device-campaign/target/v1-benchmarks/input-to-proof/iphone/publication/warm/provekit/browserstack/a547a225089d90695ee928448239a289a6f17486/session-4c17c3b0d49a7054b63af876b3e2b6874576694a/bench-report.json,warm_reuse,1237.383833
input-to-proof-v1-20260807,oprf_o2__iphone_se_2022__provekit_v1__warm_reuse-2,2026-08-07T19:15:14.000Z,iphone_se_2022,iPhone SE 2022,15.4,arm64,ios_native,,oprf_nullifier,O2-world-id-nullifier,85aeeef539961cae5a63de794997b507a5975717,provekit_v1,noir,provekit-v1-whir-native,integrated-noir-beta11-witness,measured,2,ok,,,1172.487958,,1172.487958,141.921875,630516,1648269,1642416,1648269,,input-to-proof-v1,9b2a6f37c67691eab4b0cec6c35e35c520e93285,"{""provekit"":""9b2a6f37c67691eab4b0cec6c35e35c520e93285"",""mobench"":""0.1.48"",""noir"":""1.0.0-beta.11""}","{""raw_evidence_sha256"":[{""report_sha256"":""8473606319e2fd8c91d47d8b575e0c99e54f2a2644b562d5bccf39c6d94ef1bf"",""session_sha256"":""4f9b76e7347f28fe880d35fb1be165cd7221b0bdc2252f5ec1ebd1b754bd2f34"",""build_sha256"":""a8353450fc064ddf20d14fd60f78ff7002b61ebd8ccbbb2ecbd8186321990b81""}]}",a547a225089d90695ee928448239a289a6f17486/4c17c3b0d49a7054b63af876b3e2b6874576694a,"Matched O2 profile: World ID nullifier statement and frozen semantic inputs, including the same public nullifier. Native ProveKit exposes witness generation and proving as one integrated timed operation, so witness_time_ms is intentionally blank.",,,/Users/dcbuilder/Code/world/.worktrees/provekit-v1-cross-device-campaign/target/v1-benchmarks/input-to-proof/iphone/publication/warm/provekit/browserstack/a547a225089d90695ee928448239a289a6f17486/session-4c17c3b0d49a7054b63af876b3e2b6874576694a/bench-report.json,warm_reuse,1172.487958
input-to-proof-v1-20260807,oprf_o2__iphone_se_2022__provekit_v1__warm_reuse-3,2026-08-07T19:15:14.000Z,iphone_se_2022,iPhone SE 2022,15.4,arm64,ios_native,,oprf_nullifier,O2-world-id-nullifier,85aeeef539961cae5a63de794997b507a5975717,provekit_v1,noir,provekit-v1-whir-native,integrated-noir-beta11-witness,measured,3,ok,,,1084.921333,,1084.921333,142.34375,636724,1648269,1642416,1648269,,input-to-proof-v1,9b2a6f37c67691eab4b0cec6c35e35c520e93285,"{""provekit"":""9b2a6f37c67691eab4b0cec6c35e35c520e93285"",""mobench"":""0.1.48"",""noir"":""1.0.0-beta.11""}","{""raw_evidence_sha256"":[{""report_sha256"":""8473606319e2fd8c91d47d8b575e0c99e54f2a2644b562d5bccf39c6d94ef1bf"",""session_sha256"":""4f9b76e7347f28fe880d35fb1be165cd7221b0bdc2252f5ec1ebd1b754bd2f34"",""build_sha256"":""a8353450fc064ddf20d14fd60f78ff7002b61ebd8ccbbb2ecbd8186321990b81""}]}",a547a225089d90695ee928448239a289a6f17486/4c17c3b0d49a7054b63af876b3e2b6874576694a,"Matched O2 profile: World ID nullifier statement and frozen semantic inputs, including the same public nullifier. Native ProveKit exposes witness generation and proving as one integrated timed operation, so witness_time_ms is intentionally blank.",,,/Users/dcbuilder/Code/world/.worktrees/provekit-v1-cross-device-campaign/target/v1-benchmarks/input-to-proof/iphone/publication/warm/provekit/browserstack/a547a225089d90695ee928448239a289a6f17486/session-4c17c3b0d49a7054b63af876b3e2b6874576694a/bench-report.json,warm_reuse,1084.921333
input-to-proof-v1-20260807,oprf_o2__iphone_se_2022__provekit_v1__warm_reuse-4,2026-08-07T19:15:14.000Z,iphone_se_2022,iPhone SE 2022,15.4,arm64,ios_native,,oprf_nullifier,O2-world-id-nullifier,85aeeef539961cae5a63de794997b507a5975717,provekit_v1,noir,provekit-v1-whir-native,integrated-noir-beta11-witness,measured,4,ok,,,1242.178792,,1242.178792,145.109375,634580,1648269,1642416,1648269,,input-to-proof-v1,9b2a6f37c67691eab4b0cec6c35e35c520e93285,"{""provekit"":""9b2a6f37c67691eab4b0cec6c35e35c520e93285"",""mobench"":""0.1.48"",""noir"":""1.0.0-beta.11""}","{""raw_evidence_sha256"":[{""report_sha256"":""8473606319e2fd8c91d47d8b575e0c99e54f2a2644b562d5bccf39c6d94ef1bf"",""session_sha256"":""4f9b76e7347f28fe880d35fb1be165cd7221b0bdc2252f5ec1ebd1b754bd2f34"",""build_sha256"":""a8353450fc064ddf20d14fd60f78ff7002b61ebd8ccbbb2ecbd8186321990b81""}]}",a547a225089d90695ee928448239a289a6f17486/4c17c3b0d49a7054b63af876b3e2b6874576694a,"Matched O2 profile: World ID nullifier statement and frozen semantic inputs, including the same public nullifier. Native ProveKit exposes witness generation and proving as one integrated timed operation, so witness_time_ms is intentionally blank.",,,/Users/dcbuilder/Code/world/.worktrees/provekit-v1-cross-device-campaign/target/v1-benchmarks/input-to-proof/iphone/publication/warm/provekit/browserstack/a547a225089d90695ee928448239a289a6f17486/session-4c17c3b0d49a7054b63af876b3e2b6874576694a/bench-report.json,warm_reuse,1242.178792
input-to-proof-v1-20260807,oprf_o2__iphone_se_2022__provekit_v1__warm_reuse-5,2026-08-07T19:15:14.000Z,iphone_se_2022,iPhone SE 2022,15.4,arm64,ios_native,,oprf_nullifier,O2-world-id-nullifier,85aeeef539961cae5a63de794997b507a5975717,provekit_v1,noir,provekit-v1-whir-native,integrated-noir-beta11-witness,measured,5,ok,,,1423.84775,,1423.84775,145.84375,633588,1648269,1642416,1648269,,input-to-proof-v1,9b2a6f37c67691eab4b0cec6c35e35c520e93285,"{""provekit"":""9b2a6f37c67691eab4b0cec6c35e35c520e93285"",""mobench"":""0.1.48"",""noir"":""1.0.0-beta.11""}","{""raw_evidence_sha256"":[{""report_sha256"":""8473606319e2fd8c91d47d8b575e0c99e54f2a2644b562d5bccf39c6d94ef1bf"",""session_sha256"":""4f9b76e7347f28fe880d35fb1be165cd7221b0bdc2252f5ec1ebd1b754bd2f34"",""build_sha256"":""a8353450fc064ddf20d14fd60f78ff7002b61ebd8ccbbb2ecbd8186321990b81""}]}",a547a225089d90695ee928448239a289a6f17486/4c17c3b0d49a7054b63af876b3e2b6874576694a,"Matched O2 profile: World ID nullifier statement and frozen semantic inputs, including the same public nullifier. Native ProveKit exposes witness generation and proving as one integrated timed operation, so witness_time_ms is intentionally blank.",,,/Users/dcbuilder/Code/world/.worktrees/provekit-v1-cross-device-campaign/target/v1-benchmarks/input-to-proof/iphone/publication/warm/provekit/browserstack/a547a225089d90695ee928448239a289a6f17486/session-4c17c3b0d49a7054b63af876b3e2b6874576694a/bench-report.json,warm_reuse,1423.84775
input-to-proof-v1-20260807,oprf_o2__iphone_se_2022__noir_barretenberg__cold_local-0,2026-08-09T11:05:00.000Z,iphone_se_2022,iPhone SE 2022,15.4,arm64,ios_native,,oprf_nullifier,O2-world-id-nullifier,85aeeef539961cae5a63de794997b507a5975717,noir_barretenberg,noir,barretenberg-rs-4.2.0-aztecnr-rc.2,acvm-beta19,warmup,0,ok,,323.8575,2519.133458,,2842.991,367.453125,16548,271056603,271051007,271056603,,input-to-proof-v1,85aeeef539961cae5a63de794997b507a5975717,"{""mopro"":""0.3.7"",""barretenberg_rs"":""4.2.0-aztecnr-rc.2"",""noir"":""1.0.0-beta.19""}","{""raw_evidence_sha256"":[{""report_sha256"":""2f019fe49eb4167d81ad37c9f9f7b0c50ae6b37d2cf168e7cfaaa74e35bf8732"",""session_sha256"":""46ee5483640870aa30eed2d173aa2bdc618e14c38e0ce0e63df8b9874d853658"",""build_sha256"":""b82bf847306d3972e0e33dbe7b83affaed5968cd02738702494e30f65115ec7a""}]}",d82d32c4209ae0fe1b5873911ce984481dd8d4b3/bab0e5c82f0c35d2b0829bd6c1fa15fe521485e1,"Matched O2 profile: World ID nullifier statement and frozen semantic inputs, including the same public nullifier.",,,/Users/dcbuilder/Code/world/.worktrees/provekit-v1-cross-device-campaign/target/v1-benchmarks/input-to-proof/iphone/publication/cold/batch/remaining/d82d32c4209ae0fe1b5873911ce984481dd8d4b3/session-bab0e5c82f0c35d2b0829bd6c1fa15fe521485e1/bench-report.json,cold_local,2842.991
input-to-proof-v1-20260807,oprf_o2__iphone_se_2022__noir_barretenberg__cold_local-1,2026-08-09T11:05:00.000Z,iphone_se_2022,iPhone SE 2022,15.4,arm64,ios_native,,oprf_nullifier,O2-world-id-nullifier,85aeeef539961cae5a63de794997b507a5975717,noir_barretenberg,noir,barretenberg-rs-4.2.0-aztecnr-rc.2,acvm-beta19,measured,1,ok,,320.633958,2596.478208,,2917.112292,366.46875,16548,271056603,271051007,271056603,,input-to-proof-v1,85aeeef539961cae5a63de794997b507a5975717,"{""mopro"":""0.3.7"",""barretenberg_rs"":""4.2.0-aztecnr-rc.2"",""noir"":""1.0.0-beta.19""}","{""raw_evidence_sha256"":[{""report_sha256"":""2f019fe49eb4167d81ad37c9f9f7b0c50ae6b37d2cf168e7cfaaa74e35bf8732"",""session_sha256"":""46ee5483640870aa30eed2d173aa2bdc618e14c38e0ce0e63df8b9874d853658"",""build_sha256"":""b82bf847306d3972e0e33dbe7b83affaed5968cd02738702494e30f65115ec7a""}]}",d82d32c4209ae0fe1b5873911ce984481dd8d4b3/bab0e5c82f0c35d2b0829bd6c1fa15fe521485e1,"Matched O2 profile: World ID nullifier statement and frozen semantic inputs, including the same public nullifier.",,,/Users/dcbuilder/Code/world/.worktrees/provekit-v1-cross-device-campaign/target/v1-benchmarks/input-to-proof/iphone/publication/cold/batch/remaining/d82d32c4209ae0fe1b5873911ce984481dd8d4b3/session-bab0e5c82f0c35d2b0829bd6c1fa15fe521485e1/bench-report.json,cold_local,2917.112292
input-to-proof-v1-20260807,oprf_o2__iphone_se_2022__noir_barretenberg__cold_local-2,2026-08-09T11:05:00.000Z,iphone_se_2022,iPhone SE 2022,15.4,arm64,ios_native,,oprf_nullifier,O2-world-id-nullifier,85aeeef539961cae5a63de794997b507a5975717,noir_barretenberg,noir,barretenberg-rs-4.2.0-aztecnr-rc.2,acvm-beta19,measured,2,ok,,327.897709,2559.122667,,2887.0205,375.875,16548,271056603,271051007,271056603,,input-to-proof-v1,85aeeef539961cae5a63de794997b507a5975717,"{""mopro"":""0.3.7"",""barretenberg_rs"":""4.2.0-aztecnr-rc.2"",""noir"":""1.0.0-beta.19""}","{""raw_evidence_sha256"":[{""report_sha256"":""2f019fe49eb4167d81ad37c9f9f7b0c50ae6b37d2cf168e7cfaaa74e35bf8732"",""session_sha256"":""46ee5483640870aa30eed2d173aa2bdc618e14c38e0ce0e63df8b9874d853658"",""build_sha256"":""b82bf847306d3972e0e33dbe7b83affaed5968cd02738702494e30f65115ec7a""}]}",d82d32c4209ae0fe1b5873911ce984481dd8d4b3/bab0e5c82f0c35d2b0829bd6c1fa15fe521485e1,"Matched O2 profile: World ID nullifier statement and frozen semantic inputs, including the same public nullifier.",,,/Users/dcbuilder/Code/world/.worktrees/provekit-v1-cross-device-campaign/target/v1-benchmarks/input-to-proof/iphone/publication/cold/batch/remaining/d82d32c4209ae0fe1b5873911ce984481dd8d4b3/session-bab0e5c82f0c35d2b0829bd6c1fa15fe521485e1/bench-report.json,cold_local,2887.0205
input-to-proof-v1-20260807,oprf_o2__iphone_se_2022__noir_barretenberg__cold_local-3,2026-08-09T11:05:00.000Z,iphone_se_2022,iPhone SE 2022,15.4,arm64,ios_native,,oprf_nullifier,O2-world-id-nullifier,85aeeef539961cae5a63de794997b507a5975717,noir_barretenberg,noir,barretenberg-rs-4.2.0-aztecnr-rc.2,acvm-beta19,measured,3,ok,,316.197375,2559.387917,,2875.585416,371.515625,16548,271056603,271051007,271056603,,input-to-proof-v1,85aeeef539961cae5a63de794997b507a5975717,"{""mopro"":""0.3.7"",""barretenberg_rs"":""4.2.0-aztecnr-rc.2"",""noir"":""1.0.0-beta.19""}","{""raw_evidence_sha256"":[{""report_sha256"":""2f019fe49eb4167d81ad37c9f9f7b0c50ae6b37d2cf168e7cfaaa74e35bf8732"",""session_sha256"":""46ee5483640870aa30eed2d173aa2bdc618e14c38e0ce0e63df8b9874d853658"",""build_sha256"":""b82bf847306d3972e0e33dbe7b83affaed5968cd02738702494e30f65115ec7a""}]}",d82d32c4209ae0fe1b5873911ce984481dd8d4b3/bab0e5c82f0c35d2b0829bd6c1fa15fe521485e1,"Matched O2 profile: World ID nullifier statement and frozen semantic inputs, including the same public nullifier.",,,/Users/dcbuilder/Code/world/.worktrees/provekit-v1-cross-device-campaign/target/v1-benchmarks/input-to-proof/iphone/publication/cold/batch/remaining/d82d32c4209ae0fe1b5873911ce984481dd8d4b3/session-bab0e5c82f0c35d2b0829bd6c1fa15fe521485e1/bench-report.json,cold_local,2875.585416
input-to-proof-v1-20260807,oprf_o2__iphone_se_2022__noir_barretenberg__cold_local-4,2026-08-09T11:05:00.000Z,iphone_se_2022,iPhone SE 2022,15.4,arm64,ios_native,,oprf_nullifier,O2-world-id-nullifier,85aeeef539961cae5a63de794997b507a5975717,noir_barretenberg,noir,barretenberg-rs-4.2.0-aztecnr-rc.2,acvm-beta19,measured,4,ok,,329.706041,2680.23325,,3009.939333,373.484375,16548,271056603,271051007,271056603,,input-to-proof-v1,85aeeef539961cae5a63de794997b507a5975717,"{""mopro"":""0.3.7"",""barretenberg_rs"":""4.2.0-aztecnr-rc.2"",""noir"":""1.0.0-beta.19""}","{""raw_evidence_sha256"":[{""report_sha256"":""2f019fe49eb4167d81ad37c9f9f7b0c50ae6b37d2cf168e7cfaaa74e35bf8732"",""session_sha256"":""46ee5483640870aa30eed2d173aa2bdc618e14c38e0ce0e63df8b9874d853658"",""build_sha256"":""b82bf847306d3972e0e33dbe7b83affaed5968cd02738702494e30f65115ec7a""}]}",d82d32c4209ae0fe1b5873911ce984481dd8d4b3/bab0e5c82f0c35d2b0829bd6c1fa15fe521485e1,"Matched O2 profile: World ID nullifier statement and frozen semantic inputs, including the same public nullifier.",,,/Users/dcbuilder/Code/world/.worktrees/provekit-v1-cross-device-campaign/target/v1-benchmarks/input-to-proof/iphone/publication/cold/batch/remaining/d82d32c4209ae0fe1b5873911ce984481dd8d4b3/session-bab0e5c82f0c35d2b0829bd6c1fa15fe521485e1/bench-report.json,cold_local,3009.939333
input-to-proof-v1-20260807,oprf_o2__iphone_se_2022__noir_barretenberg__cold_local-5,2026-08-09T11:05:00.000Z,iphone_se_2022,iPhone SE 2022,15.4,arm64,ios_native,,oprf_nullifier,O2-world-id-nullifier,85aeeef539961cae5a63de794997b507a5975717,noir_barretenberg,noir,barretenberg-rs-4.2.0-aztecnr-rc.2,acvm-beta19,measured,5,ok,,338.01325,2719.800375,,3057.813708,378.375,16548,271056603,271051007,271056603,,input-to-proof-v1,85aeeef539961cae5a63de794997b507a5975717,"{""mopro"":""0.3.7"",""barretenberg_rs"":""4.2.0-aztecnr-rc.2"",""noir"":""1.0.0-beta.19""}","{""raw_evidence_sha256"":[{""report_sha256"":""2f019fe49eb4167d81ad37c9f9f7b0c50ae6b37d2cf168e7cfaaa74e35bf8732"",""session_sha256"":""46ee5483640870aa30eed2d173aa2bdc618e14c38e0ce0e63df8b9874d853658"",""build_sha256"":""b82bf847306d3972e0e33dbe7b83affaed5968cd02738702494e30f65115ec7a""}]}",d82d32c4209ae0fe1b5873911ce984481dd8d4b3/bab0e5c82f0c35d2b0829bd6c1fa15fe521485e1,"Matched O2 profile: World ID nullifier statement and frozen semantic inputs, including the same public nullifier.",,,/Users/dcbuilder/Code/world/.worktrees/provekit-v1-cross-device-campaign/target/v1-benchmarks/input-to-proof/iphone/publication/cold/batch/remaining/d82d32c4209ae0fe1b5873911ce984481dd8d4b3/session-bab0e5c82f0c35d2b0829bd6c1fa15fe521485e1/bench-report.json,cold_local,3057.813708
input-to-proof-v1-20260807,oprf_o2__iphone_se_2022__noir_barretenberg__warm_reuse-0,2026-08-07T21:43:49.000Z,iphone_se_2022,iPhone SE 2022,15.4,arm64,ios_native,,oprf_nullifier,O2-world-id-nullifier,85aeeef539961cae5a63de794997b507a5975717,noir_barretenberg,noir,barretenberg-rs-4.2.0-aztecnr-rc.2,acvm-beta19,warmup,0,ok,,303.190333,2643.975458,,2947.166042,,16548,271056603,271051007,271056603,,input-to-proof-v1,85aeeef539961cae5a63de794997b507a5975717,"{""mopro"":""0.3.7"",""barretenberg_rs"":""4.2.0-aztecnr-rc.2"",""noir"":""1.0.0-beta.19""}","{""raw_evidence_sha256"":[{""report_sha256"":""fe4c8f2c3f65934e782ca87dd5bed82066f0fe316cdabbcd5265918e8f694428"",""session_sha256"":""f8a7333af2dffd4e17c43cf5d0897e8066dfd3419b7d546ad709b816a75fc187"",""build_sha256"":""95ce3f1bd3cb27b129ce2ae533d6fcd26b2b21434d200292e6ababa6bc299f9b""}]}",ece465c45ad91aa2d9a6f85d9a7260bdfb26de2e/58176d171c5fc0b0ddf5acb3855303477207887a,"Matched O2 profile: World ID nullifier statement and frozen semantic inputs, including the same public nullifier.",,,/Users/dcbuilder/Code/world/.worktrees/provekit-v1-cross-device-campaign/target/v1-benchmarks/input-to-proof/iphone/publication/warm/noir/browserstack/ece465c45ad91aa2d9a6f85d9a7260bdfb26de2e/session-58176d171c5fc0b0ddf5acb3855303477207887a/bench-report.json,warm_reuse,2947.166042
input-to-proof-v1-20260807,oprf_o2__iphone_se_2022__noir_barretenberg__warm_reuse-1,2026-08-07T21:43:49.000Z,iphone_se_2022,iPhone SE 2022,15.4,arm64,ios_native,,oprf_nullifier,O2-world-id-nullifier,85aeeef539961cae5a63de794997b507a5975717,noir_barretenberg,noir,barretenberg-rs-4.2.0-aztecnr-rc.2,acvm-beta19,measured,1,ok,,307.867584,2645.076833,,2952.944459,384.0625,16548,271056603,271051007,271056603,,input-to-proof-v1,85aeeef539961cae5a63de794997b507a5975717,"{""mopro"":""0.3.7"",""barretenberg_rs"":""4.2.0-aztecnr-rc.2"",""noir"":""1.0.0-beta.19""}","{""raw_evidence_sha256"":[{""report_sha256"":""fe4c8f2c3f65934e782ca87dd5bed82066f0fe316cdabbcd5265918e8f694428"",""session_sha256"":""f8a7333af2dffd4e17c43cf5d0897e8066dfd3419b7d546ad709b816a75fc187"",""build_sha256"":""95ce3f1bd3cb27b129ce2ae533d6fcd26b2b21434d200292e6ababa6bc299f9b""}]}",ece465c45ad91aa2d9a6f85d9a7260bdfb26de2e/58176d171c5fc0b0ddf5acb3855303477207887a,"Matched O2 profile: World ID nullifier statement and frozen semantic inputs, including the same public nullifier.",,,/Users/dcbuilder/Code/world/.worktrees/provekit-v1-cross-device-campaign/target/v1-benchmarks/input-to-proof/iphone/publication/warm/noir/browserstack/ece465c45ad91aa2d9a6f85d9a7260bdfb26de2e/session-58176d171c5fc0b0ddf5acb3855303477207887a/bench-report.json,warm_reuse,2952.944459
input-to-proof-v1-20260807,oprf_o2__iphone_se_2022__noir_barretenberg__warm_reuse-2,2026-08-07T21:43:49.000Z,iphone_se_2022,iPhone SE 2022,15.4,arm64,ios_native,,oprf_nullifier,O2-world-id-nullifier,85aeeef539961cae5a63de794997b507a5975717,noir_barretenberg,noir,barretenberg-rs-4.2.0-aztecnr-rc.2,acvm-beta19,measured,2,ok,,304.529667,2464.748583,,2769.278333,384.171875,16548,271056603,271051007,271056603,,input-to-proof-v1,85aeeef539961cae5a63de794997b507a5975717,"{""mopro"":""0.3.7"",""barretenberg_rs"":""4.2.0-aztecnr-rc.2"",""noir"":""1.0.0-beta.19""}","{""raw_evidence_sha256"":[{""report_sha256"":""fe4c8f2c3f65934e782ca87dd5bed82066f0fe316cdabbcd5265918e8f694428"",""session_sha256"":""f8a7333af2dffd4e17c43cf5d0897e8066dfd3419b7d546ad709b816a75fc187"",""build_sha256"":""95ce3f1bd3cb27b129ce2ae533d6fcd26b2b21434d200292e6ababa6bc299f9b""}]}",ece465c45ad91aa2d9a6f85d9a7260bdfb26de2e/58176d171c5fc0b0ddf5acb3855303477207887a,"Matched O2 profile: World ID nullifier statement and frozen semantic inputs, including the same public nullifier.",,,/Users/dcbuilder/Code/world/.worktrees/provekit-v1-cross-device-campaign/target/v1-benchmarks/input-to-proof/iphone/publication/warm/noir/browserstack/ece465c45ad91aa2d9a6f85d9a7260bdfb26de2e/session-58176d171c5fc0b0ddf5acb3855303477207887a/bench-report.json,warm_reuse,2769.278333
input-to-proof-v1-20260807,oprf_o2__iphone_se_2022__noir_barretenberg__warm_reuse-3,2026-08-07T21:43:49.000Z,iphone_se_2022,iPhone SE 2022,15.4,arm64,ios_native,,oprf_nullifier,O2-world-id-nullifier,85aeeef539961cae5a63de794997b507a5975717,noir_barretenberg,noir,barretenberg-rs-4.2.0-aztecnr-rc.2,acvm-beta19,measured,3,ok,,317.14025,2606.420959,,2923.561291,384.953125,16548,271056603,271051007,271056603,,input-to-proof-v1,85aeeef539961cae5a63de794997b507a5975717,"{""mopro"":""0.3.7"",""barretenberg_rs"":""4.2.0-aztecnr-rc.2"",""noir"":""1.0.0-beta.19""}","{""raw_evidence_sha256"":[{""report_sha256"":""fe4c8f2c3f65934e782ca87dd5bed82066f0fe316cdabbcd5265918e8f694428"",""session_sha256"":""f8a7333af2dffd4e17c43cf5d0897e8066dfd3419b7d546ad709b816a75fc187"",""build_sha256"":""95ce3f1bd3cb27b129ce2ae533d6fcd26b2b21434d200292e6ababa6bc299f9b""}]}",ece465c45ad91aa2d9a6f85d9a7260bdfb26de2e/58176d171c5fc0b0ddf5acb3855303477207887a,"Matched O2 profile: World ID nullifier statement and frozen semantic inputs, including the same public nullifier.",,,/Users/dcbuilder/Code/world/.worktrees/provekit-v1-cross-device-campaign/target/v1-benchmarks/input-to-proof/iphone/publication/warm/noir/browserstack/ece465c45ad91aa2d9a6f85d9a7260bdfb26de2e/session-58176d171c5fc0b0ddf5acb3855303477207887a/bench-report.json,warm_reuse,2923.561291
input-to-proof-v1-20260807,oprf_o2__iphone_se_2022__noir_barretenberg__warm_reuse-4,2026-08-07T21:43:49.000Z,iphone_se_2022,iPhone SE 2022,15.4,arm64,ios_native,,oprf_nullifier,O2-world-id-nullifier,85aeeef539961cae5a63de794997b507a5975717,noir_barretenberg,noir,barretenberg-rs-4.2.0-aztecnr-rc.2,acvm-beta19,measured,4,ok,,321.849959,2755.037334,,3076.887375,388.328125,16548,271056603,271051007,271056603,,input-to-proof-v1,85aeeef539961cae5a63de794997b507a5975717,"{""mopro"":""0.3.7"",""barretenberg_rs"":""4.2.0-aztecnr-rc.2"",""noir"":""1.0.0-beta.19""}","{""raw_evidence_sha256"":[{""report_sha256"":""fe4c8f2c3f65934e782ca87dd5bed82066f0fe316cdabbcd5265918e8f694428"",""session_sha256"":""f8a7333af2dffd4e17c43cf5d0897e8066dfd3419b7d546ad709b816a75fc187"",""build_sha256"":""95ce3f1bd3cb27b129ce2ae533d6fcd26b2b21434d200292e6ababa6bc299f9b""}]}",ece465c45ad91aa2d9a6f85d9a7260bdfb26de2e/58176d171c5fc0b0ddf5acb3855303477207887a,"Matched O2 profile: World ID nullifier statement and frozen semantic inputs, including the same public nullifier.",,,/Users/dcbuilder/Code/world/.worktrees/provekit-v1-cross-device-campaign/target/v1-benchmarks/input-to-proof/iphone/publication/warm/noir/browserstack/ece465c45ad91aa2d9a6f85d9a7260bdfb26de2e/session-58176d171c5fc0b0ddf5acb3855303477207887a/bench-report.json,warm_reuse,3076.887375
input-to-proof-v1-20260807,oprf_o2__iphone_se_2022__noir_barretenberg__warm_reuse-5,2026-08-07T21:43:49.000Z,iphone_se_2022,iPhone SE 2022,15.4,arm64,ios_native,,oprf_nullifier,O2-world-id-nullifier,85aeeef539961cae5a63de794997b507a5975717,noir_barretenberg,noir,barretenberg-rs-4.2.0-aztecnr-rc.2,acvm-beta19,measured,5,ok,,318.147167,2719.777166,,3037.924417,387.5625,16548,271056603,271051007,271056603,,input-to-proof-v1,85aeeef539961cae5a63de794997b507a5975717,"{""mopro"":""0.3.7"",""barretenberg_rs"":""4.2.0-aztecnr-rc.2"",""noir"":""1.0.0-beta.19""}","{""raw_evidence_sha256"":[{""report_sha256"":""fe4c8f2c3f65934e782ca87dd5bed82066f0fe316cdabbcd5265918e8f694428"",""session_sha256"":""f8a7333af2dffd4e17c43cf5d0897e8066dfd3419b7d546ad709b816a75fc187"",""build_sha256"":""95ce3f1bd3cb27b129ce2ae533d6fcd26b2b21434d200292e6ababa6bc299f9b""}]}",ece465c45ad91aa2d9a6f85d9a7260bdfb26de2e/58176d171c5fc0b0ddf5acb3855303477207887a,"Matched O2 profile: World ID nullifier statement and frozen semantic inputs, including the same public nullifier.",,,/Users/dcbuilder/Code/world/.worktrees/provekit-v1-cross-device-campaign/target/v1-benchmarks/input-to-proof/iphone/publication/warm/noir/browserstack/ece465c45ad91aa2d9a6f85d9a7260bdfb26de2e/session-58176d171c5fc0b0ddf5acb3855303477207887a/bench-report.json,warm_reuse,3037.924417
input-to-proof-v1-20260807,webauthn_closest_analogue__iphone_se_2022__provekit_v1__cold_local-0,2026-08-09T10:39:37.000Z,iphone_se_2022,iPhone SE 2022,15.4,arm64,ios_native,,webauthn,closest-analogue,0fb5b4aa1398281c2fd3dbe14db147e05b61f201,provekit_v1,noir,provekit-v1-whir-native,integrated-noir-beta11-witness,warmup,0,ok,,,2772.417125,,2772.417125,554.265625,714522,2324912,2275692,2324912,,input-to-proof-v1,9b2a6f37c67691eab4b0cec6c35e35c520e93285,"{""provekit"":""9b2a6f37c67691eab4b0cec6c35e35c520e93285"",""mobench"":""0.1.48"",""noir"":""1.0.0-beta.11""}","{""raw_evidence_sha256"":[{""report_sha256"":""5f736b7fc0777d6d373fcb09404581a0a104bb8fd3b4ec0ea3c6f42d16171efb"",""session_sha256"":""7b95b94dd1c07f403b9977892b05c27960c03ed349f4af8f01865793397d783a"",""build_sha256"":""25b6894967e505c2e4f53e67ddce3cc8d43d7f7b6701a3d3f145eac85d780207""}]}",67a149cdf6424ae1c8ca97ed12326112bb6e1871/343ce2e7c4d0cab63fa786bce1be8874e18062c4,"Closest analogue, not equivalent: Noir binds challenge, type, origin, RP-ID hash, flags, and public key; the Circom counterpart omits several bindings. Native ProveKit exposes witness generation and proving as one integrated timed operation, so witness_time_ms is intentionally blank.",,,/Users/dcbuilder/Code/world/.worktrees/provekit-v1-cross-device-campaign/target/v1-benchmarks/input-to-proof/iphone/publication/cold/batch/remaining/67a149cdf6424ae1c8ca97ed12326112bb6e1871/session-343ce2e7c4d0cab63fa786bce1be8874e18062c4/bench-report.json,cold_local,2772.417125
input-to-proof-v1-20260807,webauthn_closest_analogue__iphone_se_2022__provekit_v1__cold_local-1,2026-08-09T10:39:37.000Z,iphone_se_2022,iPhone SE 2022,15.4,arm64,ios_native,,webauthn,closest-analogue,0fb5b4aa1398281c2fd3dbe14db147e05b61f201,provekit_v1,noir,provekit-v1-whir-native,integrated-noir-beta11-witness,measured,1,ok,,,2879.950208,,2879.950208,554.140625,716218,2373452,2324232,2373452,,input-to-proof-v1,9b2a6f37c67691eab4b0cec6c35e35c520e93285,"{""provekit"":""9b2a6f37c67691eab4b0cec6c35e35c520e93285"",""mobench"":""0.1.48"",""noir"":""1.0.0-beta.11""}","{""raw_evidence_sha256"":[{""report_sha256"":""5f736b7fc0777d6d373fcb09404581a0a104bb8fd3b4ec0ea3c6f42d16171efb"",""session_sha256"":""7b95b94dd1c07f403b9977892b05c27960c03ed349f4af8f01865793397d783a"",""build_sha256"":""25b6894967e505c2e4f53e67ddce3cc8d43d7f7b6701a3d3f145eac85d780207""}]}",67a149cdf6424ae1c8ca97ed12326112bb6e1871/343ce2e7c4d0cab63fa786bce1be8874e18062c4,"Closest analogue, not equivalent: Noir binds challenge, type, origin, RP-ID hash, flags, and public key; the Circom counterpart omits several bindings. Native ProveKit exposes witness generation and proving as one integrated timed operation, so witness_time_ms is intentionally blank.",,,/Users/dcbuilder/Code/world/.worktrees/provekit-v1-cross-device-campaign/target/v1-benchmarks/input-to-proof/iphone/publication/cold/batch/remaining/67a149cdf6424ae1c8ca97ed12326112bb6e1871/session-343ce2e7c4d0cab63fa786bce1be8874e18062c4/bench-report.json,cold_local,2879.950208
input-to-proof-v1-20260807,webauthn_closest_analogue__iphone_se_2022__provekit_v1__cold_local-2,2026-08-09T10:39:37.000Z,iphone_se_2022,iPhone SE 2022,15.4,arm64,ios_native,,webauthn,closest-analogue,0fb5b4aa1398281c2fd3dbe14db147e05b61f201,provekit_v1,noir,provekit-v1-whir-native,integrated-noir-beta11-witness,measured,2,ok,,,2946.604,,2946.604,547.921875,714370,2388132,2338912,2388132,,input-to-proof-v1,9b2a6f37c67691eab4b0cec6c35e35c520e93285,"{""provekit"":""9b2a6f37c67691eab4b0cec6c35e35c520e93285"",""mobench"":""0.1.48"",""noir"":""1.0.0-beta.11""}","{""raw_evidence_sha256"":[{""report_sha256"":""5f736b7fc0777d6d373fcb09404581a0a104bb8fd3b4ec0ea3c6f42d16171efb"",""session_sha256"":""7b95b94dd1c07f403b9977892b05c27960c03ed349f4af8f01865793397d783a"",""build_sha256"":""25b6894967e505c2e4f53e67ddce3cc8d43d7f7b6701a3d3f145eac85d780207""}]}",67a149cdf6424ae1c8ca97ed12326112bb6e1871/343ce2e7c4d0cab63fa786bce1be8874e18062c4,"Closest analogue, not equivalent: Noir binds challenge, type, origin, RP-ID hash, flags, and public key; the Circom counterpart omits several bindings. Native ProveKit exposes witness generation and proving as one integrated timed operation, so witness_time_ms is intentionally blank.",,,/Users/dcbuilder/Code/world/.worktrees/provekit-v1-cross-device-campaign/target/v1-benchmarks/input-to-proof/iphone/publication/cold/batch/remaining/67a149cdf6424ae1c8ca97ed12326112bb6e1871/session-343ce2e7c4d0cab63fa786bce1be8874e18062c4/bench-report.json,cold_local,2946.604
input-to-proof-v1-20260807,webauthn_closest_analogue__iphone_se_2022__provekit_v1__cold_local-3,2026-08-09T10:39:37.000Z,iphone_se_2022,iPhone SE 2022,15.4,arm64,ios_native,,webauthn,closest-analogue,0fb5b4aa1398281c2fd3dbe14db147e05b61f201,provekit_v1,noir,provekit-v1-whir-native,integrated-noir-beta11-witness,measured,3,ok,,,3315.102917,,3315.102917,556.03125,716216,2387368,2338148,2387368,,input-to-proof-v1,9b2a6f37c67691eab4b0cec6c35e35c520e93285,"{""provekit"":""9b2a6f37c67691eab4b0cec6c35e35c520e93285"",""mobench"":""0.1.48"",""noir"":""1.0.0-beta.11""}","{""raw_evidence_sha256"":[{""report_sha256"":""5f736b7fc0777d6d373fcb09404581a0a104bb8fd3b4ec0ea3c6f42d16171efb"",""session_sha256"":""7b95b94dd1c07f403b9977892b05c27960c03ed349f4af8f01865793397d783a"",""build_sha256"":""25b6894967e505c2e4f53e67ddce3cc8d43d7f7b6701a3d3f145eac85d780207""}]}",67a149cdf6424ae1c8ca97ed12326112bb6e1871/343ce2e7c4d0cab63fa786bce1be8874e18062c4,"Closest analogue, not equivalent: Noir binds challenge, type, origin, RP-ID hash, flags, and public key; the Circom counterpart omits several bindings. Native ProveKit exposes witness generation and proving as one integrated timed operation, so witness_time_ms is intentionally blank.",,,/Users/dcbuilder/Code/world/.worktrees/provekit-v1-cross-device-campaign/target/v1-benchmarks/input-to-proof/iphone/publication/cold/batch/remaining/67a149cdf6424ae1c8ca97ed12326112bb6e1871/session-343ce2e7c4d0cab63fa786bce1be8874e18062c4/bench-report.json,cold_local,3315.102917
input-to-proof-v1-20260807,webauthn_closest_analogue__iphone_se_2022__provekit_v1__cold_local-4,2026-08-09T10:39:37.000Z,iphone_se_2022,iPhone SE 2022,15.4,arm64,ios_native,,webauthn,closest-analogue,0fb5b4aa1398281c2fd3dbe14db147e05b61f201,provekit_v1,noir,provekit-v1-whir-native,integrated-noir-beta11-witness,measured,4,ok,,,3142.408333,,3142.408333,551.21875,717544,2369352,2320132,2369352,,input-to-proof-v1,9b2a6f37c67691eab4b0cec6c35e35c520e93285,"{""provekit"":""9b2a6f37c67691eab4b0cec6c35e35c520e93285"",""mobench"":""0.1.48"",""noir"":""1.0.0-beta.11""}","{""raw_evidence_sha256"":[{""report_sha256"":""5f736b7fc0777d6d373fcb09404581a0a104bb8fd3b4ec0ea3c6f42d16171efb"",""session_sha256"":""7b95b94dd1c07f403b9977892b05c27960c03ed349f4af8f01865793397d783a"",""build_sha256"":""25b6894967e505c2e4f53e67ddce3cc8d43d7f7b6701a3d3f145eac85d780207""}]}",67a149cdf6424ae1c8ca97ed12326112bb6e1871/343ce2e7c4d0cab63fa786bce1be8874e18062c4,"Closest analogue, not equivalent: Noir binds challenge, type, origin, RP-ID hash, flags, and public key; the Circom counterpart omits several bindings. Native ProveKit exposes witness generation and proving as one integrated timed operation, so witness_time_ms is intentionally blank.",,,/Users/dcbuilder/Code/world/.worktrees/provekit-v1-cross-device-campaign/target/v1-benchmarks/input-to-proof/iphone/publication/cold/batch/remaining/67a149cdf6424ae1c8ca97ed12326112bb6e1871/session-343ce2e7c4d0cab63fa786bce1be8874e18062c4/bench-report.json,cold_local,3142.408333
input-to-proof-v1-20260807,webauthn_closest_analogue__iphone_se_2022__provekit_v1__cold_local-5,2026-08-09T10:39:37.000Z,iphone_se_2022,iPhone SE 2022,15.4,arm64,ios_native,,webauthn,closest-analogue,0fb5b4aa1398281c2fd3dbe14db147e05b61f201,provekit_v1,noir,provekit-v1-whir-native,integrated-noir-beta11-witness,measured,5,ok,,,3031.44075,,3031.44075,556.375,717723,2386684,2337464,2386684,,input-to-proof-v1,9b2a6f37c67691eab4b0cec6c35e35c520e93285,"{""provekit"":""9b2a6f37c67691eab4b0cec6c35e35c520e93285"",""mobench"":""0.1.48"",""noir"":""1.0.0-beta.11""}","{""raw_evidence_sha256"":[{""report_sha256"":""5f736b7fc0777d6d373fcb09404581a0a104bb8fd3b4ec0ea3c6f42d16171efb"",""session_sha256"":""7b95b94dd1c07f403b9977892b05c27960c03ed349f4af8f01865793397d783a"",""build_sha256"":""25b6894967e505c2e4f53e67ddce3cc8d43d7f7b6701a3d3f145eac85d780207""}]}",67a149cdf6424ae1c8ca97ed12326112bb6e1871/343ce2e7c4d0cab63fa786bce1be8874e18062c4,"Closest analogue, not equivalent: Noir binds challenge, type, origin, RP-ID hash, flags, and public key; the Circom counterpart omits several bindings. Native ProveKit exposes witness generation and proving as one integrated timed operation, so witness_time_ms is intentionally blank.",,,/Users/dcbuilder/Code/world/.worktrees/provekit-v1-cross-device-campaign/target/v1-benchmarks/input-to-proof/iphone/publication/cold/batch/remaining/67a149cdf6424ae1c8ca97ed12326112bb6e1871/session-343ce2e7c4d0cab63fa786bce1be8874e18062c4/bench-report.json,cold_local,3031.44075
input-to-proof-v1-20260807,webauthn_closest_analogue__iphone_se_2022__provekit_v1__warm_reuse-0,2026-08-07T21:24:27.000Z,iphone_se_2022,iPhone SE 2022,15.4,arm64,ios_native,,webauthn,closest-analogue,0fb5b4aa1398281c2fd3dbe14db147e05b61f201,provekit_v1,noir,provekit-v1-whir-native,integrated-noir-beta11-witness,warmup,0,ok,,,2987.521167,,2987.521167,,712759,2425244,2376024,2425244,,input-to-proof-v1,9b2a6f37c67691eab4b0cec6c35e35c520e93285,"{""provekit"":""9b2a6f37c67691eab4b0cec6c35e35c520e93285"",""mobench"":""0.1.48"",""noir"":""1.0.0-beta.11""}","{""raw_evidence_sha256"":[{""report_sha256"":""99c012d37ffc293a8f51bf146661cac61bd635ef92bcf14fcef843c6add07c98"",""session_sha256"":""e6bb0dc564c46dee3ccfa19fbcecc7e33270a29de262407d805dcf424464327a"",""build_sha256"":""d24987476d6b24c07967710ee4febd5d9d72369fb474002feb9d73b07d1dbb87""}]}",1efe4e5c1c8a8aa1ff96b3ead080ac5ecac5c1c4/ba570bbe2981c642d91ca44182c0d8bbd7502fd6,"Closest analogue, not equivalent: Noir binds challenge, type, origin, RP-ID hash, flags, and public key; the Circom counterpart omits several bindings. Native ProveKit exposes witness generation and proving as one integrated timed operation, so witness_time_ms is intentionally blank.",,,/Users/dcbuilder/Code/world/.worktrees/provekit-v1-cross-device-campaign/target/v1-benchmarks/input-to-proof/iphone/publication/warm/provekit/browserstack/1efe4e5c1c8a8aa1ff96b3ead080ac5ecac5c1c4/session-ba570bbe2981c642d91ca44182c0d8bbd7502fd6/bench-report.json,warm_reuse,2987.521167
input-to-proof-v1-20260807,webauthn_closest_analogue__iphone_se_2022__provekit_v1__warm_reuse-1,2026-08-07T21:24:27.000Z,iphone_se_2022,iPhone SE 2022,15.4,arm64,ios_native,,webauthn,closest-analogue,0fb5b4aa1398281c2fd3dbe14db147e05b61f201,provekit_v1,noir,provekit-v1-whir-native,integrated-noir-beta11-witness,measured,1,ok,,,3374.250958,,3374.250958,561.265625,715532,2425244,2376024,2425244,,input-to-proof-v1,9b2a6f37c67691eab4b0cec6c35e35c520e93285,"{""provekit"":""9b2a6f37c67691eab4b0cec6c35e35c520e93285"",""mobench"":""0.1.48"",""noir"":""1.0.0-beta.11""}","{""raw_evidence_sha256"":[{""report_sha256"":""99c012d37ffc293a8f51bf146661cac61bd635ef92bcf14fcef843c6add07c98"",""session_sha256"":""e6bb0dc564c46dee3ccfa19fbcecc7e33270a29de262407d805dcf424464327a"",""build_sha256"":""d24987476d6b24c07967710ee4febd5d9d72369fb474002feb9d73b07d1dbb87""}]}",1efe4e5c1c8a8aa1ff96b3ead080ac5ecac5c1c4/ba570bbe2981c642d91ca44182c0d8bbd7502fd6,"Closest analogue, not equivalent: Noir binds challenge, type, origin, RP-ID hash, flags, and public key; the Circom counterpart omits several bindings. Native ProveKit exposes witness generation and proving as one integrated timed operation, so witness_time_ms is intentionally blank.",,,/Users/dcbuilder/Code/world/.worktrees/provekit-v1-cross-device-campaign/target/v1-benchmarks/input-to-proof/iphone/publication/warm/provekit/browserstack/1efe4e5c1c8a8aa1ff96b3ead080ac5ecac5c1c4/session-ba570bbe2981c642d91ca44182c0d8bbd7502fd6/bench-report.json,warm_reuse,3374.250958
input-to-proof-v1-20260807,webauthn_closest_analogue__iphone_se_2022__provekit_v1__warm_reuse-2,2026-08-07T21:24:27.000Z,iphone_se_2022,iPhone SE 2022,15.4,arm64,ios_native,,webauthn,closest-analogue,0fb5b4aa1398281c2fd3dbe14db147e05b61f201,provekit_v1,noir,provekit-v1-whir-native,integrated-noir-beta11-witness,measured,2,ok,,,3054.951167,,3054.951167,577.171875,716745,2425244,2376024,2425244,,input-to-proof-v1,9b2a6f37c67691eab4b0cec6c35e35c520e93285,"{""provekit"":""9b2a6f37c67691eab4b0cec6c35e35c520e93285"",""mobench"":""0.1.48"",""noir"":""1.0.0-beta.11""}","{""raw_evidence_sha256"":[{""report_sha256"":""99c012d37ffc293a8f51bf146661cac61bd635ef92bcf14fcef843c6add07c98"",""session_sha256"":""e6bb0dc564c46dee3ccfa19fbcecc7e33270a29de262407d805dcf424464327a"",""build_sha256"":""d24987476d6b24c07967710ee4febd5d9d72369fb474002feb9d73b07d1dbb87""}]}",1efe4e5c1c8a8aa1ff96b3ead080ac5ecac5c1c4/ba570bbe2981c642d91ca44182c0d8bbd7502fd6,"Closest analogue, not equivalent: Noir binds challenge, type, origin, RP-ID hash, flags, and public key; the Circom counterpart omits several bindings. Native ProveKit exposes witness generation and proving as one integrated timed operation, so witness_time_ms is intentionally blank.",,,/Users/dcbuilder/Code/world/.worktrees/provekit-v1-cross-device-campaign/target/v1-benchmarks/input-to-proof/iphone/publication/warm/provekit/browserstack/1efe4e5c1c8a8aa1ff96b3ead080ac5ecac5c1c4/session-ba570bbe2981c642d91ca44182c0d8bbd7502fd6/bench-report.json,warm_reuse,3054.951167
input-to-proof-v1-20260807,webauthn_closest_analogue__iphone_se_2022__provekit_v1__warm_reuse-3,2026-08-07T21:24:27.000Z,iphone_se_2022,iPhone SE 2022,15.4,arm64,ios_native,,webauthn,closest-analogue,0fb5b4aa1398281c2fd3dbe14db147e05b61f201,provekit_v1,noir,provekit-v1-whir-native,integrated-noir-beta11-witness,measured,3,ok,,,3222.688875,,3222.688875,589.75,715440,2425244,2376024,2425244,,input-to-proof-v1,9b2a6f37c67691eab4b0cec6c35e35c520e93285,"{""provekit"":""9b2a6f37c67691eab4b0cec6c35e35c520e93285"",""mobench"":""0.1.48"",""noir"":""1.0.0-beta.11""}","{""raw_evidence_sha256"":[{""report_sha256"":""99c012d37ffc293a8f51bf146661cac61bd635ef92bcf14fcef843c6add07c98"",""session_sha256"":""e6bb0dc564c46dee3ccfa19fbcecc7e33270a29de262407d805dcf424464327a"",""build_sha256"":""d24987476d6b24c07967710ee4febd5d9d72369fb474002feb9d73b07d1dbb87""}]}",1efe4e5c1c8a8aa1ff96b3ead080ac5ecac5c1c4/ba570bbe2981c642d91ca44182c0d8bbd7502fd6,"Closest analogue, not equivalent: Noir binds challenge, type, origin, RP-ID hash, flags, and public key; the Circom counterpart omits several bindings. Native ProveKit exposes witness generation and proving as one integrated timed operation, so witness_time_ms is intentionally blank.",,,/Users/dcbuilder/Code/world/.worktrees/provekit-v1-cross-device-campaign/target/v1-benchmarks/input-to-proof/iphone/publication/warm/provekit/browserstack/1efe4e5c1c8a8aa1ff96b3ead080ac5ecac5c1c4/session-ba570bbe2981c642d91ca44182c0d8bbd7502fd6/bench-report.json,warm_reuse,3222.688875
input-to-proof-v1-20260807,webauthn_closest_analogue__iphone_se_2022__provekit_v1__warm_reuse-4,2026-08-07T21:24:27.000Z,iphone_se_2022,iPhone SE 2022,15.4,arm64,ios_native,,webauthn,closest-analogue,0fb5b4aa1398281c2fd3dbe14db147e05b61f201,provekit_v1,noir,provekit-v1-whir-native,integrated-noir-beta11-witness,measured,4,ok,,,3016.537291,,3016.537291,591.796875,719840,2425244,2376024,2425244,,input-to-proof-v1,9b2a6f37c67691eab4b0cec6c35e35c520e93285,"{""provekit"":""9b2a6f37c67691eab4b0cec6c35e35c520e93285"",""mobench"":""0.1.48"",""noir"":""1.0.0-beta.11""}","{""raw_evidence_sha256"":[{""report_sha256"":""99c012d37ffc293a8f51bf146661cac61bd635ef92bcf14fcef843c6add07c98"",""session_sha256"":""e6bb0dc564c46dee3ccfa19fbcecc7e33270a29de262407d805dcf424464327a"",""build_sha256"":""d24987476d6b24c07967710ee4febd5d9d72369fb474002feb9d73b07d1dbb87""}]}",1efe4e5c1c8a8aa1ff96b3ead080ac5ecac5c1c4/ba570bbe2981c642d91ca44182c0d8bbd7502fd6,"Closest analogue, not equivalent: Noir binds challenge, type, origin, RP-ID hash, flags, and public key; the Circom counterpart omits several bindings. Native ProveKit exposes witness generation and proving as one integrated timed operation, so witness_time_ms is intentionally blank.",,,/Users/dcbuilder/Code/world/.worktrees/provekit-v1-cross-device-campaign/target/v1-benchmarks/input-to-proof/iphone/publication/warm/provekit/browserstack/1efe4e5c1c8a8aa1ff96b3ead080ac5ecac5c1c4/session-ba570bbe2981c642d91ca44182c0d8bbd7502fd6/bench-report.json,warm_reuse,3016.537291
input-to-proof-v1-20260807,webauthn_closest_analogue__iphone_se_2022__provekit_v1__warm_reuse-5,2026-08-07T21:24:27.000Z,iphone_se_2022,iPhone SE 2022,15.4,arm64,ios_native,,webauthn,closest-analogue,0fb5b4aa1398281c2fd3dbe14db147e05b61f201,provekit_v1,noir,provekit-v1-whir-native,integrated-noir-beta11-witness,measured,5,ok,,,3171.360292,,3171.360292,592.59375,712265,2425244,2376024,2425244,,input-to-proof-v1,9b2a6f37c67691eab4b0cec6c35e35c520e93285,"{""provekit"":""9b2a6f37c67691eab4b0cec6c35e35c520e93285"",""mobench"":""0.1.48"",""noir"":""1.0.0-beta.11""}","{""raw_evidence_sha256"":[{""report_sha256"":""99c012d37ffc293a8f51bf146661cac61bd635ef92bcf14fcef843c6add07c98"",""session_sha256"":""e6bb0dc564c46dee3ccfa19fbcecc7e33270a29de262407d805dcf424464327a"",""build_sha256"":""d24987476d6b24c07967710ee4febd5d9d72369fb474002feb9d73b07d1dbb87""}]}",1efe4e5c1c8a8aa1ff96b3ead080ac5ecac5c1c4/ba570bbe2981c642d91ca44182c0d8bbd7502fd6,"Closest analogue, not equivalent: Noir binds challenge, type, origin, RP-ID hash, flags, and public key; the Circom counterpart omits several bindings. Native ProveKit exposes witness generation and proving as one integrated timed operation, so witness_time_ms is intentionally blank.",,,/Users/dcbuilder/Code/world/.worktrees/provekit-v1-cross-device-campaign/target/v1-benchmarks/input-to-proof/iphone/publication/warm/provekit/browserstack/1efe4e5c1c8a8aa1ff96b3ead080ac5ecac5c1c4/session-ba570bbe2981c642d91ca44182c0d8bbd7502fd6/bench-report.json,warm_reuse,3171.360292
input-to-proof-v1-20260807,webauthn_closest_analogue__iphone_se_2022__noir_barretenberg__cold_local-0,2026-08-09T10:49:25.000Z,iphone_se_2022,iPhone SE 2022,15.4,arm64,ios_native,,webauthn,closest-analogue,0fb5b4aa1398281c2fd3dbe14db147e05b61f201,noir_barretenberg,noir,barretenberg-rs-4.2.0-aztecnr-rc.2,acvm-beta19,warmup,0,ok,,1033.621084,4173.030667,,5206.651875,540.0625,21092,271131517,271127379,271131517,,input-to-proof-v1,0fb5b4aa1398281c2fd3dbe14db147e05b61f201,"{""mopro"":""0.3.7"",""barretenberg_rs"":""4.2.0-aztecnr-rc.2"",""noir"":""1.0.0-beta.19""}","{""raw_evidence_sha256"":[{""report_sha256"":""a2b128e6872945c436400cc5fb046c9b1cd41ae7e61ff4c82ec992c9cb597d72"",""session_sha256"":""ed52606113b51d18d43e17ddadffb4be7a3657d8fb1d71d77d4a2e159be20229"",""build_sha256"":""c74d9853403223c29e6fd3a9d5f1154d3c946a13128b10e48933eadcf0b10e4b""}]}",8bbe2ac26b9ae7df3feed3e938a2e408709d7167/95c8e60b26c9d9274a1eca0e19c523f6c78043ee,"Closest analogue, not equivalent: Noir binds challenge, type, origin, RP-ID hash, flags, and public key; the Circom counterpart omits several bindings.",,,/Users/dcbuilder/Code/world/.worktrees/provekit-v1-cross-device-campaign/target/v1-benchmarks/input-to-proof/iphone/publication/cold/batch/remaining/8bbe2ac26b9ae7df3feed3e938a2e408709d7167/session-95c8e60b26c9d9274a1eca0e19c523f6c78043ee/bench-report.json,cold_local,5206.651875
input-to-proof-v1-20260807,webauthn_closest_analogue__iphone_se_2022__noir_barretenberg__cold_local-1,2026-08-09T10:49:25.000Z,iphone_se_2022,iPhone SE 2022,15.4,arm64,ios_native,,webauthn,closest-analogue,0fb5b4aa1398281c2fd3dbe14db147e05b61f201,noir_barretenberg,noir,barretenberg-rs-4.2.0-aztecnr-rc.2,acvm-beta19,measured,1,ok,,1043.084958,3994.710292,,5037.795458,528.109375,21092,271131517,271127379,271131517,,input-to-proof-v1,0fb5b4aa1398281c2fd3dbe14db147e05b61f201,"{""mopro"":""0.3.7"",""barretenberg_rs"":""4.2.0-aztecnr-rc.2"",""noir"":""1.0.0-beta.19""}","{""raw_evidence_sha256"":[{""report_sha256"":""a2b128e6872945c436400cc5fb046c9b1cd41ae7e61ff4c82ec992c9cb597d72"",""session_sha256"":""ed52606113b51d18d43e17ddadffb4be7a3657d8fb1d71d77d4a2e159be20229"",""build_sha256"":""c74d9853403223c29e6fd3a9d5f1154d3c946a13128b10e48933eadcf0b10e4b""}]}",8bbe2ac26b9ae7df3feed3e938a2e408709d7167/95c8e60b26c9d9274a1eca0e19c523f6c78043ee,"Closest analogue, not equivalent: Noir binds challenge, type, origin, RP-ID hash, flags, and public key; the Circom counterpart omits several bindings.",,,/Users/dcbuilder/Code/world/.worktrees/provekit-v1-cross-device-campaign/target/v1-benchmarks/input-to-proof/iphone/publication/cold/batch/remaining/8bbe2ac26b9ae7df3feed3e938a2e408709d7167/session-95c8e60b26c9d9274a1eca0e19c523f6c78043ee/bench-report.json,cold_local,5037.795458
input-to-proof-v1-20260807,webauthn_closest_analogue__iphone_se_2022__noir_barretenberg__cold_local-2,2026-08-09T10:49:25.000Z,iphone_se_2022,iPhone SE 2022,15.4,arm64,ios_native,,webauthn,closest-analogue,0fb5b4aa1398281c2fd3dbe14db147e05b61f201,noir_barretenberg,noir,barretenberg-rs-4.2.0-aztecnr-rc.2,acvm-beta19,measured,2,ok,,1072.522292,4008.883292,,5081.405667,554.0625,21092,271131517,271127379,271131517,,input-to-proof-v1,0fb5b4aa1398281c2fd3dbe14db147e05b61f201,"{""mopro"":""0.3.7"",""barretenberg_rs"":""4.2.0-aztecnr-rc.2"",""noir"":""1.0.0-beta.19""}","{""raw_evidence_sha256"":[{""report_sha256"":""a2b128e6872945c436400cc5fb046c9b1cd41ae7e61ff4c82ec992c9cb597d72"",""session_sha256"":""ed52606113b51d18d43e17ddadffb4be7a3657d8fb1d71d77d4a2e159be20229"",""build_sha256"":""c74d9853403223c29e6fd3a9d5f1154d3c946a13128b10e48933eadcf0b10e4b""}]}",8bbe2ac26b9ae7df3feed3e938a2e408709d7167/95c8e60b26c9d9274a1eca0e19c523f6c78043ee,"Closest analogue, not equivalent: Noir binds challenge, type, origin, RP-ID hash, flags, and public key; the Circom counterpart omits several bindings.",,,/Users/dcbuilder/Code/world/.worktrees/provekit-v1-cross-device-campaign/target/v1-benchmarks/input-to-proof/iphone/publication/cold/batch/remaining/8bbe2ac26b9ae7df3feed3e938a2e408709d7167/session-95c8e60b26c9d9274a1eca0e19c523f6c78043ee/bench-report.json,cold_local,5081.405667
input-to-proof-v1-20260807,webauthn_closest_analogue__iphone_se_2022__noir_barretenberg__cold_local-3,2026-08-09T10:49:25.000Z,iphone_se_2022,iPhone SE 2022,15.4,arm64,ios_native,,webauthn,closest-analogue,0fb5b4aa1398281c2fd3dbe14db147e05b61f201,noir_barretenberg,noir,barretenberg-rs-4.2.0-aztecnr-rc.2,acvm-beta19,measured,3,ok,,1055.143,4061.1945,,5116.337541,532.234375,21092,271131517,271127379,271131517,,input-to-proof-v1,0fb5b4aa1398281c2fd3dbe14db147e05b61f201,"{""mopro"":""0.3.7"",""barretenberg_rs"":""4.2.0-aztecnr-rc.2"",""noir"":""1.0.0-beta.19""}","{""raw_evidence_sha256"":[{""report_sha256"":""a2b128e6872945c436400cc5fb046c9b1cd41ae7e61ff4c82ec992c9cb597d72"",""session_sha256"":""ed52606113b51d18d43e17ddadffb4be7a3657d8fb1d71d77d4a2e159be20229"",""build_sha256"":""c74d9853403223c29e6fd3a9d5f1154d3c946a13128b10e48933eadcf0b10e4b""}]}",8bbe2ac26b9ae7df3feed3e938a2e408709d7167/95c8e60b26c9d9274a1eca0e19c523f6c78043ee,"Closest analogue, not equivalent: Noir binds challenge, type, origin, RP-ID hash, flags, and public key; the Circom counterpart omits several bindings.",,,/Users/dcbuilder/Code/world/.worktrees/provekit-v1-cross-device-campaign/target/v1-benchmarks/input-to-proof/iphone/publication/cold/batch/remaining/8bbe2ac26b9ae7df3feed3e938a2e408709d7167/session-95c8e60b26c9d9274a1eca0e19c523f6c78043ee/bench-report.json,cold_local,5116.337541
input-to-proof-v1-20260807,webauthn_closest_analogue__iphone_se_2022__noir_barretenberg__cold_local-4,2026-08-09T10:49:25.000Z,iphone_se_2022,iPhone SE 2022,15.4,arm64,ios_native,,webauthn,closest-analogue,0fb5b4aa1398281c2fd3dbe14db147e05b61f201,noir_barretenberg,noir,barretenberg-rs-4.2.0-aztecnr-rc.2,acvm-beta19,measured,4,ok,,1069.207583,4225.806417,,5295.014083,536.609375,21092,271131517,271127379,271131517,,input-to-proof-v1,0fb5b4aa1398281c2fd3dbe14db147e05b61f201,"{""mopro"":""0.3.7"",""barretenberg_rs"":""4.2.0-aztecnr-rc.2"",""noir"":""1.0.0-beta.19""}","{""raw_evidence_sha256"":[{""report_sha256"":""a2b128e6872945c436400cc5fb046c9b1cd41ae7e61ff4c82ec992c9cb597d72"",""session_sha256"":""ed52606113b51d18d43e17ddadffb4be7a3657d8fb1d71d77d4a2e159be20229"",""build_sha256"":""c74d9853403223c29e6fd3a9d5f1154d3c946a13128b10e48933eadcf0b10e4b""}]}",8bbe2ac26b9ae7df3feed3e938a2e408709d7167/95c8e60b26c9d9274a1eca0e19c523f6c78043ee,"Closest analogue, not equivalent: Noir binds challenge, type, origin, RP-ID hash, flags, and public key; the Circom counterpart omits several bindings.",,,/Users/dcbuilder/Code/world/.worktrees/provekit-v1-cross-device-campaign/target/v1-benchmarks/input-to-proof/iphone/publication/cold/batch/remaining/8bbe2ac26b9ae7df3feed3e938a2e408709d7167/session-95c8e60b26c9d9274a1eca0e19c523f6c78043ee/bench-report.json,cold_local,5295.014083
input-to-proof-v1-20260807,webauthn_closest_analogue__iphone_se_2022__noir_barretenberg__cold_local-5,2026-08-09T10:49:25.000Z,iphone_se_2022,iPhone SE 2022,15.4,arm64,ios_native,,webauthn,closest-analogue,0fb5b4aa1398281c2fd3dbe14db147e05b61f201,noir_barretenberg,noir,barretenberg-rs-4.2.0-aztecnr-rc.2,acvm-beta19,measured,5,ok,,1135.534583,4131.623625,,5267.158292,537.203125,21092,271131517,271127379,271131517,,input-to-proof-v1,0fb5b4aa1398281c2fd3dbe14db147e05b61f201,"{""mopro"":""0.3.7"",""barretenberg_rs"":""4.2.0-aztecnr-rc.2"",""noir"":""1.0.0-beta.19""}","{""raw_evidence_sha256"":[{""report_sha256"":""a2b128e6872945c436400cc5fb046c9b1cd41ae7e61ff4c82ec992c9cb597d72"",""session_sha256"":""ed52606113b51d18d43e17ddadffb4be7a3657d8fb1d71d77d4a2e159be20229"",""build_sha256"":""c74d9853403223c29e6fd3a9d5f1154d3c946a13128b10e48933eadcf0b10e4b""}]}",8bbe2ac26b9ae7df3feed3e938a2e408709d7167/95c8e60b26c9d9274a1eca0e19c523f6c78043ee,"Closest analogue, not equivalent: Noir binds challenge, type, origin, RP-ID hash, flags, and public key; the Circom counterpart omits several bindings.",,,/Users/dcbuilder/Code/world/.worktrees/provekit-v1-cross-device-campaign/target/v1-benchmarks/input-to-proof/iphone/publication/cold/batch/remaining/8bbe2ac26b9ae7df3feed3e938a2e408709d7167/session-95c8e60b26c9d9274a1eca0e19c523f6c78043ee/bench-report.json,cold_local,5267.158292
input-to-proof-v1-20260807,webauthn_closest_analogue__iphone_se_2022__noir_barretenberg__warm_reuse-0,2026-08-07T19:22:38.000Z,iphone_se_2022,iPhone SE 2022,15.4,arm64,ios_native,,webauthn,closest-analogue,0fb5b4aa1398281c2fd3dbe14db147e05b61f201,noir_barretenberg,noir,barretenberg-rs-4.2.0-aztecnr-rc.2,acvm-beta19,warmup,0,ok,,1022.695417,4024.849833,,5047.545875,,21092,271131517,271127379,271131517,,input-to-proof-v1,0fb5b4aa1398281c2fd3dbe14db147e05b61f201,"{""mopro"":""0.3.7"",""barretenberg_rs"":""4.2.0-aztecnr-rc.2"",""noir"":""1.0.0-beta.19""}","{""raw_evidence_sha256"":[{""report_sha256"":""d5677fd347cd599e1d34faf99cb71c7c628f7ff8dab42b4cbacb374895928479"",""session_sha256"":""c923c6561e5bdd640d11a7b7a4efd7a5daff8748ee8de9e54057ab88e248e3b0"",""build_sha256"":""24872c6ca86e462821d2f00960abd56e6c3c20b3de837e5109de4685cd6e36d6""}]}",5fc92aa790d0ef36ecab56993b32f502bc379f00/27cc9f9655c0069cdc44133c1fb864fc202abf3c,"Closest analogue, not equivalent: Noir binds challenge, type, origin, RP-ID hash, flags, and public key; the Circom counterpart omits several bindings.",,,/Users/dcbuilder/Code/world/.worktrees/provekit-v1-cross-device-campaign/target/v1-benchmarks/input-to-proof/iphone/publication/warm/noir/browserstack/5fc92aa790d0ef36ecab56993b32f502bc379f00/session-27cc9f9655c0069cdc44133c1fb864fc202abf3c/bench-report.json,warm_reuse,5047.545875
input-to-proof-v1-20260807,webauthn_closest_analogue__iphone_se_2022__noir_barretenberg__warm_reuse-1,2026-08-07T19:22:38.000Z,iphone_se_2022,iPhone SE 2022,15.4,arm64,ios_native,,webauthn,closest-analogue,0fb5b4aa1398281c2fd3dbe14db147e05b61f201,noir_barretenberg,noir,barretenberg-rs-4.2.0-aztecnr-rc.2,acvm-beta19,measured,1,ok,,1091.779125,4019.158917,,5110.938125,566.609375,21092,271131517,271127379,271131517,,input-to-proof-v1,0fb5b4aa1398281c2fd3dbe14db147e05b61f201,"{""mopro"":""0.3.7"",""barretenberg_rs"":""4.2.0-aztecnr-rc.2"",""noir"":""1.0.0-beta.19""}","{""raw_evidence_sha256"":[{""report_sha256"":""d5677fd347cd599e1d34faf99cb71c7c628f7ff8dab42b4cbacb374895928479"",""session_sha256"":""c923c6561e5bdd640d11a7b7a4efd7a5daff8748ee8de9e54057ab88e248e3b0"",""build_sha256"":""24872c6ca86e462821d2f00960abd56e6c3c20b3de837e5109de4685cd6e36d6""}]}",5fc92aa790d0ef36ecab56993b32f502bc379f00/27cc9f9655c0069cdc44133c1fb864fc202abf3c,"Closest analogue, not equivalent: Noir binds challenge, type, origin, RP-ID hash, flags, and public key; the Circom counterpart omits several bindings.",,,/Users/dcbuilder/Code/world/.worktrees/provekit-v1-cross-device-campaign/target/v1-benchmarks/input-to-proof/iphone/publication/warm/noir/browserstack/5fc92aa790d0ef36ecab56993b32f502bc379f00/session-27cc9f9655c0069cdc44133c1fb864fc202abf3c/bench-report.json,warm_reuse,5110.938125
input-to-proof-v1-20260807,webauthn_closest_analogue__iphone_se_2022__noir_barretenberg__warm_reuse-2,2026-08-07T19:22:38.000Z,iphone_se_2022,iPhone SE 2022,15.4,arm64,ios_native,,webauthn,closest-analogue,0fb5b4aa1398281c2fd3dbe14db147e05b61f201,noir_barretenberg,noir,barretenberg-rs-4.2.0-aztecnr-rc.2,acvm-beta19,measured,2,ok,,1130.776875,4098.645125,,5229.422041,570.34375,21092,271131517,271127379,271131517,,input-to-proof-v1,0fb5b4aa1398281c2fd3dbe14db147e05b61f201,"{""mopro"":""0.3.7"",""barretenberg_rs"":""4.2.0-aztecnr-rc.2"",""noir"":""1.0.0-beta.19""}","{""raw_evidence_sha256"":[{""report_sha256"":""d5677fd347cd599e1d34faf99cb71c7c628f7ff8dab42b4cbacb374895928479"",""session_sha256"":""c923c6561e5bdd640d11a7b7a4efd7a5daff8748ee8de9e54057ab88e248e3b0"",""build_sha256"":""24872c6ca86e462821d2f00960abd56e6c3c20b3de837e5109de4685cd6e36d6""}]}",5fc92aa790d0ef36ecab56993b32f502bc379f00/27cc9f9655c0069cdc44133c1fb864fc202abf3c,"Closest analogue, not equivalent: Noir binds challenge, type, origin, RP-ID hash, flags, and public key; the Circom counterpart omits several bindings.",,,/Users/dcbuilder/Code/world/.worktrees/provekit-v1-cross-device-campaign/target/v1-benchmarks/input-to-proof/iphone/publication/warm/noir/browserstack/5fc92aa790d0ef36ecab56993b32f502bc379f00/session-27cc9f9655c0069cdc44133c1fb864fc202abf3c/bench-report.json,warm_reuse,5229.422041
input-to-proof-v1-20260807,webauthn_closest_analogue__iphone_se_2022__noir_barretenberg__warm_reuse-3,2026-08-07T19:22:38.000Z,iphone_se_2022,iPhone SE 2022,15.4,arm64,ios_native,,webauthn,closest-analogue,0fb5b4aa1398281c2fd3dbe14db147e05b61f201,noir_barretenberg,noir,barretenberg-rs-4.2.0-aztecnr-rc.2,acvm-beta19,measured,3,ok,,1155.52975,3930.39975,,5085.929583,566.734375,21092,271131517,271127379,271131517,,input-to-proof-v1,0fb5b4aa1398281c2fd3dbe14db147e05b61f201,"{""mopro"":""0.3.7"",""barretenberg_rs"":""4.2.0-aztecnr-rc.2"",""noir"":""1.0.0-beta.19""}","{""raw_evidence_sha256"":[{""report_sha256"":""d5677fd347cd599e1d34faf99cb71c7c628f7ff8dab42b4cbacb374895928479"",""session_sha256"":""c923c6561e5bdd640d11a7b7a4efd7a5daff8748ee8de9e54057ab88e248e3b0"",""build_sha256"":""24872c6ca86e462821d2f00960abd56e6c3c20b3de837e5109de4685cd6e36d6""}]}",5fc92aa790d0ef36ecab56993b32f502bc379f00/27cc9f9655c0069cdc44133c1fb864fc202abf3c,"Closest analogue, not equivalent: Noir binds challenge, type, origin, RP-ID hash, flags, and public key; the Circom counterpart omits several bindings.",,,/Users/dcbuilder/Code/world/.worktrees/provekit-v1-cross-device-campaign/target/v1-benchmarks/input-to-proof/iphone/publication/warm/noir/browserstack/5fc92aa790d0ef36ecab56993b32f502bc379f00/session-27cc9f9655c0069cdc44133c1fb864fc202abf3c/bench-report.json,warm_reuse,5085.929583
input-to-proof-v1-20260807,webauthn_closest_analogue__iphone_se_2022__noir_barretenberg__warm_reuse-4,2026-08-07T19:22:38.000Z,iphone_se_2022,iPhone SE 2022,15.4,arm64,ios_native,,webauthn,closest-analogue,0fb5b4aa1398281c2fd3dbe14db147e05b61f201,noir_barretenberg,noir,barretenberg-rs-4.2.0-aztecnr-rc.2,acvm-beta19,measured,4,ok,,1161.810417,4184.801375,,5346.612,581.46875,21092,271131517,271127379,271131517,,input-to-proof-v1,0fb5b4aa1398281c2fd3dbe14db147e05b61f201,"{""mopro"":""0.3.7"",""barretenberg_rs"":""4.2.0-aztecnr-rc.2"",""noir"":""1.0.0-beta.19""}","{""raw_evidence_sha256"":[{""report_sha256"":""d5677fd347cd599e1d34faf99cb71c7c628f7ff8dab42b4cbacb374895928479"",""session_sha256"":""c923c6561e5bdd640d11a7b7a4efd7a5daff8748ee8de9e54057ab88e248e3b0"",""build_sha256"":""24872c6ca86e462821d2f00960abd56e6c3c20b3de837e5109de4685cd6e36d6""}]}",5fc92aa790d0ef36ecab56993b32f502bc379f00/27cc9f9655c0069cdc44133c1fb864fc202abf3c,"Closest analogue, not equivalent: Noir binds challenge, type, origin, RP-ID hash, flags, and public key; the Circom counterpart omits several bindings.",,,/Users/dcbuilder/Code/world/.worktrees/provekit-v1-cross-device-campaign/target/v1-benchmarks/input-to-proof/iphone/publication/warm/noir/browserstack/5fc92aa790d0ef36ecab56993b32f502bc379f00/session-27cc9f9655c0069cdc44133c1fb864fc202abf3c/bench-report.json,warm_reuse,5346.612
input-to-proof-v1-20260807,webauthn_closest_analogue__iphone_se_2022__noir_barretenberg__warm_reuse-5,2026-08-07T19:22:38.000Z,iphone_se_2022,iPhone SE 2022,15.4,arm64,ios_native,,webauthn,closest-analogue,0fb5b4aa1398281c2fd3dbe14db147e05b61f201,noir_barretenberg,noir,barretenberg-rs-4.2.0-aztecnr-rc.2,acvm-beta19,measured,5,ok,,1180.926959,4172.13675,,5353.063792,585.859375,21092,271131517,271127379,271131517,,input-to-proof-v1,0fb5b4aa1398281c2fd3dbe14db147e05b61f201,"{""mopro"":""0.3.7"",""barretenberg_rs"":""4.2.0-aztecnr-rc.2"",""noir"":""1.0.0-beta.19""}","{""raw_evidence_sha256"":[{""report_sha256"":""d5677fd347cd599e1d34faf99cb71c7c628f7ff8dab42b4cbacb374895928479"",""session_sha256"":""c923c6561e5bdd640d11a7b7a4efd7a5daff8748ee8de9e54057ab88e248e3b0"",""build_sha256"":""24872c6ca86e462821d2f00960abd56e6c3c20b3de837e5109de4685cd6e36d6""}]}",5fc92aa790d0ef36ecab56993b32f502bc379f00/27cc9f9655c0069cdc44133c1fb864fc202abf3c,"Closest analogue, not equivalent: Noir binds challenge, type, origin, RP-ID hash, flags, and public key; the Circom counterpart omits several bindings.",,,/Users/dcbuilder/Code/world/.worktrees/provekit-v1-cross-device-campaign/target/v1-benchmarks/input-to-proof/iphone/publication/warm/noir/browserstack/5fc92aa790d0ef36ecab56993b32f502bc379f00/session-27cc9f9655c0069cdc44133c1fb864fc202abf3c/bench-report.json,warm_reuse,5353.063792
input-to-proof-v1-20260807,passport_complete_age_check__motorola_e15__provekit_v1__cold_local-0,2026-08-09T20:01:36.397Z,motorola_e15,moto e15,14,armeabi-v7a,android_native,,passport_complete_age_check,historical-monolithic-age-integrity,9b2a6f37c67691eab4b0cec6c35e35c520e93285,provekit_v1,noir,provekit-v1-whir-native,integrated-noir-beta11-witness,warmup,0,ok,,,150764.229547,,150764.229547,777.4140625,735992,4240241,3968384,4240241,,input-to-proof-v1,9b2a6f37c67691eab4b0cec6c35e35c520e93285,"{""provekit"":""9b2a6f37c67691eab4b0cec6c35e35c520e93285"",""mobench"":""0.1.48"",""noir"":""1.0.0-beta.11""}","[{""raw_evidence_sha256"":""8c4eec0aac6ee6700f1f2e366aba6618579c86b3292ebf9b214018903dad9837""}]",,"Historical monolithic Passport age and integrity lane retained separately from the additional exact P1 source pair. Native ProveKit exposes witness generation and proving as one integrated timed operation, so witness_time_ms is intentionally blank.",,,/Users/dcbuilder/Code/world/.worktrees/provekit-v1-cross-device-campaign/target/v1-benchmarks/input-to-proof/e15/attempts/cold/passport/run-0/results.json,cold_local,150764.229547
input-to-proof-v1-20260807,passport_complete_age_check__motorola_e15__provekit_v1__cold_local-1,2026-08-09T20:14:08.206Z,motorola_e15,moto e15,14,armeabi-v7a,android_native,,passport_complete_age_check,historical-monolithic-age-integrity,9b2a6f37c67691eab4b0cec6c35e35c520e93285,provekit_v1,noir,provekit-v1-whir-native,integrated-noir-beta11-witness,measured,1,ok,,,151292.213163,,151292.213163,707.79296875,740608,4188373,3916516,4188373,,input-to-proof-v1,9b2a6f37c67691eab4b0cec6c35e35c520e93285,"{""provekit"":""9b2a6f37c67691eab4b0cec6c35e35c520e93285"",""mobench"":""0.1.48"",""noir"":""1.0.0-beta.11""}","[{""raw_evidence_sha256"":""8ebb89be567c08eec7930837e20f75a6a3d410c2a11edfb242f29ebd8c74d914""}]",,"Historical monolithic Passport age and integrity lane retained separately from the additional exact P1 source pair. Native ProveKit exposes witness generation and proving as one integrated timed operation, so witness_time_ms is intentionally blank.",,,/Users/dcbuilder/Code/world/.worktrees/provekit-v1-cross-device-campaign/target/v1-benchmarks/input-to-proof/e15/attempts/cold/passport/run-1/results.json,cold_local,151292.213163
input-to-proof-v1-20260807,passport_complete_age_check__motorola_e15__provekit_v1__cold_local-2,2026-08-09T20:26:39.589Z,motorola_e15,moto e15,14,armeabi-v7a,android_native,,passport_complete_age_check,historical-monolithic-age-integrity,9b2a6f37c67691eab4b0cec6c35e35c520e93285,provekit_v1,noir,provekit-v1-whir-native,integrated-noir-beta11-witness,measured,2,ok,,,152077.526855,,152077.526855,791.62890625,742458,4238025,3966168,4238025,,input-to-proof-v1,9b2a6f37c67691eab4b0cec6c35e35c520e93285,"{""provekit"":""9b2a6f37c67691eab4b0cec6c35e35c520e93285"",""mobench"":""0.1.48"",""noir"":""1.0.0-beta.11""}","[{""raw_evidence_sha256"":""4f44326cfcfd9aa917784c8c3310f443054d0f13846908e4ddb0dca91bd1fab2""}]",,"Historical monolithic Passport age and integrity lane retained separately from the additional exact P1 source pair. Native ProveKit exposes witness generation and proving as one integrated timed operation, so witness_time_ms is intentionally blank.",,,/Users/dcbuilder/Code/world/.worktrees/provekit-v1-cross-device-campaign/target/v1-benchmarks/input-to-proof/e15/attempts/cold/passport/run-2/results.json,cold_local,152077.526855
input-to-proof-v1-20260807,passport_complete_age_check__motorola_e15__provekit_v1__cold_local-3,2026-08-09T21:34:42.018Z,motorola_e15,moto e15,14,armeabi-v7a,android_native,,passport_complete_age_check,historical-monolithic-age-integrity,9b2a6f37c67691eab4b0cec6c35e35c520e93285,provekit_v1,noir,provekit-v1-whir-native,integrated-noir-beta11-witness,measured,3,ok,,,152313.415163,,152313.415163,771.859375,739838,4211625,3939768,4211625,,input-to-proof-v1,9b2a6f37c67691eab4b0cec6c35e35c520e93285,"{""provekit"":""9b2a6f37c67691eab4b0cec6c35e35c520e93285"",""mobench"":""0.1.48"",""noir"":""1.0.0-beta.11""}","[{""raw_evidence_sha256"":""0712859473d19ba69564c6b524c3e7e7b168adb645c8a418576a74cebf98e3a3""}]",,"Historical monolithic Passport age and integrity lane retained separately from the additional exact P1 source pair. Native ProveKit exposes witness generation and proving as one integrated timed operation, so witness_time_ms is intentionally blank.",,,/Users/dcbuilder/Code/world/.worktrees/provekit-v1-cross-device-campaign/target/v1-benchmarks/input-to-proof/e15/attempts/cold-retry4-20260809/passport/run-3/results.json,cold_local,152313.415163
input-to-proof-v1-20260807,passport_complete_age_check__motorola_e15__provekit_v1__cold_local-4,2026-08-09T20:41:20.676Z,motorola_e15,moto e15,14,armeabi-v7a,android_native,,passport_complete_age_check,historical-monolithic-age-integrity,9b2a6f37c67691eab4b0cec6c35e35c520e93285,provekit_v1,noir,provekit-v1-whir-native,integrated-noir-beta11-witness,measured,4,ok,,,150512.474239,,150512.474239,830.234375,737221,4218333,3946476,4218333,,input-to-proof-v1,9b2a6f37c67691eab4b0cec6c35e35c520e93285,"{""provekit"":""9b2a6f37c67691eab4b0cec6c35e35c520e93285"",""mobench"":""0.1.48"",""noir"":""1.0.0-beta.11""}","[{""raw_evidence_sha256"":""961dd84deedfd89da331a200760454ff843d2b03bacfeb48c761acaae6945906""}]",,"Historical monolithic Passport age and integrity lane retained separately from the additional exact P1 source pair. Native ProveKit exposes witness generation and proving as one integrated timed operation, so witness_time_ms is intentionally blank.",,,/Users/dcbuilder/Code/world/.worktrees/provekit-v1-cross-device-campaign/target/v1-benchmarks/input-to-proof/e15/attempts/cold/passport/run-4/results.json,cold_local,150512.474239
input-to-proof-v1-20260807,passport_complete_age_check__motorola_e15__provekit_v1__cold_local-5,2026-08-09T20:53:52.047Z,motorola_e15,moto e15,14,armeabi-v7a,android_native,,passport_complete_age_check,historical-monolithic-age-integrity,9b2a6f37c67691eab4b0cec6c35e35c520e93285,provekit_v1,noir,provekit-v1-whir-native,integrated-noir-beta11-witness,measured,5,ok,,,152458.801547,,152458.801547,815.375,739700,4244457,3972600,4244457,,input-to-proof-v1,9b2a6f37c67691eab4b0cec6c35e35c520e93285,"{""provekit"":""9b2a6f37c67691eab4b0cec6c35e35c520e93285"",""mobench"":""0.1.48"",""noir"":""1.0.0-beta.11""}","[{""raw_evidence_sha256"":""22ab696bcf14bd0762fca85e6cbba02f0c70f332ce772ed3df8498f87bc5f66d""}]",,"Historical monolithic Passport age and integrity lane retained separately from the additional exact P1 source pair. Native ProveKit exposes witness generation and proving as one integrated timed operation, so witness_time_ms is intentionally blank.",,,/Users/dcbuilder/Code/world/.worktrees/provekit-v1-cross-device-campaign/target/v1-benchmarks/input-to-proof/e15/attempts/cold/passport/run-5/results.json,cold_local,152458.801547
input-to-proof-v1-20260807,passport_complete_age_check__motorola_e15__provekit_v1__warm_reuse-0,2026-08-09T17:42:14.898Z,motorola_e15,moto e15,14,armeabi-v7a,android_native,,passport_complete_age_check,historical-monolithic-age-integrity,9b2a6f37c67691eab4b0cec6c35e35c520e93285,provekit_v1,noir,provekit-v1-whir-native,integrated-noir-beta11-witness,warmup,0,ok,,,151892.272316,,151892.272316,,739136,4222317,3950460,4222317,,input-to-proof-v1,9b2a6f37c67691eab4b0cec6c35e35c520e93285,"{""provekit"":""9b2a6f37c67691eab4b0cec6c35e35c520e93285"",""mobench"":""0.1.48"",""noir"":""1.0.0-beta.11""}","[{""raw_evidence_sha256"":""d01563a77c5f18dbe84a0bb4652446ed154adff212d51c343f97d66adf920c2e""}]",,"Historical monolithic Passport age and integrity lane retained separately from the additional exact P1 source pair. Native ProveKit exposes witness generation and proving as one integrated timed operation, so witness_time_ms is intentionally blank.",,,/Users/dcbuilder/Code/world/.worktrees/provekit-v1-cross-device-campaign/target/v1-benchmarks/input-to-proof/e15/publication/warm/provekit-passport-single-thread-v3-postreboot-20260809/results.json,warm_reuse,151892.272316
input-to-proof-v1-20260807,passport_complete_age_check__motorola_e15__provekit_v1__warm_reuse-1,2026-08-09T17:42:14.898Z,motorola_e15,moto e15,14,armeabi-v7a,android_native,,passport_complete_age_check,historical-monolithic-age-integrity,9b2a6f37c67691eab4b0cec6c35e35c520e93285,provekit_v1,noir,provekit-v1-whir-native,integrated-noir-beta11-witness,measured,1,ok,,,151278.737471,,151278.737471,842.05078125,739427,4222317,3950460,4222317,,input-to-proof-v1,9b2a6f37c67691eab4b0cec6c35e35c520e93285,"{""provekit"":""9b2a6f37c67691eab4b0cec6c35e35c520e93285"",""mobench"":""0.1.48"",""noir"":""1.0.0-beta.11""}","[{""raw_evidence_sha256"":""d01563a77c5f18dbe84a0bb4652446ed154adff212d51c343f97d66adf920c2e""}]",,"Historical monolithic Passport age and integrity lane retained separately from the additional exact P1 source pair. Native ProveKit exposes witness generation and proving as one integrated timed operation, so witness_time_ms is intentionally blank.",,,/Users/dcbuilder/Code/world/.worktrees/provekit-v1-cross-device-campaign/target/v1-benchmarks/input-to-proof/e15/publication/warm/provekit-passport-single-thread-v3-postreboot-20260809/results.json,warm_reuse,151278.737471
input-to-proof-v1-20260807,passport_complete_age_check__motorola_e15__provekit_v1__warm_reuse-2,2026-08-09T17:42:14.898Z,motorola_e15,moto e15,14,armeabi-v7a,android_native,,passport_complete_age_check,historical-monolithic-age-integrity,9b2a6f37c67691eab4b0cec6c35e35c520e93285,provekit_v1,noir,provekit-v1-whir-native,integrated-noir-beta11-witness,measured,2,ok,,,151264.522855,,151264.522855,879.7734375,738045,4222317,3950460,4222317,,input-to-proof-v1,9b2a6f37c67691eab4b0cec6c35e35c520e93285,"{""provekit"":""9b2a6f37c67691eab4b0cec6c35e35c520e93285"",""mobench"":""0.1.48"",""noir"":""1.0.0-beta.11""}","[{""raw_evidence_sha256"":""d01563a77c5f18dbe84a0bb4652446ed154adff212d51c343f97d66adf920c2e""}]",,"Historical monolithic Passport age and integrity lane retained separately from the additional exact P1 source pair. Native ProveKit exposes witness generation and proving as one integrated timed operation, so witness_time_ms is intentionally blank.",,,/Users/dcbuilder/Code/world/.worktrees/provekit-v1-cross-device-campaign/target/v1-benchmarks/input-to-proof/e15/publication/warm/provekit-passport-single-thread-v3-postreboot-20260809/results.json,warm_reuse,151264.522855
input-to-proof-v1-20260807,passport_complete_age_check__motorola_e15__provekit_v1__warm_reuse-3,2026-08-09T17:42:14.898Z,motorola_e15,moto e15,14,armeabi-v7a,android_native,,passport_complete_age_check,historical-monolithic-age-integrity,9b2a6f37c67691eab4b0cec6c35e35c520e93285,provekit_v1,noir,provekit-v1-whir-native,integrated-noir-beta11-witness,measured,3,ok,,,152133.721778,,152133.721778,623.71875,741328,4222317,3950460,4222317,,input-to-proof-v1,9b2a6f37c67691eab4b0cec6c35e35c520e93285,"{""provekit"":""9b2a6f37c67691eab4b0cec6c35e35c520e93285"",""mobench"":""0.1.48"",""noir"":""1.0.0-beta.11""}","[{""raw_evidence_sha256"":""d01563a77c5f18dbe84a0bb4652446ed154adff212d51c343f97d66adf920c2e""}]",,"Historical monolithic Passport age and integrity lane retained separately from the additional exact P1 source pair. Native ProveKit exposes witness generation and proving as one integrated timed operation, so witness_time_ms is intentionally blank.",,,/Users/dcbuilder/Code/world/.worktrees/provekit-v1-cross-device-campaign/target/v1-benchmarks/input-to-proof/e15/publication/warm/provekit-passport-single-thread-v3-postreboot-20260809/results.json,warm_reuse,152133.721778
input-to-proof-v1-20260807,passport_complete_age_check__motorola_e15__provekit_v1__warm_reuse-4,2026-08-09T17:42:14.898Z,motorola_e15,moto e15,14,armeabi-v7a,android_native,,passport_complete_age_check,historical-monolithic-age-integrity,9b2a6f37c67691eab4b0cec6c35e35c520e93285,provekit_v1,noir,provekit-v1-whir-native,integrated-noir-beta11-witness,measured,4,ok,,,151222.247778,,151222.247778,863.24609375,740506,4222317,3950460,4222317,,input-to-proof-v1,9b2a6f37c67691eab4b0cec6c35e35c520e93285,"{""provekit"":""9b2a6f37c67691eab4b0cec6c35e35c520e93285"",""mobench"":""0.1.48"",""noir"":""1.0.0-beta.11""}","[{""raw_evidence_sha256"":""d01563a77c5f18dbe84a0bb4652446ed154adff212d51c343f97d66adf920c2e""}]",,"Historical monolithic Passport age and integrity lane retained separately from the additional exact P1 source pair. Native ProveKit exposes witness generation and proving as one integrated timed operation, so witness_time_ms is intentionally blank.",,,/Users/dcbuilder/Code/world/.worktrees/provekit-v1-cross-device-campaign/target/v1-benchmarks/input-to-proof/e15/publication/warm/provekit-passport-single-thread-v3-postreboot-20260809/results.json,warm_reuse,151222.247778
input-to-proof-v1-20260807,passport_complete_age_check__motorola_e15__provekit_v1__warm_reuse-5,2026-08-09T17:42:14.898Z,motorola_e15,moto e15,14,armeabi-v7a,android_native,,passport_complete_age_check,historical-monolithic-age-integrity,9b2a6f37c67691eab4b0cec6c35e35c520e93285,provekit_v1,noir,provekit-v1-whir-native,integrated-noir-beta11-witness,measured,5,ok,,,151117.975086,,151117.975086,895,737789,4222317,3950460,4222317,,input-to-proof-v1,9b2a6f37c67691eab4b0cec6c35e35c520e93285,"{""provekit"":""9b2a6f37c67691eab4b0cec6c35e35c520e93285"",""mobench"":""0.1.48"",""noir"":""1.0.0-beta.11""}","[{""raw_evidence_sha256"":""d01563a77c5f18dbe84a0bb4652446ed154adff212d51c343f97d66adf920c2e""}]",,"Historical monolithic Passport age and integrity lane retained separately from the additional exact P1 source pair. Native ProveKit exposes witness generation and proving as one integrated timed operation, so witness_time_ms is intentionally blank.",,,/Users/dcbuilder/Code/world/.worktrees/provekit-v1-cross-device-campaign/target/v1-benchmarks/input-to-proof/e15/publication/warm/provekit-passport-single-thread-v3-postreboot-20260809/results.json,warm_reuse,151117.975086
input-to-proof-v1-20260807,passport_complete_age_check__motorola_e15__noir_barretenberg__cold_local-0,2026-08-10T11:36:22.696Z,motorola_e15,moto e15,14,armeabi-v7a,android_native,,passport_complete_age_check,historical-monolithic-age-integrity,9b2a6f37c67691eab4b0cec6c35e35c520e93285,noir_barretenberg,noir,barretenberg-rs-4.2.0-aztecnr-rc.2,acvm-beta19,warmup,0,ok,,2865.287154,203079.489551,,205944.77755,706.30859375,16100,270482218,270465982,270482218,,input-to-proof-v1,9b2a6f37c67691eab4b0cec6c35e35c520e93285,"{""mopro"":""0.3.7"",""barretenberg_rs"":""4.2.0-aztecnr-rc.2"",""noir"":""1.0.0-beta.19""}","[{""raw_evidence_sha256"":""25b249e2c2da4e08e3bb89806c009a2afa43de3481cbdee454ea4f094a7ab639""}]",,Historical monolithic Passport age and integrity lane retained separately from the additional exact P1 source pair.,,,/Users/dcbuilder/Code/world/.worktrees/provekit-v1-cross-device-campaign/target/v1-benchmarks/input-to-proof/e15/publication/cold/barretenberg-passport/run-0/results.json,cold_local,205944.77755
input-to-proof-v1-20260807,passport_complete_age_check__motorola_e15__noir_barretenberg__cold_local-1,2026-08-10T11:47:36.110Z,motorola_e15,moto e15,14,armeabi-v7a,android_native,,passport_complete_age_check,historical-monolithic-age-integrity,9b2a6f37c67691eab4b0cec6c35e35c520e93285,noir_barretenberg,noir,barretenberg-rs-4.2.0-aztecnr-rc.2,acvm-beta19,measured,1,ok,,2872.622538,205042.635782,,207915.259704,773.95703125,16100,270482218,270465982,270482218,,input-to-proof-v1,9b2a6f37c67691eab4b0cec6c35e35c520e93285,"{""mopro"":""0.3.7"",""barretenberg_rs"":""4.2.0-aztecnr-rc.2"",""noir"":""1.0.0-beta.19""}","[{""raw_evidence_sha256"":""c0194e04bdc10c8acf271f853cdced7aaa3321ac3c9cf365602b202003b0f4f6""}]",,Historical monolithic Passport age and integrity lane retained separately from the additional exact P1 source pair.,,,/Users/dcbuilder/Code/world/.worktrees/provekit-v1-cross-device-campaign/target/v1-benchmarks/input-to-proof/e15/publication/cold/barretenberg-passport/run-1/results.json,cold_local,207915.259704
input-to-proof-v1-20260807,passport_complete_age_check__motorola_e15__noir_barretenberg__cold_local-2,2026-08-10T11:58:48.823Z,motorola_e15,moto e15,14,armeabi-v7a,android_native,,passport_complete_age_check,historical-monolithic-age-integrity,9b2a6f37c67691eab4b0cec6c35e35c520e93285,noir_barretenberg,noir,barretenberg-rs-4.2.0-aztecnr-rc.2,acvm-beta19,measured,2,ok,,2895.865616,202800.136936,,205696.003397,744.1015625,16100,270482218,270465982,270482218,,input-to-proof-v1,9b2a6f37c67691eab4b0cec6c35e35c520e93285,"{""mopro"":""0.3.7"",""barretenberg_rs"":""4.2.0-aztecnr-rc.2"",""noir"":""1.0.0-beta.19""}","[{""raw_evidence_sha256"":""93e05d44ad0729418162f1db79ac4fe9872921d932fb06d2b717e6434e9165cd""}]",,Historical monolithic Passport age and integrity lane retained separately from the additional exact P1 source pair.,,,/Users/dcbuilder/Code/world/.worktrees/provekit-v1-cross-device-campaign/target/v1-benchmarks/input-to-proof/e15/publication/cold/barretenberg-passport/run-2/results.json,cold_local,205696.003397
input-to-proof-v1-20260807,passport_complete_age_check__motorola_e15__noir_barretenberg__cold_local-3,2026-08-10T12:10:02.560Z,motorola_e15,moto e15,14,armeabi-v7a,android_native,,passport_complete_age_check,historical-monolithic-age-integrity,9b2a6f37c67691eab4b0cec6c35e35c520e93285,noir_barretenberg,noir,barretenberg-rs-4.2.0-aztecnr-rc.2,acvm-beta19,measured,3,ok,,2851.148923,204448.643628,,207299.793551,705.546875,16100,270482218,270465982,270482218,,input-to-proof-v1,9b2a6f37c67691eab4b0cec6c35e35c520e93285,"{""mopro"":""0.3.7"",""barretenberg_rs"":""4.2.0-aztecnr-rc.2"",""noir"":""1.0.0-beta.19""}","[{""raw_evidence_sha256"":""0c1abf53be299a461d558926f17b8cbb277bcefb52b0beba681ec5e03f1189f7""}]",,Historical monolithic Passport age and integrity lane retained separately from the additional exact P1 source pair.,,,/Users/dcbuilder/Code/world/.worktrees/provekit-v1-cross-device-campaign/target/v1-benchmarks/input-to-proof/e15/publication/cold/barretenberg-passport/run-3/results.json,cold_local,207299.793551
input-to-proof-v1-20260807,passport_complete_age_check__motorola_e15__noir_barretenberg__cold_local-4,2026-08-10T12:21:11.991Z,motorola_e15,moto e15,14,armeabi-v7a,android_native,,passport_complete_age_check,historical-monolithic-age-integrity,9b2a6f37c67691eab4b0cec6c35e35c520e93285,noir_barretenberg,noir,barretenberg-rs-4.2.0-aztecnr-rc.2,acvm-beta19,measured,4,ok,,2872.618462,203511.816704,,206384.436013,717.3828125,16100,270482218,270465982,270482218,,input-to-proof-v1,9b2a6f37c67691eab4b0cec6c35e35c520e93285,"{""mopro"":""0.3.7"",""barretenberg_rs"":""4.2.0-aztecnr-rc.2"",""noir"":""1.0.0-beta.19""}","[{""raw_evidence_sha256"":""80baf1a897b600cb94440cc26e21177685766586c0c69c9fe69aed696f8d1ec6""}]",,Historical monolithic Passport age and integrity lane retained separately from the additional exact P1 source pair.,,,/Users/dcbuilder/Code/world/.worktrees/provekit-v1-cross-device-campaign/target/v1-benchmarks/input-to-proof/e15/publication/cold/barretenberg-passport/run-4/results.json,cold_local,206384.436013
input-to-proof-v1-20260807,passport_complete_age_check__motorola_e15__noir_barretenberg__cold_local-5,2026-08-10T12:32:28.475Z,motorola_e15,moto e15,14,armeabi-v7a,android_native,,passport_complete_age_check,historical-monolithic-age-integrity,9b2a6f37c67691eab4b0cec6c35e35c520e93285,noir_barretenberg,noir,barretenberg-rs-4.2.0-aztecnr-rc.2,acvm-beta19,measured,5,ok,,2858.514462,207933.075474,,210791.590859,711.4765625,16100,270482218,270465982,270482218,,input-to-proof-v1,9b2a6f37c67691eab4b0cec6c35e35c520e93285,"{""mopro"":""0.3.7"",""barretenberg_rs"":""4.2.0-aztecnr-rc.2"",""noir"":""1.0.0-beta.19""}","[{""raw_evidence_sha256"":""d0f3b90a45f3af7afb5f5091d5022f00fcf3fe8da60b32ec9d6a96d813f5abc9""}]",,Historical monolithic Passport age and integrity lane retained separately from the additional exact P1 source pair.,,,/Users/dcbuilder/Code/world/.worktrees/provekit-v1-cross-device-campaign/target/v1-benchmarks/input-to-proof/e15/publication/cold/barretenberg-passport/run-5/results.json,cold_local,210791.590859
input-to-proof-v1-20260807,passport_complete_age_check__motorola_e15__noir_barretenberg__warm_reuse-0,2026-08-10T09:29:09.857Z,motorola_e15,moto e15,14,armeabi-v7a,android_native,,passport_complete_age_check,historical-monolithic-age-integrity,9b2a6f37c67691eab4b0cec6c35e35c520e93285,noir_barretenberg,noir,barretenberg-rs-4.2.0-aztecnr-rc.2,acvm-beta19,warmup,0,ok,,2850.672923,203002.677551,,205853.352243,,16100,270482218,270465982,270482218,,input-to-proof-v1,9b2a6f37c67691eab4b0cec6c35e35c520e93285,"{""mopro"":""0.3.7"",""barretenberg_rs"":""4.2.0-aztecnr-rc.2"",""noir"":""1.0.0-beta.19""}","[{""raw_evidence_sha256"":""48afe47748d2449812cf10a81ce1db5da08f78ecbabb3b736d9b74da6507cc7e""}]",,Historical monolithic Passport age and integrity lane retained separately from the additional exact P1 source pair.,,,/Users/dcbuilder/Code/world/.worktrees/provekit-v1-cross-device-campaign/target/v1-benchmarks/input-to-proof/e15/publication/warm/barretenberg-passport-20260810/results.json,warm_reuse,205853.352243
input-to-proof-v1-20260807,passport_complete_age_check__motorola_e15__noir_barretenberg__warm_reuse-1,2026-08-10T09:29:09.857Z,motorola_e15,moto e15,14,armeabi-v7a,android_native,,passport_complete_age_check,historical-monolithic-age-integrity,9b2a6f37c67691eab4b0cec6c35e35c520e93285,noir_barretenberg,noir,barretenberg-rs-4.2.0-aztecnr-rc.2,acvm-beta19,measured,1,ok,,2867.334385,202867.789782,,205735.125012,759.42578125,16100,270482218,270465982,270482218,,input-to-proof-v1,9b2a6f37c67691eab4b0cec6c35e35c520e93285,"{""mopro"":""0.3.7"",""barretenberg_rs"":""4.2.0-aztecnr-rc.2"",""noir"":""1.0.0-beta.19""}","[{""raw_evidence_sha256"":""48afe47748d2449812cf10a81ce1db5da08f78ecbabb3b736d9b74da6507cc7e""}]",,Historical monolithic Passport age and integrity lane retained separately from the additional exact P1 source pair.,,,/Users/dcbuilder/Code/world/.worktrees/provekit-v1-cross-device-campaign/target/v1-benchmarks/input-to-proof/e15/publication/warm/barretenberg-passport-20260810/results.json,warm_reuse,205735.125012
input-to-proof-v1-20260807,passport_complete_age_check__motorola_e15__noir_barretenberg__warm_reuse-2,2026-08-10T09:29:09.857Z,motorola_e15,moto e15,14,armeabi-v7a,android_native,,passport_complete_age_check,historical-monolithic-age-integrity,9b2a6f37c67691eab4b0cec6c35e35c520e93285,noir_barretenberg,noir,barretenberg-rs-4.2.0-aztecnr-rc.2,acvm-beta19,measured,2,ok,,2871.198461,202466.879089,,205338.078705,765.3828125,16100,270482218,270465982,270482218,,input-to-proof-v1,9b2a6f37c67691eab4b0cec6c35e35c520e93285,"{""mopro"":""0.3.7"",""barretenberg_rs"":""4.2.0-aztecnr-rc.2"",""noir"":""1.0.0-beta.19""}","[{""raw_evidence_sha256"":""48afe47748d2449812cf10a81ce1db5da08f78ecbabb3b736d9b74da6507cc7e""}]",,Historical monolithic Passport age and integrity lane retained separately from the additional exact P1 source pair.,,,/Users/dcbuilder/Code/world/.worktrees/provekit-v1-cross-device-campaign/target/v1-benchmarks/input-to-proof/e15/publication/warm/barretenberg-passport-20260810/results.json,warm_reuse,205338.078705
input-to-proof-v1-20260807,passport_complete_age_check__motorola_e15__noir_barretenberg__warm_reuse-3,2026-08-10T09:29:09.857Z,motorola_e15,moto e15,14,armeabi-v7a,android_native,,passport_complete_age_check,historical-monolithic-age-integrity,9b2a6f37c67691eab4b0cec6c35e35c520e93285,noir_barretenberg,noir,barretenberg-rs-4.2.0-aztecnr-rc.2,acvm-beta19,measured,3,ok,,2878.200308,203673.143396,,206551.344628,705.96484375,16100,270482218,270465982,270482218,,input-to-proof-v1,9b2a6f37c67691eab4b0cec6c35e35c520e93285,"{""mopro"":""0.3.7"",""barretenberg_rs"":""4.2.0-aztecnr-rc.2"",""noir"":""1.0.0-beta.19""}","[{""raw_evidence_sha256"":""48afe47748d2449812cf10a81ce1db5da08f78ecbabb3b736d9b74da6507cc7e""}]",,Historical monolithic Passport age and integrity lane retained separately from the additional exact P1 source pair.,,,/Users/dcbuilder/Code/world/.worktrees/provekit-v1-cross-device-campaign/target/v1-benchmarks/input-to-proof/e15/publication/warm/barretenberg-passport-20260810/results.json,warm_reuse,206551.344628
input-to-proof-v1-20260807,passport_complete_age_check__motorola_e15__noir_barretenberg__warm_reuse-4,2026-08-10T09:29:09.857Z,motorola_e15,moto e15,14,armeabi-v7a,android_native,,passport_complete_age_check,historical-monolithic-age-integrity,9b2a6f37c67691eab4b0cec6c35e35c520e93285,noir_barretenberg,noir,barretenberg-rs-4.2.0-aztecnr-rc.2,acvm-beta19,measured,4,ok,,2881.895308,201911.566705,,204793.463089,783.296875,16100,270482218,270465982,270482218,,input-to-proof-v1,9b2a6f37c67691eab4b0cec6c35e35c520e93285,"{""mopro"":""0.3.7"",""barretenberg_rs"":""4.2.0-aztecnr-rc.2"",""noir"":""1.0.0-beta.19""}","[{""raw_evidence_sha256"":""48afe47748d2449812cf10a81ce1db5da08f78ecbabb3b736d9b74da6507cc7e""}]",,Historical monolithic Passport age and integrity lane retained separately from the additional exact P1 source pair.,,,/Users/dcbuilder/Code/world/.worktrees/provekit-v1-cross-device-campaign/target/v1-benchmarks/input-to-proof/e15/publication/warm/barretenberg-passport-20260810/results.json,warm_reuse,204793.463089
input-to-proof-v1-20260807,passport_complete_age_check__motorola_e15__noir_barretenberg__warm_reuse-5,2026-08-10T09:29:09.857Z,motorola_e15,moto e15,14,armeabi-v7a,android_native,,passport_complete_age_check,historical-monolithic-age-integrity,9b2a6f37c67691eab4b0cec6c35e35c520e93285,noir_barretenberg,noir,barretenberg-rs-4.2.0-aztecnr-rc.2,acvm-beta19,measured,5,ok,,2863.949461,202657.051089,,205521.00132,733.0390625,16100,270482218,270465982,270482218,,input-to-proof-v1,9b2a6f37c67691eab4b0cec6c35e35c520e93285,"{""mopro"":""0.3.7"",""barretenberg_rs"":""4.2.0-aztecnr-rc.2"",""noir"":""1.0.0-beta.19""}","[{""raw_evidence_sha256"":""48afe47748d2449812cf10a81ce1db5da08f78ecbabb3b736d9b74da6507cc7e""}]",,Historical monolithic Passport age and integrity lane retained separately from the additional exact P1 source pair.,,,/Users/dcbuilder/Code/world/.worktrees/provekit-v1-cross-device-campaign/target/v1-benchmarks/input-to-proof/e15/publication/warm/barretenberg-passport-20260810/results.json,warm_reuse,205521.00132
input-to-proof-v1-20260807,passport_p1__motorola_e15__provekit_v1__cold_local-0,2026-08-09T19:29:52.352Z,motorola_e15,moto e15,14,armeabi-v7a,android_native,,passport_age_integrity,P1-matched-monolithic-RSA4096,092621d721cfef9ff39b0787f5ba2c1f07eb6d95,provekit_v1,noir,provekit-v1-whir-native,integrated-noir-beta11-witness,warmup,0,ok,,,21931.14554,,21931.14554,473.82421875,714537,2544947,2297908,2544947,,input-to-proof-v1,9b2a6f37c67691eab4b0cec6c35e35c520e93285,"{""provekit"":""9b2a6f37c67691eab4b0cec6c35e35c520e93285"",""mobench"":""0.1.48"",""noir"":""1.0.0-beta.11""}","[{""raw_evidence_sha256"":""1adc9289e38ec836cebb9e7d02642b2280df2f552341e2d5c48f5e904edd70ee""}]",,"Matched P1 profile: monolithic RSA-4096 passport integrity, registry authorization, DG1 validity, and minimum-age assertion. Native ProveKit exposes witness generation and proving as one integrated timed operation, so witness_time_ms is intentionally blank.",,,/Users/dcbuilder/Code/world/.worktrees/provekit-v1-cross-device-campaign/target/v1-benchmarks/input-to-proof/e15/attempts/cold/passport-p1/run-0/results.json,cold_local,21931.14554
input-to-proof-v1-20260807,passport_p1__motorola_e15__provekit_v1__cold_local-1,2026-08-09T21:19:58.552Z,motorola_e15,moto e15,14,armeabi-v7a,android_native,,passport_age_integrity,P1-matched-monolithic-RSA4096,092621d721cfef9ff39b0787f5ba2c1f07eb6d95,provekit_v1,noir,provekit-v1-whir-native,integrated-noir-beta11-witness,measured,1,ok,,,37041.281771,,37041.281771,804.08984375,716512,2546303,2299264,2546303,,input-to-proof-v1,9b2a6f37c67691eab4b0cec6c35e35c520e93285,"{""provekit"":""9b2a6f37c67691eab4b0cec6c35e35c520e93285"",""mobench"":""0.1.48"",""noir"":""1.0.0-beta.11""}","[{""raw_evidence_sha256"":""499de31c42b13d58caba4c553b037393bd17558d272aba58810a21f88f069836""}]",,"Matched P1 profile: monolithic RSA-4096 passport integrity, registry authorization, DG1 validity, and minimum-age assertion. Native ProveKit exposes witness generation and proving as one integrated timed operation, so witness_time_ms is intentionally blank.",,,/Users/dcbuilder/Code/world/.worktrees/provekit-v1-cross-device-campaign/target/v1-benchmarks/input-to-proof/e15/attempts/cold-retry2-20260809/passport-p1/run-1/results.json,cold_local,37041.281771
input-to-proof-v1-20260807,passport_p1__motorola_e15__provekit_v1__cold_local-2,2026-08-09T19:36:13.158Z,motorola_e15,moto e15,14,armeabi-v7a,android_native,,passport_age_integrity,P1-matched-monolithic-RSA4096,092621d721cfef9ff39b0787f5ba2c1f07eb6d95,provekit_v1,noir,provekit-v1-whir-native,integrated-noir-beta11-witness,measured,2,ok,,,22010.566386,,22010.566386,475.72265625,714242,2561167,2314128,2561167,,input-to-proof-v1,9b2a6f37c67691eab4b0cec6c35e35c520e93285,"{""provekit"":""9b2a6f37c67691eab4b0cec6c35e35c520e93285"",""mobench"":""0.1.48"",""noir"":""1.0.0-beta.11""}","[{""raw_evidence_sha256"":""4219d81524f94194e24a572de6701df98acfc2585ab68f1592bd23d6dc7b6a19""}]",,"Matched P1 profile: monolithic RSA-4096 passport integrity, registry authorization, DG1 validity, and minimum-age assertion. Native ProveKit exposes witness generation and proving as one integrated timed operation, so witness_time_ms is intentionally blank.",,,/Users/dcbuilder/Code/world/.worktrees/provekit-v1-cross-device-campaign/target/v1-benchmarks/input-to-proof/e15/attempts/cold/passport-p1/run-2/results.json,cold_local,22010.566386
input-to-proof-v1-20260807,passport_p1__motorola_e15__provekit_v1__cold_local-3,2026-08-09T19:40:23.451Z,motorola_e15,moto e15,14,armeabi-v7a,android_native,,passport_age_integrity,P1-matched-monolithic-RSA4096,092621d721cfef9ff39b0787f5ba2c1f07eb6d95,provekit_v1,noir,provekit-v1-whir-native,integrated-noir-beta11-witness,measured,3,ok,,,22004.165925,,22004.165925,470.55078125,717141,2534723,2287684,2534723,,input-to-proof-v1,9b2a6f37c67691eab4b0cec6c35e35c520e93285,"{""provekit"":""9b2a6f37c67691eab4b0cec6c35e35c520e93285"",""mobench"":""0.1.48"",""noir"":""1.0.0-beta.11""}","[{""raw_evidence_sha256"":""abb6d31172c9eb62445880fa1681bdee7a44e701428f15a5ff6d2e94e92534e7""}]",,"Matched P1 profile: monolithic RSA-4096 passport integrity, registry authorization, DG1 validity, and minimum-age assertion. Native ProveKit exposes witness generation and proving as one integrated timed operation, so witness_time_ms is intentionally blank.",,,/Users/dcbuilder/Code/world/.worktrees/provekit-v1-cross-device-campaign/target/v1-benchmarks/input-to-proof/e15/attempts/cold/passport-p1/run-3/results.json,cold_local,22004.165925
input-to-proof-v1-20260807,passport_p1__motorola_e15__provekit_v1__cold_local-4,2026-08-09T19:44:30.877Z,motorola_e15,moto e15,14,armeabi-v7a,android_native,,passport_age_integrity,P1-matched-monolithic-RSA4096,092621d721cfef9ff39b0787f5ba2c1f07eb6d95,provekit_v1,noir,provekit-v1-whir-native,integrated-noir-beta11-witness,measured,4,ok,,,21936.455616,,21936.455616,473.8046875,716285,2561447,2314408,2561447,,input-to-proof-v1,9b2a6f37c67691eab4b0cec6c35e35c520e93285,"{""provekit"":""9b2a6f37c67691eab4b0cec6c35e35c520e93285"",""mobench"":""0.1.48"",""noir"":""1.0.0-beta.11""}","[{""raw_evidence_sha256"":""bcb3a37e29e031da1db24ed43a49228fa57b70520f9390f51c5a94dda1a4aca3""}]",,"Matched P1 profile: monolithic RSA-4096 passport integrity, registry authorization, DG1 validity, and minimum-age assertion. Native ProveKit exposes witness generation and proving as one integrated timed operation, so witness_time_ms is intentionally blank.",,,/Users/dcbuilder/Code/world/.worktrees/provekit-v1-cross-device-campaign/target/v1-benchmarks/input-to-proof/e15/attempts/cold/passport-p1/run-4/results.json,cold_local,21936.455616
input-to-proof-v1-20260807,passport_p1__motorola_e15__provekit_v1__cold_local-5,2026-08-09T19:49:02.544Z,motorola_e15,moto e15,14,armeabi-v7a,android_native,,passport_age_integrity,P1-matched-monolithic-RSA4096,092621d721cfef9ff39b0787f5ba2c1f07eb6d95,provekit_v1,noir,provekit-v1-whir-native,integrated-noir-beta11-witness,measured,5,ok,,,21932.071156,,21932.071156,474.06640625,716138,2549071,2302032,2549071,,input-to-proof-v1,9b2a6f37c67691eab4b0cec6c35e35c520e93285,"{""provekit"":""9b2a6f37c67691eab4b0cec6c35e35c520e93285"",""mobench"":""0.1.48"",""noir"":""1.0.0-beta.11""}","[{""raw_evidence_sha256"":""73f1e2b814e1e7170fe46286b2096bf6e5b5082db2c3b5519374e508b7566710""}]",,"Matched P1 profile: monolithic RSA-4096 passport integrity, registry authorization, DG1 validity, and minimum-age assertion. Native ProveKit exposes witness generation and proving as one integrated timed operation, so witness_time_ms is intentionally blank.",,,/Users/dcbuilder/Code/world/.worktrees/provekit-v1-cross-device-campaign/target/v1-benchmarks/input-to-proof/e15/attempts/cold/passport-p1/run-5/results.json,cold_local,21932.071156
input-to-proof-v1-20260807,passport_p1__motorola_e15__provekit_v1__warm_reuse-0,2026-08-09T17:13:54.322Z,motorola_e15,moto e15,14,armeabi-v7a,android_native,,passport_age_integrity,P1-matched-monolithic-RSA4096,092621d721cfef9ff39b0787f5ba2c1f07eb6d95,provekit_v1,noir,provekit-v1-whir-native,integrated-noir-beta11-witness,warmup,0,ok,,,22012.132616,,22012.132616,,715538,2518091,2271052,2518091,,input-to-proof-v1,9b2a6f37c67691eab4b0cec6c35e35c520e93285,"{""provekit"":""9b2a6f37c67691eab4b0cec6c35e35c520e93285"",""mobench"":""0.1.48"",""noir"":""1.0.0-beta.11""}","[{""raw_evidence_sha256"":""23031f0830ee6aebe458efdd6fddd198ee55dc74a59126c62c137186ab66372b""}]",,"Matched P1 profile: monolithic RSA-4096 passport integrity, registry authorization, DG1 validity, and minimum-age assertion. Native ProveKit exposes witness generation and proving as one integrated timed operation, so witness_time_ms is intentionally blank.",,,/Users/dcbuilder/Code/world/.worktrees/provekit-v1-cross-device-campaign/target/v1-benchmarks/input-to-proof/e15/publication/warm/provekit-passport-p1-v2-postreboot-20260809/results.json,warm_reuse,22012.132616
input-to-proof-v1-20260807,passport_p1__motorola_e15__provekit_v1__warm_reuse-1,2026-08-09T17:13:54.322Z,motorola_e15,moto e15,14,armeabi-v7a,android_native,,passport_age_integrity,P1-matched-monolithic-RSA4096,092621d721cfef9ff39b0787f5ba2c1f07eb6d95,provekit_v1,noir,provekit-v1-whir-native,integrated-noir-beta11-witness,measured,1,ok,,,22013.30554,,22013.30554,468.4765625,716398,2518091,2271052,2518091,,input-to-proof-v1,9b2a6f37c67691eab4b0cec6c35e35c520e93285,"{""provekit"":""9b2a6f37c67691eab4b0cec6c35e35c520e93285"",""mobench"":""0.1.48"",""noir"":""1.0.0-beta.11""}","[{""raw_evidence_sha256"":""23031f0830ee6aebe458efdd6fddd198ee55dc74a59126c62c137186ab66372b""}]",,"Matched P1 profile: monolithic RSA-4096 passport integrity, registry authorization, DG1 validity, and minimum-age assertion. Native ProveKit exposes witness generation and proving as one integrated timed operation, so witness_time_ms is intentionally blank.",,,/Users/dcbuilder/Code/world/.worktrees/provekit-v1-cross-device-campaign/target/v1-benchmarks/input-to-proof/e15/publication/warm/provekit-passport-p1-v2-postreboot-20260809/results.json,warm_reuse,22013.30554
input-to-proof-v1-20260807,passport_p1__motorola_e15__provekit_v1__warm_reuse-2,2026-08-09T17:13:54.322Z,motorola_e15,moto e15,14,armeabi-v7a,android_native,,passport_age_integrity,P1-matched-monolithic-RSA4096,092621d721cfef9ff39b0787f5ba2c1f07eb6d95,provekit_v1,noir,provekit-v1-whir-native,integrated-noir-beta11-witness,measured,2,ok,,,21946.08954,,21946.08954,472.41796875,715701,2518091,2271052,2518091,,input-to-proof-v1,9b2a6f37c67691eab4b0cec6c35e35c520e93285,"{""provekit"":""9b2a6f37c67691eab4b0cec6c35e35c520e93285"",""mobench"":""0.1.48"",""noir"":""1.0.0-beta.11""}","[{""raw_evidence_sha256"":""23031f0830ee6aebe458efdd6fddd198ee55dc74a59126c62c137186ab66372b""}]",,"Matched P1 profile: monolithic RSA-4096 passport integrity, registry authorization, DG1 validity, and minimum-age assertion. Native ProveKit exposes witness generation and proving as one integrated timed operation, so witness_time_ms is intentionally blank.",,,/Users/dcbuilder/Code/world/.worktrees/provekit-v1-cross-device-campaign/target/v1-benchmarks/input-to-proof/e15/publication/warm/provekit-passport-p1-v2-postreboot-20260809/results.json,warm_reuse,21946.08954
input-to-proof-v1-20260807,passport_p1__motorola_e15__provekit_v1__warm_reuse-3,2026-08-09T17:13:54.322Z,motorola_e15,moto e15,14,armeabi-v7a,android_native,,passport_age_integrity,P1-matched-monolithic-RSA4096,092621d721cfef9ff39b0787f5ba2c1f07eb6d95,provekit_v1,noir,provekit-v1-whir-native,integrated-noir-beta11-witness,measured,3,ok,,,21960.394386,,21960.394386,473.38671875,713658,2518091,2271052,2518091,,input-to-proof-v1,9b2a6f37c67691eab4b0cec6c35e35c520e93285,"{""provekit"":""9b2a6f37c67691eab4b0cec6c35e35c520e93285"",""mobench"":""0.1.48"",""noir"":""1.0.0-beta.11""}","[{""raw_evidence_sha256"":""23031f0830ee6aebe458efdd6fddd198ee55dc74a59126c62c137186ab66372b""}]",,"Matched P1 profile: monolithic RSA-4096 passport integrity, registry authorization, DG1 validity, and minimum-age assertion. Native ProveKit exposes witness generation and proving as one integrated timed operation, so witness_time_ms is intentionally blank.",,,/Users/dcbuilder/Code/world/.worktrees/provekit-v1-cross-device-campaign/target/v1-benchmarks/input-to-proof/e15/publication/warm/provekit-passport-p1-v2-postreboot-20260809/results.json,warm_reuse,21960.394386
input-to-proof-v1-20260807,passport_p1__motorola_e15__provekit_v1__warm_reuse-4,2026-08-09T17:13:54.322Z,motorola_e15,moto e15,14,armeabi-v7a,android_native,,passport_age_integrity,P1-matched-monolithic-RSA4096,092621d721cfef9ff39b0787f5ba2c1f07eb6d95,provekit_v1,noir,provekit-v1-whir-native,integrated-noir-beta11-witness,measured,4,ok,,,22017.082848,,22017.082848,471.8828125,713578,2518091,2271052,2518091,,input-to-proof-v1,9b2a6f37c67691eab4b0cec6c35e35c520e93285,"{""provekit"":""9b2a6f37c67691eab4b0cec6c35e35c520e93285"",""mobench"":""0.1.48"",""noir"":""1.0.0-beta.11""}","[{""raw_evidence_sha256"":""23031f0830ee6aebe458efdd6fddd198ee55dc74a59126c62c137186ab66372b""}]",,"Matched P1 profile: monolithic RSA-4096 passport integrity, registry authorization, DG1 validity, and minimum-age assertion. Native ProveKit exposes witness generation and proving as one integrated timed operation, so witness_time_ms is intentionally blank.",,,/Users/dcbuilder/Code/world/.worktrees/provekit-v1-cross-device-campaign/target/v1-benchmarks/input-to-proof/e15/publication/warm/provekit-passport-p1-v2-postreboot-20260809/results.json,warm_reuse,22017.082848
input-to-proof-v1-20260807,passport_p1__motorola_e15__provekit_v1__warm_reuse-5,2026-08-09T17:13:54.322Z,motorola_e15,moto e15,14,armeabi-v7a,android_native,,passport_age_integrity,P1-matched-monolithic-RSA4096,092621d721cfef9ff39b0787f5ba2c1f07eb6d95,provekit_v1,noir,provekit-v1-whir-native,integrated-noir-beta11-witness,measured,5,ok,,,21965.429847,,21965.429847,471.87890625,717491,2518091,2271052,2518091,,input-to-proof-v1,9b2a6f37c67691eab4b0cec6c35e35c520e93285,"{""provekit"":""9b2a6f37c67691eab4b0cec6c35e35c520e93285"",""mobench"":""0.1.48"",""noir"":""1.0.0-beta.11""}","[{""raw_evidence_sha256"":""23031f0830ee6aebe458efdd6fddd198ee55dc74a59126c62c137186ab66372b""}]",,"Matched P1 profile: monolithic RSA-4096 passport integrity, registry authorization, DG1 validity, and minimum-age assertion. Native ProveKit exposes witness generation and proving as one integrated timed operation, so witness_time_ms is intentionally blank.",,,/Users/dcbuilder/Code/world/.worktrees/provekit-v1-cross-device-campaign/target/v1-benchmarks/input-to-proof/e15/publication/warm/provekit-passport-p1-v2-postreboot-20260809/results.json,warm_reuse,21965.429847
input-to-proof-v1-20260807,passport_p1__motorola_e15__noir_barretenberg__cold_local-0,2026-08-10T10:47:29.617Z,motorola_e15,moto e15,14,armeabi-v7a,android_native,,passport_age_integrity,P1-matched-monolithic-RSA4096,092621d721cfef9ff39b0787f5ba2c1f07eb6d95,noir_barretenberg,noir,barretenberg-rs-4.2.0-aztecnr-rc.2,acvm-beta19,warmup,0,ok,,1930.646462,115098.799392,,117029.447007,465.24609375,16324,271712159,271696456,271712159,,input-to-proof-v1,092621d721cfef9ff39b0787f5ba2c1f07eb6d95,"{""mopro"":""0.3.7"",""barretenberg_rs"":""4.2.0-aztecnr-rc.2"",""noir"":""1.0.0-beta.19""}","[{""raw_evidence_sha256"":""c8305a812976dc175ab872236aa6b088ddbd36c47b4c5e0bc26e82ce6c0bfa8e""}]",,"Matched P1 profile: monolithic RSA-4096 passport integrity, registry authorization, DG1 validity, and minimum-age assertion.",,,/Users/dcbuilder/Code/world/.worktrees/provekit-v1-cross-device-campaign/target/v1-benchmarks/input-to-proof/e15/publication/cold/barretenberg-passport-p1/run-0/results.json,cold_local,117029.447007
input-to-proof-v1-20260807,passport_p1__motorola_e15__noir_barretenberg__cold_local-1,2026-08-10T10:55:00.924Z,motorola_e15,moto e15,14,armeabi-v7a,android_native,,passport_age_integrity,P1-matched-monolithic-RSA4096,092621d721cfef9ff39b0787f5ba2c1f07eb6d95,noir_barretenberg,noir,barretenberg-rs-4.2.0-aztecnr-rc.2,acvm-beta19,measured,1,ok,,1938.775616,115207.859392,,117146.636084,459.99609375,16324,271712159,271696456,271712159,,input-to-proof-v1,092621d721cfef9ff39b0787f5ba2c1f07eb6d95,"{""mopro"":""0.3.7"",""barretenberg_rs"":""4.2.0-aztecnr-rc.2"",""noir"":""1.0.0-beta.19""}","[{""raw_evidence_sha256"":""2d369cdc201378381b9492f05f0953ea39eb03b7f52b2c110e223b7f40eb7064""}]",,"Matched P1 profile: monolithic RSA-4096 passport integrity, registry authorization, DG1 validity, and minimum-age assertion.",,,/Users/dcbuilder/Code/world/.worktrees/provekit-v1-cross-device-campaign/target/v1-benchmarks/input-to-proof/e15/publication/cold/barretenberg-passport-p1/run-1/results.json,cold_local,117146.636084
input-to-proof-v1-20260807,passport_p1__motorola_e15__noir_barretenberg__cold_local-2,2026-08-10T11:02:33.065Z,motorola_e15,moto e15,14,armeabi-v7a,android_native,,passport_age_integrity,P1-matched-monolithic-RSA4096,092621d721cfef9ff39b0787f5ba2c1f07eb6d95,noir_barretenberg,noir,barretenberg-rs-4.2.0-aztecnr-rc.2,acvm-beta19,measured,2,ok,,1934.800077,115154.204314,,117089.005468,466.125,16324,271712159,271696456,271712159,,input-to-proof-v1,092621d721cfef9ff39b0787f5ba2c1f07eb6d95,"{""mopro"":""0.3.7"",""barretenberg_rs"":""4.2.0-aztecnr-rc.2"",""noir"":""1.0.0-beta.19""}","[{""raw_evidence_sha256"":""3776758f3143e02c849aad1358a73a39ebbfbcfc2724c5d71aa78a8752d56674""}]",,"Matched P1 profile: monolithic RSA-4096 passport integrity, registry authorization, DG1 validity, and minimum-age assertion.",,,/Users/dcbuilder/Code/world/.worktrees/provekit-v1-cross-device-campaign/target/v1-benchmarks/input-to-proof/e15/publication/cold/barretenberg-passport-p1/run-2/results.json,cold_local,117089.005468
input-to-proof-v1-20260807,passport_p1__motorola_e15__noir_barretenberg__cold_local-3,2026-08-10T11:10:03.637Z,motorola_e15,moto e15,14,armeabi-v7a,android_native,,passport_age_integrity,P1-matched-monolithic-RSA4096,092621d721cfef9ff39b0787f5ba2c1f07eb6d95,noir_barretenberg,noir,barretenberg-rs-4.2.0-aztecnr-rc.2,acvm-beta19,measured,3,ok,,1938.140693,115850.475623,,117788.617315,465.1484375,16324,271712159,271696456,271712159,,input-to-proof-v1,092621d721cfef9ff39b0787f5ba2c1f07eb6d95,"{""mopro"":""0.3.7"",""barretenberg_rs"":""4.2.0-aztecnr-rc.2"",""noir"":""1.0.0-beta.19""}","[{""raw_evidence_sha256"":""1ab20865d70ba9b594487a57d197a70b75148721eadd75a25d8e616a3211c92d""}]",,"Matched P1 profile: monolithic RSA-4096 passport integrity, registry authorization, DG1 validity, and minimum-age assertion.",,,/Users/dcbuilder/Code/world/.worktrees/provekit-v1-cross-device-campaign/target/v1-benchmarks/input-to-proof/e15/publication/cold/barretenberg-passport-p1/run-3/results.json,cold_local,117788.617315
input-to-proof-v1-20260807,passport_p1__motorola_e15__noir_barretenberg__cold_local-4,2026-08-10T11:17:36.073Z,motorola_e15,moto e15,14,armeabi-v7a,android_native,,passport_age_integrity,P1-matched-monolithic-RSA4096,092621d721cfef9ff39b0787f5ba2c1f07eb6d95,noir_barretenberg,noir,barretenberg-rs-4.2.0-aztecnr-rc.2,acvm-beta19,measured,4,ok,,1938.114154,115212.368545,,117150.483622,465.85546875,16324,271712159,271696456,271712159,,input-to-proof-v1,092621d721cfef9ff39b0787f5ba2c1f07eb6d95,"{""mopro"":""0.3.7"",""barretenberg_rs"":""4.2.0-aztecnr-rc.2"",""noir"":""1.0.0-beta.19""}","[{""raw_evidence_sha256"":""16ecdfdc963615f034092563ea6298879949b75d88a594141840bc7edb3e1aa0""}]",,"Matched P1 profile: monolithic RSA-4096 passport integrity, registry authorization, DG1 validity, and minimum-age assertion.",,,/Users/dcbuilder/Code/world/.worktrees/provekit-v1-cross-device-campaign/target/v1-benchmarks/input-to-proof/e15/publication/cold/barretenberg-passport-p1/run-4/results.json,cold_local,117150.483622
input-to-proof-v1-20260807,passport_p1__motorola_e15__noir_barretenberg__cold_local-5,2026-08-10T11:25:09.090Z,motorola_e15,moto e15,14,armeabi-v7a,android_native,,passport_age_integrity,P1-matched-monolithic-RSA4096,092621d721cfef9ff39b0787f5ba2c1f07eb6d95,noir_barretenberg,noir,barretenberg-rs-4.2.0-aztecnr-rc.2,acvm-beta19,measured,5,ok,,1940.772231,115395.711161,,117336.484622,461.2109375,16324,271712159,271696456,271712159,,input-to-proof-v1,092621d721cfef9ff39b0787f5ba2c1f07eb6d95,"{""mopro"":""0.3.7"",""barretenberg_rs"":""4.2.0-aztecnr-rc.2"",""noir"":""1.0.0-beta.19""}","[{""raw_evidence_sha256"":""4e89cbbb427961004c4949ca99e6fbad762e23a088fc23c79d5b30868cc5f119""}]",,"Matched P1 profile: monolithic RSA-4096 passport integrity, registry authorization, DG1 validity, and minimum-age assertion.",,,/Users/dcbuilder/Code/world/.worktrees/provekit-v1-cross-device-campaign/target/v1-benchmarks/input-to-proof/e15/publication/cold/barretenberg-passport-p1/run-5/results.json,cold_local,117336.484622
input-to-proof-v1-20260807,passport_p1__motorola_e15__noir_barretenberg__warm_reuse-0,2026-08-10T08:55:12.651Z,motorola_e15,moto e15,14,armeabi-v7a,android_native,,passport_age_integrity,P1-matched-monolithic-RSA4096,092621d721cfef9ff39b0787f5ba2c1f07eb6d95,noir_barretenberg,noir,barretenberg-rs-4.2.0-aztecnr-rc.2,acvm-beta19,warmup,0,ok,,1940.787077,115001.471699,,116942.260392,,16324,271712159,271696456,271712159,,input-to-proof-v1,092621d721cfef9ff39b0787f5ba2c1f07eb6d95,"{""mopro"":""0.3.7"",""barretenberg_rs"":""4.2.0-aztecnr-rc.2"",""noir"":""1.0.0-beta.19""}","[{""raw_evidence_sha256"":""b0dfc1bdabff6abac4035af8f8ae805006d0a423f9a61e02e33288b9f773b778""}]",,"Matched P1 profile: monolithic RSA-4096 passport integrity, registry authorization, DG1 validity, and minimum-age assertion.",,,/Users/dcbuilder/Code/world/.worktrees/provekit-v1-cross-device-campaign/target/v1-benchmarks/input-to-proof/e15/publication/warm/barretenberg-passport-p1-20260810/results.json,warm_reuse,116942.260392
input-to-proof-v1-20260807,passport_p1__motorola_e15__noir_barretenberg__warm_reuse-1,2026-08-10T08:55:12.651Z,motorola_e15,moto e15,14,armeabi-v7a,android_native,,passport_age_integrity,P1-matched-monolithic-RSA4096,092621d721cfef9ff39b0787f5ba2c1f07eb6d95,noir_barretenberg,noir,barretenberg-rs-4.2.0-aztecnr-rc.2,acvm-beta19,measured,1,ok,,1937.975769,115208.417853,,117146.394699,468.6953125,16324,271712159,271696456,271712159,,input-to-proof-v1,092621d721cfef9ff39b0787f5ba2c1f07eb6d95,"{""mopro"":""0.3.7"",""barretenberg_rs"":""4.2.0-aztecnr-rc.2"",""noir"":""1.0.0-beta.19""}","[{""raw_evidence_sha256"":""b0dfc1bdabff6abac4035af8f8ae805006d0a423f9a61e02e33288b9f773b778""}]",,"Matched P1 profile: monolithic RSA-4096 passport integrity, registry authorization, DG1 validity, and minimum-age assertion.",,,/Users/dcbuilder/Code/world/.worktrees/provekit-v1-cross-device-campaign/target/v1-benchmarks/input-to-proof/e15/publication/warm/barretenberg-passport-p1-20260810/results.json,warm_reuse,117146.394699
input-to-proof-v1-20260807,passport_p1__motorola_e15__noir_barretenberg__warm_reuse-2,2026-08-10T08:55:12.651Z,motorola_e15,moto e15,14,armeabi-v7a,android_native,,passport_age_integrity,P1-matched-monolithic-RSA4096,092621d721cfef9ff39b0787f5ba2c1f07eb6d95,noir_barretenberg,noir,barretenberg-rs-4.2.0-aztecnr-rc.2,acvm-beta19,measured,2,ok,,1936.869308,115176.956007,,117113.826392,468.7734375,16324,271712159,271696456,271712159,,input-to-proof-v1,092621d721cfef9ff39b0787f5ba2c1f07eb6d95,"{""mopro"":""0.3.7"",""barretenberg_rs"":""4.2.0-aztecnr-rc.2"",""noir"":""1.0.0-beta.19""}","[{""raw_evidence_sha256"":""b0dfc1bdabff6abac4035af8f8ae805006d0a423f9a61e02e33288b9f773b778""}]",,"Matched P1 profile: monolithic RSA-4096 passport integrity, registry authorization, DG1 validity, and minimum-age assertion.",,,/Users/dcbuilder/Code/world/.worktrees/provekit-v1-cross-device-campaign/target/v1-benchmarks/input-to-proof/e15/publication/warm/barretenberg-passport-p1-20260810/results.json,warm_reuse,117113.826392
input-to-proof-v1-20260807,passport_p1__motorola_e15__noir_barretenberg__warm_reuse-3,2026-08-10T08:55:12.651Z,motorola_e15,moto e15,14,armeabi-v7a,android_native,,passport_age_integrity,P1-matched-monolithic-RSA4096,092621d721cfef9ff39b0787f5ba2c1f07eb6d95,noir_barretenberg,noir,barretenberg-rs-4.2.0-aztecnr-rc.2,acvm-beta19,measured,3,ok,,1934.062231,115440.940623,,117375.00393,470.2265625,16324,271712159,271696456,271712159,,input-to-proof-v1,092621d721cfef9ff39b0787f5ba2c1f07eb6d95,"{""mopro"":""0.3.7"",""barretenberg_rs"":""4.2.0-aztecnr-rc.2"",""noir"":""1.0.0-beta.19""}","[{""raw_evidence_sha256"":""b0dfc1bdabff6abac4035af8f8ae805006d0a423f9a61e02e33288b9f773b778""}]",,"Matched P1 profile: monolithic RSA-4096 passport integrity, registry authorization, DG1 validity, and minimum-age assertion.",,,/Users/dcbuilder/Code/world/.worktrees/provekit-v1-cross-device-campaign/target/v1-benchmarks/input-to-proof/e15/publication/warm/barretenberg-passport-p1-20260810/results.json,warm_reuse,117375.00393
input-to-proof-v1-20260807,passport_p1__motorola_e15__noir_barretenberg__warm_reuse-4,2026-08-10T08:55:12.651Z,motorola_e15,moto e15,14,armeabi-v7a,android_native,,passport_age_integrity,P1-matched-monolithic-RSA4096,092621d721cfef9ff39b0787f5ba2c1f07eb6d95,noir_barretenberg,noir,barretenberg-rs-4.2.0-aztecnr-rc.2,acvm-beta19,measured,4,ok,,1941.104846,115179.304237,,117120.410084,475.015625,16324,271712159,271696456,271712159,,input-to-proof-v1,092621d721cfef9ff39b0787f5ba2c1f07eb6d95,"{""mopro"":""0.3.7"",""barretenberg_rs"":""4.2.0-aztecnr-rc.2"",""noir"":""1.0.0-beta.19""}","[{""raw_evidence_sha256"":""b0dfc1bdabff6abac4035af8f8ae805006d0a423f9a61e02e33288b9f773b778""}]",,"Matched P1 profile: monolithic RSA-4096 passport integrity, registry authorization, DG1 validity, and minimum-age assertion.",,,/Users/dcbuilder/Code/world/.worktrees/provekit-v1-cross-device-campaign/target/v1-benchmarks/input-to-proof/e15/publication/warm/barretenberg-passport-p1-20260810/results.json,warm_reuse,117120.410084
input-to-proof-v1-20260807,passport_p1__motorola_e15__noir_barretenberg__warm_reuse-5,2026-08-10T08:55:12.651Z,motorola_e15,moto e15,14,armeabi-v7a,android_native,,passport_age_integrity,P1-matched-monolithic-RSA4096,092621d721cfef9ff39b0787f5ba2c1f07eb6d95,noir_barretenberg,noir,barretenberg-rs-4.2.0-aztecnr-rc.2,acvm-beta19,measured,5,ok,,1938.620923,115332.492545,,117271.114776,471.125,16324,271712159,271696456,271712159,,input-to-proof-v1,092621d721cfef9ff39b0787f5ba2c1f07eb6d95,"{""mopro"":""0.3.7"",""barretenberg_rs"":""4.2.0-aztecnr-rc.2"",""noir"":""1.0.0-beta.19""}","[{""raw_evidence_sha256"":""b0dfc1bdabff6abac4035af8f8ae805006d0a423f9a61e02e33288b9f773b778""}]",,"Matched P1 profile: monolithic RSA-4096 passport integrity, registry authorization, DG1 validity, and minimum-age assertion.",,,/Users/dcbuilder/Code/world/.worktrees/provekit-v1-cross-device-campaign/target/v1-benchmarks/input-to-proof/e15/publication/warm/barretenberg-passport-p1-20260810/results.json,warm_reuse,117271.114776
input-to-proof-v1-20260807,oprf_o2__motorola_e15__provekit_v1__cold_local-0,2026-08-09T17:49:39.722Z,motorola_e15,moto e15,14,armeabi-v7a,android_native,,oprf_nullifier,O2-world-id-nullifier,85aeeef539961cae5a63de794997b507a5975717,provekit_v1,noir,provekit-v1-whir-native,integrated-noir-beta11-witness,warmup,0,ok,,,12584.178155,,12584.178155,145.85546875,632532,1648269,1642416,1648269,,input-to-proof-v1,9b2a6f37c67691eab4b0cec6c35e35c520e93285,"{""provekit"":""9b2a6f37c67691eab4b0cec6c35e35c520e93285"",""mobench"":""0.1.48"",""noir"":""1.0.0-beta.11""}","[{""raw_evidence_sha256"":""09ac8e4947b96f9397ef34b4b05de4f398f08bc9cdd677697d132111e6ecaefc""}]",,"Matched O2 profile: World ID nullifier statement and frozen semantic inputs, including the same public nullifier. Native ProveKit exposes witness generation and proving as one integrated timed operation, so witness_time_ms is intentionally blank.",,,/Users/dcbuilder/Code/world/.worktrees/provekit-v1-cross-device-campaign/target/v1-benchmarks/input-to-proof/e15/attempts/cold/oprf/run-0/results.json,cold_local,12584.178155
input-to-proof-v1-20260807,oprf_o2__motorola_e15__provekit_v1__cold_local-1,2026-08-09T17:52:09.957Z,motorola_e15,moto e15,14,armeabi-v7a,android_native,,oprf_nullifier,O2-world-id-nullifier,85aeeef539961cae5a63de794997b507a5975717,provekit_v1,noir,provekit-v1-whir-native,integrated-noir-beta11-witness,measured,1,ok,,,12680.550155,,12680.550155,144.88671875,636500,1648269,1642416,1648269,,input-to-proof-v1,9b2a6f37c67691eab4b0cec6c35e35c520e93285,"{""provekit"":""9b2a6f37c67691eab4b0cec6c35e35c520e93285"",""mobench"":""0.1.48"",""noir"":""1.0.0-beta.11""}","[{""raw_evidence_sha256"":""3b2677e383c3f9eacd1788ee85a3ccdd978efbf5cd4a46b5ddb108cc108e9a29""}]",,"Matched O2 profile: World ID nullifier statement and frozen semantic inputs, including the same public nullifier. Native ProveKit exposes witness generation and proving as one integrated timed operation, so witness_time_ms is intentionally blank.",,,/Users/dcbuilder/Code/world/.worktrees/provekit-v1-cross-device-campaign/target/v1-benchmarks/input-to-proof/e15/attempts/cold/oprf/run-1/results.json,cold_local,12680.550155
input-to-proof-v1-20260807,oprf_o2__motorola_e15__provekit_v1__cold_local-2,2026-08-09T17:54:13.505Z,motorola_e15,moto e15,14,armeabi-v7a,android_native,,oprf_nullifier,O2-world-id-nullifier,85aeeef539961cae5a63de794997b507a5975717,provekit_v1,noir,provekit-v1-whir-native,integrated-noir-beta11-witness,measured,2,ok,,,12466.876924,,12466.876924,145.1015625,634516,1648269,1642416,1648269,,input-to-proof-v1,9b2a6f37c67691eab4b0cec6c35e35c520e93285,"{""provekit"":""9b2a6f37c67691eab4b0cec6c35e35c520e93285"",""mobench"":""0.1.48"",""noir"":""1.0.0-beta.11""}","[{""raw_evidence_sha256"":""9f9c74a226bcbf2c9b7afd64c23e4266b4a5c596861b4b99265d7d916833c1ee""}]",,"Matched O2 profile: World ID nullifier statement and frozen semantic inputs, including the same public nullifier. Native ProveKit exposes witness generation and proving as one integrated timed operation, so witness_time_ms is intentionally blank.",,,/Users/dcbuilder/Code/world/.worktrees/provekit-v1-cross-device-campaign/target/v1-benchmarks/input-to-proof/e15/attempts/cold/oprf/run-2/results.json,cold_local,12466.876924
input-to-proof-v1-20260807,oprf_o2__motorola_e15__provekit_v1__cold_local-3,2026-08-09T21:04:59.575Z,motorola_e15,moto e15,14,armeabi-v7a,android_native,,oprf_nullifier,O2-world-id-nullifier,85aeeef539961cae5a63de794997b507a5975717,provekit_v1,noir,provekit-v1-whir-native,integrated-noir-beta11-witness,measured,3,ok,,,12799.092386,,12799.092386,170.140625,634548,1648269,1642416,1648269,,input-to-proof-v1,9b2a6f37c67691eab4b0cec6c35e35c520e93285,"{""provekit"":""9b2a6f37c67691eab4b0cec6c35e35c520e93285"",""mobench"":""0.1.48"",""noir"":""1.0.0-beta.11""}","[{""raw_evidence_sha256"":""54ec9c0e17a3bebdc546c5c73fa6f139df54cb14cfd9d988ebf56b3b2fc87002""}]",,"Matched O2 profile: World ID nullifier statement and frozen semantic inputs, including the same public nullifier. Native ProveKit exposes witness generation and proving as one integrated timed operation, so witness_time_ms is intentionally blank.",,,/Users/dcbuilder/Code/world/.worktrees/provekit-v1-cross-device-campaign/target/v1-benchmarks/input-to-proof/e15/attempts/cold-retry-20260809/oprf/run-3/results.json,cold_local,12799.092386
input-to-proof-v1-20260807,oprf_o2__motorola_e15__provekit_v1__cold_local-4,2026-08-09T17:58:28.620Z,motorola_e15,moto e15,14,armeabi-v7a,android_native,,oprf_nullifier,O2-world-id-nullifier,85aeeef539961cae5a63de794997b507a5975717,provekit_v1,noir,provekit-v1-whir-native,integrated-noir-beta11-witness,measured,4,ok,,,12725.462078,,12725.462078,140.03515625,633096,1648269,1642416,1648269,,input-to-proof-v1,9b2a6f37c67691eab4b0cec6c35e35c520e93285,"{""provekit"":""9b2a6f37c67691eab4b0cec6c35e35c520e93285"",""mobench"":""0.1.48"",""noir"":""1.0.0-beta.11""}","[{""raw_evidence_sha256"":""2bb6eb16cf831f0e35cf8dfb8c095815ccc7c57758faadc9371e821018cf7be5""}]",,"Matched O2 profile: World ID nullifier statement and frozen semantic inputs, including the same public nullifier. Native ProveKit exposes witness generation and proving as one integrated timed operation, so witness_time_ms is intentionally blank.",,,/Users/dcbuilder/Code/world/.worktrees/provekit-v1-cross-device-campaign/target/v1-benchmarks/input-to-proof/e15/attempts/cold/oprf/run-4/results.json,cold_local,12725.462078
input-to-proof-v1-20260807,oprf_o2__motorola_e15__provekit_v1__cold_local-5,2026-08-09T18:00:33.037Z,motorola_e15,moto e15,14,armeabi-v7a,android_native,,oprf_nullifier,O2-world-id-nullifier,85aeeef539961cae5a63de794997b507a5975717,provekit_v1,noir,provekit-v1-whir-native,integrated-noir-beta11-witness,measured,5,ok,,,12444.639693,,12444.639693,145.078125,634868,1648269,1642416,1648269,,input-to-proof-v1,9b2a6f37c67691eab4b0cec6c35e35c520e93285,"{""provekit"":""9b2a6f37c67691eab4b0cec6c35e35c520e93285"",""mobench"":""0.1.48"",""noir"":""1.0.0-beta.11""}","[{""raw_evidence_sha256"":""4c79106dd34e329ccedb44c559c6b4b3e7cd3b2cf9d9e42cd9f9d6af1bfd3fd8""}]",,"Matched O2 profile: World ID nullifier statement and frozen semantic inputs, including the same public nullifier. Native ProveKit exposes witness generation and proving as one integrated timed operation, so witness_time_ms is intentionally blank.",,,/Users/dcbuilder/Code/world/.worktrees/provekit-v1-cross-device-campaign/target/v1-benchmarks/input-to-proof/e15/attempts/cold/oprf/run-5/results.json,cold_local,12444.639693
input-to-proof-v1-20260807,oprf_o2__motorola_e15__provekit_v1__warm_reuse-0,2026-08-09T16:15:38.727Z,motorola_e15,moto e15,14,armeabi-v7a,android_native,,oprf_nullifier,O2-world-id-nullifier,85aeeef539961cae5a63de794997b507a5975717,provekit_v1,noir,provekit-v1-whir-native,integrated-noir-beta11-witness,warmup,0,ok,,,12162.576385,,12162.576385,,634836,1648269,1642416,1648269,,input-to-proof-v1,9b2a6f37c67691eab4b0cec6c35e35c520e93285,"{""provekit"":""9b2a6f37c67691eab4b0cec6c35e35c520e93285"",""mobench"":""0.1.48"",""noir"":""1.0.0-beta.11""}","[{""raw_evidence_sha256"":""5981c0f9fec3c9a3e7f89bc5f78427125c6d26b8db31ee5457cae2aa35f3cf5e""}]",,"Matched O2 profile: World ID nullifier statement and frozen semantic inputs, including the same public nullifier. Native ProveKit exposes witness generation and proving as one integrated timed operation, so witness_time_ms is intentionally blank.",,,/Users/dcbuilder/Code/world/.worktrees/provekit-v1-cross-device-campaign/target/v1-benchmarks/input-to-proof/e15/publication/warm/provekit-oprf-v2-20260809/results.json,warm_reuse,12162.576385
input-to-proof-v1-20260807,oprf_o2__motorola_e15__provekit_v1__warm_reuse-1,2026-08-09T16:15:38.727Z,motorola_e15,moto e15,14,armeabi-v7a,android_native,,oprf_nullifier,O2-world-id-nullifier,85aeeef539961cae5a63de794997b507a5975717,provekit_v1,noir,provekit-v1-whir-native,integrated-noir-beta11-witness,measured,1,ok,,,10413.302462,,10413.302462,145.93359375,631668,1648269,1642416,1648269,,input-to-proof-v1,9b2a6f37c67691eab4b0cec6c35e35c520e93285,"{""provekit"":""9b2a6f37c67691eab4b0cec6c35e35c520e93285"",""mobench"":""0.1.48"",""noir"":""1.0.0-beta.11""}","[{""raw_evidence_sha256"":""5981c0f9fec3c9a3e7f89bc5f78427125c6d26b8db31ee5457cae2aa35f3cf5e""}]",,"Matched O2 profile: World ID nullifier statement and frozen semantic inputs, including the same public nullifier. Native ProveKit exposes witness generation and proving as one integrated timed operation, so witness_time_ms is intentionally blank.",,,/Users/dcbuilder/Code/world/.worktrees/provekit-v1-cross-device-campaign/target/v1-benchmarks/input-to-proof/e15/publication/warm/provekit-oprf-v2-20260809/results.json,warm_reuse,10413.302462
input-to-proof-v1-20260807,oprf_o2__motorola_e15__provekit_v1__warm_reuse-2,2026-08-09T16:15:38.727Z,motorola_e15,moto e15,14,armeabi-v7a,android_native,,oprf_nullifier,O2-world-id-nullifier,85aeeef539961cae5a63de794997b507a5975717,provekit_v1,noir,provekit-v1-whir-native,integrated-noir-beta11-witness,measured,2,ok,,,10142.202539,,10142.202539,147.703125,632948,1648269,1642416,1648269,,input-to-proof-v1,9b2a6f37c67691eab4b0cec6c35e35c520e93285,"{""provekit"":""9b2a6f37c67691eab4b0cec6c35e35c520e93285"",""mobench"":""0.1.48"",""noir"":""1.0.0-beta.11""}","[{""raw_evidence_sha256"":""5981c0f9fec3c9a3e7f89bc5f78427125c6d26b8db31ee5457cae2aa35f3cf5e""}]",,"Matched O2 profile: World ID nullifier statement and frozen semantic inputs, including the same public nullifier. Native ProveKit exposes witness generation and proving as one integrated timed operation, so witness_time_ms is intentionally blank.",,,/Users/dcbuilder/Code/world/.worktrees/provekit-v1-cross-device-campaign/target/v1-benchmarks/input-to-proof/e15/publication/warm/provekit-oprf-v2-20260809/results.json,warm_reuse,10142.202539
input-to-proof-v1-20260807,oprf_o2__motorola_e15__provekit_v1__warm_reuse-3,2026-08-09T16:15:38.727Z,motorola_e15,moto e15,14,armeabi-v7a,android_native,,oprf_nullifier,O2-world-id-nullifier,85aeeef539961cae5a63de794997b507a5975717,provekit_v1,noir,provekit-v1-whir-native,integrated-noir-beta11-witness,measured,3,ok,,,10756.831616,,10756.831616,160.46484375,623775,1648269,1642416,1648269,,input-to-proof-v1,9b2a6f37c67691eab4b0cec6c35e35c520e93285,"{""provekit"":""9b2a6f37c67691eab4b0cec6c35e35c520e93285"",""mobench"":""0.1.48"",""noir"":""1.0.0-beta.11""}","[{""raw_evidence_sha256"":""5981c0f9fec3c9a3e7f89bc5f78427125c6d26b8db31ee5457cae2aa35f3cf5e""}]",,"Matched O2 profile: World ID nullifier statement and frozen semantic inputs, including the same public nullifier. Native ProveKit exposes witness generation and proving as one integrated timed operation, so witness_time_ms is intentionally blank.",,,/Users/dcbuilder/Code/world/.worktrees/provekit-v1-cross-device-campaign/target/v1-benchmarks/input-to-proof/e15/publication/warm/provekit-oprf-v2-20260809/results.json,warm_reuse,10756.831616
input-to-proof-v1-20260807,oprf_o2__motorola_e15__provekit_v1__warm_reuse-4,2026-08-09T16:15:38.727Z,motorola_e15,moto e15,14,armeabi-v7a,android_native,,oprf_nullifier,O2-world-id-nullifier,85aeeef539961cae5a63de794997b507a5975717,provekit_v1,noir,provekit-v1-whir-native,integrated-noir-beta11-witness,measured,4,ok,,,12584.569463,,12584.569463,158.10546875,632852,1648269,1642416,1648269,,input-to-proof-v1,9b2a6f37c67691eab4b0cec6c35e35c520e93285,"{""provekit"":""9b2a6f37c67691eab4b0cec6c35e35c520e93285"",""mobench"":""0.1.48"",""noir"":""1.0.0-beta.11""}","[{""raw_evidence_sha256"":""5981c0f9fec3c9a3e7f89bc5f78427125c6d26b8db31ee5457cae2aa35f3cf5e""}]",,"Matched O2 profile: World ID nullifier statement and frozen semantic inputs, including the same public nullifier. Native ProveKit exposes witness generation and proving as one integrated timed operation, so witness_time_ms is intentionally blank.",,,/Users/dcbuilder/Code/world/.worktrees/provekit-v1-cross-device-campaign/target/v1-benchmarks/input-to-proof/e15/publication/warm/provekit-oprf-v2-20260809/results.json,warm_reuse,12584.569463
input-to-proof-v1-20260807,oprf_o2__motorola_e15__provekit_v1__warm_reuse-5,2026-08-09T16:15:38.727Z,motorola_e15,moto e15,14,armeabi-v7a,android_native,,oprf_nullifier,O2-world-id-nullifier,85aeeef539961cae5a63de794997b507a5975717,provekit_v1,noir,provekit-v1-whir-native,integrated-noir-beta11-witness,measured,5,ok,,,12419.088693,,12419.088693,158.046875,626597,1648269,1642416,1648269,,input-to-proof-v1,9b2a6f37c67691eab4b0cec6c35e35c520e93285,"{""provekit"":""9b2a6f37c67691eab4b0cec6c35e35c520e93285"",""mobench"":""0.1.48"",""noir"":""1.0.0-beta.11""}","[{""raw_evidence_sha256"":""5981c0f9fec3c9a3e7f89bc5f78427125c6d26b8db31ee5457cae2aa35f3cf5e""}]",,"Matched O2 profile: World ID nullifier statement and frozen semantic inputs, including the same public nullifier. Native ProveKit exposes witness generation and proving as one integrated timed operation, so witness_time_ms is intentionally blank.",,,/Users/dcbuilder/Code/world/.worktrees/provekit-v1-cross-device-campaign/target/v1-benchmarks/input-to-proof/e15/publication/warm/provekit-oprf-v2-20260809/results.json,warm_reuse,12419.088693
input-to-proof-v1-20260807,oprf_o2__motorola_e15__noir_barretenberg__cold_local-0,2026-08-10T07:57:50.331Z,motorola_e15,moto e15,14,armeabi-v7a,android_native,,oprf_nullifier,O2-world-id-nullifier,85aeeef539961cae5a63de794997b507a5975717,noir_barretenberg,noir,barretenberg-rs-4.2.0-aztecnr-rc.2,acvm-beta19,warmup,0,ok,,1883.057847,68266.155004,,70149.213543,318.24609375,16548,271056603,271051007,271056603,,input-to-proof-v1,85aeeef539961cae5a63de794997b507a5975717,"{""mopro"":""0.3.7"",""barretenberg_rs"":""4.2.0-aztecnr-rc.2"",""noir"":""1.0.0-beta.19""}","[{""raw_evidence_sha256"":""52c5dec4dd733ada22482652940c33f0620cca205fbc5c7127cee1133c93684e""}]",,"Matched O2 profile: World ID nullifier statement and frozen semantic inputs, including the same public nullifier.",,,/Users/dcbuilder/Code/world/.worktrees/provekit-v1-cross-device-campaign/target/v1-benchmarks/input-to-proof/e15/publication/cold/barretenberg-oprf/run-0/results.json,cold_local,70149.213543
input-to-proof-v1-20260807,oprf_o2__motorola_e15__noir_barretenberg__cold_local-1,2026-08-10T09:35:27.717Z,motorola_e15,moto e15,14,armeabi-v7a,android_native,,oprf_nullifier,O2-world-id-nullifier,85aeeef539961cae5a63de794997b507a5975717,noir_barretenberg,noir,barretenberg-rs-4.2.0-aztecnr-rc.2,acvm-beta19,measured,1,ok,,1888.725538,68274.720235,,70163.445927,306.59765625,16548,271056603,271051007,271056603,,input-to-proof-v1,85aeeef539961cae5a63de794997b507a5975717,"{""mopro"":""0.3.7"",""barretenberg_rs"":""4.2.0-aztecnr-rc.2"",""noir"":""1.0.0-beta.19""}","[{""raw_evidence_sha256"":""998f6f8068611896ea01432316048f8ae03ccf7600448157a91a2d5bef52832a""}]",,"Matched O2 profile: World ID nullifier statement and frozen semantic inputs, including the same public nullifier.",,,/Users/dcbuilder/Code/world/.worktrees/provekit-v1-cross-device-campaign/target/v1-benchmarks/input-to-proof/e15/publication/cold/barretenberg-oprf/run-1/results.json,cold_local,70163.445927
input-to-proof-v1-20260807,oprf_o2__motorola_e15__noir_barretenberg__cold_local-2,2026-08-10T09:40:50.624Z,motorola_e15,moto e15,14,armeabi-v7a,android_native,,oprf_nullifier,O2-world-id-nullifier,85aeeef539961cae5a63de794997b507a5975717,noir_barretenberg,noir,barretenberg-rs-4.2.0-aztecnr-rc.2,acvm-beta19,measured,2,ok,,1882.602462,68229.872619,,70112.475697,306.09375,16548,271056603,271051007,271056603,,input-to-proof-v1,85aeeef539961cae5a63de794997b507a5975717,"{""mopro"":""0.3.7"",""barretenberg_rs"":""4.2.0-aztecnr-rc.2"",""noir"":""1.0.0-beta.19""}","[{""raw_evidence_sha256"":""de0477de370a6baf2aea70c0f55edf312a8a3b51e6b2e18105436d8a0ad19b89""}]",,"Matched O2 profile: World ID nullifier statement and frozen semantic inputs, including the same public nullifier.",,,/Users/dcbuilder/Code/world/.worktrees/provekit-v1-cross-device-campaign/target/v1-benchmarks/input-to-proof/e15/publication/cold/barretenberg-oprf/run-2/results.json,cold_local,70112.475697
input-to-proof-v1-20260807,oprf_o2__motorola_e15__noir_barretenberg__cold_local-3,2026-08-10T09:46:12.899Z,motorola_e15,moto e15,14,armeabi-v7a,android_native,,oprf_nullifier,O2-world-id-nullifier,85aeeef539961cae5a63de794997b507a5975717,noir_barretenberg,noir,barretenberg-rs-4.2.0-aztecnr-rc.2,acvm-beta19,measured,3,ok,,1892.495308,68252.736004,,70145.231774,305.1796875,16548,271056603,271051007,271056603,,input-to-proof-v1,85aeeef539961cae5a63de794997b507a5975717,"{""mopro"":""0.3.7"",""barretenberg_rs"":""4.2.0-aztecnr-rc.2"",""noir"":""1.0.0-beta.19""}","[{""raw_evidence_sha256"":""03340fc290cbddd7555ae20c9de7f272552952b9aa40553af91747eca7265192""}]",,"Matched O2 profile: World ID nullifier statement and frozen semantic inputs, including the same public nullifier.",,,/Users/dcbuilder/Code/world/.worktrees/provekit-v1-cross-device-campaign/target/v1-benchmarks/input-to-proof/e15/publication/cold/barretenberg-oprf/run-3/results.json,cold_local,70145.231774
input-to-proof-v1-20260807,oprf_o2__motorola_e15__noir_barretenberg__cold_local-4,2026-08-10T09:51:32.631Z,motorola_e15,moto e15,14,armeabi-v7a,android_native,,oprf_nullifier,O2-world-id-nullifier,85aeeef539961cae5a63de794997b507a5975717,noir_barretenberg,noir,barretenberg-rs-4.2.0-aztecnr-rc.2,acvm-beta19,measured,4,ok,,1892.782461,68287.56185,,70180.345466,307.2578125,16548,271056603,271051007,271056603,,input-to-proof-v1,85aeeef539961cae5a63de794997b507a5975717,"{""mopro"":""0.3.7"",""barretenberg_rs"":""4.2.0-aztecnr-rc.2"",""noir"":""1.0.0-beta.19""}","[{""raw_evidence_sha256"":""57fe05ea8648843c9ecc5c83c9ac60ed8a2ec12827670903f2479366d9060b75""}]",,"Matched O2 profile: World ID nullifier statement and frozen semantic inputs, including the same public nullifier.",,,/Users/dcbuilder/Code/world/.worktrees/provekit-v1-cross-device-campaign/target/v1-benchmarks/input-to-proof/e15/publication/cold/barretenberg-oprf/run-4/results.json,cold_local,70180.345466
input-to-proof-v1-20260807,oprf_o2__motorola_e15__noir_barretenberg__cold_local-5,2026-08-10T09:56:55.485Z,motorola_e15,moto e15,14,armeabi-v7a,android_native,,oprf_nullifier,O2-world-id-nullifier,85aeeef539961cae5a63de794997b507a5975717,noir_barretenberg,noir,barretenberg-rs-4.2.0-aztecnr-rc.2,acvm-beta19,measured,5,ok,,1887.943385,68227.946234,,70115.891158,303.5078125,16548,271056603,271051007,271056603,,input-to-proof-v1,85aeeef539961cae5a63de794997b507a5975717,"{""mopro"":""0.3.7"",""barretenberg_rs"":""4.2.0-aztecnr-rc.2"",""noir"":""1.0.0-beta.19""}","[{""raw_evidence_sha256"":""7d1d1f7c2db24881e8cbb594f3da736032c22fb59a1934934ab68e3f66699756""}]",,"Matched O2 profile: World ID nullifier statement and frozen semantic inputs, including the same public nullifier.",,,/Users/dcbuilder/Code/world/.worktrees/provekit-v1-cross-device-campaign/target/v1-benchmarks/input-to-proof/e15/publication/cold/barretenberg-oprf/run-5/results.json,cold_local,70115.891158
input-to-proof-v1-20260807,oprf_o2__motorola_e15__noir_barretenberg__warm_reuse-0,2026-08-10T08:13:52.549Z,motorola_e15,moto e15,14,armeabi-v7a,android_native,,oprf_nullifier,O2-world-id-nullifier,85aeeef539961cae5a63de794997b507a5975717,noir_barretenberg,noir,barretenberg-rs-4.2.0-aztecnr-rc.2,acvm-beta19,warmup,0,ok,,1888.348615,68189.509312,,70077.859465,,16548,271056603,271051007,271056603,,input-to-proof-v1,85aeeef539961cae5a63de794997b507a5975717,"{""mopro"":""0.3.7"",""barretenberg_rs"":""4.2.0-aztecnr-rc.2"",""noir"":""1.0.0-beta.19""}","[{""raw_evidence_sha256"":""5b21ce8a915207ace72f668df0552e433743aee492ad8de0724e811593886e79""}]",,"Matched O2 profile: World ID nullifier statement and frozen semantic inputs, including the same public nullifier.",,,/Users/dcbuilder/Code/world/.worktrees/provekit-v1-cross-device-campaign/target/v1-benchmarks/input-to-proof/e15/publication/warm/barretenberg-oprf-20260810/results.json,warm_reuse,70077.859465
input-to-proof-v1-20260807,oprf_o2__motorola_e15__noir_barretenberg__warm_reuse-1,2026-08-10T08:13:52.549Z,motorola_e15,moto e15,14,armeabi-v7a,android_native,,oprf_nullifier,O2-world-id-nullifier,85aeeef539961cae5a63de794997b507a5975717,noir_barretenberg,noir,barretenberg-rs-4.2.0-aztecnr-rc.2,acvm-beta19,measured,1,ok,,1889.628538,67988.621235,,69878.250696,301.96875,16548,271056603,271051007,271056603,,input-to-proof-v1,85aeeef539961cae5a63de794997b507a5975717,"{""mopro"":""0.3.7"",""barretenberg_rs"":""4.2.0-aztecnr-rc.2"",""noir"":""1.0.0-beta.19""}","[{""raw_evidence_sha256"":""5b21ce8a915207ace72f668df0552e433743aee492ad8de0724e811593886e79""}]",,"Matched O2 profile: World ID nullifier statement and frozen semantic inputs, including the same public nullifier.",,,/Users/dcbuilder/Code/world/.worktrees/provekit-v1-cross-device-campaign/target/v1-benchmarks/input-to-proof/e15/publication/warm/barretenberg-oprf-20260810/results.json,warm_reuse,69878.250696
input-to-proof-v1-20260807,oprf_o2__motorola_e15__noir_barretenberg__warm_reuse-2,2026-08-10T08:13:52.549Z,motorola_e15,moto e15,14,armeabi-v7a,android_native,,oprf_nullifier,O2-world-id-nullifier,85aeeef539961cae5a63de794997b507a5975717,noir_barretenberg,noir,barretenberg-rs-4.2.0-aztecnr-rc.2,acvm-beta19,measured,2,ok,,1875.327384,68222.355158,,70097.683388,302.1484375,16548,271056603,271051007,271056603,,input-to-proof-v1,85aeeef539961cae5a63de794997b507a5975717,"{""mopro"":""0.3.7"",""barretenberg_rs"":""4.2.0-aztecnr-rc.2"",""noir"":""1.0.0-beta.19""}","[{""raw_evidence_sha256"":""5b21ce8a915207ace72f668df0552e433743aee492ad8de0724e811593886e79""}]",,"Matched O2 profile: World ID nullifier statement and frozen semantic inputs, including the same public nullifier.",,,/Users/dcbuilder/Code/world/.worktrees/provekit-v1-cross-device-campaign/target/v1-benchmarks/input-to-proof/e15/publication/warm/barretenberg-oprf-20260810/results.json,warm_reuse,70097.683388
input-to-proof-v1-20260807,oprf_o2__motorola_e15__noir_barretenberg__warm_reuse-3,2026-08-10T08:13:52.549Z,motorola_e15,moto e15,14,armeabi-v7a,android_native,,oprf_nullifier,O2-world-id-nullifier,85aeeef539961cae5a63de794997b507a5975717,noir_barretenberg,noir,barretenberg-rs-4.2.0-aztecnr-rc.2,acvm-beta19,measured,3,ok,,1876.999154,68142.220927,,70019.221466,300.45703125,16548,271056603,271051007,271056603,,input-to-proof-v1,85aeeef539961cae5a63de794997b507a5975717,"{""mopro"":""0.3.7"",""barretenberg_rs"":""4.2.0-aztecnr-rc.2"",""noir"":""1.0.0-beta.19""}","[{""raw_evidence_sha256"":""5b21ce8a915207ace72f668df0552e433743aee492ad8de0724e811593886e79""}]",,"Matched O2 profile: World ID nullifier statement and frozen semantic inputs, including the same public nullifier.",,,/Users/dcbuilder/Code/world/.worktrees/provekit-v1-cross-device-campaign/target/v1-benchmarks/input-to-proof/e15/publication/warm/barretenberg-oprf-20260810/results.json,warm_reuse,70019.221466
input-to-proof-v1-20260807,oprf_o2__motorola_e15__noir_barretenberg__warm_reuse-4,2026-08-10T08:13:52.549Z,motorola_e15,moto e15,14,armeabi-v7a,android_native,,oprf_nullifier,O2-world-id-nullifier,85aeeef539961cae5a63de794997b507a5975717,noir_barretenberg,noir,barretenberg-rs-4.2.0-aztecnr-rc.2,acvm-beta19,measured,4,ok,,1875.057154,68249.552312,,70124.610158,301.87890625,16548,271056603,271051007,271056603,,input-to-proof-v1,85aeeef539961cae5a63de794997b507a5975717,"{""mopro"":""0.3.7"",""barretenberg_rs"":""4.2.0-aztecnr-rc.2"",""noir"":""1.0.0-beta.19""}","[{""raw_evidence_sha256"":""5b21ce8a915207ace72f668df0552e433743aee492ad8de0724e811593886e79""}]",,"Matched O2 profile: World ID nullifier statement and frozen semantic inputs, including the same public nullifier.",,,/Users/dcbuilder/Code/world/.worktrees/provekit-v1-cross-device-campaign/target/v1-benchmarks/input-to-proof/e15/publication/warm/barretenberg-oprf-20260810/results.json,warm_reuse,70124.610158
input-to-proof-v1-20260807,oprf_o2__motorola_e15__noir_barretenberg__warm_reuse-5,2026-08-10T08:13:52.549Z,motorola_e15,moto e15,14,armeabi-v7a,android_native,,oprf_nullifier,O2-world-id-nullifier,85aeeef539961cae5a63de794997b507a5975717,noir_barretenberg,noir,barretenberg-rs-4.2.0-aztecnr-rc.2,acvm-beta19,measured,5,ok,,1893.020615,69120.355389,,71013.376312,300.59375,16548,271056603,271051007,271056603,,input-to-proof-v1,85aeeef539961cae5a63de794997b507a5975717,"{""mopro"":""0.3.7"",""barretenberg_rs"":""4.2.0-aztecnr-rc.2"",""noir"":""1.0.0-beta.19""}","[{""raw_evidence_sha256"":""5b21ce8a915207ace72f668df0552e433743aee492ad8de0724e811593886e79""}]",,"Matched O2 profile: World ID nullifier statement and frozen semantic inputs, including the same public nullifier.",,,/Users/dcbuilder/Code/world/.worktrees/provekit-v1-cross-device-campaign/target/v1-benchmarks/input-to-proof/e15/publication/warm/barretenberg-oprf-20260810/results.json,warm_reuse,71013.376312
input-to-proof-v1-20260807,webauthn_closest_analogue__motorola_e15__provekit_v1__cold_local-0,2026-08-09T18:06:53.295Z,motorola_e15,moto e15,14,armeabi-v7a,android_native,,webauthn,closest-analogue,0fb5b4aa1398281c2fd3dbe14db147e05b61f201,provekit_v1,noir,provekit-v1-whir-native,integrated-noir-beta11-witness,warmup,0,ok,,,27751.064925,,27751.064925,496.4609375,718163,2390932,2341712,2390932,,input-to-proof-v1,9b2a6f37c67691eab4b0cec6c35e35c520e93285,"{""provekit"":""9b2a6f37c67691eab4b0cec6c35e35c520e93285"",""mobench"":""0.1.48"",""noir"":""1.0.0-beta.11""}","[{""raw_evidence_sha256"":""f2e0ff7e7588dbed87ff8946aef1a8017d03860987d252ecddea0a04fc7ee65e""}]",,"Closest analogue, not equivalent: Noir binds challenge, type, origin, RP-ID hash, flags, and public key; the Circom counterpart omits several bindings. Native ProveKit exposes witness generation and proving as one integrated timed operation, so witness_time_ms is intentionally blank.",,,/Users/dcbuilder/Code/world/.worktrees/provekit-v1-cross-device-campaign/target/v1-benchmarks/input-to-proof/e15/attempts/cold/webauthn/run-0/results.json,cold_local,27751.064925
input-to-proof-v1-20260807,webauthn_closest_analogue__motorola_e15__provekit_v1__cold_local-1,2026-08-09T18:11:05.720Z,motorola_e15,moto e15,14,armeabi-v7a,android_native,,webauthn,closest-analogue,0fb5b4aa1398281c2fd3dbe14db147e05b61f201,provekit_v1,noir,provekit-v1-whir-native,integrated-noir-beta11-witness,measured,1,ok,,,27910.810463,,27910.810463,493.00390625,716743,2363144,2313924,2363144,,input-to-proof-v1,9b2a6f37c67691eab4b0cec6c35e35c520e93285,"{""provekit"":""9b2a6f37c67691eab4b0cec6c35e35c520e93285"",""mobench"":""0.1.48"",""noir"":""1.0.0-beta.11""}","[{""raw_evidence_sha256"":""d60fc911089738a04c32e1dc20f8472b4a00ec86ee9f3cc098c00f96d0ff0442""}]",,"Closest analogue, not equivalent: Noir binds challenge, type, origin, RP-ID hash, flags, and public key; the Circom counterpart omits several bindings. Native ProveKit exposes witness generation and proving as one integrated timed operation, so witness_time_ms is intentionally blank.",,,/Users/dcbuilder/Code/world/.worktrees/provekit-v1-cross-device-campaign/target/v1-benchmarks/input-to-proof/e15/attempts/cold/webauthn/run-1/results.json,cold_local,27910.810463
input-to-proof-v1-20260807,webauthn_closest_analogue__motorola_e15__provekit_v1__cold_local-2,2026-08-09T19:15:04.224Z,motorola_e15,moto e15,14,armeabi-v7a,android_native,,webauthn,closest-analogue,0fb5b4aa1398281c2fd3dbe14db147e05b61f201,provekit_v1,noir,provekit-v1-whir-native,integrated-noir-beta11-witness,measured,2,ok,,,27714.982386,,27714.982386,500.12109375,716211,2384412,2335192,2384412,,input-to-proof-v1,9b2a6f37c67691eab4b0cec6c35e35c520e93285,"{""provekit"":""9b2a6f37c67691eab4b0cec6c35e35c520e93285"",""mobench"":""0.1.48"",""noir"":""1.0.0-beta.11""}","[{""raw_evidence_sha256"":""0a71e2ffe395f25cb86883ce326e43ea5d5ec9f415d1ff0765f4152c92d37f70""}]",,"Closest analogue, not equivalent: Noir binds challenge, type, origin, RP-ID hash, flags, and public key; the Circom counterpart omits several bindings. Native ProveKit exposes witness generation and proving as one integrated timed operation, so witness_time_ms is intentionally blank.",,,/Users/dcbuilder/Code/world/.worktrees/provekit-v1-cross-device-campaign/target/v1-benchmarks/input-to-proof/e15/attempts/cold/webauthn/run-2/results.json,cold_local,27714.982386
input-to-proof-v1-20260807,webauthn_closest_analogue__motorola_e15__provekit_v1__cold_local-3,2026-08-09T19:19:15.319Z,motorola_e15,moto e15,14,armeabi-v7a,android_native,,webauthn,closest-analogue,0fb5b4aa1398281c2fd3dbe14db147e05b61f201,provekit_v1,noir,provekit-v1-whir-native,integrated-noir-beta11-witness,measured,3,ok,,,27812.34954,,27812.34954,494.33203125,714300,2322424,2273204,2322424,,input-to-proof-v1,9b2a6f37c67691eab4b0cec6c35e35c520e93285,"{""provekit"":""9b2a6f37c67691eab4b0cec6c35e35c520e93285"",""mobench"":""0.1.48"",""noir"":""1.0.0-beta.11""}","[{""raw_evidence_sha256"":""593b56a00bebece2303ebbb221ab168493bed04dc656cac067f91f82c702d7c7""}]",,"Closest analogue, not equivalent: Noir binds challenge, type, origin, RP-ID hash, flags, and public key; the Circom counterpart omits several bindings. Native ProveKit exposes witness generation and proving as one integrated timed operation, so witness_time_ms is intentionally blank.",,,/Users/dcbuilder/Code/world/.worktrees/provekit-v1-cross-device-campaign/target/v1-benchmarks/input-to-proof/e15/attempts/cold/webauthn/run-3/results.json,cold_local,27812.34954
input-to-proof-v1-20260807,webauthn_closest_analogue__motorola_e15__provekit_v1__cold_local-4,2026-08-09T19:23:34.521Z,motorola_e15,moto e15,14,armeabi-v7a,android_native,,webauthn,closest-analogue,0fb5b4aa1398281c2fd3dbe14db147e05b61f201,provekit_v1,noir,provekit-v1-whir-native,integrated-noir-beta11-witness,measured,4,ok,,,28003.115386,,28003.115386,491.296875,718670,2406852,2357632,2406852,,input-to-proof-v1,9b2a6f37c67691eab4b0cec6c35e35c520e93285,"{""provekit"":""9b2a6f37c67691eab4b0cec6c35e35c520e93285"",""mobench"":""0.1.48"",""noir"":""1.0.0-beta.11""}","[{""raw_evidence_sha256"":""bf346e612a20bc5b83e06797cb94c32a9b95e697ef3ea6d830d2253a32a8d891""}]",,"Closest analogue, not equivalent: Noir binds challenge, type, origin, RP-ID hash, flags, and public key; the Circom counterpart omits several bindings. Native ProveKit exposes witness generation and proving as one integrated timed operation, so witness_time_ms is intentionally blank.",,,/Users/dcbuilder/Code/world/.worktrees/provekit-v1-cross-device-campaign/target/v1-benchmarks/input-to-proof/e15/attempts/cold/webauthn/run-4/results.json,cold_local,28003.115386
input-to-proof-v1-20260807,webauthn_closest_analogue__motorola_e15__provekit_v1__cold_local-5,2026-08-09T21:09:23.421Z,motorola_e15,moto e15,14,armeabi-v7a,android_native,,webauthn,closest-analogue,0fb5b4aa1398281c2fd3dbe14db147e05b61f201,provekit_v1,noir,provekit-v1-whir-native,integrated-noir-beta11-witness,measured,5,ok,,,27901.663771,,27901.663771,494.79296875,716291,2336580,2287360,2336580,,input-to-proof-v1,9b2a6f37c67691eab4b0cec6c35e35c520e93285,"{""provekit"":""9b2a6f37c67691eab4b0cec6c35e35c520e93285"",""mobench"":""0.1.48"",""noir"":""1.0.0-beta.11""}","[{""raw_evidence_sha256"":""6208691e252755688904025e0c40a7c4516edf2a62877a522d4ad144bca8bb62""}]",,"Closest analogue, not equivalent: Noir binds challenge, type, origin, RP-ID hash, flags, and public key; the Circom counterpart omits several bindings. Native ProveKit exposes witness generation and proving as one integrated timed operation, so witness_time_ms is intentionally blank.",,,/Users/dcbuilder/Code/world/.worktrees/provekit-v1-cross-device-campaign/target/v1-benchmarks/input-to-proof/e15/attempts/cold-retry-20260809/webauthn/run-5/results.json,cold_local,27901.663771
input-to-proof-v1-20260807,webauthn_closest_analogue__motorola_e15__provekit_v1__warm_reuse-0,2026-08-09T16:30:47.313Z,motorola_e15,moto e15,14,armeabi-v7a,android_native,,webauthn,closest-analogue,0fb5b4aa1398281c2fd3dbe14db147e05b61f201,provekit_v1,noir,provekit-v1-whir-native,integrated-noir-beta11-witness,warmup,0,ok,,,27986.81054,,27986.81054,,715639,2362084,2312864,2362084,,input-to-proof-v1,9b2a6f37c67691eab4b0cec6c35e35c520e93285,"{""provekit"":""9b2a6f37c67691eab4b0cec6c35e35c520e93285"",""mobench"":""0.1.48"",""noir"":""1.0.0-beta.11""}","[{""raw_evidence_sha256"":""9056119b12163297f45ff807f506e0cda3609e7128e6d74488fc499ace1f643f""}]",,"Closest analogue, not equivalent: Noir binds challenge, type, origin, RP-ID hash, flags, and public key; the Circom counterpart omits several bindings. Native ProveKit exposes witness generation and proving as one integrated timed operation, so witness_time_ms is intentionally blank.",,,/Users/dcbuilder/Code/world/.worktrees/provekit-v1-cross-device-campaign/target/v1-benchmarks/input-to-proof/e15/publication/warm/provekit-webauthn-v2-postreboot-20260809/results.json,warm_reuse,27986.81054
input-to-proof-v1-20260807,webauthn_closest_analogue__motorola_e15__provekit_v1__warm_reuse-1,2026-08-09T16:30:47.313Z,motorola_e15,moto e15,14,armeabi-v7a,android_native,,webauthn,closest-analogue,0fb5b4aa1398281c2fd3dbe14db147e05b61f201,provekit_v1,noir,provekit-v1-whir-native,integrated-noir-beta11-witness,measured,1,ok,,,27898.193771,,27898.193771,493.74609375,715277,2362084,2312864,2362084,,input-to-proof-v1,9b2a6f37c67691eab4b0cec6c35e35c520e93285,"{""provekit"":""9b2a6f37c67691eab4b0cec6c35e35c520e93285"",""mobench"":""0.1.48"",""noir"":""1.0.0-beta.11""}","[{""raw_evidence_sha256"":""9056119b12163297f45ff807f506e0cda3609e7128e6d74488fc499ace1f643f""}]",,"Closest analogue, not equivalent: Noir binds challenge, type, origin, RP-ID hash, flags, and public key; the Circom counterpart omits several bindings. Native ProveKit exposes witness generation and proving as one integrated timed operation, so witness_time_ms is intentionally blank.",,,/Users/dcbuilder/Code/world/.worktrees/provekit-v1-cross-device-campaign/target/v1-benchmarks/input-to-proof/e15/publication/warm/provekit-webauthn-v2-postreboot-20260809/results.json,warm_reuse,27898.193771
input-to-proof-v1-20260807,webauthn_closest_analogue__motorola_e15__provekit_v1__warm_reuse-2,2026-08-09T16:30:47.313Z,motorola_e15,moto e15,14,armeabi-v7a,android_native,,webauthn,closest-analogue,0fb5b4aa1398281c2fd3dbe14db147e05b61f201,provekit_v1,noir,provekit-v1-whir-native,integrated-noir-beta11-witness,measured,2,ok,,,27803.135617,,27803.135617,491.97265625,715049,2362084,2312864,2362084,,input-to-proof-v1,9b2a6f37c67691eab4b0cec6c35e35c520e93285,"{""provekit"":""9b2a6f37c67691eab4b0cec6c35e35c520e93285"",""mobench"":""0.1.48"",""noir"":""1.0.0-beta.11""}","[{""raw_evidence_sha256"":""9056119b12163297f45ff807f506e0cda3609e7128e6d74488fc499ace1f643f""}]",,"Closest analogue, not equivalent: Noir binds challenge, type, origin, RP-ID hash, flags, and public key; the Circom counterpart omits several bindings. Native ProveKit exposes witness generation and proving as one integrated timed operation, so witness_time_ms is intentionally blank.",,,/Users/dcbuilder/Code/world/.worktrees/provekit-v1-cross-device-campaign/target/v1-benchmarks/input-to-proof/e15/publication/warm/provekit-webauthn-v2-postreboot-20260809/results.json,warm_reuse,27803.135617
input-to-proof-v1-20260807,webauthn_closest_analogue__motorola_e15__provekit_v1__warm_reuse-3,2026-08-09T16:30:47.313Z,motorola_e15,moto e15,14,armeabi-v7a,android_native,,webauthn,closest-analogue,0fb5b4aa1398281c2fd3dbe14db147e05b61f201,provekit_v1,noir,provekit-v1-whir-native,integrated-noir-beta11-witness,measured,3,ok,,,27862.763617,,27862.763617,501.51171875,716193,2362084,2312864,2362084,,input-to-proof-v1,9b2a6f37c67691eab4b0cec6c35e35c520e93285,"{""provekit"":""9b2a6f37c67691eab4b0cec6c35e35c520e93285"",""mobench"":""0.1.48"",""noir"":""1.0.0-beta.11""}","[{""raw_evidence_sha256"":""9056119b12163297f45ff807f506e0cda3609e7128e6d74488fc499ace1f643f""}]",,"Closest analogue, not equivalent: Noir binds challenge, type, origin, RP-ID hash, flags, and public key; the Circom counterpart omits several bindings. Native ProveKit exposes witness generation and proving as one integrated timed operation, so witness_time_ms is intentionally blank.",,,/Users/dcbuilder/Code/world/.worktrees/provekit-v1-cross-device-campaign/target/v1-benchmarks/input-to-proof/e15/publication/warm/provekit-webauthn-v2-postreboot-20260809/results.json,warm_reuse,27862.763617
input-to-proof-v1-20260807,webauthn_closest_analogue__motorola_e15__provekit_v1__warm_reuse-4,2026-08-09T16:30:47.313Z,motorola_e15,moto e15,14,armeabi-v7a,android_native,,webauthn,closest-analogue,0fb5b4aa1398281c2fd3dbe14db147e05b61f201,provekit_v1,noir,provekit-v1-whir-native,integrated-noir-beta11-witness,measured,4,ok,,,27743.926233,,27743.926233,500.5625,712986,2362084,2312864,2362084,,input-to-proof-v1,9b2a6f37c67691eab4b0cec6c35e35c520e93285,"{""provekit"":""9b2a6f37c67691eab4b0cec6c35e35c520e93285"",""mobench"":""0.1.48"",""noir"":""1.0.0-beta.11""}","[{""raw_evidence_sha256"":""9056119b12163297f45ff807f506e0cda3609e7128e6d74488fc499ace1f643f""}]",,"Closest analogue, not equivalent: Noir binds challenge, type, origin, RP-ID hash, flags, and public key; the Circom counterpart omits several bindings. Native ProveKit exposes witness generation and proving as one integrated timed operation, so witness_time_ms is intentionally blank.",,,/Users/dcbuilder/Code/world/.worktrees/provekit-v1-cross-device-campaign/target/v1-benchmarks/input-to-proof/e15/publication/warm/provekit-webauthn-v2-postreboot-20260809/results.json,warm_reuse,27743.926233
input-to-proof-v1-20260807,webauthn_closest_analogue__motorola_e15__provekit_v1__warm_reuse-5,2026-08-09T16:30:47.313Z,motorola_e15,moto e15,14,armeabi-v7a,android_native,,webauthn,closest-analogue,0fb5b4aa1398281c2fd3dbe14db147e05b61f201,provekit_v1,noir,provekit-v1-whir-native,integrated-noir-beta11-witness,measured,5,ok,,,27767.005925,,27767.005925,502.0390625,710361,2362084,2312864,2362084,,input-to-proof-v1,9b2a6f37c67691eab4b0cec6c35e35c520e93285,"{""provekit"":""9b2a6f37c67691eab4b0cec6c35e35c520e93285"",""mobench"":""0.1.48"",""noir"":""1.0.0-beta.11""}","[{""raw_evidence_sha256"":""9056119b12163297f45ff807f506e0cda3609e7128e6d74488fc499ace1f643f""}]",,"Closest analogue, not equivalent: Noir binds challenge, type, origin, RP-ID hash, flags, and public key; the Circom counterpart omits several bindings. Native ProveKit exposes witness generation and proving as one integrated timed operation, so witness_time_ms is intentionally blank.",,,/Users/dcbuilder/Code/world/.worktrees/provekit-v1-cross-device-campaign/target/v1-benchmarks/input-to-proof/e15/publication/warm/provekit-webauthn-v2-postreboot-20260809/results.json,warm_reuse,27767.005925
input-to-proof-v1-20260807,webauthn_closest_analogue__motorola_e15__noir_barretenberg__cold_local-0,2026-08-10T10:04:06.562Z,motorola_e15,moto e15,14,armeabi-v7a,android_native,,webauthn,closest-analogue,0fb5b4aa1398281c2fd3dbe14db147e05b61f201,noir_barretenberg,noir,barretenberg-rs-4.2.0-aztecnr-rc.2,acvm-beta19,warmup,0,ok,,7453.589847,107470.601853,,114924.192853,486.23828125,21092,271131517,271127379,271131517,,input-to-proof-v1,0fb5b4aa1398281c2fd3dbe14db147e05b61f201,"{""mopro"":""0.3.7"",""barretenberg_rs"":""4.2.0-aztecnr-rc.2"",""noir"":""1.0.0-beta.19""}","[{""raw_evidence_sha256"":""3d3e0937e8ecb2a964b3ae04e58eba0ba1ad220f3dd426ad73580efdd2794a37""}]",,"Closest analogue, not equivalent: Noir binds challenge, type, origin, RP-ID hash, flags, and public key; the Circom counterpart omits several bindings.",,,/Users/dcbuilder/Code/world/.worktrees/provekit-v1-cross-device-campaign/target/v1-benchmarks/input-to-proof/e15/publication/cold/barretenberg-webauthn/run-0/results.json,cold_local,114924.192853
input-to-proof-v1-20260807,webauthn_closest_analogue__motorola_e15__noir_barretenberg__cold_local-1,2026-08-10T10:11:16.913Z,motorola_e15,moto e15,14,armeabi-v7a,android_native,,webauthn,closest-analogue,0fb5b4aa1398281c2fd3dbe14db147e05b61f201,noir_barretenberg,noir,barretenberg-rs-4.2.0-aztecnr-rc.2,acvm-beta19,measured,1,ok,,7464.466385,106320.877467,,113785.344853,490.734375,21092,271131517,271127379,271131517,,input-to-proof-v1,0fb5b4aa1398281c2fd3dbe14db147e05b61f201,"{""mopro"":""0.3.7"",""barretenberg_rs"":""4.2.0-aztecnr-rc.2"",""noir"":""1.0.0-beta.19""}","[{""raw_evidence_sha256"":""1959c4bb4de693d8e213388939aa3fff408ce6a4bfd39bb7430079b7d7399cae""}]",,"Closest analogue, not equivalent: Noir binds challenge, type, origin, RP-ID hash, flags, and public key; the Circom counterpart omits several bindings.",,,/Users/dcbuilder/Code/world/.worktrees/provekit-v1-cross-device-campaign/target/v1-benchmarks/input-to-proof/e15/publication/cold/barretenberg-webauthn/run-1/results.json,cold_local,113785.344853
input-to-proof-v1-20260807,webauthn_closest_analogue__motorola_e15__noir_barretenberg__cold_local-2,2026-08-10T10:18:26.772Z,motorola_e15,moto e15,14,armeabi-v7a,android_native,,webauthn,closest-analogue,0fb5b4aa1398281c2fd3dbe14db147e05b61f201,noir_barretenberg,noir,barretenberg-rs-4.2.0-aztecnr-rc.2,acvm-beta19,measured,2,ok,,7463.362462,107215.131775,,114678.495315,493.37890625,21092,271131517,271127379,271131517,,input-to-proof-v1,0fb5b4aa1398281c2fd3dbe14db147e05b61f201,"{""mopro"":""0.3.7"",""barretenberg_rs"":""4.2.0-aztecnr-rc.2"",""noir"":""1.0.0-beta.19""}","[{""raw_evidence_sha256"":""c7eebf005b62db532f56b4ba72caaa77ddf7fa4da0229c941fcf5b3dde183ede""}]",,"Closest analogue, not equivalent: Noir binds challenge, type, origin, RP-ID hash, flags, and public key; the Circom counterpart omits several bindings.",,,/Users/dcbuilder/Code/world/.worktrees/provekit-v1-cross-device-campaign/target/v1-benchmarks/input-to-proof/e15/publication/cold/barretenberg-webauthn/run-2/results.json,cold_local,114678.495315
input-to-proof-v1-20260807,webauthn_closest_analogue__motorola_e15__noir_barretenberg__cold_local-3,2026-08-10T10:25:39.076Z,motorola_e15,moto e15,14,armeabi-v7a,android_native,,webauthn,closest-analogue,0fb5b4aa1398281c2fd3dbe14db147e05b61f201,noir_barretenberg,noir,barretenberg-rs-4.2.0-aztecnr-rc.2,acvm-beta19,measured,3,ok,,7442.536539,107617.012622,,115059.550238,492.9296875,21092,271131517,271127379,271131517,,input-to-proof-v1,0fb5b4aa1398281c2fd3dbe14db147e05b61f201,"{""mopro"":""0.3.7"",""barretenberg_rs"":""4.2.0-aztecnr-rc.2"",""noir"":""1.0.0-beta.19""}","[{""raw_evidence_sha256"":""d727ff17466c2d0280bf99f6391ed4e4c78714a199bf8d4fd58c4624b14ec071""}]",,"Closest analogue, not equivalent: Noir binds challenge, type, origin, RP-ID hash, flags, and public key; the Circom counterpart omits several bindings.",,,/Users/dcbuilder/Code/world/.worktrees/provekit-v1-cross-device-campaign/target/v1-benchmarks/input-to-proof/e15/publication/cold/barretenberg-webauthn/run-3/results.json,cold_local,115059.550238
input-to-proof-v1-20260807,webauthn_closest_analogue__motorola_e15__noir_barretenberg__cold_local-4,2026-08-10T10:32:50.164Z,motorola_e15,moto e15,14,armeabi-v7a,android_native,,webauthn,closest-analogue,0fb5b4aa1398281c2fd3dbe14db147e05b61f201,noir_barretenberg,noir,barretenberg-rs-4.2.0-aztecnr-rc.2,acvm-beta19,measured,4,ok,,7455.639385,107196.120929,,114651.761238,494.9140625,21092,271131517,271127379,271131517,,input-to-proof-v1,0fb5b4aa1398281c2fd3dbe14db147e05b61f201,"{""mopro"":""0.3.7"",""barretenberg_rs"":""4.2.0-aztecnr-rc.2"",""noir"":""1.0.0-beta.19""}","[{""raw_evidence_sha256"":""76261f17a59e8f803f69b08b1569e91056b5bacc951373fa414e09ec45285e4b""}]",,"Closest analogue, not equivalent: Noir binds challenge, type, origin, RP-ID hash, flags, and public key; the Circom counterpart omits several bindings.",,,/Users/dcbuilder/Code/world/.worktrees/provekit-v1-cross-device-campaign/target/v1-benchmarks/input-to-proof/e15/publication/cold/barretenberg-webauthn/run-4/results.json,cold_local,114651.761238
input-to-proof-v1-20260807,webauthn_closest_analogue__motorola_e15__noir_barretenberg__cold_local-5,2026-08-10T10:39:59.829Z,motorola_e15,moto e15,14,armeabi-v7a,android_native,,webauthn,closest-analogue,0fb5b4aa1398281c2fd3dbe14db147e05b61f201,noir_barretenberg,noir,barretenberg-rs-4.2.0-aztecnr-rc.2,acvm-beta19,measured,5,ok,,7464.392616,106954.437853,,114418.831468,494.05078125,21092,271131517,271127379,271131517,,input-to-proof-v1,0fb5b4aa1398281c2fd3dbe14db147e05b61f201,"{""mopro"":""0.3.7"",""barretenberg_rs"":""4.2.0-aztecnr-rc.2"",""noir"":""1.0.0-beta.19""}","[{""raw_evidence_sha256"":""d050f00a18626bf659e7f8efbb3c68361c40c320237f99acb68ab0d9a69e6422""}]",,"Closest analogue, not equivalent: Noir binds challenge, type, origin, RP-ID hash, flags, and public key; the Circom counterpart omits several bindings.",,,/Users/dcbuilder/Code/world/.worktrees/provekit-v1-cross-device-campaign/target/v1-benchmarks/input-to-proof/e15/publication/cold/barretenberg-webauthn/run-5/results.json,cold_local,114418.831468
input-to-proof-v1-20260807,webauthn_closest_analogue__motorola_e15__noir_barretenberg__warm_reuse-0,2026-08-10T08:33:58.785Z,motorola_e15,moto e15,14,armeabi-v7a,android_native,,webauthn,closest-analogue,0fb5b4aa1398281c2fd3dbe14db147e05b61f201,noir_barretenberg,noir,barretenberg-rs-4.2.0-aztecnr-rc.2,acvm-beta19,warmup,0,ok,,7427.613232,107333.576545,,114761.191161,,21092,271131517,271127379,271131517,,input-to-proof-v1,0fb5b4aa1398281c2fd3dbe14db147e05b61f201,"{""mopro"":""0.3.7"",""barretenberg_rs"":""4.2.0-aztecnr-rc.2"",""noir"":""1.0.0-beta.19""}","[{""raw_evidence_sha256"":""d24eee657c18b7d6e429f4650ed6caba9af28e15650d86f51f0bd13cbec56a7b""}]",,"Closest analogue, not equivalent: Noir binds challenge, type, origin, RP-ID hash, flags, and public key; the Circom counterpart omits several bindings.",,,/Users/dcbuilder/Code/world/.worktrees/provekit-v1-cross-device-campaign/target/v1-benchmarks/input-to-proof/e15/publication/warm/barretenberg-webauthn-20260810/results.json,warm_reuse,114761.191161
input-to-proof-v1-20260807,webauthn_closest_analogue__motorola_e15__noir_barretenberg__warm_reuse-1,2026-08-10T08:33:58.785Z,motorola_e15,moto e15,14,armeabi-v7a,android_native,,webauthn,closest-analogue,0fb5b4aa1398281c2fd3dbe14db147e05b61f201,noir_barretenberg,noir,barretenberg-rs-4.2.0-aztecnr-rc.2,acvm-beta19,measured,1,ok,,7449.868847,107294.658468,,114744.528315,494.7265625,21092,271131517,271127379,271131517,,input-to-proof-v1,0fb5b4aa1398281c2fd3dbe14db147e05b61f201,"{""mopro"":""0.3.7"",""barretenberg_rs"":""4.2.0-aztecnr-rc.2"",""noir"":""1.0.0-beta.19""}","[{""raw_evidence_sha256"":""d24eee657c18b7d6e429f4650ed6caba9af28e15650d86f51f0bd13cbec56a7b""}]",,"Closest analogue, not equivalent: Noir binds challenge, type, origin, RP-ID hash, flags, and public key; the Circom counterpart omits several bindings.",,,/Users/dcbuilder/Code/world/.worktrees/provekit-v1-cross-device-campaign/target/v1-benchmarks/input-to-proof/e15/publication/warm/barretenberg-webauthn-20260810/results.json,warm_reuse,114744.528315
input-to-proof-v1-20260807,webauthn_closest_analogue__motorola_e15__noir_barretenberg__warm_reuse-2,2026-08-10T08:33:58.785Z,motorola_e15,moto e15,14,armeabi-v7a,android_native,,webauthn,closest-analogue,0fb5b4aa1398281c2fd3dbe14db147e05b61f201,noir_barretenberg,noir,barretenberg-rs-4.2.0-aztecnr-rc.2,acvm-beta19,measured,2,ok,,7461.823385,107155.801468,,114617.625853,502.796875,21092,271131517,271127379,271131517,,input-to-proof-v1,0fb5b4aa1398281c2fd3dbe14db147e05b61f201,"{""mopro"":""0.3.7"",""barretenberg_rs"":""4.2.0-aztecnr-rc.2"",""noir"":""1.0.0-beta.19""}","[{""raw_evidence_sha256"":""d24eee657c18b7d6e429f4650ed6caba9af28e15650d86f51f0bd13cbec56a7b""}]",,"Closest analogue, not equivalent: Noir binds challenge, type, origin, RP-ID hash, flags, and public key; the Circom counterpart omits several bindings.",,,/Users/dcbuilder/Code/world/.worktrees/provekit-v1-cross-device-campaign/target/v1-benchmarks/input-to-proof/e15/publication/warm/barretenberg-webauthn-20260810/results.json,warm_reuse,114617.625853
input-to-proof-v1-20260807,webauthn_closest_analogue__motorola_e15__noir_barretenberg__warm_reuse-3,2026-08-10T08:33:58.785Z,motorola_e15,moto e15,14,armeabi-v7a,android_native,,webauthn,closest-analogue,0fb5b4aa1398281c2fd3dbe14db147e05b61f201,noir_barretenberg,noir,barretenberg-rs-4.2.0-aztecnr-rc.2,acvm-beta19,measured,3,ok,,7443.431078,107235.876545,,114679.308623,504.30859375,21092,271131517,271127379,271131517,,input-to-proof-v1,0fb5b4aa1398281c2fd3dbe14db147e05b61f201,"{""mopro"":""0.3.7"",""barretenberg_rs"":""4.2.0-aztecnr-rc.2"",""noir"":""1.0.0-beta.19""}","[{""raw_evidence_sha256"":""d24eee657c18b7d6e429f4650ed6caba9af28e15650d86f51f0bd13cbec56a7b""}]",,"Closest analogue, not equivalent: Noir binds challenge, type, origin, RP-ID hash, flags, and public key; the Circom counterpart omits several bindings.",,,/Users/dcbuilder/Code/world/.worktrees/provekit-v1-cross-device-campaign/target/v1-benchmarks/input-to-proof/e15/publication/warm/barretenberg-webauthn-20260810/results.json,warm_reuse,114679.308623
input-to-proof-v1-20260807,webauthn_closest_analogue__motorola_e15__noir_barretenberg__warm_reuse-4,2026-08-10T08:33:58.785Z,motorola_e15,moto e15,14,armeabi-v7a,android_native,,webauthn,closest-analogue,0fb5b4aa1398281c2fd3dbe14db147e05b61f201,noir_barretenberg,noir,barretenberg-rs-4.2.0-aztecnr-rc.2,acvm-beta19,measured,4,ok,,7451.634231,107122.822776,,114574.458468,506.52734375,21092,271131517,271127379,271131517,,input-to-proof-v1,0fb5b4aa1398281c2fd3dbe14db147e05b61f201,"{""mopro"":""0.3.7"",""barretenberg_rs"":""4.2.0-aztecnr-rc.2"",""noir"":""1.0.0-beta.19""}","[{""raw_evidence_sha256"":""d24eee657c18b7d6e429f4650ed6caba9af28e15650d86f51f0bd13cbec56a7b""}]",,"Closest analogue, not equivalent: Noir binds challenge, type, origin, RP-ID hash, flags, and public key; the Circom counterpart omits several bindings.",,,/Users/dcbuilder/Code/world/.worktrees/provekit-v1-cross-device-campaign/target/v1-benchmarks/input-to-proof/e15/publication/warm/barretenberg-webauthn-20260810/results.json,warm_reuse,114574.458468
input-to-proof-v1-20260807,webauthn_closest_analogue__motorola_e15__noir_barretenberg__warm_reuse-5,2026-08-10T08:33:58.785Z,motorola_e15,moto e15,14,armeabi-v7a,android_native,,webauthn,closest-analogue,0fb5b4aa1398281c2fd3dbe14db147e05b61f201,noir_barretenberg,noir,barretenberg-rs-4.2.0-aztecnr-rc.2,acvm-beta19,measured,5,ok,,7443.167308,107202.061775,,114645.229776,506.37890625,21092,271131517,271127379,271131517,,input-to-proof-v1,0fb5b4aa1398281c2fd3dbe14db147e05b61f201,"{""mopro"":""0.3.7"",""barretenberg_rs"":""4.2.0-aztecnr-rc.2"",""noir"":""1.0.0-beta.19""}","[{""raw_evidence_sha256"":""d24eee657c18b7d6e429f4650ed6caba9af28e15650d86f51f0bd13cbec56a7b""}]",,"Closest analogue, not equivalent: Noir binds challenge, type, origin, RP-ID hash, flags, and public key; the Circom counterpart omits several bindings.",,,/Users/dcbuilder/Code/world/.worktrees/provekit-v1-cross-device-campaign/target/v1-benchmarks/input-to-proof/e15/publication/warm/barretenberg-webauthn-20260810/results.json,warm_reuse,114645.229776
input-to-proof-v1-20260807-taceo-candidate,passport_complete_age_check__iphone_se_2022__circom_groth16__cold_local-gap,2026-08-11T00:00:00.000Z,iphone_se_2022,iPhone SE (2022),15.4,arm64,ios_native,,passport_complete_age_check,historical-monolithic-age-integrity,9b2a6f37c67691eab4b0cec6c35e35c520e93285,circom_groth16,circom,taceo-groth16-0.1.3,circom-witness-rs-0.2.3,gap,,unsupported,,,,,,,,,,,,taceo-native-circom-v1,dfe86b7cc2ca89fbf806e05e8140e3e7551a8a44,"{""circom"":""2.2.2"",""circom_helpers"":""dfe86b7cc2ca89fbf806e05e8140e3e7551a8a44"",""circom_witness_rs"":""0.2.3"",""taceo_groth16"":""0.1.3"",""taceo_groth16_material"":""0.3.0"",""world_id_protocol"":""ccaac272c72012daa18608a62d00f8b10908b560""}","{""compatibility_audit_sha256"":""e45f9e3fb5d229581fad18132269f5ed34790d76060bec304bc54ab9a08dd774"",""register_reference_wtns_sha256"":""9a785c0e2a974ca751777bb6824ebd8e6d4be1b43224cc1a0cbe6cc02d663c6a"",""disclose_reference_wtns_sha256"":""53a4ce55036d040275e3cb5548ad771f67789e018098eab92656beb0e218807f"",""raw_evidence_sha256"":""a007c866671dfceb42177242183c512db51c2eb9b3af418e3416d1595bcf5016"",""public_outputs_sha256"":""""}",compatibility-audit-no-device-run,TACEO native Circom compatibility gap; no Rapidsnark timing was substituted.,unsupported_dynamic_witness_graph,circom-witness-rs cannot generate qualified graphs for either required Self stage: register generated C++ requires unsupported Fr_bor/Fr_bxor and contains runtime control flow; vc_and_disclose aborts at runtime-dependent Fr_isTrue (assertion failed: constant[a]) in BinaryMerkleRoot -> VERIFY_COMMITMENT -> VC_AND_DISCLOSE. No qualified graph/material exists for an iPhone run. Evidence: target/v1-benchmarks/input-to-proof/taceo-candidate/compatibility/README.md,/Users/dcbuilder/Code/world/.worktrees/provekit-v1-cross-device-campaign/benchmarks/v1/input-to-proof-data/taceo-candidate/evidence/passport_complete_age_check__iphone_se_2022__circom_groth16__cold_local.json,cold_local,
input-to-proof-v1-20260807-taceo-candidate,passport_complete_age_check__iphone_se_2022__circom_groth16__warm_reuse-gap,2026-08-11T00:00:00.000Z,iphone_se_2022,iPhone SE (2022),15.4,arm64,ios_native,,passport_complete_age_check,historical-monolithic-age-integrity,9b2a6f37c67691eab4b0cec6c35e35c520e93285,circom_groth16,circom,taceo-groth16-0.1.3,circom-witness-rs-0.2.3,gap,,unsupported,,,,,,,,,,,,taceo-native-circom-v1,dfe86b7cc2ca89fbf806e05e8140e3e7551a8a44,"{""circom"":""2.2.2"",""circom_helpers"":""dfe86b7cc2ca89fbf806e05e8140e3e7551a8a44"",""circom_witness_rs"":""0.2.3"",""taceo_groth16"":""0.1.3"",""taceo_groth16_material"":""0.3.0"",""world_id_protocol"":""ccaac272c72012daa18608a62d00f8b10908b560""}","{""compatibility_audit_sha256"":""e45f9e3fb5d229581fad18132269f5ed34790d76060bec304bc54ab9a08dd774"",""register_reference_wtns_sha256"":""9a785c0e2a974ca751777bb6824ebd8e6d4be1b43224cc1a0cbe6cc02d663c6a"",""disclose_reference_wtns_sha256"":""53a4ce55036d040275e3cb5548ad771f67789e018098eab92656beb0e218807f"",""raw_evidence_sha256"":""3408be61e63c7edecd8d15170e9db2224d8ac3a14825559f4f154f415c3ec949"",""public_outputs_sha256"":""""}",compatibility-audit-no-device-run,TACEO native Circom compatibility gap; no Rapidsnark timing was substituted.,unsupported_dynamic_witness_graph,circom-witness-rs cannot generate qualified graphs for either required Self stage: register generated C++ requires unsupported Fr_bor/Fr_bxor and contains runtime control flow; vc_and_disclose aborts at runtime-dependent Fr_isTrue (assertion failed: constant[a]) in BinaryMerkleRoot -> VERIFY_COMMITMENT -> VC_AND_DISCLOSE. No qualified graph/material exists for an iPhone run; therefore warm reuse is unavailable too. Evidence: target/v1-benchmarks/input-to-proof/taceo-candidate/compatibility/README.md,/Users/dcbuilder/Code/world/.worktrees/provekit-v1-cross-device-campaign/benchmarks/v1/input-to-proof-data/taceo-candidate/evidence/passport_complete_age_check__iphone_se_2022__circom_groth16__warm_reuse.json,warm_reuse,
input-to-proof-v1-20260807-taceo-candidate,passport_complete_age_check__motorola_e15__circom_groth16__cold_local-gap,2026-08-11T00:00:00.000Z,motorola_e15,moto e15,14,armeabi-v7a,android_native,,passport_complete_age_check,historical-monolithic-age-integrity,9b2a6f37c67691eab4b0cec6c35e35c520e93285,circom_groth16,circom,taceo-groth16-0.1.3,circom-witness-rs-0.2.3,gap,,unsupported,,,,,,,,,,,,taceo-native-circom-v1,dfe86b7cc2ca89fbf806e05e8140e3e7551a8a44,"{""circom"":""2.2.2"",""circom_helpers"":""dfe86b7cc2ca89fbf806e05e8140e3e7551a8a44"",""circom_witness_rs"":""0.2.3"",""taceo_groth16"":""0.1.3"",""taceo_groth16_material"":""0.3.0"",""world_id_protocol"":""ccaac272c72012daa18608a62d00f8b10908b560""}","{""compatibility_audit_sha256"":""e45f9e3fb5d229581fad18132269f5ed34790d76060bec304bc54ab9a08dd774"",""register_reference_wtns_sha256"":""9a785c0e2a974ca751777bb6824ebd8e6d4be1b43224cc1a0cbe6cc02d663c6a"",""disclose_reference_wtns_sha256"":""53a4ce55036d040275e3cb5548ad771f67789e018098eab92656beb0e218807f"",""raw_evidence_sha256"":""aa6dc79057e3cd5e7923fbda06cbd8fce00ed943599089be341dc3cfe7173baa"",""public_outputs_sha256"":""""}",compatibility-audit-no-device-run,TACEO native Circom compatibility gap; no Rapidsnark timing was substituted.,witness_graph_unsupported,circom-witness-rs cannot generate qualified graphs for either required Self stage: register generated C++ requires unsupported Fr_bor/Fr_bxor and contains runtime control flow; vc_and_disclose aborts at runtime-dependent Fr_isTrue (assertion failed: constant[a]) in BinaryMerkleRoot -> VERIFY_COMMITMENT -> VC_AND_DISCLOSE. No graph/material runnable on E15. Evidence: target/v1-benchmarks/input-to-proof/taceo-candidate/compatibility/README.md,/Users/dcbuilder/Code/world/.worktrees/provekit-v1-cross-device-campaign/benchmarks/v1/input-to-proof-data/taceo-candidate/evidence/passport_complete_age_check__motorola_e15__circom_groth16__cold_local.json,cold_local,
input-to-proof-v1-20260807-taceo-candidate,passport_complete_age_check__motorola_e15__circom_groth16__warm_reuse-gap,2026-08-11T00:00:00.000Z,motorola_e15,moto e15,14,armeabi-v7a,android_native,,passport_complete_age_check,historical-monolithic-age-integrity,9b2a6f37c67691eab4b0cec6c35e35c520e93285,circom_groth16,circom,taceo-groth16-0.1.3,circom-witness-rs-0.2.3,gap,,unsupported,,,,,,,,,,,,taceo-native-circom-v1,dfe86b7cc2ca89fbf806e05e8140e3e7551a8a44,"{""circom"":""2.2.2"",""circom_helpers"":""dfe86b7cc2ca89fbf806e05e8140e3e7551a8a44"",""circom_witness_rs"":""0.2.3"",""taceo_groth16"":""0.1.3"",""taceo_groth16_material"":""0.3.0"",""world_id_protocol"":""ccaac272c72012daa18608a62d00f8b10908b560""}","{""compatibility_audit_sha256"":""e45f9e3fb5d229581fad18132269f5ed34790d76060bec304bc54ab9a08dd774"",""register_reference_wtns_sha256"":""9a785c0e2a974ca751777bb6824ebd8e6d4be1b43224cc1a0cbe6cc02d663c6a"",""disclose_reference_wtns_sha256"":""53a4ce55036d040275e3cb5548ad771f67789e018098eab92656beb0e218807f"",""raw_evidence_sha256"":""63f6a640030bec48cc2d1e8ace0446c92ec9554785753c736f9cca6e296feb75"",""public_outputs_sha256"":""""}",compatibility-audit-no-device-run,TACEO native Circom compatibility gap; no Rapidsnark timing was substituted.,witness_graph_unsupported,circom-witness-rs cannot generate qualified graphs for either required Self stage: register generated C++ requires unsupported Fr_bor/Fr_bxor and contains runtime control flow; vc_and_disclose aborts at runtime-dependent Fr_isTrue (assertion failed: constant[a]) in BinaryMerkleRoot -> VERIFY_COMMITMENT -> VC_AND_DISCLOSE. No graph/material runnable on E15; therefore warm reuse is unavailable too. Evidence: target/v1-benchmarks/input-to-proof/taceo-candidate/compatibility/README.md,/Users/dcbuilder/Code/world/.worktrees/provekit-v1-cross-device-campaign/benchmarks/v1/input-to-proof-data/taceo-candidate/evidence/passport_complete_age_check__motorola_e15__circom_groth16__warm_reuse.json,warm_reuse,
input-to-proof-v1-20260807-taceo-candidate,passport_p1__iphone_se_2022__circom_groth16__cold_local-gap,2026-08-11T00:00:00.000Z,iphone_se_2022,iPhone SE (2022),15.4,arm64,ios_native,,passport_age_integrity,P1-matched-monolithic-RSA4096,092621d721cfef9ff39b0787f5ba2c1f07eb6d95,circom_groth16,circom,taceo-groth16-0.1.3,circom-witness-rs-0.2.3,gap,,unsupported,,,,,,,,,,,,taceo-native-circom-v1,dfe86b7cc2ca89fbf806e05e8140e3e7551a8a44,"{""circom"":""2.2.2"",""circom_helpers"":""dfe86b7cc2ca89fbf806e05e8140e3e7551a8a44"",""circom_witness_rs"":""0.2.3"",""taceo_groth16"":""0.1.3"",""taceo_groth16_material"":""0.3.0"",""world_id_protocol"":""ccaac272c72012daa18608a62d00f8b10908b560""}","{""compatibility_audit_sha256"":""e45f9e3fb5d229581fad18132269f5ed34790d76060bec304bc54ab9a08dd774"",""reference_wtns_sha256"":""0754ae5733f6e3a4bf4baaf87b732cb57d5e633e671517f14ab05d19602cf3cd"",""raw_evidence_sha256"":""8c74d81f1f20ffa588db9033d53f239fefbf2bd487f18dc50caa3cb204a662d6"",""public_outputs_sha256"":""""}",compatibility-audit-no-device-run,TACEO native Circom compatibility gap; no Rapidsnark timing was substituted.,unsupported_dynamic_witness_graph,"circom-witness-rs fails to compile the exact P1 generator because Fr_bxor/Fr_bor are undeclared; after a diagnostic local implementation of those operations, graph generation aborts at runtime-dependent Fr_isTrue (assertion failed: constant[a]) in BinaryMerkleRoot -> PassportP1. No qualified graph/material runnable on E15. Evidence: target/v1-benchmarks/input-to-proof/taceo-candidate/compatibility/README.md",/Users/dcbuilder/Code/world/.worktrees/provekit-v1-cross-device-campaign/benchmarks/v1/input-to-proof-data/taceo-candidate/evidence/passport_p1__iphone_se_2022__circom_groth16__cold_local.json,cold_local,
input-to-proof-v1-20260807-taceo-candidate,passport_p1__iphone_se_2022__circom_groth16__warm_reuse-gap,2026-08-11T00:00:00.000Z,iphone_se_2022,iPhone SE (2022),15.4,arm64,ios_native,,passport_age_integrity,P1-matched-monolithic-RSA4096,092621d721cfef9ff39b0787f5ba2c1f07eb6d95,circom_groth16,circom,taceo-groth16-0.1.3,circom-witness-rs-0.2.3,gap,,unsupported,,,,,,,,,,,,taceo-native-circom-v1,dfe86b7cc2ca89fbf806e05e8140e3e7551a8a44,"{""circom"":""2.2.2"",""circom_helpers"":""dfe86b7cc2ca89fbf806e05e8140e3e7551a8a44"",""circom_witness_rs"":""0.2.3"",""taceo_groth16"":""0.1.3"",""taceo_groth16_material"":""0.3.0"",""world_id_protocol"":""ccaac272c72012daa18608a62d00f8b10908b560""}","{""compatibility_audit_sha256"":""e45f9e3fb5d229581fad18132269f5ed34790d76060bec304bc54ab9a08dd774"",""reference_wtns_sha256"":""0754ae5733f6e3a4bf4baaf87b732cb57d5e633e671517f14ab05d19602cf3cd"",""raw_evidence_sha256"":""0aba309f5d50462f2382dfe80af0ee443aae95525b279f1347e632ed207dd403"",""public_outputs_sha256"":""""}",compatibility-audit-no-device-run,TACEO native Circom compatibility gap; no Rapidsnark timing was substituted.,unsupported_dynamic_witness_graph,"circom-witness-rs fails to compile the exact P1 generator because Fr_bxor/Fr_bor are undeclared; after a diagnostic local implementation of those operations, graph generation aborts at runtime-dependent Fr_isTrue (assertion failed: constant[a]) in BinaryMerkleRoot -> PassportP1. No qualified graph/material runnable on E15; therefore warm reuse is unavailable too. Evidence: target/v1-benchmarks/input-to-proof/taceo-candidate/compatibility/README.md",/Users/dcbuilder/Code/world/.worktrees/provekit-v1-cross-device-campaign/benchmarks/v1/input-to-proof-data/taceo-candidate/evidence/passport_p1__iphone_se_2022__circom_groth16__warm_reuse.json,warm_reuse,
input-to-proof-v1-20260807-taceo-candidate,passport_p1__motorola_e15__circom_groth16__cold_local-gap,2026-08-11T00:00:00.000Z,motorola_e15,moto e15,14,armeabi-v7a,android_native,,passport_age_integrity,P1-matched-monolithic-RSA4096,092621d721cfef9ff39b0787f5ba2c1f07eb6d95,circom_groth16,circom,taceo-groth16-0.1.3,circom-witness-rs-0.2.3,gap,,unsupported,,,,,,,,,,,,taceo-native-circom-v1,dfe86b7cc2ca89fbf806e05e8140e3e7551a8a44,"{""circom"":""2.2.2"",""circom_helpers"":""dfe86b7cc2ca89fbf806e05e8140e3e7551a8a44"",""circom_witness_rs"":""0.2.3"",""taceo_groth16"":""0.1.3"",""taceo_groth16_material"":""0.3.0"",""world_id_protocol"":""ccaac272c72012daa18608a62d00f8b10908b560""}","{""compatibility_audit_sha256"":""e45f9e3fb5d229581fad18132269f5ed34790d76060bec304bc54ab9a08dd774"",""reference_wtns_sha256"":""0754ae5733f6e3a4bf4baaf87b732cb57d5e633e671517f14ab05d19602cf3cd"",""raw_evidence_sha256"":""9a1e65bef0c8dd4fd15391d458b3c2d91f8160d936a530b96639ecdd02260dce"",""public_outputs_sha256"":""""}",compatibility-audit-no-device-run,TACEO native Circom compatibility gap; no Rapidsnark timing was substituted.,witness_graph_unsupported,"circom-witness-rs fails to compile the exact P1 generator because Fr_bxor/Fr_bor are undeclared; after a diagnostic local implementation of those operations, graph generation aborts at runtime-dependent Fr_isTrue (assertion failed: constant[a]) in BinaryMerkleRoot -> PassportP1. No qualified graph/material runnable on E15. Evidence: target/v1-benchmarks/input-to-proof/taceo-candidate/compatibility/README.md",/Users/dcbuilder/Code/world/.worktrees/provekit-v1-cross-device-campaign/benchmarks/v1/input-to-proof-data/taceo-candidate/evidence/passport_p1__motorola_e15__circom_groth16__cold_local.json,cold_local,
input-to-proof-v1-20260807-taceo-candidate,passport_p1__motorola_e15__circom_groth16__warm_reuse-gap,2026-08-11T00:00:00.000Z,motorola_e15,moto e15,14,armeabi-v7a,android_native,,passport_age_integrity,P1-matched-monolithic-RSA4096,092621d721cfef9ff39b0787f5ba2c1f07eb6d95,circom_groth16,circom,taceo-groth16-0.1.3,circom-witness-rs-0.2.3,gap,,unsupported,,,,,,,,,,,,taceo-native-circom-v1,dfe86b7cc2ca89fbf806e05e8140e3e7551a8a44,"{""circom"":""2.2.2"",""circom_helpers"":""dfe86b7cc2ca89fbf806e05e8140e3e7551a8a44"",""circom_witness_rs"":""0.2.3"",""taceo_groth16"":""0.1.3"",""taceo_groth16_material"":""0.3.0"",""world_id_protocol"":""ccaac272c72012daa18608a62d00f8b10908b560""}","{""compatibility_audit_sha256"":""e45f9e3fb5d229581fad18132269f5ed34790d76060bec304bc54ab9a08dd774"",""reference_wtns_sha256"":""0754ae5733f6e3a4bf4baaf87b732cb57d5e633e671517f14ab05d19602cf3cd"",""raw_evidence_sha256"":""0833763540016764d23866bca5b620660ca76c7f01d3d1d9be520cc6b8c219cf"",""public_outputs_sha256"":""""}",compatibility-audit-no-device-run,TACEO native Circom compatibility gap; no Rapidsnark timing was substituted.,witness_graph_unsupported,"circom-witness-rs fails to compile the exact P1 generator because Fr_bxor/Fr_bor are undeclared; after a diagnostic local implementation of those operations, graph generation aborts at runtime-dependent Fr_isTrue (assertion failed: constant[a]) in BinaryMerkleRoot -> PassportP1. No qualified graph/material runnable on E15; therefore warm reuse is unavailable too. Evidence: target/v1-benchmarks/input-to-proof/taceo-candidate/compatibility/README.md",/Users/dcbuilder/Code/world/.worktrees/provekit-v1-cross-device-campaign/benchmarks/v1/input-to-proof-data/taceo-candidate/evidence/passport_p1__motorola_e15__circom_groth16__warm_reuse.json,warm_reuse,
input-to-proof-v1-20260807-taceo-candidate,oprf_o2__iphone_se_2022__circom_groth16__cold_local-0,2026-08-11T13:00:00.000Z,iphone_se_2022,iPhone SE (2022),15.4,arm64,ios_native,,oprf_nullifier,O2-updated-production-query-plus-nullifier,ccaac272c72012daa18608a62d00f8b10908b560,circom_groth16,circom,taceo-groth16-0.1.3,circom-witness-rs-0.2.3,warmup,0,ok,4130.652792,38.899499,737.331375,,4906.883666,205.5,256,39947373,38044784,39947373,,taceo-native-circom-v1,dfe86b7cc2ca89fbf806e05e8140e3e7551a8a44,"{""circom"":""2.2.2"",""circom_helpers"":""dfe86b7cc2ca89fbf806e05e8140e3e7551a8a44"",""circom_witness_rs"":""0.2.3"",""taceo_groth16"":""0.1.3"",""taceo_groth16_material"":""0.3.0"",""world_id_protocol"":""ccaac272c72012daa18608a62d00f8b10908b560""}","{""query_zkey_sha256"":""616c98c6ba024b5a4015d3ebfd20f6cab12e1e33486080c5167a4bcfac111798"",""query_graph_sha256"":""6b0cb90304c510f9142a555fe2b7cf31b9f68f6f37286f4471fd5d03e91da311"",""nullifier_zkey_sha256"":""4247e6bfe1af211e72d3657346802e1af00e6071fb32429a200f9fc0a25a36f9"",""nullifier_graph_sha256"":""c1d951716e3b74b72e4ea0429986849cadc43cccc630a7ee44a56a6199a66b9a"",""cold_report_0_sha256"":""30d49e37276a5274bd0b1d5e851fea709a8681aca74d29d685cf55aa90c63327"",""cold_report_1_sha256"":""3834d4ea1567c48d5fa3268073ec1944ff90aca5415df5e144ab3696291e4e81"",""cold_report_2_sha256"":""5ad02701246ef532e4210cb7758b6dbe29b3ef96222b4acd1a4debc164c46024"",""cold_report_3_sha256"":""2c41babd0b9ddca6736969b463cf8d983084d4ce085c36665d3996112e82b2b4"",""cold_report_4_sha256"":""199156627c15424a963718f52d28bd77278c9f1c5ddd49385bb849c35ec0b264"",""cold_report_5_sha256"":""9d4c6e6c71b950c4b92997e31bd79bfcf223a3ee2ba40588400d327bbc16510a"",""correctness_canary_sha256"":""dd77e701bc1321938c2aaecf8494d31e17b6bf14849f1798360cc9857b8e14ad"",""raw_evidence_sha256"":""1feb377edee4d73b719407081231f2197ee16232e5906c1264860bb24cfce84f"",""public_outputs_sha256"":""ca0bbf8cfc3f1b9db66f7c94a32f536beb74e14c6ab02cc871c862cafe7cde29""}","3bfaabf408dff51d5f9f444bab5fab93ca881db6,a266d7282ad737ba6f00ba8b67c70632b03b2fff,02a2383c29e00b623e36ae661d7127341c111a3b,c01b863df25659d6a2d2acfc45522ec660708fbe,11d6943518ef3c81a0f8cd0e4accc845c654aae5,b85be7d1ceb4b24b59fb4c4d466b5eeb47b20501","TACEO updated-production OPRF query+nullifier. Public outputs match, but optimized witness graphs and matching Ark zkeys differ from the frozen Rapidsnark material; this is not a backend-only strict-parity comparison.",,,/Users/dcbuilder/Code/world/.worktrees/provekit-v1-cross-device-campaign/benchmarks/v1/input-to-proof-data/taceo-candidate/evidence/oprf_o2__iphone_se_2022__circom_groth16__cold_local.json,cold_local,4906.883666
input-to-proof-v1-20260807-taceo-candidate,oprf_o2__iphone_se_2022__circom_groth16__cold_local-1,2026-08-11T13:00:00.000Z,iphone_se_2022,iPhone SE (2022),15.4,arm64,ios_native,,oprf_nullifier,O2-updated-production-query-plus-nullifier,ccaac272c72012daa18608a62d00f8b10908b560,circom_groth16,circom,taceo-groth16-0.1.3,circom-witness-rs-0.2.3,measured,1,ok,4057.771542,36.0585,717.559875,,4811.389917,205.484375,256,39947373,38044784,39947373,,taceo-native-circom-v1,dfe86b7cc2ca89fbf806e05e8140e3e7551a8a44,"{""circom"":""2.2.2"",""circom_helpers"":""dfe86b7cc2ca89fbf806e05e8140e3e7551a8a44"",""circom_witness_rs"":""0.2.3"",""taceo_groth16"":""0.1.3"",""taceo_groth16_material"":""0.3.0"",""world_id_protocol"":""ccaac272c72012daa18608a62d00f8b10908b560""}","{""query_zkey_sha256"":""616c98c6ba024b5a4015d3ebfd20f6cab12e1e33486080c5167a4bcfac111798"",""query_graph_sha256"":""6b0cb90304c510f9142a555fe2b7cf31b9f68f6f37286f4471fd5d03e91da311"",""nullifier_zkey_sha256"":""4247e6bfe1af211e72d3657346802e1af00e6071fb32429a200f9fc0a25a36f9"",""nullifier_graph_sha256"":""c1d951716e3b74b72e4ea0429986849cadc43cccc630a7ee44a56a6199a66b9a"",""cold_report_0_sha256"":""30d49e37276a5274bd0b1d5e851fea709a8681aca74d29d685cf55aa90c63327"",""cold_report_1_sha256"":""3834d4ea1567c48d5fa3268073ec1944ff90aca5415df5e144ab3696291e4e81"",""cold_report_2_sha256"":""5ad02701246ef532e4210cb7758b6dbe29b3ef96222b4acd1a4debc164c46024"",""cold_report_3_sha256"":""2c41babd0b9ddca6736969b463cf8d983084d4ce085c36665d3996112e82b2b4"",""cold_report_4_sha256"":""199156627c15424a963718f52d28bd77278c9f1c5ddd49385bb849c35ec0b264"",""cold_report_5_sha256"":""9d4c6e6c71b950c4b92997e31bd79bfcf223a3ee2ba40588400d327bbc16510a"",""correctness_canary_sha256"":""dd77e701bc1321938c2aaecf8494d31e17b6bf14849f1798360cc9857b8e14ad"",""raw_evidence_sha256"":""1feb377edee4d73b719407081231f2197ee16232e5906c1264860bb24cfce84f"",""public_outputs_sha256"":""ca0bbf8cfc3f1b9db66f7c94a32f536beb74e14c6ab02cc871c862cafe7cde29""}","3bfaabf408dff51d5f9f444bab5fab93ca881db6,a266d7282ad737ba6f00ba8b67c70632b03b2fff,02a2383c29e00b623e36ae661d7127341c111a3b,c01b863df25659d6a2d2acfc45522ec660708fbe,11d6943518ef3c81a0f8cd0e4accc845c654aae5,b85be7d1ceb4b24b59fb4c4d466b5eeb47b20501","TACEO updated-production OPRF query+nullifier. Public outputs match, but optimized witness graphs and matching Ark zkeys differ from the frozen Rapidsnark material; this is not a backend-only strict-parity comparison.",,,/Users/dcbuilder/Code/world/.worktrees/provekit-v1-cross-device-campaign/benchmarks/v1/input-to-proof-data/taceo-candidate/evidence/oprf_o2__iphone_se_2022__circom_groth16__cold_local.json,cold_local,4811.389917
input-to-proof-v1-20260807-taceo-candidate,oprf_o2__iphone_se_2022__circom_groth16__cold_local-2,2026-08-11T13:00:00.000Z,iphone_se_2022,iPhone SE (2022),15.4,arm64,ios_native,,oprf_nullifier,O2-updated-production-query-plus-nullifier,ccaac272c72012daa18608a62d00f8b10908b560,circom_groth16,circom,taceo-groth16-0.1.3,circom-witness-rs-0.2.3,measured,2,ok,4026.770875,36.440792,684.736667,,4747.948334,203.546875,256,39947373,38044784,39947373,,taceo-native-circom-v1,dfe86b7cc2ca89fbf806e05e8140e3e7551a8a44,"{""circom"":""2.2.2"",""circom_helpers"":""dfe86b7cc2ca89fbf806e05e8140e3e7551a8a44"",""circom_witness_rs"":""0.2.3"",""taceo_groth16"":""0.1.3"",""taceo_groth16_material"":""0.3.0"",""world_id_protocol"":""ccaac272c72012daa18608a62d00f8b10908b560""}","{""query_zkey_sha256"":""616c98c6ba024b5a4015d3ebfd20f6cab12e1e33486080c5167a4bcfac111798"",""query_graph_sha256"":""6b0cb90304c510f9142a555fe2b7cf31b9f68f6f37286f4471fd5d03e91da311"",""nullifier_zkey_sha256"":""4247e6bfe1af211e72d3657346802e1af00e6071fb32429a200f9fc0a25a36f9"",""nullifier_graph_sha256"":""c1d951716e3b74b72e4ea0429986849cadc43cccc630a7ee44a56a6199a66b9a"",""cold_report_0_sha256"":""30d49e37276a5274bd0b1d5e851fea709a8681aca74d29d685cf55aa90c63327"",""cold_report_1_sha256"":""3834d4ea1567c48d5fa3268073ec1944ff90aca5415df5e144ab3696291e4e81"",""cold_report_2_sha256"":""5ad02701246ef532e4210cb7758b6dbe29b3ef96222b4acd1a4debc164c46024"",""cold_report_3_sha256"":""2c41babd0b9ddca6736969b463cf8d983084d4ce085c36665d3996112e82b2b4"",""cold_report_4_sha256"":""199156627c15424a963718f52d28bd77278c9f1c5ddd49385bb849c35ec0b264"",""cold_report_5_sha256"":""9d4c6e6c71b950c4b92997e31bd79bfcf223a3ee2ba40588400d327bbc16510a"",""correctness_canary_sha256"":""dd77e701bc1321938c2aaecf8494d31e17b6bf14849f1798360cc9857b8e14ad"",""raw_evidence_sha256"":""1feb377edee4d73b719407081231f2197ee16232e5906c1264860bb24cfce84f"",""public_outputs_sha256"":""ca0bbf8cfc3f1b9db66f7c94a32f536beb74e14c6ab02cc871c862cafe7cde29""}","3bfaabf408dff51d5f9f444bab5fab93ca881db6,a266d7282ad737ba6f00ba8b67c70632b03b2fff,02a2383c29e00b623e36ae661d7127341c111a3b,c01b863df25659d6a2d2acfc45522ec660708fbe,11d6943518ef3c81a0f8cd0e4accc845c654aae5,b85be7d1ceb4b24b59fb4c4d466b5eeb47b20501","TACEO updated-production OPRF query+nullifier. Public outputs match, but optimized witness graphs and matching Ark zkeys differ from the frozen Rapidsnark material; this is not a backend-only strict-parity comparison.",,,/Users/dcbuilder/Code/world/.worktrees/provekit-v1-cross-device-campaign/benchmarks/v1/input-to-proof-data/taceo-candidate/evidence/oprf_o2__iphone_se_2022__circom_groth16__cold_local.json,cold_local,4747.948334
input-to-proof-v1-20260807-taceo-candidate,oprf_o2__iphone_se_2022__circom_groth16__cold_local-3,2026-08-11T13:00:00.000Z,iphone_se_2022,iPhone SE (2022),15.4,arm64,ios_native,,oprf_nullifier,O2-updated-production-query-plus-nullifier,ccaac272c72012daa18608a62d00f8b10908b560,circom_groth16,circom,taceo-groth16-0.1.3,circom-witness-rs-0.2.3,measured,3,ok,4050.218125,36.535875,709.763667,,4796.517667,204.59375,256,39947373,38044784,39947373,,taceo-native-circom-v1,dfe86b7cc2ca89fbf806e05e8140e3e7551a8a44,"{""circom"":""2.2.2"",""circom_helpers"":""dfe86b7cc2ca89fbf806e05e8140e3e7551a8a44"",""circom_witness_rs"":""0.2.3"",""taceo_groth16"":""0.1.3"",""taceo_groth16_material"":""0.3.0"",""world_id_protocol"":""ccaac272c72012daa18608a62d00f8b10908b560""}","{""query_zkey_sha256"":""616c98c6ba024b5a4015d3ebfd20f6cab12e1e33486080c5167a4bcfac111798"",""query_graph_sha256"":""6b0cb90304c510f9142a555fe2b7cf31b9f68f6f37286f4471fd5d03e91da311"",""nullifier_zkey_sha256"":""4247e6bfe1af211e72d3657346802e1af00e6071fb32429a200f9fc0a25a36f9"",""nullifier_graph_sha256"":""c1d951716e3b74b72e4ea0429986849cadc43cccc630a7ee44a56a6199a66b9a"",""cold_report_0_sha256"":""30d49e37276a5274bd0b1d5e851fea709a8681aca74d29d685cf55aa90c63327"",""cold_report_1_sha256"":""3834d4ea1567c48d5fa3268073ec1944ff90aca5415df5e144ab3696291e4e81"",""cold_report_2_sha256"":""5ad02701246ef532e4210cb7758b6dbe29b3ef96222b4acd1a4debc164c46024"",""cold_report_3_sha256"":""2c41babd0b9ddca6736969b463cf8d983084d4ce085c36665d3996112e82b2b4"",""cold_report_4_sha256"":""199156627c15424a963718f52d28bd77278c9f1c5ddd49385bb849c35ec0b264"",""cold_report_5_sha256"":""9d4c6e6c71b950c4b92997e31bd79bfcf223a3ee2ba40588400d327bbc16510a"",""correctness_canary_sha256"":""dd77e701bc1321938c2aaecf8494d31e17b6bf14849f1798360cc9857b8e14ad"",""raw_evidence_sha256"":""1feb377edee4d73b719407081231f2197ee16232e5906c1264860bb24cfce84f"",""public_outputs_sha256"":""ca0bbf8cfc3f1b9db66f7c94a32f536beb74e14c6ab02cc871c862cafe7cde29""}","3bfaabf408dff51d5f9f444bab5fab93ca881db6,a266d7282ad737ba6f00ba8b67c70632b03b2fff,02a2383c29e00b623e36ae661d7127341c111a3b,c01b863df25659d6a2d2acfc45522ec660708fbe,11d6943518ef3c81a0f8cd0e4accc845c654aae5,b85be7d1ceb4b24b59fb4c4d466b5eeb47b20501","TACEO updated-production OPRF query+nullifier. Public outputs match, but optimized witness graphs and matching Ark zkeys differ from the frozen Rapidsnark material; this is not a backend-only strict-parity comparison.",,,/Users/dcbuilder/Code/world/.worktrees/provekit-v1-cross-device-campaign/benchmarks/v1/input-to-proof-data/taceo-candidate/evidence/oprf_o2__iphone_se_2022__circom_groth16__cold_local.json,cold_local,4796.517667
input-to-proof-v1-20260807-taceo-candidate,oprf_o2__iphone_se_2022__circom_groth16__cold_local-4,2026-08-11T13:00:00.000Z,iphone_se_2022,iPhone SE (2022),15.4,arm64,ios_native,,oprf_nullifier,O2-updated-production-query-plus-nullifier,ccaac272c72012daa18608a62d00f8b10908b560,circom_groth16,circom,taceo-groth16-0.1.3,circom-witness-rs-0.2.3,measured,4,ok,4080.596999,36.288709,726.123542,,4843.00925,202.46875,256,39947373,38044784,39947373,,taceo-native-circom-v1,dfe86b7cc2ca89fbf806e05e8140e3e7551a8a44,"{""circom"":""2.2.2"",""circom_helpers"":""dfe86b7cc2ca89fbf806e05e8140e3e7551a8a44"",""circom_witness_rs"":""0.2.3"",""taceo_groth16"":""0.1.3"",""taceo_groth16_material"":""0.3.0"",""world_id_protocol"":""ccaac272c72012daa18608a62d00f8b10908b560""}","{""query_zkey_sha256"":""616c98c6ba024b5a4015d3ebfd20f6cab12e1e33486080c5167a4bcfac111798"",""query_graph_sha256"":""6b0cb90304c510f9142a555fe2b7cf31b9f68f6f37286f4471fd5d03e91da311"",""nullifier_zkey_sha256"":""4247e6bfe1af211e72d3657346802e1af00e6071fb32429a200f9fc0a25a36f9"",""nullifier_graph_sha256"":""c1d951716e3b74b72e4ea0429986849cadc43cccc630a7ee44a56a6199a66b9a"",""cold_report_0_sha256"":""30d49e37276a5274bd0b1d5e851fea709a8681aca74d29d685cf55aa90c63327"",""cold_report_1_sha256"":""3834d4ea1567c48d5fa3268073ec1944ff90aca5415df5e144ab3696291e4e81"",""cold_report_2_sha256"":""5ad02701246ef532e4210cb7758b6dbe29b3ef96222b4acd1a4debc164c46024"",""cold_report_3_sha256"":""2c41babd0b9ddca6736969b463cf8d983084d4ce085c36665d3996112e82b2b4"",""cold_report_4_sha256"":""199156627c15424a963718f52d28bd77278c9f1c5ddd49385bb849c35ec0b264"",""cold_report_5_sha256"":""9d4c6e6c71b950c4b92997e31bd79bfcf223a3ee2ba40588400d327bbc16510a"",""correctness_canary_sha256"":""dd77e701bc1321938c2aaecf8494d31e17b6bf14849f1798360cc9857b8e14ad"",""raw_evidence_sha256"":""1feb377edee4d73b719407081231f2197ee16232e5906c1264860bb24cfce84f"",""public_outputs_sha256"":""ca0bbf8cfc3f1b9db66f7c94a32f536beb74e14c6ab02cc871c862cafe7cde29""}","3bfaabf408dff51d5f9f444bab5fab93ca881db6,a266d7282ad737ba6f00ba8b67c70632b03b2fff,02a2383c29e00b623e36ae661d7127341c111a3b,c01b863df25659d6a2d2acfc45522ec660708fbe,11d6943518ef3c81a0f8cd0e4accc845c654aae5,b85be7d1ceb4b24b59fb4c4d466b5eeb47b20501","TACEO updated-production OPRF query+nullifier. Public outputs match, but optimized witness graphs and matching Ark zkeys differ from the frozen Rapidsnark material; this is not a backend-only strict-parity comparison.",,,/Users/dcbuilder/Code/world/.worktrees/provekit-v1-cross-device-campaign/benchmarks/v1/input-to-proof-data/taceo-candidate/evidence/oprf_o2__iphone_se_2022__circom_groth16__cold_local.json,cold_local,4843.00925
input-to-proof-v1-20260807-taceo-candidate,oprf_o2__iphone_se_2022__circom_groth16__cold_local-5,2026-08-11T13:00:00.000Z,iphone_se_2022,iPhone SE (2022),15.4,arm64,ios_native,,oprf_nullifier,O2-updated-production-query-plus-nullifier,ccaac272c72012daa18608a62d00f8b10908b560,circom_groth16,circom,taceo-groth16-0.1.3,circom-witness-rs-0.2.3,measured,5,ok,4008.304125,36.35125,693.277541,,4737.932916,206.25,256,39947373,38044784,39947373,,taceo-native-circom-v1,dfe86b7cc2ca89fbf806e05e8140e3e7551a8a44,"{""circom"":""2.2.2"",""circom_helpers"":""dfe86b7cc2ca89fbf806e05e8140e3e7551a8a44"",""circom_witness_rs"":""0.2.3"",""taceo_groth16"":""0.1.3"",""taceo_groth16_material"":""0.3.0"",""world_id_protocol"":""ccaac272c72012daa18608a62d00f8b10908b560""}","{""query_zkey_sha256"":""616c98c6ba024b5a4015d3ebfd20f6cab12e1e33486080c5167a4bcfac111798"",""query_graph_sha256"":""6b0cb90304c510f9142a555fe2b7cf31b9f68f6f37286f4471fd5d03e91da311"",""nullifier_zkey_sha256"":""4247e6bfe1af211e72d3657346802e1af00e6071fb32429a200f9fc0a25a36f9"",""nullifier_graph_sha256"":""c1d951716e3b74b72e4ea0429986849cadc43cccc630a7ee44a56a6199a66b9a"",""cold_report_0_sha256"":""30d49e37276a5274bd0b1d5e851fea709a8681aca74d29d685cf55aa90c63327"",""cold_report_1_sha256"":""3834d4ea1567c48d5fa3268073ec1944ff90aca5415df5e144ab3696291e4e81"",""cold_report_2_sha256"":""5ad02701246ef532e4210cb7758b6dbe29b3ef96222b4acd1a4debc164c46024"",""cold_report_3_sha256"":""2c41babd0b9ddca6736969b463cf8d983084d4ce085c36665d3996112e82b2b4"",""cold_report_4_sha256"":""199156627c15424a963718f52d28bd77278c9f1c5ddd49385bb849c35ec0b264"",""cold_report_5_sha256"":""9d4c6e6c71b950c4b92997e31bd79bfcf223a3ee2ba40588400d327bbc16510a"",""correctness_canary_sha256"":""dd77e701bc1321938c2aaecf8494d31e17b6bf14849f1798360cc9857b8e14ad"",""raw_evidence_sha256"":""1feb377edee4d73b719407081231f2197ee16232e5906c1264860bb24cfce84f"",""public_outputs_sha256"":""ca0bbf8cfc3f1b9db66f7c94a32f536beb74e14c6ab02cc871c862cafe7cde29""}","3bfaabf408dff51d5f9f444bab5fab93ca881db6,a266d7282ad737ba6f00ba8b67c70632b03b2fff,02a2383c29e00b623e36ae661d7127341c111a3b,c01b863df25659d6a2d2acfc45522ec660708fbe,11d6943518ef3c81a0f8cd0e4accc845c654aae5,b85be7d1ceb4b24b59fb4c4d466b5eeb47b20501","TACEO updated-production OPRF query+nullifier. Public outputs match, but optimized witness graphs and matching Ark zkeys differ from the frozen Rapidsnark material; this is not a backend-only strict-parity comparison.",,,/Users/dcbuilder/Code/world/.worktrees/provekit-v1-cross-device-campaign/benchmarks/v1/input-to-proof-data/taceo-candidate/evidence/oprf_o2__iphone_se_2022__circom_groth16__cold_local.json,cold_local,4737.932916
input-to-proof-v1-20260807-taceo-candidate,oprf_o2__iphone_se_2022__circom_groth16__warm_reuse-0,2026-08-11T13:11:00.000Z,iphone_se_2022,iPhone SE (2022),15.4,arm64,ios_native,,oprf_nullifier,O2-updated-production-query-setup-plus-cached-nullifier,ccaac272c72012daa18608a62d00f8b10908b560,circom_groth16,circom,taceo-groth16-0.1.3,circom-witness-rs-0.2.3,warmup,0,ok,4043.358666,36.366709,707.531167,,4787.756542,206.859375,256,39947373,38044784,39947373,,taceo-native-circom-v1,dfe86b7cc2ca89fbf806e05e8140e3e7551a8a44,"{""circom"":""2.2.2"",""circom_helpers"":""dfe86b7cc2ca89fbf806e05e8140e3e7551a8a44"",""circom_witness_rs"":""0.2.3"",""taceo_groth16"":""0.1.3"",""taceo_groth16_material"":""0.3.0"",""world_id_protocol"":""ccaac272c72012daa18608a62d00f8b10908b560""}","{""query_zkey_sha256"":""616c98c6ba024b5a4015d3ebfd20f6cab12e1e33486080c5167a4bcfac111798"",""query_graph_sha256"":""6b0cb90304c510f9142a555fe2b7cf31b9f68f6f37286f4471fd5d03e91da311"",""nullifier_zkey_sha256"":""4247e6bfe1af211e72d3657346802e1af00e6071fb32429a200f9fc0a25a36f9"",""nullifier_graph_sha256"":""c1d951716e3b74b72e4ea0429986849cadc43cccc630a7ee44a56a6199a66b9a"",""warmup_report_sha256"":""25c4615d8446b5e04a0f3d2f36aa33c287dad838abda641fc6fa1322dc186df5"",""measured_report_sha256"":""bc2f32dba23e0eb99e9079a5ca0dd9ebb6aaabd7491eae7199dfbbea32f819b9"",""correctness_canary_sha256"":""dd77e701bc1321938c2aaecf8494d31e17b6bf14849f1798360cc9857b8e14ad"",""raw_evidence_sha256"":""37e9b38d3bf85990a0504b315265703c97586ad8fb9084fb3cfaeeb9e9e6f5a4"",""public_outputs_sha256"":""ca0bbf8cfc3f1b9db66f7c94a32f536beb74e14c6ab02cc871c862cafe7cde29""}","c6a726387e633b7eaafe94d349a236849e304349,4a322480f07a46b7648388d07a403d95667baa39","TACEO updated-production OPRF query+nullifier. Public outputs match, but optimized witness graphs and matching Ark zkeys differ from the frozen Rapidsnark material; this is not a backend-only strict-parity comparison.",,,/Users/dcbuilder/Code/world/.worktrees/provekit-v1-cross-device-campaign/benchmarks/v1/input-to-proof-data/taceo-candidate/evidence/oprf_o2__iphone_se_2022__circom_groth16__warm_reuse.json,warm_reuse,4787.756542
input-to-proof-v1-20260807-taceo-candidate,oprf_o2__iphone_se_2022__circom_groth16__warm_reuse-1,2026-08-11T13:11:00.000Z,iphone_se_2022,iPhone SE (2022),15.4,arm64,ios_native,,oprf_nullifier,O2-updated-production-query-setup-plus-cached-nullifier,ccaac272c72012daa18608a62d00f8b10908b560,circom_groth16,circom,taceo-groth16-0.1.3,circom-witness-rs-0.2.3,measured,1,ok,,,,,481.246042,188.640625,128,39947373,38044784,39947373,,taceo-native-circom-v1,dfe86b7cc2ca89fbf806e05e8140e3e7551a8a44,"{""circom"":""2.2.2"",""circom_helpers"":""dfe86b7cc2ca89fbf806e05e8140e3e7551a8a44"",""circom_witness_rs"":""0.2.3"",""taceo_groth16"":""0.1.3"",""taceo_groth16_material"":""0.3.0"",""world_id_protocol"":""ccaac272c72012daa18608a62d00f8b10908b560""}","{""query_zkey_sha256"":""616c98c6ba024b5a4015d3ebfd20f6cab12e1e33486080c5167a4bcfac111798"",""query_graph_sha256"":""6b0cb90304c510f9142a555fe2b7cf31b9f68f6f37286f4471fd5d03e91da311"",""nullifier_zkey_sha256"":""4247e6bfe1af211e72d3657346802e1af00e6071fb32429a200f9fc0a25a36f9"",""nullifier_graph_sha256"":""c1d951716e3b74b72e4ea0429986849cadc43cccc630a7ee44a56a6199a66b9a"",""warmup_report_sha256"":""25c4615d8446b5e04a0f3d2f36aa33c287dad838abda641fc6fa1322dc186df5"",""measured_report_sha256"":""bc2f32dba23e0eb99e9079a5ca0dd9ebb6aaabd7491eae7199dfbbea32f819b9"",""correctness_canary_sha256"":""dd77e701bc1321938c2aaecf8494d31e17b6bf14849f1798360cc9857b8e14ad"",""raw_evidence_sha256"":""37e9b38d3bf85990a0504b315265703c97586ad8fb9084fb3cfaeeb9e9e6f5a4"",""public_outputs_sha256"":""ca0bbf8cfc3f1b9db66f7c94a32f536beb74e14c6ab02cc871c862cafe7cde29""}","c6a726387e633b7eaafe94d349a236849e304349,4a322480f07a46b7648388d07a403d95667baa39","TACEO updated-production OPRF query+nullifier. Public outputs match, but optimized witness graphs and matching Ark zkeys differ from the frozen Rapidsnark material; this is not a backend-only strict-parity comparison.",,,/Users/dcbuilder/Code/world/.worktrees/provekit-v1-cross-device-campaign/benchmarks/v1/input-to-proof-data/taceo-candidate/evidence/oprf_o2__iphone_se_2022__circom_groth16__warm_reuse.json,warm_reuse,481.246042
input-to-proof-v1-20260807-taceo-candidate,oprf_o2__iphone_se_2022__circom_groth16__warm_reuse-2,2026-08-11T13:11:00.000Z,iphone_se_2022,iPhone SE (2022),15.4,arm64,ios_native,,oprf_nullifier,O2-updated-production-query-setup-plus-cached-nullifier,ccaac272c72012daa18608a62d00f8b10908b560,circom_groth16,circom,taceo-groth16-0.1.3,circom-witness-rs-0.2.3,measured,2,ok,,,,,490.326083,185.5,128,39947373,38044784,39947373,,taceo-native-circom-v1,dfe86b7cc2ca89fbf806e05e8140e3e7551a8a44,"{""circom"":""2.2.2"",""circom_helpers"":""dfe86b7cc2ca89fbf806e05e8140e3e7551a8a44"",""circom_witness_rs"":""0.2.3"",""taceo_groth16"":""0.1.3"",""taceo_groth16_material"":""0.3.0"",""world_id_protocol"":""ccaac272c72012daa18608a62d00f8b10908b560""}","{""query_zkey_sha256"":""616c98c6ba024b5a4015d3ebfd20f6cab12e1e33486080c5167a4bcfac111798"",""query_graph_sha256"":""6b0cb90304c510f9142a555fe2b7cf31b9f68f6f37286f4471fd5d03e91da311"",""nullifier_zkey_sha256"":""4247e6bfe1af211e72d3657346802e1af00e6071fb32429a200f9fc0a25a36f9"",""nullifier_graph_sha256"":""c1d951716e3b74b72e4ea0429986849cadc43cccc630a7ee44a56a6199a66b9a"",""warmup_report_sha256"":""25c4615d8446b5e04a0f3d2f36aa33c287dad838abda641fc6fa1322dc186df5"",""measured_report_sha256"":""bc2f32dba23e0eb99e9079a5ca0dd9ebb6aaabd7491eae7199dfbbea32f819b9"",""correctness_canary_sha256"":""dd77e701bc1321938c2aaecf8494d31e17b6bf14849f1798360cc9857b8e14ad"",""raw_evidence_sha256"":""37e9b38d3bf85990a0504b315265703c97586ad8fb9084fb3cfaeeb9e9e6f5a4"",""public_outputs_sha256"":""ca0bbf8cfc3f1b9db66f7c94a32f536beb74e14c6ab02cc871c862cafe7cde29""}","c6a726387e633b7eaafe94d349a236849e304349,4a322480f07a46b7648388d07a403d95667baa39","TACEO updated-production OPRF query+nullifier. Public outputs match, but optimized witness graphs and matching Ark zkeys differ from the frozen Rapidsnark material; this is not a backend-only strict-parity comparison.",,,/Users/dcbuilder/Code/world/.worktrees/provekit-v1-cross-device-campaign/benchmarks/v1/input-to-proof-data/taceo-candidate/evidence/oprf_o2__iphone_se_2022__circom_groth16__warm_reuse.json,warm_reuse,490.326083
input-to-proof-v1-20260807-taceo-candidate,oprf_o2__iphone_se_2022__circom_groth16__warm_reuse-3,2026-08-11T13:11:00.000Z,iphone_se_2022,iPhone SE (2022),15.4,arm64,ios_native,,oprf_nullifier,O2-updated-production-query-setup-plus-cached-nullifier,ccaac272c72012daa18608a62d00f8b10908b560,circom_groth16,circom,taceo-groth16-0.1.3,circom-witness-rs-0.2.3,measured,3,ok,,,,,492.248125,178.40625,128,39947373,38044784,39947373,,taceo-native-circom-v1,dfe86b7cc2ca89fbf806e05e8140e3e7551a8a44,"{""circom"":""2.2.2"",""circom_helpers"":""dfe86b7cc2ca89fbf806e05e8140e3e7551a8a44"",""circom_witness_rs"":""0.2.3"",""taceo_groth16"":""0.1.3"",""taceo_groth16_material"":""0.3.0"",""world_id_protocol"":""ccaac272c72012daa18608a62d00f8b10908b560""}","{""query_zkey_sha256"":""616c98c6ba024b5a4015d3ebfd20f6cab12e1e33486080c5167a4bcfac111798"",""query_graph_sha256"":""6b0cb90304c510f9142a555fe2b7cf31b9f68f6f37286f4471fd5d03e91da311"",""nullifier_zkey_sha256"":""4247e6bfe1af211e72d3657346802e1af00e6071fb32429a200f9fc0a25a36f9"",""nullifier_graph_sha256"":""c1d951716e3b74b72e4ea0429986849cadc43cccc630a7ee44a56a6199a66b9a"",""warmup_report_sha256"":""25c4615d8446b5e04a0f3d2f36aa33c287dad838abda641fc6fa1322dc186df5"",""measured_report_sha256"":""bc2f32dba23e0eb99e9079a5ca0dd9ebb6aaabd7491eae7199dfbbea32f819b9"",""correctness_canary_sha256"":""dd77e701bc1321938c2aaecf8494d31e17b6bf14849f1798360cc9857b8e14ad"",""raw_evidence_sha256"":""37e9b38d3bf85990a0504b315265703c97586ad8fb9084fb3cfaeeb9e9e6f5a4"",""public_outputs_sha256"":""ca0bbf8cfc3f1b9db66f7c94a32f536beb74e14c6ab02cc871c862cafe7cde29""}","c6a726387e633b7eaafe94d349a236849e304349,4a322480f07a46b7648388d07a403d95667baa39","TACEO updated-production OPRF query+nullifier. Public outputs match, but optimized witness graphs and matching Ark zkeys differ from the frozen Rapidsnark material; this is not a backend-only strict-parity comparison.",,,/Users/dcbuilder/Code/world/.worktrees/provekit-v1-cross-device-campaign/benchmarks/v1/input-to-proof-data/taceo-candidate/evidence/oprf_o2__iphone_se_2022__circom_groth16__warm_reuse.json,warm_reuse,492.248125
input-to-proof-v1-20260807-taceo-candidate,oprf_o2__iphone_se_2022__circom_groth16__warm_reuse-4,2026-08-11T13:11:00.000Z,iphone_se_2022,iPhone SE (2022),15.4,arm64,ios_native,,oprf_nullifier,O2-updated-production-query-setup-plus-cached-nullifier,ccaac272c72012daa18608a62d00f8b10908b560,circom_groth16,circom,taceo-groth16-0.1.3,circom-witness-rs-0.2.3,measured,4,ok,,,,,529.01125,184.65625,128,39947373,38044784,39947373,,taceo-native-circom-v1,dfe86b7cc2ca89fbf806e05e8140e3e7551a8a44,"{""circom"":""2.2.2"",""circom_helpers"":""dfe86b7cc2ca89fbf806e05e8140e3e7551a8a44"",""circom_witness_rs"":""0.2.3"",""taceo_groth16"":""0.1.3"",""taceo_groth16_material"":""0.3.0"",""world_id_protocol"":""ccaac272c72012daa18608a62d00f8b10908b560""}","{""query_zkey_sha256"":""616c98c6ba024b5a4015d3ebfd20f6cab12e1e33486080c5167a4bcfac111798"",""query_graph_sha256"":""6b0cb90304c510f9142a555fe2b7cf31b9f68f6f37286f4471fd5d03e91da311"",""nullifier_zkey_sha256"":""4247e6bfe1af211e72d3657346802e1af00e6071fb32429a200f9fc0a25a36f9"",""nullifier_graph_sha256"":""c1d951716e3b74b72e4ea0429986849cadc43cccc630a7ee44a56a6199a66b9a"",""warmup_report_sha256"":""25c4615d8446b5e04a0f3d2f36aa33c287dad838abda641fc6fa1322dc186df5"",""measured_report_sha256"":""bc2f32dba23e0eb99e9079a5ca0dd9ebb6aaabd7491eae7199dfbbea32f819b9"",""correctness_canary_sha256"":""dd77e701bc1321938c2aaecf8494d31e17b6bf14849f1798360cc9857b8e14ad"",""raw_evidence_sha256"":""37e9b38d3bf85990a0504b315265703c97586ad8fb9084fb3cfaeeb9e9e6f5a4"",""public_outputs_sha256"":""ca0bbf8cfc3f1b9db66f7c94a32f536beb74e14c6ab02cc871c862cafe7cde29""}","c6a726387e633b7eaafe94d349a236849e304349,4a322480f07a46b7648388d07a403d95667baa39","TACEO updated-production OPRF query+nullifier. Public outputs match, but optimized witness graphs and matching Ark zkeys differ from the frozen Rapidsnark material; this is not a backend-only strict-parity comparison.",,,/Users/dcbuilder/Code/world/.worktrees/provekit-v1-cross-device-campaign/benchmarks/v1/input-to-proof-data/taceo-candidate/evidence/oprf_o2__iphone_se_2022__circom_groth16__warm_reuse.json,warm_reuse,529.01125
input-to-proof-v1-20260807-taceo-candidate,oprf_o2__iphone_se_2022__circom_groth16__warm_reuse-5,2026-08-11T13:11:00.000Z,iphone_se_2022,iPhone SE (2022),15.4,arm64,ios_native,,oprf_nullifier,O2-updated-production-query-setup-plus-cached-nullifier,ccaac272c72012daa18608a62d00f8b10908b560,circom_groth16,circom,taceo-groth16-0.1.3,circom-witness-rs-0.2.3,measured,5,ok,,,,,512.7745,177.75,128,39947373,38044784,39947373,,taceo-native-circom-v1,dfe86b7cc2ca89fbf806e05e8140e3e7551a8a44,"{""circom"":""2.2.2"",""circom_helpers"":""dfe86b7cc2ca89fbf806e05e8140e3e7551a8a44"",""circom_witness_rs"":""0.2.3"",""taceo_groth16"":""0.1.3"",""taceo_groth16_material"":""0.3.0"",""world_id_protocol"":""ccaac272c72012daa18608a62d00f8b10908b560""}","{""query_zkey_sha256"":""616c98c6ba024b5a4015d3ebfd20f6cab12e1e33486080c5167a4bcfac111798"",""query_graph_sha256"":""6b0cb90304c510f9142a555fe2b7cf31b9f68f6f37286f4471fd5d03e91da311"",""nullifier_zkey_sha256"":""4247e6bfe1af211e72d3657346802e1af00e6071fb32429a200f9fc0a25a36f9"",""nullifier_graph_sha256"":""c1d951716e3b74b72e4ea0429986849cadc43cccc630a7ee44a56a6199a66b9a"",""warmup_report_sha256"":""25c4615d8446b5e04a0f3d2f36aa33c287dad838abda641fc6fa1322dc186df5"",""measured_report_sha256"":""bc2f32dba23e0eb99e9079a5ca0dd9ebb6aaabd7491eae7199dfbbea32f819b9"",""correctness_canary_sha256"":""dd77e701bc1321938c2aaecf8494d31e17b6bf14849f1798360cc9857b8e14ad"",""raw_evidence_sha256"":""37e9b38d3bf85990a0504b315265703c97586ad8fb9084fb3cfaeeb9e9e6f5a4"",""public_outputs_sha256"":""ca0bbf8cfc3f1b9db66f7c94a32f536beb74e14c6ab02cc871c862cafe7cde29""}","c6a726387e633b7eaafe94d349a236849e304349,4a322480f07a46b7648388d07a403d95667baa39","TACEO updated-production OPRF query+nullifier. Public outputs match, but optimized witness graphs and matching Ark zkeys differ from the frozen Rapidsnark material; this is not a backend-only strict-parity comparison.",,,/Users/dcbuilder/Code/world/.worktrees/provekit-v1-cross-device-campaign/benchmarks/v1/input-to-proof-data/taceo-candidate/evidence/oprf_o2__iphone_se_2022__circom_groth16__warm_reuse.json,warm_reuse,512.7745
input-to-proof-v1-20260807-taceo-candidate,oprf_o2__motorola_e15__circom_groth16__cold_local-0,2026-08-11T12:37:06.672Z,motorola_e15,moto e15,14,armeabi-v7a,android_native,,oprf_nullifier,O2-updated-production-query-plus-nullifier,ccaac272c72012daa18608a62d00f8b10908b560,circom_groth16,circom,taceo-groth16-0.1.3,circom-witness-rs-0.2.3,warmup,0,ok,,,,,11952.049924,245.91015625,256,39947373,38044784,39947373,,taceo-native-circom-v1,dfe86b7cc2ca89fbf806e05e8140e3e7551a8a44,"{""circom"":""2.2.2"",""circom_helpers"":""dfe86b7cc2ca89fbf806e05e8140e3e7551a8a44"",""circom_witness_rs"":""0.2.3"",""taceo_groth16"":""0.1.3"",""taceo_groth16_material"":""0.3.0"",""world_id_protocol"":""ccaac272c72012daa18608a62d00f8b10908b560""}","{""query_zkey_sha256"":""616c98c6ba024b5a4015d3ebfd20f6cab12e1e33486080c5167a4bcfac111798"",""query_graph_sha256"":""6b0cb90304c510f9142a555fe2b7cf31b9f68f6f37286f4471fd5d03e91da311"",""nullifier_zkey_sha256"":""4247e6bfe1af211e72d3657346802e1af00e6071fb32429a200f9fc0a25a36f9"",""nullifier_graph_sha256"":""c1d951716e3b74b72e4ea0429986849cadc43cccc630a7ee44a56a6199a66b9a"",""cold_query_0_sha256"":""d7f5d8f3c25273a2b48cb56b5db43856449060daa08e697ecf7de64e9097d8d0"",""cold_query_1_sha256"":""5372920b3b5f30ac0fd9f1cc547c6294247114a18e76116b2fbcec8508ef9327"",""cold_query_2_sha256"":""46d96b9d50378d956819b15ce44733955bd473f8a5cd6b0012128f5b4c61544f"",""cold_query_3_sha256"":""65e8ee9db54f82117a789954b4acbb87a52f4f076f8c20860e16719191a05fad"",""cold_query_4_sha256"":""005cbb122ce1f46fbc3485401ee7182fab1866296c5655dc98dd970ca10757c6"",""cold_query_5_sha256"":""c03d87e1dffff3170d5c8b068e7676b700f623421a57588947d4b6cedc55afbf"",""cold_nullifier_0_sha256"":""93f2022589408d624916ccd186716ef490c754b6aebbf6287b402f42b328e8fa"",""cold_nullifier_1_sha256"":""b4ff31d16dd58f98bb4a2484945fd2de59f82c2067af306eacf437ed9b754d95"",""cold_nullifier_2_sha256"":""19628ad6ad604a502ee06ded76eb49e38d06d77205043e4892c473f1640257da"",""cold_nullifier_3_sha256"":""8e107f85b9e285baa7a18ec5f73798749fcd58c8ef1f254afe30d4ced8dbf738"",""cold_nullifier_4_sha256"":""bed0a472b120b877b583f4ec51d73d2eda691526536f4918839eb06a6e4ee5cf"",""cold_nullifier_5_sha256"":""1994a84f2eb24b5e2549d9e322b46c7857f8660765609d823d59d441d891c687"",""correctness_canary_report_sha256"":""9d96c43ed913f49a6dc28605d71f994ebdcfbfaf4393b07b18d72ae435a860db"",""raw_evidence_sha256"":""c9378ba65e9c4b0233eb40dfeef0a6bf99ac5a1460cc91d31cc25b287e3b6f6d"",""public_outputs_sha256"":""ca0bbf8cfc3f1b9db66f7c94a32f536beb74e14c6ab02cc871c862cafe7cde29""}",adb-ZY32M6782K-production-world-id-oprf-cold,"TACEO updated-production OPRF query+nullifier. Public outputs match, but optimized witness graphs and matching Ark zkeys differ from the frozen Rapidsnark material; this is not a backend-only strict-parity comparison.",,,/Users/dcbuilder/Code/world/.worktrees/provekit-v1-cross-device-campaign/benchmarks/v1/input-to-proof-data/taceo-candidate/evidence/oprf_o2__motorola_e15__circom_groth16__cold_local.json,cold_local,11952.049924
input-to-proof-v1-20260807-taceo-candidate,oprf_o2__motorola_e15__circom_groth16__cold_local-1,2026-08-11T12:37:06.672Z,motorola_e15,moto e15,14,armeabi-v7a,android_native,,oprf_nullifier,O2-updated-production-query-plus-nullifier,ccaac272c72012daa18608a62d00f8b10908b560,circom_groth16,circom,taceo-groth16-0.1.3,circom-witness-rs-0.2.3,measured,1,ok,,,,,11921.065616,245.68359375,256,39947373,38044784,39947373,,taceo-native-circom-v1,dfe86b7cc2ca89fbf806e05e8140e3e7551a8a44,"{""circom"":""2.2.2"",""circom_helpers"":""dfe86b7cc2ca89fbf806e05e8140e3e7551a8a44"",""circom_witness_rs"":""0.2.3"",""taceo_groth16"":""0.1.3"",""taceo_groth16_material"":""0.3.0"",""world_id_protocol"":""ccaac272c72012daa18608a62d00f8b10908b560""}","{""query_zkey_sha256"":""616c98c6ba024b5a4015d3ebfd20f6cab12e1e33486080c5167a4bcfac111798"",""query_graph_sha256"":""6b0cb90304c510f9142a555fe2b7cf31b9f68f6f37286f4471fd5d03e91da311"",""nullifier_zkey_sha256"":""4247e6bfe1af211e72d3657346802e1af00e6071fb32429a200f9fc0a25a36f9"",""nullifier_graph_sha256"":""c1d951716e3b74b72e4ea0429986849cadc43cccc630a7ee44a56a6199a66b9a"",""cold_query_0_sha256"":""d7f5d8f3c25273a2b48cb56b5db43856449060daa08e697ecf7de64e9097d8d0"",""cold_query_1_sha256"":""5372920b3b5f30ac0fd9f1cc547c6294247114a18e76116b2fbcec8508ef9327"",""cold_query_2_sha256"":""46d96b9d50378d956819b15ce44733955bd473f8a5cd6b0012128f5b4c61544f"",""cold_query_3_sha256"":""65e8ee9db54f82117a789954b4acbb87a52f4f076f8c20860e16719191a05fad"",""cold_query_4_sha256"":""005cbb122ce1f46fbc3485401ee7182fab1866296c5655dc98dd970ca10757c6"",""cold_query_5_sha256"":""c03d87e1dffff3170d5c8b068e7676b700f623421a57588947d4b6cedc55afbf"",""cold_nullifier_0_sha256"":""93f2022589408d624916ccd186716ef490c754b6aebbf6287b402f42b328e8fa"",""cold_nullifier_1_sha256"":""b4ff31d16dd58f98bb4a2484945fd2de59f82c2067af306eacf437ed9b754d95"",""cold_nullifier_2_sha256"":""19628ad6ad604a502ee06ded76eb49e38d06d77205043e4892c473f1640257da"",""cold_nullifier_3_sha256"":""8e107f85b9e285baa7a18ec5f73798749fcd58c8ef1f254afe30d4ced8dbf738"",""cold_nullifier_4_sha256"":""bed0a472b120b877b583f4ec51d73d2eda691526536f4918839eb06a6e4ee5cf"",""cold_nullifier_5_sha256"":""1994a84f2eb24b5e2549d9e322b46c7857f8660765609d823d59d441d891c687"",""correctness_canary_report_sha256"":""9d96c43ed913f49a6dc28605d71f994ebdcfbfaf4393b07b18d72ae435a860db"",""raw_evidence_sha256"":""c9378ba65e9c4b0233eb40dfeef0a6bf99ac5a1460cc91d31cc25b287e3b6f6d"",""public_outputs_sha256"":""ca0bbf8cfc3f1b9db66f7c94a32f536beb74e14c6ab02cc871c862cafe7cde29""}",adb-ZY32M6782K-production-world-id-oprf-cold,"TACEO updated-production OPRF query+nullifier. Public outputs match, but optimized witness graphs and matching Ark zkeys differ from the frozen Rapidsnark material; this is not a backend-only strict-parity comparison.",,,/Users/dcbuilder/Code/world/.worktrees/provekit-v1-cross-device-campaign/benchmarks/v1/input-to-proof-data/taceo-candidate/evidence/oprf_o2__motorola_e15__circom_groth16__cold_local.json,cold_local,11921.065616
input-to-proof-v1-20260807-taceo-candidate,oprf_o2__motorola_e15__circom_groth16__cold_local-2,2026-08-11T12:37:06.672Z,motorola_e15,moto e15,14,armeabi-v7a,android_native,,oprf_nullifier,O2-updated-production-query-plus-nullifier,ccaac272c72012daa18608a62d00f8b10908b560,circom_groth16,circom,taceo-groth16-0.1.3,circom-witness-rs-0.2.3,measured,2,ok,,,,,12192.952,245.91796875,256,39947373,38044784,39947373,,taceo-native-circom-v1,dfe86b7cc2ca89fbf806e05e8140e3e7551a8a44,"{""circom"":""2.2.2"",""circom_helpers"":""dfe86b7cc2ca89fbf806e05e8140e3e7551a8a44"",""circom_witness_rs"":""0.2.3"",""taceo_groth16"":""0.1.3"",""taceo_groth16_material"":""0.3.0"",""world_id_protocol"":""ccaac272c72012daa18608a62d00f8b10908b560""}","{""query_zkey_sha256"":""616c98c6ba024b5a4015d3ebfd20f6cab12e1e33486080c5167a4bcfac111798"",""query_graph_sha256"":""6b0cb90304c510f9142a555fe2b7cf31b9f68f6f37286f4471fd5d03e91da311"",""nullifier_zkey_sha256"":""4247e6bfe1af211e72d3657346802e1af00e6071fb32429a200f9fc0a25a36f9"",""nullifier_graph_sha256"":""c1d951716e3b74b72e4ea0429986849cadc43cccc630a7ee44a56a6199a66b9a"",""cold_query_0_sha256"":""d7f5d8f3c25273a2b48cb56b5db43856449060daa08e697ecf7de64e9097d8d0"",""cold_query_1_sha256"":""5372920b3b5f30ac0fd9f1cc547c6294247114a18e76116b2fbcec8508ef9327"",""cold_query_2_sha256"":""46d96b9d50378d956819b15ce44733955bd473f8a5cd6b0012128f5b4c61544f"",""cold_query_3_sha256"":""65e8ee9db54f82117a789954b4acbb87a52f4f076f8c20860e16719191a05fad"",""cold_query_4_sha256"":""005cbb122ce1f46fbc3485401ee7182fab1866296c5655dc98dd970ca10757c6"",""cold_query_5_sha256"":""c03d87e1dffff3170d5c8b068e7676b700f623421a57588947d4b6cedc55afbf"",""cold_nullifier_0_sha256"":""93f2022589408d624916ccd186716ef490c754b6aebbf6287b402f42b328e8fa"",""cold_nullifier_1_sha256"":""b4ff31d16dd58f98bb4a2484945fd2de59f82c2067af306eacf437ed9b754d95"",""cold_nullifier_2_sha256"":""19628ad6ad604a502ee06ded76eb49e38d06d77205043e4892c473f1640257da"",""cold_nullifier_3_sha256"":""8e107f85b9e285baa7a18ec5f73798749fcd58c8ef1f254afe30d4ced8dbf738"",""cold_nullifier_4_sha256"":""bed0a472b120b877b583f4ec51d73d2eda691526536f4918839eb06a6e4ee5cf"",""cold_nullifier_5_sha256"":""1994a84f2eb24b5e2549d9e322b46c7857f8660765609d823d59d441d891c687"",""correctness_canary_report_sha256"":""9d96c43ed913f49a6dc28605d71f994ebdcfbfaf4393b07b18d72ae435a860db"",""raw_evidence_sha256"":""c9378ba65e9c4b0233eb40dfeef0a6bf99ac5a1460cc91d31cc25b287e3b6f6d"",""public_outputs_sha256"":""ca0bbf8cfc3f1b9db66f7c94a32f536beb74e14c6ab02cc871c862cafe7cde29""}",adb-ZY32M6782K-production-world-id-oprf-cold,"TACEO updated-production OPRF query+nullifier. Public outputs match, but optimized witness graphs and matching Ark zkeys differ from the frozen Rapidsnark material; this is not a backend-only strict-parity comparison.",,,/Users/dcbuilder/Code/world/.worktrees/provekit-v1-cross-device-campaign/benchmarks/v1/input-to-proof-data/taceo-candidate/evidence/oprf_o2__motorola_e15__circom_groth16__cold_local.json,cold_local,12192.952
input-to-proof-v1-20260807-taceo-candidate,oprf_o2__motorola_e15__circom_groth16__cold_local-3,2026-08-11T12:37:06.672Z,motorola_e15,moto e15,14,armeabi-v7a,android_native,,oprf_nullifier,O2-updated-production-query-plus-nullifier,ccaac272c72012daa18608a62d00f8b10908b560,circom_groth16,circom,taceo-groth16-0.1.3,circom-witness-rs-0.2.3,measured,3,ok,,,,,12897.432001,243.70703125,256,39947373,38044784,39947373,,taceo-native-circom-v1,dfe86b7cc2ca89fbf806e05e8140e3e7551a8a44,"{""circom"":""2.2.2"",""circom_helpers"":""dfe86b7cc2ca89fbf806e05e8140e3e7551a8a44"",""circom_witness_rs"":""0.2.3"",""taceo_groth16"":""0.1.3"",""taceo_groth16_material"":""0.3.0"",""world_id_protocol"":""ccaac272c72012daa18608a62d00f8b10908b560""}","{""query_zkey_sha256"":""616c98c6ba024b5a4015d3ebfd20f6cab12e1e33486080c5167a4bcfac111798"",""query_graph_sha256"":""6b0cb90304c510f9142a555fe2b7cf31b9f68f6f37286f4471fd5d03e91da311"",""nullifier_zkey_sha256"":""4247e6bfe1af211e72d3657346802e1af00e6071fb32429a200f9fc0a25a36f9"",""nullifier_graph_sha256"":""c1d951716e3b74b72e4ea0429986849cadc43cccc630a7ee44a56a6199a66b9a"",""cold_query_0_sha256"":""d7f5d8f3c25273a2b48cb56b5db43856449060daa08e697ecf7de64e9097d8d0"",""cold_query_1_sha256"":""5372920b3b5f30ac0fd9f1cc547c6294247114a18e76116b2fbcec8508ef9327"",""cold_query_2_sha256"":""46d96b9d50378d956819b15ce44733955bd473f8a5cd6b0012128f5b4c61544f"",""cold_query_3_sha256"":""65e8ee9db54f82117a789954b4acbb87a52f4f076f8c20860e16719191a05fad"",""cold_query_4_sha256"":""005cbb122ce1f46fbc3485401ee7182fab1866296c5655dc98dd970ca10757c6"",""cold_query_5_sha256"":""c03d87e1dffff3170d5c8b068e7676b700f623421a57588947d4b6cedc55afbf"",""cold_nullifier_0_sha256"":""93f2022589408d624916ccd186716ef490c754b6aebbf6287b402f42b328e8fa"",""cold_nullifier_1_sha256"":""b4ff31d16dd58f98bb4a2484945fd2de59f82c2067af306eacf437ed9b754d95"",""cold_nullifier_2_sha256"":""19628ad6ad604a502ee06ded76eb49e38d06d77205043e4892c473f1640257da"",""cold_nullifier_3_sha256"":""8e107f85b9e285baa7a18ec5f73798749fcd58c8ef1f254afe30d4ced8dbf738"",""cold_nullifier_4_sha256"":""bed0a472b120b877b583f4ec51d73d2eda691526536f4918839eb06a6e4ee5cf"",""cold_nullifier_5_sha256"":""1994a84f2eb24b5e2549d9e322b46c7857f8660765609d823d59d441d891c687"",""correctness_canary_report_sha256"":""9d96c43ed913f49a6dc28605d71f994ebdcfbfaf4393b07b18d72ae435a860db"",""raw_evidence_sha256"":""c9378ba65e9c4b0233eb40dfeef0a6bf99ac5a1460cc91d31cc25b287e3b6f6d"",""public_outputs_sha256"":""ca0bbf8cfc3f1b9db66f7c94a32f536beb74e14c6ab02cc871c862cafe7cde29""}",adb-ZY32M6782K-production-world-id-oprf-cold,"TACEO updated-production OPRF query+nullifier. Public outputs match, but optimized witness graphs and matching Ark zkeys differ from the frozen Rapidsnark material; this is not a backend-only strict-parity comparison.",,,/Users/dcbuilder/Code/world/.worktrees/provekit-v1-cross-device-campaign/benchmarks/v1/input-to-proof-data/taceo-candidate/evidence/oprf_o2__motorola_e15__circom_groth16__cold_local.json,cold_local,12897.432001
input-to-proof-v1-20260807-taceo-candidate,oprf_o2__motorola_e15__circom_groth16__cold_local-4,2026-08-11T12:37:06.672Z,motorola_e15,moto e15,14,armeabi-v7a,android_native,,oprf_nullifier,O2-updated-production-query-plus-nullifier,ccaac272c72012daa18608a62d00f8b10908b560,circom_groth16,circom,taceo-groth16-0.1.3,circom-witness-rs-0.2.3,measured,4,ok,,,,,11794.62554,247.3515625,256,39947373,38044784,39947373,,taceo-native-circom-v1,dfe86b7cc2ca89fbf806e05e8140e3e7551a8a44,"{""circom"":""2.2.2"",""circom_helpers"":""dfe86b7cc2ca89fbf806e05e8140e3e7551a8a44"",""circom_witness_rs"":""0.2.3"",""taceo_groth16"":""0.1.3"",""taceo_groth16_material"":""0.3.0"",""world_id_protocol"":""ccaac272c72012daa18608a62d00f8b10908b560""}","{""query_zkey_sha256"":""616c98c6ba024b5a4015d3ebfd20f6cab12e1e33486080c5167a4bcfac111798"",""query_graph_sha256"":""6b0cb90304c510f9142a555fe2b7cf31b9f68f6f37286f4471fd5d03e91da311"",""nullifier_zkey_sha256"":""4247e6bfe1af211e72d3657346802e1af00e6071fb32429a200f9fc0a25a36f9"",""nullifier_graph_sha256"":""c1d951716e3b74b72e4ea0429986849cadc43cccc630a7ee44a56a6199a66b9a"",""cold_query_0_sha256"":""d7f5d8f3c25273a2b48cb56b5db43856449060daa08e697ecf7de64e9097d8d0"",""cold_query_1_sha256"":""5372920b3b5f30ac0fd9f1cc547c6294247114a18e76116b2fbcec8508ef9327"",""cold_query_2_sha256"":""46d96b9d50378d956819b15ce44733955bd473f8a5cd6b0012128f5b4c61544f"",""cold_query_3_sha256"":""65e8ee9db54f82117a789954b4acbb87a52f4f076f8c20860e16719191a05fad"",""cold_query_4_sha256"":""005cbb122ce1f46fbc3485401ee7182fab1866296c5655dc98dd970ca10757c6"",""cold_query_5_sha256"":""c03d87e1dffff3170d5c8b068e7676b700f623421a57588947d4b6cedc55afbf"",""cold_nullifier_0_sha256"":""93f2022589408d624916ccd186716ef490c754b6aebbf6287b402f42b328e8fa"",""cold_nullifier_1_sha256"":""b4ff31d16dd58f98bb4a2484945fd2de59f82c2067af306eacf437ed9b754d95"",""cold_nullifier_2_sha256"":""19628ad6ad604a502ee06ded76eb49e38d06d77205043e4892c473f1640257da"",""cold_nullifier_3_sha256"":""8e107f85b9e285baa7a18ec5f73798749fcd58c8ef1f254afe30d4ced8dbf738"",""cold_nullifier_4_sha256"":""bed0a472b120b877b583f4ec51d73d2eda691526536f4918839eb06a6e4ee5cf"",""cold_nullifier_5_sha256"":""1994a84f2eb24b5e2549d9e322b46c7857f8660765609d823d59d441d891c687"",""correctness_canary_report_sha256"":""9d96c43ed913f49a6dc28605d71f994ebdcfbfaf4393b07b18d72ae435a860db"",""raw_evidence_sha256"":""c9378ba65e9c4b0233eb40dfeef0a6bf99ac5a1460cc91d31cc25b287e3b6f6d"",""public_outputs_sha256"":""ca0bbf8cfc3f1b9db66f7c94a32f536beb74e14c6ab02cc871c862cafe7cde29""}",adb-ZY32M6782K-production-world-id-oprf-cold,"TACEO updated-production OPRF query+nullifier. Public outputs match, but optimized witness graphs and matching Ark zkeys differ from the frozen Rapidsnark material; this is not a backend-only strict-parity comparison.",,,/Users/dcbuilder/Code/world/.worktrees/provekit-v1-cross-device-campaign/benchmarks/v1/input-to-proof-data/taceo-candidate/evidence/oprf_o2__motorola_e15__circom_groth16__cold_local.json,cold_local,11794.62554
input-to-proof-v1-20260807-taceo-candidate,oprf_o2__motorola_e15__circom_groth16__cold_local-5,2026-08-11T12:37:06.672Z,motorola_e15,moto e15,14,armeabi-v7a,android_native,,oprf_nullifier,O2-updated-production-query-plus-nullifier,ccaac272c72012daa18608a62d00f8b10908b560,circom_groth16,circom,taceo-groth16-0.1.3,circom-witness-rs-0.2.3,measured,5,ok,,,,,11785.861155,244.08984375,256,39947373,38044784,39947373,,taceo-native-circom-v1,dfe86b7cc2ca89fbf806e05e8140e3e7551a8a44,"{""circom"":""2.2.2"",""circom_helpers"":""dfe86b7cc2ca89fbf806e05e8140e3e7551a8a44"",""circom_witness_rs"":""0.2.3"",""taceo_groth16"":""0.1.3"",""taceo_groth16_material"":""0.3.0"",""world_id_protocol"":""ccaac272c72012daa18608a62d00f8b10908b560""}","{""query_zkey_sha256"":""616c98c6ba024b5a4015d3ebfd20f6cab12e1e33486080c5167a4bcfac111798"",""query_graph_sha256"":""6b0cb90304c510f9142a555fe2b7cf31b9f68f6f37286f4471fd5d03e91da311"",""nullifier_zkey_sha256"":""4247e6bfe1af211e72d3657346802e1af00e6071fb32429a200f9fc0a25a36f9"",""nullifier_graph_sha256"":""c1d951716e3b74b72e4ea0429986849cadc43cccc630a7ee44a56a6199a66b9a"",""cold_query_0_sha256"":""d7f5d8f3c25273a2b48cb56b5db43856449060daa08e697ecf7de64e9097d8d0"",""cold_query_1_sha256"":""5372920b3b5f30ac0fd9f1cc547c6294247114a18e76116b2fbcec8508ef9327"",""cold_query_2_sha256"":""46d96b9d50378d956819b15ce44733955bd473f8a5cd6b0012128f5b4c61544f"",""cold_query_3_sha256"":""65e8ee9db54f82117a789954b4acbb87a52f4f076f8c20860e16719191a05fad"",""cold_query_4_sha256"":""005cbb122ce1f46fbc3485401ee7182fab1866296c5655dc98dd970ca10757c6"",""cold_query_5_sha256"":""c03d87e1dffff3170d5c8b068e7676b700f623421a57588947d4b6cedc55afbf"",""cold_nullifier_0_sha256"":""93f2022589408d624916ccd186716ef490c754b6aebbf6287b402f42b328e8fa"",""cold_nullifier_1_sha256"":""b4ff31d16dd58f98bb4a2484945fd2de59f82c2067af306eacf437ed9b754d95"",""cold_nullifier_2_sha256"":""19628ad6ad604a502ee06ded76eb49e38d06d77205043e4892c473f1640257da"",""cold_nullifier_3_sha256"":""8e107f85b9e285baa7a18ec5f73798749fcd58c8ef1f254afe30d4ced8dbf738"",""cold_nullifier_4_sha256"":""bed0a472b120b877b583f4ec51d73d2eda691526536f4918839eb06a6e4ee5cf"",""cold_nullifier_5_sha256"":""1994a84f2eb24b5e2549d9e322b46c7857f8660765609d823d59d441d891c687"",""correctness_canary_report_sha256"":""9d96c43ed913f49a6dc28605d71f994ebdcfbfaf4393b07b18d72ae435a860db"",""raw_evidence_sha256"":""c9378ba65e9c4b0233eb40dfeef0a6bf99ac5a1460cc91d31cc25b287e3b6f6d"",""public_outputs_sha256"":""ca0bbf8cfc3f1b9db66f7c94a32f536beb74e14c6ab02cc871c862cafe7cde29""}",adb-ZY32M6782K-production-world-id-oprf-cold,"TACEO updated-production OPRF query+nullifier. Public outputs match, but optimized witness graphs and matching Ark zkeys differ from the frozen Rapidsnark material; this is not a backend-only strict-parity comparison.",,,/Users/dcbuilder/Code/world/.worktrees/provekit-v1-cross-device-campaign/benchmarks/v1/input-to-proof-data/taceo-candidate/evidence/oprf_o2__motorola_e15__circom_groth16__cold_local.json,cold_local,11785.861155
input-to-proof-v1-20260807-taceo-candidate,oprf_o2__motorola_e15__circom_groth16__warm_reuse-0,2026-08-11T12:35:26.332Z,motorola_e15,moto e15,14,armeabi-v7a,android_native,,oprf_nullifier,O2-updated-production-query-plus-nullifier,ccaac272c72012daa18608a62d00f8b10908b560,circom_groth16,circom,taceo-groth16-0.1.3,circom-witness-rs-0.2.3,warmup,0,ok,,,,,12522.99054,245.7890625,256,39947373,38044784,39947373,,taceo-native-circom-v1,dfe86b7cc2ca89fbf806e05e8140e3e7551a8a44,"{""circom"":""2.2.2"",""circom_helpers"":""dfe86b7cc2ca89fbf806e05e8140e3e7551a8a44"",""circom_witness_rs"":""0.2.3"",""taceo_groth16"":""0.1.3"",""taceo_groth16_material"":""0.3.0"",""world_id_protocol"":""ccaac272c72012daa18608a62d00f8b10908b560""}","{""query_zkey_sha256"":""616c98c6ba024b5a4015d3ebfd20f6cab12e1e33486080c5167a4bcfac111798"",""query_graph_sha256"":""6b0cb90304c510f9142a555fe2b7cf31b9f68f6f37286f4471fd5d03e91da311"",""nullifier_zkey_sha256"":""4247e6bfe1af211e72d3657346802e1af00e6071fb32429a200f9fc0a25a36f9"",""nullifier_graph_sha256"":""c1d951716e3b74b72e4ea0429986849cadc43cccc630a7ee44a56a6199a66b9a"",""warm_query_report_sha256"":""7daedf7754968f86f58731f5b7bad054dec4ce3b0eaabc75a177c6e7ff55a4b6"",""warm_nullifier_report_sha256"":""a9f97ddb95310d18b046c8bce5cee6239f45cd01ce49558c4a5578bf78f174fd"",""recorded_warmup_query_report_sha256"":""bcb36e2dcf0ab5766a272d0d2b4bb707ff4ad8abddbcd0e2289a006e3212e600"",""recorded_warmup_nullifier_report_sha256"":""e4e080e2b228304ba29761ddcdcd0e4c3953e05f2945dfad4d2b6982d9e4c29e"",""correctness_canary_report_sha256"":""9d96c43ed913f49a6dc28605d71f994ebdcfbfaf4393b07b18d72ae435a860db"",""raw_evidence_sha256"":""a3bc81ce343326a8bfd4fa15e12bed5e32f6129d1c1168333c9a149079342606"",""public_outputs_sha256"":""ca0bbf8cfc3f1b9db66f7c94a32f536beb74e14c6ab02cc871c862cafe7cde29""}",adb-ZY32M6782K-production-world-id-oprf-warm,"TACEO updated-production OPRF query+nullifier. Public outputs match, but optimized witness graphs and matching Ark zkeys differ from the frozen Rapidsnark material; this is not a backend-only strict-parity comparison.",,,/Users/dcbuilder/Code/world/.worktrees/provekit-v1-cross-device-campaign/benchmarks/v1/input-to-proof-data/taceo-candidate/evidence/oprf_o2__motorola_e15__circom_groth16__warm_reuse.json,warm_reuse,12522.99054
input-to-proof-v1-20260807-taceo-candidate,oprf_o2__motorola_e15__circom_groth16__warm_reuse-1,2026-08-11T12:35:26.332Z,motorola_e15,moto e15,14,armeabi-v7a,android_native,,oprf_nullifier,O2-updated-production-query-plus-nullifier,ccaac272c72012daa18608a62d00f8b10908b560,circom_groth16,circom,taceo-groth16-0.1.3,circom-witness-rs-0.2.3,measured,1,ok,,,,,7279.671616,229.328125,256,39947373,38044784,39947373,,taceo-native-circom-v1,dfe86b7cc2ca89fbf806e05e8140e3e7551a8a44,"{""circom"":""2.2.2"",""circom_helpers"":""dfe86b7cc2ca89fbf806e05e8140e3e7551a8a44"",""circom_witness_rs"":""0.2.3"",""taceo_groth16"":""0.1.3"",""taceo_groth16_material"":""0.3.0"",""world_id_protocol"":""ccaac272c72012daa18608a62d00f8b10908b560""}","{""query_zkey_sha256"":""616c98c6ba024b5a4015d3ebfd20f6cab12e1e33486080c5167a4bcfac111798"",""query_graph_sha256"":""6b0cb90304c510f9142a555fe2b7cf31b9f68f6f37286f4471fd5d03e91da311"",""nullifier_zkey_sha256"":""4247e6bfe1af211e72d3657346802e1af00e6071fb32429a200f9fc0a25a36f9"",""nullifier_graph_sha256"":""c1d951716e3b74b72e4ea0429986849cadc43cccc630a7ee44a56a6199a66b9a"",""warm_query_report_sha256"":""7daedf7754968f86f58731f5b7bad054dec4ce3b0eaabc75a177c6e7ff55a4b6"",""warm_nullifier_report_sha256"":""a9f97ddb95310d18b046c8bce5cee6239f45cd01ce49558c4a5578bf78f174fd"",""recorded_warmup_query_report_sha256"":""bcb36e2dcf0ab5766a272d0d2b4bb707ff4ad8abddbcd0e2289a006e3212e600"",""recorded_warmup_nullifier_report_sha256"":""e4e080e2b228304ba29761ddcdcd0e4c3953e05f2945dfad4d2b6982d9e4c29e"",""correctness_canary_report_sha256"":""9d96c43ed913f49a6dc28605d71f994ebdcfbfaf4393b07b18d72ae435a860db"",""raw_evidence_sha256"":""a3bc81ce343326a8bfd4fa15e12bed5e32f6129d1c1168333c9a149079342606"",""public_outputs_sha256"":""ca0bbf8cfc3f1b9db66f7c94a32f536beb74e14c6ab02cc871c862cafe7cde29""}",adb-ZY32M6782K-production-world-id-oprf-warm,"TACEO updated-production OPRF query+nullifier. Public outputs match, but optimized witness graphs and matching Ark zkeys differ from the frozen Rapidsnark material; this is not a backend-only strict-parity comparison.",,,/Users/dcbuilder/Code/world/.worktrees/provekit-v1-cross-device-campaign/benchmarks/v1/input-to-proof-data/taceo-candidate/evidence/oprf_o2__motorola_e15__circom_groth16__warm_reuse.json,warm_reuse,7279.671616
input-to-proof-v1-20260807-taceo-candidate,oprf_o2__motorola_e15__circom_groth16__warm_reuse-2,2026-08-11T12:35:26.332Z,motorola_e15,moto e15,14,armeabi-v7a,android_native,,oprf_nullifier,O2-updated-production-query-plus-nullifier,ccaac272c72012daa18608a62d00f8b10908b560,circom_groth16,circom,taceo-groth16-0.1.3,circom-witness-rs-0.2.3,measured,2,ok,,,,,7374.066999,234.94921875,256,39947373,38044784,39947373,,taceo-native-circom-v1,dfe86b7cc2ca89fbf806e05e8140e3e7551a8a44,"{""circom"":""2.2.2"",""circom_helpers"":""dfe86b7cc2ca89fbf806e05e8140e3e7551a8a44"",""circom_witness_rs"":""0.2.3"",""taceo_groth16"":""0.1.3"",""taceo_groth16_material"":""0.3.0"",""world_id_protocol"":""ccaac272c72012daa18608a62d00f8b10908b560""}","{""query_zkey_sha256"":""616c98c6ba024b5a4015d3ebfd20f6cab12e1e33486080c5167a4bcfac111798"",""query_graph_sha256"":""6b0cb90304c510f9142a555fe2b7cf31b9f68f6f37286f4471fd5d03e91da311"",""nullifier_zkey_sha256"":""4247e6bfe1af211e72d3657346802e1af00e6071fb32429a200f9fc0a25a36f9"",""nullifier_graph_sha256"":""c1d951716e3b74b72e4ea0429986849cadc43cccc630a7ee44a56a6199a66b9a"",""warm_query_report_sha256"":""7daedf7754968f86f58731f5b7bad054dec4ce3b0eaabc75a177c6e7ff55a4b6"",""warm_nullifier_report_sha256"":""a9f97ddb95310d18b046c8bce5cee6239f45cd01ce49558c4a5578bf78f174fd"",""recorded_warmup_query_report_sha256"":""bcb36e2dcf0ab5766a272d0d2b4bb707ff4ad8abddbcd0e2289a006e3212e600"",""recorded_warmup_nullifier_report_sha256"":""e4e080e2b228304ba29761ddcdcd0e4c3953e05f2945dfad4d2b6982d9e4c29e"",""correctness_canary_report_sha256"":""9d96c43ed913f49a6dc28605d71f994ebdcfbfaf4393b07b18d72ae435a860db"",""raw_evidence_sha256"":""a3bc81ce343326a8bfd4fa15e12bed5e32f6129d1c1168333c9a149079342606"",""public_outputs_sha256"":""ca0bbf8cfc3f1b9db66f7c94a32f536beb74e14c6ab02cc871c862cafe7cde29""}",adb-ZY32M6782K-production-world-id-oprf-warm,"TACEO updated-production OPRF query+nullifier. Public outputs match, but optimized witness graphs and matching Ark zkeys differ from the frozen Rapidsnark material; this is not a backend-only strict-parity comparison.",,,/Users/dcbuilder/Code/world/.worktrees/provekit-v1-cross-device-campaign/benchmarks/v1/input-to-proof-data/taceo-candidate/evidence/oprf_o2__motorola_e15__circom_groth16__warm_reuse.json,warm_reuse,7374.066999
input-to-proof-v1-20260807-taceo-candidate,oprf_o2__motorola_e15__circom_groth16__warm_reuse-3,2026-08-11T12:35:26.332Z,motorola_e15,moto e15,14,armeabi-v7a,android_native,,oprf_nullifier,O2-updated-production-query-plus-nullifier,ccaac272c72012daa18608a62d00f8b10908b560,circom_groth16,circom,taceo-groth16-0.1.3,circom-witness-rs-0.2.3,measured,3,ok,,,,,7210.021462,233.828125,256,39947373,38044784,39947373,,taceo-native-circom-v1,dfe86b7cc2ca89fbf806e05e8140e3e7551a8a44,"{""circom"":""2.2.2"",""circom_helpers"":""dfe86b7cc2ca89fbf806e05e8140e3e7551a8a44"",""circom_witness_rs"":""0.2.3"",""taceo_groth16"":""0.1.3"",""taceo_groth16_material"":""0.3.0"",""world_id_protocol"":""ccaac272c72012daa18608a62d00f8b10908b560""}","{""query_zkey_sha256"":""616c98c6ba024b5a4015d3ebfd20f6cab12e1e33486080c5167a4bcfac111798"",""query_graph_sha256"":""6b0cb90304c510f9142a555fe2b7cf31b9f68f6f37286f4471fd5d03e91da311"",""nullifier_zkey_sha256"":""4247e6bfe1af211e72d3657346802e1af00e6071fb32429a200f9fc0a25a36f9"",""nullifier_graph_sha256"":""c1d951716e3b74b72e4ea0429986849cadc43cccc630a7ee44a56a6199a66b9a"",""warm_query_report_sha256"":""7daedf7754968f86f58731f5b7bad054dec4ce3b0eaabc75a177c6e7ff55a4b6"",""warm_nullifier_report_sha256"":""a9f97ddb95310d18b046c8bce5cee6239f45cd01ce49558c4a5578bf78f174fd"",""recorded_warmup_query_report_sha256"":""bcb36e2dcf0ab5766a272d0d2b4bb707ff4ad8abddbcd0e2289a006e3212e600"",""recorded_warmup_nullifier_report_sha256"":""e4e080e2b228304ba29761ddcdcd0e4c3953e05f2945dfad4d2b6982d9e4c29e"",""correctness_canary_report_sha256"":""9d96c43ed913f49a6dc28605d71f994ebdcfbfaf4393b07b18d72ae435a860db"",""raw_evidence_sha256"":""a3bc81ce343326a8bfd4fa15e12bed5e32f6129d1c1168333c9a149079342606"",""public_outputs_sha256"":""ca0bbf8cfc3f1b9db66f7c94a32f536beb74e14c6ab02cc871c862cafe7cde29""}",adb-ZY32M6782K-production-world-id-oprf-warm,"TACEO updated-production OPRF query+nullifier. Public outputs match, but optimized witness graphs and matching Ark zkeys differ from the frozen Rapidsnark material; this is not a backend-only strict-parity comparison.",,,/Users/dcbuilder/Code/world/.worktrees/provekit-v1-cross-device-campaign/benchmarks/v1/input-to-proof-data/taceo-candidate/evidence/oprf_o2__motorola_e15__circom_groth16__warm_reuse.json,warm_reuse,7210.021462
input-to-proof-v1-20260807-taceo-candidate,oprf_o2__motorola_e15__circom_groth16__warm_reuse-4,2026-08-11T12:35:26.332Z,motorola_e15,moto e15,14,armeabi-v7a,android_native,,oprf_nullifier,O2-updated-production-query-plus-nullifier,ccaac272c72012daa18608a62d00f8b10908b560,circom_groth16,circom,taceo-groth16-0.1.3,circom-witness-rs-0.2.3,measured,4,ok,,,,,7227.164154,238.96484375,256,39947373,38044784,39947373,,taceo-native-circom-v1,dfe86b7cc2ca89fbf806e05e8140e3e7551a8a44,"{""circom"":""2.2.2"",""circom_helpers"":""dfe86b7cc2ca89fbf806e05e8140e3e7551a8a44"",""circom_witness_rs"":""0.2.3"",""taceo_groth16"":""0.1.3"",""taceo_groth16_material"":""0.3.0"",""world_id_protocol"":""ccaac272c72012daa18608a62d00f8b10908b560""}","{""query_zkey_sha256"":""616c98c6ba024b5a4015d3ebfd20f6cab12e1e33486080c5167a4bcfac111798"",""query_graph_sha256"":""6b0cb90304c510f9142a555fe2b7cf31b9f68f6f37286f4471fd5d03e91da311"",""nullifier_zkey_sha256"":""4247e6bfe1af211e72d3657346802e1af00e6071fb32429a200f9fc0a25a36f9"",""nullifier_graph_sha256"":""c1d951716e3b74b72e4ea0429986849cadc43cccc630a7ee44a56a6199a66b9a"",""warm_query_report_sha256"":""7daedf7754968f86f58731f5b7bad054dec4ce3b0eaabc75a177c6e7ff55a4b6"",""warm_nullifier_report_sha256"":""a9f97ddb95310d18b046c8bce5cee6239f45cd01ce49558c4a5578bf78f174fd"",""recorded_warmup_query_report_sha256"":""bcb36e2dcf0ab5766a272d0d2b4bb707ff4ad8abddbcd0e2289a006e3212e600"",""recorded_warmup_nullifier_report_sha256"":""e4e080e2b228304ba29761ddcdcd0e4c3953e05f2945dfad4d2b6982d9e4c29e"",""correctness_canary_report_sha256"":""9d96c43ed913f49a6dc28605d71f994ebdcfbfaf4393b07b18d72ae435a860db"",""raw_evidence_sha256"":""a3bc81ce343326a8bfd4fa15e12bed5e32f6129d1c1168333c9a149079342606"",""public_outputs_sha256"":""ca0bbf8cfc3f1b9db66f7c94a32f536beb74e14c6ab02cc871c862cafe7cde29""}",adb-ZY32M6782K-production-world-id-oprf-warm,"TACEO updated-production OPRF query+nullifier. Public outputs match, but optimized witness graphs and matching Ark zkeys differ from the frozen Rapidsnark material; this is not a backend-only strict-parity comparison.",,,/Users/dcbuilder/Code/world/.worktrees/provekit-v1-cross-device-campaign/benchmarks/v1/input-to-proof-data/taceo-candidate/evidence/oprf_o2__motorola_e15__circom_groth16__warm_reuse.json,warm_reuse,7227.164154
input-to-proof-v1-20260807-taceo-candidate,oprf_o2__motorola_e15__circom_groth16__warm_reuse-5,2026-08-11T12:35:26.332Z,motorola_e15,moto e15,14,armeabi-v7a,android_native,,oprf_nullifier,O2-updated-production-query-plus-nullifier,ccaac272c72012daa18608a62d00f8b10908b560,circom_groth16,circom,taceo-groth16-0.1.3,circom-witness-rs-0.2.3,measured,5,ok,,,,,7304.641539,252.4296875,256,39947373,38044784,39947373,,taceo-native-circom-v1,dfe86b7cc2ca89fbf806e05e8140e3e7551a8a44,"{""circom"":""2.2.2"",""circom_helpers"":""dfe86b7cc2ca89fbf806e05e8140e3e7551a8a44"",""circom_witness_rs"":""0.2.3"",""taceo_groth16"":""0.1.3"",""taceo_groth16_material"":""0.3.0"",""world_id_protocol"":""ccaac272c72012daa18608a62d00f8b10908b560""}","{""query_zkey_sha256"":""616c98c6ba024b5a4015d3ebfd20f6cab12e1e33486080c5167a4bcfac111798"",""query_graph_sha256"":""6b0cb90304c510f9142a555fe2b7cf31b9f68f6f37286f4471fd5d03e91da311"",""nullifier_zkey_sha256"":""4247e6bfe1af211e72d3657346802e1af00e6071fb32429a200f9fc0a25a36f9"",""nullifier_graph_sha256"":""c1d951716e3b74b72e4ea0429986849cadc43cccc630a7ee44a56a6199a66b9a"",""warm_query_report_sha256"":""7daedf7754968f86f58731f5b7bad054dec4ce3b0eaabc75a177c6e7ff55a4b6"",""warm_nullifier_report_sha256"":""a9f97ddb95310d18b046c8bce5cee6239f45cd01ce49558c4a5578bf78f174fd"",""recorded_warmup_query_report_sha256"":""bcb36e2dcf0ab5766a272d0d2b4bb707ff4ad8abddbcd0e2289a006e3212e600"",""recorded_warmup_nullifier_report_sha256"":""e4e080e2b228304ba29761ddcdcd0e4c3953e05f2945dfad4d2b6982d9e4c29e"",""correctness_canary_report_sha256"":""9d96c43ed913f49a6dc28605d71f994ebdcfbfaf4393b07b18d72ae435a860db"",""raw_evidence_sha256"":""a3bc81ce343326a8bfd4fa15e12bed5e32f6129d1c1168333c9a149079342606"",""public_outputs_sha256"":""ca0bbf8cfc3f1b9db66f7c94a32f536beb74e14c6ab02cc871c862cafe7cde29""}",adb-ZY32M6782K-production-world-id-oprf-warm,"TACEO updated-production OPRF query+nullifier. Public outputs match, but optimized witness graphs and matching Ark zkeys differ from the frozen Rapidsnark material; this is not a backend-only strict-parity comparison.",,,/Users/dcbuilder/Code/world/.worktrees/provekit-v1-cross-device-campaign/benchmarks/v1/input-to-proof-data/taceo-candidate/evidence/oprf_o2__motorola_e15__circom_groth16__warm_reuse.json,warm_reuse,7304.641539
input-to-proof-v1-20260807-taceo-candidate,webauthn_closest_analogue__iphone_se_2022__circom_groth16__cold_local-gap,2026-08-11T00:00:00.000Z,iphone_se_2022,iPhone SE (2022),15.4,arm64,ios_native,,webauthn,closest-analogue,0fb5b4aa1398281c2fd3dbe14db147e05b61f201,circom_groth16,circom,taceo-groth16-0.1.3,circom-witness-rs-0.2.3,gap,,unsupported,,,,,,,,,,,,taceo-native-circom-v1,dfe86b7cc2ca89fbf806e05e8140e3e7551a8a44,"{""circom"":""2.2.2"",""circom_helpers"":""dfe86b7cc2ca89fbf806e05e8140e3e7551a8a44"",""circom_witness_rs"":""0.2.3"",""taceo_groth16"":""0.1.3"",""taceo_groth16_material"":""0.3.0"",""world_id_protocol"":""ccaac272c72012daa18608a62d00f8b10908b560""}","{""compatibility_audit_sha256"":""e45f9e3fb5d229581fad18132269f5ed34790d76060bec304bc54ab9a08dd774"",""reference_wtns_sha256"":""294c8091d87c2dbec8bc8997d0e892b65e81d5f95a14320081dcaefea1a5e0d8"",""raw_evidence_sha256"":""bfa8a4b4c9b98a33761d6664f26808590ee351b2d26958157b479a3c2cc6ce9d"",""public_outputs_sha256"":""""}",compatibility-audit-no-device-run,TACEO native Circom compatibility gap; no Rapidsnark timing was substituted.,unsupported_witness_graph_operations,"circom-witness-rs cannot compile the exact WebAuthn generated C++ because it requires unsupported Fr_bor and Fr_bxor; the circuit also contains runtime Fr_isTrue control flow, and no qualified serialized graph was emitted. No qualified graph/material exists for an iPhone run. Evidence: target/v1-benchmarks/input-to-proof/taceo-candidate/compatibility/README.md",/Users/dcbuilder/Code/world/.worktrees/provekit-v1-cross-device-campaign/benchmarks/v1/input-to-proof-data/taceo-candidate/evidence/webauthn_closest_analogue__iphone_se_2022__circom_groth16__cold_local.json,cold_local,
input-to-proof-v1-20260807-taceo-candidate,webauthn_closest_analogue__iphone_se_2022__circom_groth16__warm_reuse-gap,2026-08-11T00:00:00.000Z,iphone_se_2022,iPhone SE (2022),15.4,arm64,ios_native,,webauthn,closest-analogue,0fb5b4aa1398281c2fd3dbe14db147e05b61f201,circom_groth16,circom,taceo-groth16-0.1.3,circom-witness-rs-0.2.3,gap,,unsupported,,,,,,,,,,,,taceo-native-circom-v1,dfe86b7cc2ca89fbf806e05e8140e3e7551a8a44,"{""circom"":""2.2.2"",""circom_helpers"":""dfe86b7cc2ca89fbf806e05e8140e3e7551a8a44"",""circom_witness_rs"":""0.2.3"",""taceo_groth16"":""0.1.3"",""taceo_groth16_material"":""0.3.0"",""world_id_protocol"":""ccaac272c72012daa18608a62d00f8b10908b560""}","{""compatibility_audit_sha256"":""e45f9e3fb5d229581fad18132269f5ed34790d76060bec304bc54ab9a08dd774"",""reference_wtns_sha256"":""294c8091d87c2dbec8bc8997d0e892b65e81d5f95a14320081dcaefea1a5e0d8"",""raw_evidence_sha256"":""98422028f65fcbeae7ee1a4d8a55e06d31daf3dcbceded4c8f721a831a24de92"",""public_outputs_sha256"":""""}",compatibility-audit-no-device-run,TACEO native Circom compatibility gap; no Rapidsnark timing was substituted.,unsupported_witness_graph_operations,"circom-witness-rs cannot compile the exact WebAuthn generated C++ because it requires unsupported Fr_bor and Fr_bxor; the circuit also contains runtime Fr_isTrue control flow, and no qualified serialized graph was emitted. No qualified graph/material exists for an iPhone run; therefore warm reuse is unavailable too. Evidence: target/v1-benchmarks/input-to-proof/taceo-candidate/compatibility/README.md",/Users/dcbuilder/Code/world/.worktrees/provekit-v1-cross-device-campaign/benchmarks/v1/input-to-proof-data/taceo-candidate/evidence/webauthn_closest_analogue__iphone_se_2022__circom_groth16__warm_reuse.json,warm_reuse,
input-to-proof-v1-20260807-taceo-candidate,webauthn_closest_analogue__motorola_e15__circom_groth16__cold_local-gap,2026-08-11T00:00:00.000Z,motorola_e15,moto e15,14,armeabi-v7a,android_native,,webauthn,closest-analogue,0fb5b4aa1398281c2fd3dbe14db147e05b61f201,circom_groth16,circom,taceo-groth16-0.1.3,circom-witness-rs-0.2.3,gap,,unsupported,,,,,,,,,,,,taceo-native-circom-v1,dfe86b7cc2ca89fbf806e05e8140e3e7551a8a44,"{""circom"":""2.2.2"",""circom_helpers"":""dfe86b7cc2ca89fbf806e05e8140e3e7551a8a44"",""circom_witness_rs"":""0.2.3"",""taceo_groth16"":""0.1.3"",""taceo_groth16_material"":""0.3.0"",""world_id_protocol"":""ccaac272c72012daa18608a62d00f8b10908b560""}","{""compatibility_audit_sha256"":""e45f9e3fb5d229581fad18132269f5ed34790d76060bec304bc54ab9a08dd774"",""reference_wtns_sha256"":""294c8091d87c2dbec8bc8997d0e892b65e81d5f95a14320081dcaefea1a5e0d8"",""raw_evidence_sha256"":""77fb18e0e1feea2ebb52ca7a38ee1f7a987ea3246128f58c8c21ba9cfe404718"",""public_outputs_sha256"":""""}",compatibility-audit-no-device-run,TACEO native Circom compatibility gap; no Rapidsnark timing was substituted.,witness_graph_unsupported,"circom-witness-rs cannot compile the exact WebAuthn generated C++ because it requires unsupported Fr_bor and Fr_bxor; the circuit also contains runtime Fr_isTrue control flow, and no qualified serialized graph was emitted. No graph/material runnable on E15. Evidence: target/v1-benchmarks/input-to-proof/taceo-candidate/compatibility/README.md",/Users/dcbuilder/Code/world/.worktrees/provekit-v1-cross-device-campaign/benchmarks/v1/input-to-proof-data/taceo-candidate/evidence/webauthn_closest_analogue__motorola_e15__circom_groth16__cold_local.json,cold_local,
input-to-proof-v1-20260807-taceo-candidate,webauthn_closest_analogue__motorola_e15__circom_groth16__warm_reuse-gap,2026-08-11T00:00:00.000Z,motorola_e15,moto e15,14,armeabi-v7a,android_native,,webauthn,closest-analogue,0fb5b4aa1398281c2fd3dbe14db147e05b61f201,circom_groth16,circom,taceo-groth16-0.1.3,circom-witness-rs-0.2.3,gap,,unsupported,,,,,,,,,,,,taceo-native-circom-v1,dfe86b7cc2ca89fbf806e05e8140e3e7551a8a44,"{""circom"":""2.2.2"",""circom_helpers"":""dfe86b7cc2ca89fbf806e05e8140e3e7551a8a44"",""circom_witness_rs"":""0.2.3"",""taceo_groth16"":""0.1.3"",""taceo_groth16_material"":""0.3.0"",""world_id_protocol"":""ccaac272c72012daa18608a62d00f8b10908b560""}","{""compatibility_audit_sha256"":""e45f9e3fb5d229581fad18132269f5ed34790d76060bec304bc54ab9a08dd774"",""reference_wtns_sha256"":""294c8091d87c2dbec8bc8997d0e892b65e81d5f95a14320081dcaefea1a5e0d8"",""raw_evidence_sha256"":""c2ff3f2e67a0a5207d91ca85f4e97e9fa49ddd9347b9a0e4118659ab86981ddb"",""public_outputs_sha256"":""""}",compatibility-audit-no-device-run,TACEO native Circom compatibility gap; no Rapidsnark timing was substituted.,witness_graph_unsupported,"circom-witness-rs cannot compile the exact WebAuthn generated C++ because it requires unsupported Fr_bor and Fr_bxor; the circuit also contains runtime Fr_isTrue control flow, and no qualified serialized graph was emitted. No graph/material runnable on E15; therefore warm reuse is unavailable too. Evidence: target/v1-benchmarks/input-to-proof/taceo-candidate/compatibility/README.md",/Users/dcbuilder/Code/world/.worktrees/provekit-v1-cross-device-campaign/benchmarks/v1/input-to-proof-data/taceo-candidate/evidence/webauthn_closest_analogue__motorola_e15__circom_groth16__warm_reuse.json,warm_reuse,
